venue_id,venue_name,geohash9,coverage_fraction
1,InterAccess,dpz828v85,0.8676
1,InterAccess,dpz828v87,1.0
1,InterAccess,dpz828v8e,1.0
1,InterAccess,dpz828v8f,0.9905
1,InterAccess,dpz828v8g,1.0
1,InterAccess,dpz828v8k,1.0
1,InterAccess,dpz828v8m,1.0
1,InterAccess,dpz828v8q,1.0
1,InterAccess,dpz828v8r,1.0
1,InterAccess,dpz828v8s,1.0
1,InterAccess,dpz828v8t,1.0
1,InterAccess,dpz828v8u,1.0
1,InterAccess,dpz828v8v,1.0
1,InterAccess,dpz828v8w,1.0
1,InterAccess,dpz828v8x,1.0
1,InterAccess,dpz828v8y,1.0
1,InterAccess,dpz828v8z,1.0
1,InterAccess,dpz828v94,0.9845
1,InterAccess,dpz828v95,1.0
1,InterAccess,dpz828v9h,1.0
1,InterAccess,dpz828v9j,1.0
1,InterAccess,dpz828v9n,1.0
1,InterAccess,dpz828v9p,1.0
1,InterAccess,dpz828v9q,0.8278
1,InterAccess,dpz828v9r,0.9387
1,InterAccess,dpz828vb2,0.9645
1,InterAccess,dpz828vb8,0.989
2,401 Richmond,dpz833f36,1.0
2,401 Richmond,dpz833f37,1.0
2,401 Richmond,dpz833f39,0.9963
2,401 Richmond,dpz833f3c,1.0
2,401 Richmond,dpz833f3d,1.0
2,401 Richmond,dpz833f3e,1.0
2,401 Richmond,dpz833f3f,1.0
2,401 Richmond,dpz833f3g,1.0
2,401 Richmond,dpz833f3k,0.9756
2,401 Richmond,dpz833f3s,1.0
2,401 Richmond,dpz833f3t,1.0
2,401 Richmond,dpz833f3u,1.0
2,401 Richmond,dpz833f3v,1.0
2,401 Richmond,dpz833f3w,1.0
2,401 Richmond,dpz833f3x,1.0
2,401 Richmond,dpz833f3y,1.0
2,401 Richmond,dpz833f3z,1.0
2,401 Richmond,dpz833f4z,0.9977
2,401 Richmond,dpz833f5p,1.0
2,401 Richmond,dpz833f5q,0.9297
2,401 Richmond,dpz833f5r,1.0
2,401 Richmond,dpz833f60,0.9224
2,401 Richmond,dpz833f61,1.0
2,401 Richmond,dpz833f62,1.0
2,401 Richmond,dpz833f63,1.0
2,401 Richmond,dpz833f64,1.0
2,401 Richmond,dpz833f65,1.0
2,401 Richmond,dpz833f66,1.0
2,401 Richmond,dpz833f67,1.0
2,401 Richmond,dpz833f68,1.0
2,401 Richmond,dpz833f69,1.0
2,401 Richmond,dpz833f6b,1.0
2,401 Richmond,dpz833f6c,1.0
2,401 Richmond,dpz833f6d,1.0
2,401 Richmond,dpz833f6e,1.0
2,401 Richmond,dpz833f6f,1.0
2,401 Richmond,dpz833f6g,1.0
2,401 Richmond,dpz833f6h,1.0
2,401 Richmond,dpz833f6j,1.0
2,401 Richmond,dpz833f6k,1.0
2,401 Richmond,dpz833f6m,1.0
2,401 Richmond,dpz833f6n,1.0
2,401 Richmond,dpz833f6p,1.0
2,401 Richmond,dpz833f6q,1.0
2,401 Richmond,dpz833f6r,1.0
2,401 Richmond,dpz833f6s,1.0
2,401 Richmond,dpz833f6t,1.0
2,401 Richmond,dpz833f6u,1.0
2,401 Richmond,dpz833f6v,1.0
2,401 Richmond,dpz833f6w,1.0
2,401 Richmond,dpz833f6x,1.0
2,401 Richmond,dpz833f6y,1.0
2,401 Richmond,dpz833f6z,1.0
2,401 Richmond,dpz833f70,1.0
2,401 Richmond,dpz833f71,1.0
2,401 Richmond,dpz833f72,1.0
2,401 Richmond,dpz833f73,1.0
2,401 Richmond,dpz833f74,1.0
2,401 Richmond,dpz833f75,1.0
2,401 Richmond,dpz833f76,1.0
2,401 Richmond,dpz833f77,1.0
2,401 Richmond,dpz833f79,0.9328
2,401 Richmond,dpz833f7d,1.0
2,401 Richmond,dpz833f7e,1.0
2,401 Richmond,dpz833f7h,1.0
2,401 Richmond,dpz833f7j,1.0
2,401 Richmond,dpz833f7k,1.0
2,401 Richmond,dpz833f7m,1.0
2,401 Richmond,dpz833f7n,1.0
2,401 Richmond,dpz833f7p,1.0
2,401 Richmond,dpz833f7q,1.0
2,401 Richmond,dpz833f7r,1.0
2,401 Richmond,dpz833f7s,1.0
2,401 Richmond,dpz833f7t,1.0
2,401 Richmond,dpz833f7w,1.0
2,401 Richmond,dpz833f7x,1.0
2,401 Richmond,dpz833f7y,0.9721
2,401 Richmond,dpz833f7z,1.0
2,401 Richmond,dpz833f98,1.0
2,401 Richmond,dpz833f99,0.9391
2,401 Richmond,dpz833f9b,1.0
2,401 Richmond,dpz833f9c,1.0
2,401 Richmond,dpz833f9f,1.0
2,401 Richmond,dpz833f9g,1.0
2,401 Richmond,dpz833f9u,1.0
2,401 Richmond,dpz833f9v,0.9999
2,401 Richmond,dpz833f9x,0.9095
2,401 Richmond,dpz833f9y,0.9287
2,401 Richmond,dpz833f9z,1.0
2,401 Richmond,dpz833fc8,0.8146
2,401 Richmond,dpz833fcb,1.0
2,401 Richmond,dpz833fd0,1.0
2,401 Richmond,dpz833fd1,1.0
2,401 Richmond,dpz833fd2,1.0
2,401 Richmond,dpz833fd3,1.0
2,401 Richmond,dpz833fd4,1.0
2,401 Richmond,dpz833fd5,1.0
2,401 Richmond,dpz833fd6,1.0
2,401 Richmond,dpz833fd7,1.0
2,401 Richmond,dpz833fd8,1.0
2,401 Richmond,dpz833fd9,1.0
2,401 Richmond,dpz833fdb,1.0
2,401 Richmond,dpz833fdc,1.0
2,401 Richmond,dpz833fdd,1.0
2,401 Richmond,dpz833fde,1.0
2,401 Richmond,dpz833fdf,1.0
2,401 Richmond,dpz833fdg,1.0
2,401 Richmond,dpz833fdh,1.0
2,401 Richmond,dpz833fdj,1.0
2,401 Richmond,dpz833fdk,1.0
2,401 Richmond,dpz833fdm,1.0
2,401 Richmond,dpz833fdn,1.0
2,401 Richmond,dpz833fdp,1.0
2,401 Richmond,dpz833fdq,1.0
2,401 Richmond,dpz833fdr,1.0
2,401 Richmond,dpz833fds,1.0
2,401 Richmond,dpz833fdt,1.0
2,401 Richmond,dpz833fdu,1.0
2,401 Richmond,dpz833fdv,1.0
2,401 Richmond,dpz833fdw,1.0
2,401 Richmond,dpz833fdx,1.0
2,401 Richmond,dpz833fdy,1.0
2,401 Richmond,dpz833fdz,1.0
2,401 Richmond,dpz833fe0,1.0
2,401 Richmond,dpz833fe1,1.0
2,401 Richmond,dpz833fe2,1.0
2,401 Richmond,dpz833fe3,1.0
2,401 Richmond,dpz833fe4,1.0
2,401 Richmond,dpz833fe5,1.0
2,401 Richmond,dpz833fe6,1.0
2,401 Richmond,dpz833fe7,1.0
2,401 Richmond,dpz833fe8,1.0
2,401 Richmond,dpz833fe9,1.0
2,401 Richmond,dpz833feb,1.0
2,401 Richmond,dpz833fec,1.0
2,401 Richmond,dpz833fed,1.0
2,401 Richmond,dpz833fee,1.0
2,401 Richmond,dpz833fef,1.0
2,401 Richmond,dpz833feg,1.0
2,401 Richmond,dpz833feh,1.0
2,401 Richmond,dpz833fej,1.0
2,401 Richmond,dpz833fek,1.0
2,401 Richmond,dpz833fem,1.0
2,401 Richmond,dpz833fen,1.0
2,401 Richmond,dpz833fep,1.0
2,401 Richmond,dpz833feq,1.0
2,401 Richmond,dpz833fer,1.0
2,401 Richmond,dpz833fes,1.0
2,401 Richmond,dpz833fet,1.0
2,401 Richmond,dpz833feu,1.0
2,401 Richmond,dpz833fev,1.0
2,401 Richmond,dpz833few,1.0
2,401 Richmond,dpz833fex,1.0
2,401 Richmond,dpz833fey,1.0
2,401 Richmond,dpz833fez,1.0
2,401 Richmond,dpz833ff0,1.0
2,401 Richmond,dpz833ff1,1.0
2,401 Richmond,dpz833ff2,1.0
2,401 Richmond,dpz833ff3,1.0
2,401 Richmond,dpz833ff4,1.0
2,401 Richmond,dpz833ff5,0.9151
2,401 Richmond,dpz833ff6,1.0
2,401 Richmond,dpz833ff7,1.0
2,401 Richmond,dpz833ff8,1.0
2,401 Richmond,dpz833ff9,1.0
2,401 Richmond,dpz833ffb,1.0
2,401 Richmond,dpz833ffc,1.0
2,401 Richmond,dpz833ffd,1.0
2,401 Richmond,dpz833ffe,1.0
2,401 Richmond,dpz833fff,1.0
2,401 Richmond,dpz833ffg,1.0
2,401 Richmond,dpz833ffk,1.0
2,401 Richmond,dpz833ffs,1.0
2,401 Richmond,dpz833ffu,0.9189
2,401 Richmond,dpz833fg0,1.0
2,401 Richmond,dpz833fg1,1.0
2,401 Richmond,dpz833fg2,1.0
2,401 Richmond,dpz833fg3,1.0
2,401 Richmond,dpz833fg4,0.9422
2,401 Richmond,dpz833fg6,0.8097
2,401 Richmond,dpz833fg8,1.0
2,401 Richmond,dpz833fg9,1.0
2,401 Richmond,dpz833fgc,0.8368
2,401 Richmond,dpz833fgd,0.9248
2,401 Richmond,dpz833fgf,0.9929
2,401 Richmond,dpz833fgg,1.0
2,401 Richmond,dpz833fgu,1.0
2,401 Richmond,dpz833fgv,1.0
2,401 Richmond,dpz833fgw,1.0
2,401 Richmond,dpz833fgx,1.0
2,401 Richmond,dpz833fgy,1.0
2,401 Richmond,dpz833fgz,1.0
2,401 Richmond,dpz833fs4,0.8452
2,401 Richmond,dpz833fs5,0.9944
2,401 Richmond,dpz833fsh,1.0
2,401 Richmond,dpz833fsj,1.0
2,401 Richmond,dpz833fsn,1.0
2,401 Richmond,dpz833fun,0.9148
2,401 Richmond,dpz833fup,1.0
2,401 Richmond,dpz833g58,1.0
2,401 Richmond,dpz833g59,1.0
2,401 Richmond,dpz833g5b,1.0
2,401 Richmond,dpz833g5c,1.0
2,401 Richmond,dpz833g5d,1.0
2,401 Richmond,dpz833g5e,0.9941
2,401 Richmond,dpz833g5f,1.0
2,401 Richmond,dpz833g5g,1.0
2,401 Richmond,dpz833g5s,0.8244
2,401 Richmond,dpz833g5u,0.8116
2,401 Richmond,dpz833gh0,1.0
2,401 Richmond,dpz833gh1,1.0
2,401 Richmond,dpz833gh4,1.0
2,401 Richmond,dpz833gh5,1.0
2,401 Richmond,dpz833gh7,0.9383
3,"918 Bathurst Centre for Culture, Arts, Media and Education",dpz82vt5g,0.9976
3,"918 Bathurst Centre for Culture, Arts, Media and Education",dpz82vt5k,1.0
3,"918 Bathurst Centre for Culture, Arts, Media and Education",dpz82vt5m,1.0
3,"918 Bathurst Centre for Culture, Arts, Media and Education",dpz82vt5q,1.0
3,"918 Bathurst Centre for Culture, Arts, Media and Education",dpz82vt5r,0.9464
3,"918 Bathurst Centre for Culture, Arts, Media and Education",dpz82vt5s,1.0
3,"918 Bathurst Centre for Culture, Arts, Media and Education",dpz82vt5t,1.0
3,"918 Bathurst Centre for Culture, Arts, Media and Education",dpz82vt5u,1.0
3,"918 Bathurst Centre for Culture, Arts, Media and Education",dpz82vt5v,1.0
3,"918 Bathurst Centre for Culture, Arts, Media and Education",dpz82vt5w,1.0
3,"918 Bathurst Centre for Culture, Arts, Media and Education",dpz82vt5x,1.0
3,"918 Bathurst Centre for Culture, Arts, Media and Education",dpz82vt5y,1.0
3,"918 Bathurst Centre for Culture, Arts, Media and Education",dpz82vt5z,1.0
3,"918 Bathurst Centre for Culture, Arts, Media and Education",dpz82vt78,1.0
3,"918 Bathurst Centre for Culture, Arts, Media and Education",dpz82vt79,1.0
3,"918 Bathurst Centre for Culture, Arts, Media and Education",dpz82vt7b,1.0
3,"918 Bathurst Centre for Culture, Arts, Media and Education",dpz82vt7c,1.0
3,"918 Bathurst Centre for Culture, Arts, Media and Education",dpz82vt7d,1.0
3,"918 Bathurst Centre for Culture, Arts, Media and Education",dpz82vt7f,1.0
3,"918 Bathurst Centre for Culture, Arts, Media and Education",dpz82vthj,0.917
3,"918 Bathurst Centre for Culture, Arts, Media and Education",dpz82vthn,1.0
3,"918 Bathurst Centre for Culture, Arts, Media and Education",dpz82vthp,1.0
3,"918 Bathurst Centre for Culture, Arts, Media and Education",dpz82vtk0,1.0
3,"918 Bathurst Centre for Culture, Arts, Media and Education",dpz82vtk1,1.0
3,"918 Bathurst Centre for Culture, Arts, Media and Education",dpz82vtk3,0.8111
3,"918 Bathurst Centre for Culture, Arts, Media and Education",dpz82vtk4,1.0
3,"918 Bathurst Centre for Culture, Arts, Media and Education",dpz82vtk5,0.9316
3,"918 Bathurst Centre for Culture, Arts, Media and Education",dpz82vtk6,0.9866
4,Albion Library,dpz2ufxfg,1.0
4,Albion Library,dpz2ufxfs,0.8898
4,Albion Library,dpz2ufxft,0.9961
4,Albion Library,dpz2ufxfu,1.0
4,Albion Library,dpz2ufxfv,1.0
4,Albion Library,dpz2ufxfw,1.0
4,Albion Library,dpz2ufxfx,1.0
4,Albion Library,dpz2ufxfy,1.0
4,Albion Library,dpz2ufxfz,1.0
4,Albion Library,dpz2ufxg5,0.9439
4,Albion Library,dpz2ufxgh,1.0
4,Albion Library,dpz2ufxgj,1.0
4,Albion Library,dpz2ufxgk,1.0
4,Albion Library,dpz2ufxgm,1.0
4,Albion Library,dpz2ufxgn,1.0
4,Albion Library,dpz2ufxgp,1.0
4,Albion Library,dpz2ufxgq,1.0
4,Albion Library,dpz2ufxgr,1.0
4,Albion Library,dpz2ufxgs,1.0
4,Albion Library,dpz2ufxgt,1.0
4,Albion Library,dpz2ufxgu,0.9726
4,Albion Library,dpz2ufxgv,1.0
4,Albion Library,dpz2ufxgw,1.0
4,Albion Library,dpz2ufxgx,1.0
4,Albion Library,dpz2ufxgy,1.0
4,Albion Library,dpz2ufxgz,1.0
4,Albion Library,dpz2ufxuj,1.0
4,Albion Library,dpz2ufxum,1.0
4,Albion Library,dpz2ufxun,1.0
4,Albion Library,dpz2ufxup,1.0
4,Albion Library,dpz2ufxuq,1.0
4,Albion Library,dpz2ufxur,1.0
4,Albion Library,dpz2ufxut,1.0
4,Albion Library,dpz2ufxuv,0.8551
4,Albion Library,dpz2ufxuw,1.0
4,Albion Library,dpz2ufxux,1.0
4,Albion Library,dpz2ufxuy,1.0
4,Albion Library,dpz2ufxuz,1.0
4,Albion Library,dpz2v4846,0.8006
4,Albion Library,dpz2v4847,0.9498
4,Albion Library,dpz2v4848,1.0
4,Albion Library,dpz2v4849,1.0
4,Albion Library,dpz2v484b,1.0
4,Albion Library,dpz2v484c,1.0
4,Albion Library,dpz2v484d,1.0
4,Albion Library,dpz2v484e,1.0
4,Albion Library,dpz2v484f,1.0
4,Albion Library,dpz2v484g,1.0
4,Albion Library,dpz2v484k,1.0
4,Albion Library,dpz2v484m,1.0
4,Albion Library,dpz2v484q,1.0
4,Albion Library,dpz2v484r,1.0
4,Albion Library,dpz2v484s,1.0
4,Albion Library,dpz2v484t,1.0
4,Albion Library,dpz2v484u,1.0
4,Albion Library,dpz2v484v,1.0
4,Albion Library,dpz2v484w,1.0
4,Albion Library,dpz2v484x,1.0
4,Albion Library,dpz2v484y,1.0
4,Albion Library,dpz2v484z,1.0
4,Albion Library,dpz2v4850,1.0
4,Albion Library,dpz2v4851,1.0
4,Albion Library,dpz2v4852,1.0
4,Albion Library,dpz2v4853,1.0
4,Albion Library,dpz2v4854,1.0
4,Albion Library,dpz2v4855,1.0
4,Albion Library,dpz2v4856,1.0
4,Albion Library,dpz2v4857,1.0
4,Albion Library,dpz2v4858,1.0
4,Albion Library,dpz2v4859,1.0
4,Albion Library,dpz2v485b,1.0
4,Albion Library,dpz2v485c,1.0
4,Albion Library,dpz2v485d,1.0
4,Albion Library,dpz2v485e,1.0
4,Albion Library,dpz2v485f,1.0
4,Albion Library,dpz2v485g,1.0
4,Albion Library,dpz2v485h,1.0
4,Albion Library,dpz2v485j,1.0
4,Albion Library,dpz2v485k,1.0
4,Albion Library,dpz2v485m,1.0
4,Albion Library,dpz2v485n,1.0
4,Albion Library,dpz2v485p,1.0
4,Albion Library,dpz2v485q,1.0
4,Albion Library,dpz2v485r,1.0
4,Albion Library,dpz2v485s,1.0
4,Albion Library,dpz2v485t,1.0
4,Albion Library,dpz2v485u,1.0
4,Albion Library,dpz2v485v,1.0
4,Albion Library,dpz2v485w,1.0
4,Albion Library,dpz2v485x,1.0
4,Albion Library,dpz2v485y,1.0
4,Albion Library,dpz2v485z,1.0
4,Albion Library,dpz2v4861,0.8632
4,Albion Library,dpz2v4862,1.0
4,Albion Library,dpz2v4863,1.0
4,Albion Library,dpz2v4868,1.0
4,Albion Library,dpz2v4869,1.0
4,Albion Library,dpz2v486b,1.0
4,Albion Library,dpz2v486c,1.0
4,Albion Library,dpz2v486d,0.9914
4,Albion Library,dpz2v486f,1.0
4,Albion Library,dpz2v4870,1.0
4,Albion Library,dpz2v4871,1.0
4,Albion Library,dpz2v4872,1.0
4,Albion Library,dpz2v4873,1.0
4,Albion Library,dpz2v4874,1.0
4,Albion Library,dpz2v4876,1.0
4,Albion Library,dpz2v4877,0.9933
4,Albion Library,dpz2v4878,1.0
4,Albion Library,dpz2v4879,1.0
4,Albion Library,dpz2v487b,1.0
4,Albion Library,dpz2v487c,1.0
4,Albion Library,dpz2v487d,1.0
4,Albion Library,dpz2v487e,1.0
4,Albion Library,dpz2v487f,1.0
4,Albion Library,dpz2v487g,1.0
4,Albion Library,dpz2v48h0,1.0
4,Albion Library,dpz2v48h1,1.0
4,Albion Library,dpz2v48h2,1.0
4,Albion Library,dpz2v48h3,1.0
4,Albion Library,dpz2v48h4,1.0
4,Albion Library,dpz2v48h5,1.0
4,Albion Library,dpz2v48h6,1.0
4,Albion Library,dpz2v48h7,1.0
4,Albion Library,dpz2v48h8,1.0
4,Albion Library,dpz2v48h9,1.0
4,Albion Library,dpz2v48hb,1.0
4,Albion Library,dpz2v48hc,0.9967
4,Albion Library,dpz2v48hd,1.0
4,Albion Library,dpz2v48he,1.0
4,Albion Library,dpz2v48hf,0.8895
4,Albion Library,dpz2v48hh,1.0
4,Albion Library,dpz2v48hj,1.0
4,Albion Library,dpz2v48hk,1.0
4,Albion Library,dpz2v48hm,1.0
4,Albion Library,dpz2v48hn,1.0
4,Albion Library,dpz2v48hp,1.0
4,Albion Library,dpz2v48hq,1.0
4,Albion Library,dpz2v48hr,1.0
4,Albion Library,dpz2v48hs,1.0
4,Albion Library,dpz2v48ht,1.0
4,Albion Library,dpz2v48hw,1.0
4,Albion Library,dpz2v48hx,1.0
4,Albion Library,dpz2v48k0,1.0
4,Albion Library,dpz2v48k1,1.0
4,Albion Library,dpz2v48k2,1.0
4,Albion Library,dpz2v48k3,1.0
4,Albion Library,dpz2v48k4,1.0
4,Albion Library,dpz2v48k5,1.0
4,Albion Library,dpz2v48k6,1.0
4,Albion Library,dpz2v48k7,1.0
4,Albion Library,dpz2v48k8,0.9474
4,Albion Library,dpz2v48kh,0.995
4,Albion Library,dpz2v48kk,1.0
5,Array Space,dpz82cpqn,1.0
5,Array Space,dpz82cpqp,0.8983
5,Array Space,dpz82cpqr,0.823
5,Array Space,dpz82cpw2,1.0
6,Art Gallery of Ontario,dpz836g7y,0.8799
6,Art Gallery of Ontario,dpz836g94,0.9566
6,Art Gallery of Ontario,dpz836g95,0.9882
6,Art Gallery of Ontario,dpz836g96,1.0
6,Art Gallery of Ontario,dpz836g97,1.0
6,Art Gallery of Ontario,dpz836g99,0.8075
6,Art Gallery of Ontario,dpz836g9c,1.0
6,Art Gallery of Ontario,dpz836g9d,1.0
6,Art Gallery of Ontario,dpz836g9e,1.0
6,Art Gallery of Ontario,dpz836g9f,1.0
6,Art Gallery of Ontario,dpz836g9g,1.0
6,Art Gallery of Ontario,dpz836g9h,0.826
6,Art Gallery of Ontario,dpz836g9k,1.0
6,Art Gallery of Ontario,dpz836g9m,1.0
6,Art Gallery of Ontario,dpz836g9q,1.0
6,Art Gallery of Ontario,dpz836g9r,1.0
6,Art Gallery of Ontario,dpz836g9s,1.0
6,Art Gallery of Ontario,dpz836g9t,1.0
6,Art Gallery of Ontario,dpz836g9u,1.0
6,Art Gallery of Ontario,dpz836g9v,1.0
6,Art Gallery of Ontario,dpz836g9w,1.0
6,Art Gallery of Ontario,dpz836g9x,1.0
6,Art Gallery of Ontario,dpz836g9y,1.0
6,Art Gallery of Ontario,dpz836g9z,1.0
6,Art Gallery of Ontario,dpz836gc2,0.9712
6,Art Gallery of Ontario,dpz836gc8,1.0
6,Art Gallery of Ontario,dpz836gc9,1.0
6,Art Gallery of Ontario,dpz836gcb,1.0
6,Art Gallery of Ontario,dpz836gcc,1.0
6,Art Gallery of Ontario,dpz836gcd,1.0
6,Art Gallery of Ontario,dpz836gce,1.0
6,Art Gallery of Ontario,dpz836gcf,1.0
6,Art Gallery of Ontario,dpz836gcg,1.0
6,Art Gallery of Ontario,dpz836gcs,0.998
6,Art Gallery of Ontario,dpz836gcu,0.9927
6,Art Gallery of Ontario,dpz836gd1,0.9968
6,Art Gallery of Ontario,dpz836gd4,1.0
6,Art Gallery of Ontario,dpz836gd5,1.0
6,Art Gallery of Ontario,dpz836gd6,1.0
6,Art Gallery of Ontario,dpz836gd7,1.0
6,Art Gallery of Ontario,dpz836gdc,1.0
6,Art Gallery of Ontario,dpz836gdd,1.0
6,Art Gallery of Ontario,dpz836gde,1.0
6,Art Gallery of Ontario,dpz836gdf,1.0
6,Art Gallery of Ontario,dpz836gdg,1.0
6,Art Gallery of Ontario,dpz836gdh,1.0
6,Art Gallery of Ontario,dpz836gdj,1.0
6,Art Gallery of Ontario,dpz836gdk,1.0
6,Art Gallery of Ontario,dpz836gdm,1.0
6,Art Gallery of Ontario,dpz836gdn,1.0
6,Art Gallery of Ontario,dpz836gdp,1.0
6,Art Gallery of Ontario,dpz836gdq,1.0
6,Art Gallery of Ontario,dpz836gdr,1.0
6,Art Gallery of Ontario,dpz836gds,1.0
6,Art Gallery of Ontario,dpz836gdt,1.0
6,Art Gallery of Ontario,dpz836gdu,1.0
6,Art Gallery of Ontario,dpz836gdv,1.0
6,Art Gallery of Ontario,dpz836gdw,1.0
6,Art Gallery of Ontario,dpz836gdx,1.0
6,Art Gallery of Ontario,dpz836gdy,1.0
6,Art Gallery of Ontario,dpz836gdz,1.0
6,Art Gallery of Ontario,dpz836ge0,0.8832
6,Art Gallery of Ontario,dpz836ge1,1.0
6,Art Gallery of Ontario,dpz836ge2,1.0
6,Art Gallery of Ontario,dpz836ge3,1.0
6,Art Gallery of Ontario,dpz836ge4,1.0
6,Art Gallery of Ontario,dpz836ge5,1.0
6,Art Gallery of Ontario,dpz836ge6,1.0
6,Art Gallery of Ontario,dpz836ge7,1.0
6,Art Gallery of Ontario,dpz836ge8,0.8688
6,Art Gallery of Ontario,dpz836ge9,1.0
6,Art Gallery of Ontario,dpz836geb,0.9594
6,Art Gallery of Ontario,dpz836gec,1.0
6,Art Gallery of Ontario,dpz836ged,1.0
6,Art Gallery of Ontario,dpz836gee,1.0
6,Art Gallery of Ontario,dpz836gef,1.0
6,Art Gallery of Ontario,dpz836geg,1.0
6,Art Gallery of Ontario,dpz836geh,1.0
6,Art Gallery of Ontario,dpz836gej,1.0
6,Art Gallery of Ontario,dpz836gek,1.0
6,Art Gallery of Ontario,dpz836gem,1.0
6,Art Gallery of Ontario,dpz836gen,1.0
6,Art Gallery of Ontario,dpz836gep,1.0
6,Art Gallery of Ontario,dpz836geq,1.0
6,Art Gallery of Ontario,dpz836ger,1.0
6,Art Gallery of Ontario,dpz836ges,1.0
6,Art Gallery of Ontario,dpz836get,1.0
6,Art Gallery of Ontario,dpz836geu,1.0
6,Art Gallery of Ontario,dpz836gev,1.0
6,Art Gallery of Ontario,dpz836gew,1.0
6,Art Gallery of Ontario,dpz836gex,1.0
6,Art Gallery of Ontario,dpz836gey,1.0
6,Art Gallery of Ontario,dpz836gez,1.0
6,Art Gallery of Ontario,dpz836gf0,1.0
6,Art Gallery of Ontario,dpz836gf1,1.0
6,Art Gallery of Ontario,dpz836gf2,1.0
6,Art Gallery of Ontario,dpz836gf3,1.0
6,Art Gallery of Ontario,dpz836gf4,1.0
6,Art Gallery of Ontario,dpz836gf5,1.0
6,Art Gallery of Ontario,dpz836gf6,1.0
6,Art Gallery of Ontario,dpz836gf7,1.0
6,Art Gallery of Ontario,dpz836gf8,1.0
6,Art Gallery of Ontario,dpz836gf9,1.0
6,Art Gallery of Ontario,dpz836gfb,1.0
6,Art Gallery of Ontario,dpz836gfc,1.0
6,Art Gallery of Ontario,dpz836gfd,1.0
6,Art Gallery of Ontario,dpz836gfe,1.0
6,Art Gallery of Ontario,dpz836gff,1.0
6,Art Gallery of Ontario,dpz836gfg,1.0
6,Art Gallery of Ontario,dpz836gfh,1.0
6,Art Gallery of Ontario,dpz836gfj,1.0
6,Art Gallery of Ontario,dpz836gfk,1.0
6,Art Gallery of Ontario,dpz836gfm,1.0
6,Art Gallery of Ontario,dpz836gfn,1.0
6,Art Gallery of Ontario,dpz836gfp,1.0
6,Art Gallery of Ontario,dpz836gfq,1.0
6,Art Gallery of Ontario,dpz836gfr,1.0
6,Art Gallery of Ontario,dpz836gfs,1.0
6,Art Gallery of Ontario,dpz836gft,1.0
6,Art Gallery of Ontario,dpz836gfu,1.0
6,Art Gallery of Ontario,dpz836gfv,1.0
6,Art Gallery of Ontario,dpz836gfw,1.0
6,Art Gallery of Ontario,dpz836gfx,1.0
6,Art Gallery of Ontario,dpz836gfy,1.0
6,Art Gallery of Ontario,dpz836gfz,1.0
6,Art Gallery of Ontario,dpz836gg0,1.0
6,Art Gallery of Ontario,dpz836gg1,1.0
6,Art Gallery of Ontario,dpz836gg2,1.0
6,Art Gallery of Ontario,dpz836gg3,1.0
6,Art Gallery of Ontario,dpz836gg4,1.0
6,Art Gallery of Ontario,dpz836gg5,1.0
6,Art Gallery of Ontario,dpz836gg6,1.0
6,Art Gallery of Ontario,dpz836gg7,1.0
6,Art Gallery of Ontario,dpz836gg8,1.0
6,Art Gallery of Ontario,dpz836gg9,1.0
6,Art Gallery of Ontario,dpz836ggb,1.0
6,Art Gallery of Ontario,dpz836ggc,1.0
6,Art Gallery of Ontario,dpz836ggd,1.0
6,Art Gallery of Ontario,dpz836gge,1.0
6,Art Gallery of Ontario,dpz836ggf,1.0
6,Art Gallery of Ontario,dpz836ggg,1.0
6,Art Gallery of Ontario,dpz836ggh,1.0
6,Art Gallery of Ontario,dpz836ggj,1.0
6,Art Gallery of Ontario,dpz836ggk,1.0
6,Art Gallery of Ontario,dpz836ggm,1.0
6,Art Gallery of Ontario,dpz836ggn,1.0
6,Art Gallery of Ontario,dpz836ggp,1.0
6,Art Gallery of Ontario,dpz836ggq,1.0
6,Art Gallery of Ontario,dpz836ggr,1.0
6,Art Gallery of Ontario,dpz836ggs,1.0
6,Art Gallery of Ontario,dpz836ggt,1.0
6,Art Gallery of Ontario,dpz836ggu,1.0
6,Art Gallery of Ontario,dpz836ggv,1.0
6,Art Gallery of Ontario,dpz836ggw,1.0
6,Art Gallery of Ontario,dpz836ggx,1.0
6,Art Gallery of Ontario,dpz836ggy,1.0
6,Art Gallery of Ontario,dpz836ggz,1.0
6,Art Gallery of Ontario,dpz836gkm,0.9972
6,Art Gallery of Ontario,dpz836gkn,1.0
6,Art Gallery of Ontario,dpz836gkp,1.0
6,Art Gallery of Ontario,dpz836gkq,1.0
6,Art Gallery of Ontario,dpz836gkr,1.0
6,Art Gallery of Ontario,dpz836gkt,1.0
6,Art Gallery of Ontario,dpz836gku,0.9193
6,Art Gallery of Ontario,dpz836gkv,1.0
6,Art Gallery of Ontario,dpz836gkw,1.0
6,Art Gallery of Ontario,dpz836gkx,1.0
6,Art Gallery of Ontario,dpz836gky,1.0
6,Art Gallery of Ontario,dpz836gkz,1.0
6,Art Gallery of Ontario,dpz836gmh,1.0
6,Art Gallery of Ontario,dpz836gmj,1.0
6,Art Gallery of Ontario,dpz836gmn,1.0
6,Art Gallery of Ontario,dpz836gmp,1.0
6,Art Gallery of Ontario,dpz836gmq,1.0
6,Art Gallery of Ontario,dpz836gmr,1.0
6,Art Gallery of Ontario,dpz836gmw,1.0
6,Art Gallery of Ontario,dpz836gmx,1.0
6,Art Gallery of Ontario,dpz836gmz,0.9107
6,Art Gallery of Ontario,dpz836gs0,1.0
6,Art Gallery of Ontario,dpz836gs1,1.0
6,Art Gallery of Ontario,dpz836gs2,1.0
6,Art Gallery of Ontario,dpz836gs3,1.0
6,Art Gallery of Ontario,dpz836gs4,1.0
6,Art Gallery of Ontario,dpz836gs5,1.0
6,Art Gallery of Ontario,dpz836gs6,1.0
6,Art Gallery of Ontario,dpz836gs7,1.0
6,Art Gallery of Ontario,dpz836gs8,1.0
6,Art Gallery of Ontario,dpz836gs9,1.0
6,Art Gallery of Ontario,dpz836gsb,1.0
6,Art Gallery of Ontario,dpz836gsc,1.0
6,Art Gallery of Ontario,dpz836gsd,1.0
6,Art Gallery of Ontario,dpz836gse,1.0
6,Art Gallery of Ontario,dpz836gsf,1.0
6,Art Gallery of Ontario,dpz836gsg,1.0
6,Art Gallery of Ontario,dpz836gsh,1.0
6,Art Gallery of Ontario,dpz836gsj,1.0
6,Art Gallery of Ontario,dpz836gsk,1.0
6,Art Gallery of Ontario,dpz836gsm,1.0
6,Art Gallery of Ontario,dpz836gsn,1.0
6,Art Gallery of Ontario,dpz836gsp,1.0
6,Art Gallery of Ontario,dpz836gsq,1.0
6,Art Gallery of Ontario,dpz836gsr,1.0
6,Art Gallery of Ontario,dpz836gss,1.0
6,Art Gallery of Ontario,dpz836gst,1.0
6,Art Gallery of Ontario,dpz836gsu,1.0
6,Art Gallery of Ontario,dpz836gsv,1.0
6,Art Gallery of Ontario,dpz836gsw,1.0
6,Art Gallery of Ontario,dpz836gsx,1.0
6,Art Gallery of Ontario,dpz836gsy,1.0
6,Art Gallery of Ontario,dpz836gsz,1.0
6,Art Gallery of Ontario,dpz836gt0,1.0
6,Art Gallery of Ontario,dpz836gt1,1.0
6,Art Gallery of Ontario,dpz836gt2,1.0
6,Art Gallery of Ontario,dpz836gt3,1.0
6,Art Gallery of Ontario,dpz836gt4,1.0
6,Art Gallery of Ontario,dpz836gt5,1.0
6,Art Gallery of Ontario,dpz836gt6,1.0
6,Art Gallery of Ontario,dpz836gt7,1.0
6,Art Gallery of Ontario,dpz836gt8,1.0
6,Art Gallery of Ontario,dpz836gt9,1.0
6,Art Gallery of Ontario,dpz836gtb,1.0
6,Art Gallery of Ontario,dpz836gtc,1.0
6,Art Gallery of Ontario,dpz836gtd,1.0
6,Art Gallery of Ontario,dpz836gte,1.0
6,Art Gallery of Ontario,dpz836gtf,1.0
6,Art Gallery of Ontario,dpz836gtg,1.0
6,Art Gallery of Ontario,dpz836gth,1.0
6,Art Gallery of Ontario,dpz836gtj,1.0
6,Art Gallery of Ontario,dpz836gtk,1.0
6,Art Gallery of Ontario,dpz836gtm,1.0
6,Art Gallery of Ontario,dpz836gtn,1.0
6,Art Gallery of Ontario,dpz836gtp,1.0
6,Art Gallery of Ontario,dpz836gtq,1.0
6,Art Gallery of Ontario,dpz836gtr,1.0
6,Art Gallery of Ontario,dpz836gts,1.0
6,Art Gallery of Ontario,dpz836gtt,1.0
6,Art Gallery of Ontario,dpz836gtu,1.0
6,Art Gallery of Ontario,dpz836gtv,1.0
6,Art Gallery of Ontario,dpz836gtw,1.0
6,Art Gallery of Ontario,dpz836gtx,1.0
6,Art Gallery of Ontario,dpz836gty,1.0
6,Art Gallery of Ontario,dpz836gtz,1.0
6,Art Gallery of Ontario,dpz836gu0,1.0
6,Art Gallery of Ontario,dpz836gu1,1.0
6,Art Gallery of Ontario,dpz836gu2,1.0
6,Art Gallery of Ontario,dpz836gu3,1.0
6,Art Gallery of Ontario,dpz836gu4,1.0
6,Art Gallery of Ontario,dpz836gu5,1.0
6,Art Gallery of Ontario,dpz836gu6,1.0
6,Art Gallery of Ontario,dpz836gu7,1.0
6,Art Gallery of Ontario,dpz836gu8,1.0
6,Art Gallery of Ontario,dpz836gu9,1.0
6,Art Gallery of Ontario,dpz836gub,1.0
6,Art Gallery of Ontario,dpz836guc,1.0
6,Art Gallery of Ontario,dpz836gud,1.0
6,Art Gallery of Ontario,dpz836gue,1.0
6,Art Gallery of Ontario,dpz836guf,1.0
6,Art Gallery of Ontario,dpz836gug,1.0
6,Art Gallery of Ontario,dpz836guh,1.0
6,Art Gallery of Ontario,dpz836guj,1.0
6,Art Gallery of Ontario,dpz836guk,1.0
6,Art Gallery of Ontario,dpz836gum,1.0
6,Art Gallery of Ontario,dpz836gun,1.0
6,Art Gallery of Ontario,dpz836gup,1.0
6,Art Gallery of Ontario,dpz836guq,1.0
6,Art Gallery of Ontario,dpz836gur,1.0
6,Art Gallery of Ontario,dpz836gus,1.0
6,Art Gallery of Ontario,dpz836gut,1.0
6,Art Gallery of Ontario,dpz836guu,1.0
6,Art Gallery of Ontario,dpz836guv,1.0
6,Art Gallery of Ontario,dpz836guw,1.0
6,Art Gallery of Ontario,dpz836gux,1.0
6,Art Gallery of Ontario,dpz836guy,1.0
6,Art Gallery of Ontario,dpz836guz,1.0
6,Art Gallery of Ontario,dpz836gv0,1.0
6,Art Gallery of Ontario,dpz836gv1,1.0
6,Art Gallery of Ontario,dpz836gv2,1.0
6,Art Gallery of Ontario,dpz836gv3,1.0
6,Art Gallery of Ontario,dpz836gv4,1.0
6,Art Gallery of Ontario,dpz836gv5,1.0
6,Art Gallery of Ontario,dpz836gv6,1.0
6,Art Gallery of Ontario,dpz836gv7,1.0
6,Art Gallery of Ontario,dpz836gv8,1.0
6,Art Gallery of Ontario,dpz836gv9,1.0
6,Art Gallery of Ontario,dpz836gvb,1.0
6,Art Gallery of Ontario,dpz836gvc,1.0
6,Art Gallery of Ontario,dpz836gvd,1.0
6,Art Gallery of Ontario,dpz836gve,1.0
6,Art Gallery of Ontario,dpz836gvf,1.0
6,Art Gallery of Ontario,dpz836gvg,1.0
6,Art Gallery of Ontario,dpz836gvh,1.0
6,Art Gallery of Ontario,dpz836gvj,1.0
6,Art Gallery of Ontario,dpz836gvk,1.0
6,Art Gallery of Ontario,dpz836gvm,1.0
6,Art Gallery of Ontario,dpz836gvn,1.0
6,Art Gallery of Ontario,dpz836gvp,1.0
6,Art Gallery of Ontario,dpz836gvq,1.0
6,Art Gallery of Ontario,dpz836gvr,1.0
6,Art Gallery of Ontario,dpz836gvs,1.0
6,Art Gallery of Ontario,dpz836gvt,1.0
6,Art Gallery of Ontario,dpz836gvu,1.0
6,Art Gallery of Ontario,dpz836gvv,1.0
6,Art Gallery of Ontario,dpz836gvw,1.0
6,Art Gallery of Ontario,dpz836gvx,1.0
6,Art Gallery of Ontario,dpz836gvy,1.0
6,Art Gallery of Ontario,dpz836gvz,1.0
6,Art Gallery of Ontario,dpz836gw5,0.9284
6,Art Gallery of Ontario,dpz836gwh,1.0
6,Art Gallery of Ontario,dpz836gwj,1.0
6,Art Gallery of Ontario,dpz836gwn,1.0
6,Art Gallery of Ontario,dpz836gwp,1.0
6,Art Gallery of Ontario,dpz836gwr,0.9036
6,Art Gallery of Ontario,dpz836gy0,1.0
6,Art Gallery of Ontario,dpz836gy1,1.0
6,Art Gallery of Ontario,dpz836gy2,1.0
6,Art Gallery of Ontario,dpz836gy3,1.0
6,Art Gallery of Ontario,dpz836gy4,1.0
6,Art Gallery of Ontario,dpz836gy5,1.0
6,Art Gallery of Ontario,dpz836gy6,1.0
6,Art Gallery of Ontario,dpz836gy7,1.0
6,Art Gallery of Ontario,dpz836gye,0.8446
6,Art Gallery of Ontario,dpz836gyh,1.0
6,Art Gallery of Ontario,dpz836gyj,1.0
6,Art Gallery of Ontario,dpz836gyk,1.0
6,Art Gallery of Ontario,dpz836gym,1.0
6,Art Gallery of Ontario,dpz836gyn,1.0
6,Art Gallery of Ontario,dpz836gyp,1.0
6,Art Gallery of Ontario,dpz836gyq,1.0
6,Art Gallery of Ontario,dpz836gyr,1.0
6,Art Gallery of Ontario,dpz836gys,0.9969
6,Art Gallery of Ontario,dpz836gyt,1.0
6,Art Gallery of Ontario,dpz836gyw,1.0
6,Art Gallery of Ontario,dpz836gyx,1.0
6,Art Gallery of Ontario,dpz836u40,1.0
6,Art Gallery of Ontario,dpz836u41,0.9454
6,Art Gallery of Ontario,dpz836u42,1.0
6,Art Gallery of Ontario,dpz836u43,1.0
6,Art Gallery of Ontario,dpz836u46,1.0
6,Art Gallery of Ontario,dpz836u47,1.0
6,Art Gallery of Ontario,dpz836u48,1.0
6,Art Gallery of Ontario,dpz836u49,1.0
6,Art Gallery of Ontario,dpz836u4b,1.0
6,Art Gallery of Ontario,dpz836u4c,1.0
6,Art Gallery of Ontario,dpz836u4d,1.0
6,Art Gallery of Ontario,dpz836u4e,1.0
6,Art Gallery of Ontario,dpz836u4f,1.0
6,Art Gallery of Ontario,dpz836u4g,1.0
6,Art Gallery of Ontario,dpz836u4k,1.0
6,Art Gallery of Ontario,dpz836u4m,1.0
6,Art Gallery of Ontario,dpz836u4q,0.9137
6,Art Gallery of Ontario,dpz836u4s,1.0
6,Art Gallery of Ontario,dpz836u4t,1.0
6,Art Gallery of Ontario,dpz836u4u,1.0
6,Art Gallery of Ontario,dpz836u4v,1.0
6,Art Gallery of Ontario,dpz836u4w,1.0
6,Art Gallery of Ontario,dpz836u4x,1.0
6,Art Gallery of Ontario,dpz836u4y,1.0
6,Art Gallery of Ontario,dpz836u4z,1.0
6,Art Gallery of Ontario,dpz836u50,1.0
6,Art Gallery of Ontario,dpz836u51,1.0
6,Art Gallery of Ontario,dpz836u52,1.0
6,Art Gallery of Ontario,dpz836u53,1.0
6,Art Gallery of Ontario,dpz836u54,1.0
6,Art Gallery of Ontario,dpz836u55,1.0
6,Art Gallery of Ontario,dpz836u56,1.0
6,Art Gallery of Ontario,dpz836u57,1.0
6,Art Gallery of Ontario,dpz836u58,1.0
6,Art Gallery of Ontario,dpz836u59,1.0
6,Art Gallery of Ontario,dpz836u5b,1.0
6,Art Gallery of Ontario,dpz836u5c,1.0
6,Art Gallery of Ontario,dpz836u5d,1.0
6,Art Gallery of Ontario,dpz836u5e,1.0
6,Art Gallery of Ontario,dpz836u5f,1.0
6,Art Gallery of Ontario,dpz836u5g,1.0
6,Art Gallery of Ontario,dpz836u5h,1.0
6,Art Gallery of Ontario,dpz836u5j,1.0
6,Art Gallery of Ontario,dpz836u5k,1.0
6,Art Gallery of Ontario,dpz836u5m,1.0
6,Art Gallery of Ontario,dpz836u5n,1.0
6,Art Gallery of Ontario,dpz836u5p,1.0
6,Art Gallery of Ontario,dpz836u5q,1.0
6,Art Gallery of Ontario,dpz836u5r,1.0
6,Art Gallery of Ontario,dpz836u5s,1.0
6,Art Gallery of Ontario,dpz836u5t,1.0
6,Art Gallery of Ontario,dpz836u5u,1.0
6,Art Gallery of Ontario,dpz836u5v,1.0
6,Art Gallery of Ontario,dpz836u5w,1.0
6,Art Gallery of Ontario,dpz836u5x,1.0
6,Art Gallery of Ontario,dpz836u5y,1.0
6,Art Gallery of Ontario,dpz836u5z,1.0
6,Art Gallery of Ontario,dpz836u68,1.0
6,Art Gallery of Ontario,dpz836u69,1.0
6,Art Gallery of Ontario,dpz836u6b,1.0
6,Art Gallery of Ontario,dpz836u6c,1.0
6,Art Gallery of Ontario,dpz836u6d,0.9988
6,Art Gallery of Ontario,dpz836u6e,0.8738
6,Art Gallery of Ontario,dpz836u6f,1.0
6,Art Gallery of Ontario,dpz836u6g,1.0
6,Art Gallery of Ontario,dpz836u6u,1.0
6,Art Gallery of Ontario,dpz836u6v,1.0
6,Art Gallery of Ontario,dpz836u6y,1.0
6,Art Gallery of Ontario,dpz836u6z,0.9917
6,Art Gallery of Ontario,dpz836u70,1.0
6,Art Gallery of Ontario,dpz836u71,1.0
6,Art Gallery of Ontario,dpz836u72,1.0
6,Art Gallery of Ontario,dpz836u73,1.0
6,Art Gallery of Ontario,dpz836u74,1.0
6,Art Gallery of Ontario,dpz836u75,1.0
6,Art Gallery of Ontario,dpz836u76,1.0
6,Art Gallery of Ontario,dpz836u77,1.0
6,Art Gallery of Ontario,dpz836u78,1.0
6,Art Gallery of Ontario,dpz836u79,1.0
6,Art Gallery of Ontario,dpz836u7b,1.0
6,Art Gallery of Ontario,dpz836u7c,1.0
6,Art Gallery of Ontario,dpz836u7d,1.0
6,Art Gallery of Ontario,dpz836u7e,1.0
6,Art Gallery of Ontario,dpz836u7f,1.0
6,Art Gallery of Ontario,dpz836u7g,1.0
6,Art Gallery of Ontario,dpz836u7h,1.0
6,Art Gallery of Ontario,dpz836u7j,1.0
6,Art Gallery of Ontario,dpz836u7k,1.0
6,Art Gallery of Ontario,dpz836u7m,1.0
6,Art Gallery of Ontario,dpz836u7n,1.0
6,Art Gallery of Ontario,dpz836u7p,1.0
6,Art Gallery of Ontario,dpz836u7q,1.0
6,Art Gallery of Ontario,dpz836u7r,1.0
6,Art Gallery of Ontario,dpz836u7s,1.0
6,Art Gallery of Ontario,dpz836u7t,1.0
6,Art Gallery of Ontario,dpz836u7u,1.0
6,Art Gallery of Ontario,dpz836u7v,1.0
6,Art Gallery of Ontario,dpz836u7w,1.0
6,Art Gallery of Ontario,dpz836u7x,1.0
6,Art Gallery of Ontario,dpz836u7y,1.0
6,Art Gallery of Ontario,dpz836u7z,1.0
6,Art Gallery of Ontario,dpz836udb,0.8366
6,Art Gallery of Ontario,dpz836ue0,1.0
6,Art Gallery of Ontario,dpz836ue1,1.0
6,Art Gallery of Ontario,dpz836ue2,1.0
6,Art Gallery of Ontario,dpz836ue3,0.995
6,Art Gallery of Ontario,dpz836ue8,1.0
6,Art Gallery of Ontario,dpz836ueb,1.0
6,Art Gallery of Ontario,dpz836uh0,1.0
6,Art Gallery of Ontario,dpz836uh1,1.0
6,Art Gallery of Ontario,dpz836uh2,1.0
6,Art Gallery of Ontario,dpz836uh3,1.0
6,Art Gallery of Ontario,dpz836uh4,1.0
6,Art Gallery of Ontario,dpz836uh5,1.0
6,Art Gallery of Ontario,dpz836uh6,1.0
6,Art Gallery of Ontario,dpz836uh7,1.0
6,Art Gallery of Ontario,dpz836uh8,1.0
6,Art Gallery of Ontario,dpz836uh9,1.0
6,Art Gallery of Ontario,dpz836uhb,1.0
6,Art Gallery of Ontario,dpz836uhc,1.0
6,Art Gallery of Ontario,dpz836uhd,1.0
6,Art Gallery of Ontario,dpz836uhe,1.0
6,Art Gallery of Ontario,dpz836uhf,1.0
6,Art Gallery of Ontario,dpz836uhg,1.0
6,Art Gallery of Ontario,dpz836uhh,1.0
6,Art Gallery of Ontario,dpz836uhj,1.0
6,Art Gallery of Ontario,dpz836uhk,1.0
6,Art Gallery of Ontario,dpz836uhm,1.0
6,Art Gallery of Ontario,dpz836uhn,1.0
6,Art Gallery of Ontario,dpz836uhp,1.0
6,Art Gallery of Ontario,dpz836uhq,1.0
6,Art Gallery of Ontario,dpz836uhr,1.0
6,Art Gallery of Ontario,dpz836uhs,1.0
6,Art Gallery of Ontario,dpz836uht,1.0
6,Art Gallery of Ontario,dpz836uhu,1.0
6,Art Gallery of Ontario,dpz836uhv,1.0
6,Art Gallery of Ontario,dpz836uhw,1.0
6,Art Gallery of Ontario,dpz836uhx,1.0
6,Art Gallery of Ontario,dpz836uhy,1.0
6,Art Gallery of Ontario,dpz836uhz,1.0
6,Art Gallery of Ontario,dpz836uj0,1.0
6,Art Gallery of Ontario,dpz836uj1,1.0
6,Art Gallery of Ontario,dpz836uj2,1.0
6,Art Gallery of Ontario,dpz836uj3,1.0
6,Art Gallery of Ontario,dpz836uj4,1.0
6,Art Gallery of Ontario,dpz836uj5,1.0
6,Art Gallery of Ontario,dpz836uj6,1.0
6,Art Gallery of Ontario,dpz836uj7,1.0
6,Art Gallery of Ontario,dpz836uj8,1.0
6,Art Gallery of Ontario,dpz836uj9,1.0
6,Art Gallery of Ontario,dpz836ujb,1.0
6,Art Gallery of Ontario,dpz836ujc,1.0
6,Art Gallery of Ontario,dpz836ujd,1.0
6,Art Gallery of Ontario,dpz836uje,1.0
6,Art Gallery of Ontario,dpz836ujf,1.0
6,Art Gallery of Ontario,dpz836ujg,1.0
6,Art Gallery of Ontario,dpz836ujh,1.0
6,Art Gallery of Ontario,dpz836ujj,1.0
6,Art Gallery of Ontario,dpz836ujk,1.0
6,Art Gallery of Ontario,dpz836ujm,1.0
6,Art Gallery of Ontario,dpz836ujn,1.0
6,Art Gallery of Ontario,dpz836ujp,1.0
6,Art Gallery of Ontario,dpz836ujq,1.0
6,Art Gallery of Ontario,dpz836ujr,1.0
6,Art Gallery of Ontario,dpz836ujs,1.0
6,Art Gallery of Ontario,dpz836ujt,1.0
6,Art Gallery of Ontario,dpz836uju,1.0
6,Art Gallery of Ontario,dpz836ujv,1.0
6,Art Gallery of Ontario,dpz836ujw,1.0
6,Art Gallery of Ontario,dpz836ujx,1.0
6,Art Gallery of Ontario,dpz836ujy,1.0
6,Art Gallery of Ontario,dpz836ujz,1.0
6,Art Gallery of Ontario,dpz836uk0,1.0
6,Art Gallery of Ontario,dpz836uk1,1.0
6,Art Gallery of Ontario,dpz836uk2,1.0
6,Art Gallery of Ontario,dpz836uk3,1.0
6,Art Gallery of Ontario,dpz836uk4,1.0
6,Art Gallery of Ontario,dpz836uk5,1.0
6,Art Gallery of Ontario,dpz836uk6,1.0
6,Art Gallery of Ontario,dpz836uk7,1.0
6,Art Gallery of Ontario,dpz836uk8,1.0
6,Art Gallery of Ontario,dpz836uk9,1.0
6,Art Gallery of Ontario,dpz836ukb,1.0
6,Art Gallery of Ontario,dpz836ukc,1.0
6,Art Gallery of Ontario,dpz836ukd,1.0
6,Art Gallery of Ontario,dpz836uke,1.0
6,Art Gallery of Ontario,dpz836ukf,1.0
6,Art Gallery of Ontario,dpz836ukg,1.0
6,Art Gallery of Ontario,dpz836ukh,1.0
6,Art Gallery of Ontario,dpz836ukj,1.0
6,Art Gallery of Ontario,dpz836ukk,1.0
6,Art Gallery of Ontario,dpz836ukm,1.0
6,Art Gallery of Ontario,dpz836ukn,1.0
6,Art Gallery of Ontario,dpz836ukp,1.0
6,Art Gallery of Ontario,dpz836ukq,1.0
6,Art Gallery of Ontario,dpz836ukr,1.0
6,Art Gallery of Ontario,dpz836uks,1.0
6,Art Gallery of Ontario,dpz836ukt,1.0
6,Art Gallery of Ontario,dpz836uku,1.0
6,Art Gallery of Ontario,dpz836ukv,1.0
6,Art Gallery of Ontario,dpz836ukw,1.0
6,Art Gallery of Ontario,dpz836ukx,0.9969
6,Art Gallery of Ontario,dpz836uky,1.0
6,Art Gallery of Ontario,dpz836um0,1.0
6,Art Gallery of Ontario,dpz836um1,1.0
6,Art Gallery of Ontario,dpz836um2,1.0
6,Art Gallery of Ontario,dpz836um3,1.0
6,Art Gallery of Ontario,dpz836um4,1.0
6,Art Gallery of Ontario,dpz836um5,1.0
6,Art Gallery of Ontario,dpz836um6,1.0
6,Art Gallery of Ontario,dpz836um7,1.0
6,Art Gallery of Ontario,dpz836um8,1.0
6,Art Gallery of Ontario,dpz836um9,1.0
6,Art Gallery of Ontario,dpz836umb,1.0
6,Art Gallery of Ontario,dpz836umc,1.0
6,Art Gallery of Ontario,dpz836umd,1.0
6,Art Gallery of Ontario,dpz836ume,1.0
6,Art Gallery of Ontario,dpz836umf,1.0
6,Art Gallery of Ontario,dpz836umg,1.0
6,Art Gallery of Ontario,dpz836umh,1.0
6,Art Gallery of Ontario,dpz836umj,1.0
6,Art Gallery of Ontario,dpz836umk,1.0
6,Art Gallery of Ontario,dpz836umm,1.0
6,Art Gallery of Ontario,dpz836umn,1.0
6,Art Gallery of Ontario,dpz836umq,0.8974
6,Art Gallery of Ontario,dpz836ums,1.0
6,Art Gallery of Ontario,dpz836umt,1.0
6,Art Gallery of Ontario,dpz836umu,1.0
6,Art Gallery of Ontario,dpz836umv,1.0
6,Art Gallery of Ontario,dpz836umw,0.845
6,Art Gallery of Ontario,dpz836umy,1.0
6,Art Gallery of Ontario,dpz836umz,1.0
6,Art Gallery of Ontario,dpz836un0,1.0
6,Art Gallery of Ontario,dpz836un1,1.0
6,Art Gallery of Ontario,dpz836un2,1.0
6,Art Gallery of Ontario,dpz836un3,1.0
6,Art Gallery of Ontario,dpz836un4,1.0
6,Art Gallery of Ontario,dpz836un5,1.0
6,Art Gallery of Ontario,dpz836un6,1.0
6,Art Gallery of Ontario,dpz836un7,1.0
6,Art Gallery of Ontario,dpz836un8,1.0
6,Art Gallery of Ontario,dpz836un9,1.0
6,Art Gallery of Ontario,dpz836unb,0.913
6,Art Gallery of Ontario,dpz836unc,1.0
6,Art Gallery of Ontario,dpz836und,1.0
6,Art Gallery of Ontario,dpz836une,1.0
6,Art Gallery of Ontario,dpz836unf,1.0
6,Art Gallery of Ontario,dpz836ung,1.0
6,Art Gallery of Ontario,dpz836unh,1.0
6,Art Gallery of Ontario,dpz836unj,1.0
6,Art Gallery of Ontario,dpz836unk,1.0
6,Art Gallery of Ontario,dpz836unm,1.0
6,Art Gallery of Ontario,dpz836unn,1.0
6,Art Gallery of Ontario,dpz836unp,1.0
6,Art Gallery of Ontario,dpz836unq,1.0
6,Art Gallery of Ontario,dpz836unr,1.0
6,Art Gallery of Ontario,dpz836uns,1.0
6,Art Gallery of Ontario,dpz836unt,1.0
6,Art Gallery of Ontario,dpz836unu,1.0
6,Art Gallery of Ontario,dpz836unv,1.0
6,Art Gallery of Ontario,dpz836unw,1.0
6,Art Gallery of Ontario,dpz836unx,1.0
6,Art Gallery of Ontario,dpz836uny,1.0
6,Art Gallery of Ontario,dpz836unz,1.0
6,Art Gallery of Ontario,dpz836upj,0.9423
6,Art Gallery of Ontario,dpz836upn,1.0
6,Art Gallery of Ontario,dpz836upp,1.0
6,Art Gallery of Ontario,dpz836uq0,1.0
6,Art Gallery of Ontario,dpz836uq1,1.0
6,Art Gallery of Ontario,dpz836uq2,1.0
6,Art Gallery of Ontario,dpz836uq3,1.0
6,Art Gallery of Ontario,dpz836uq4,1.0
6,Art Gallery of Ontario,dpz836uq5,1.0
6,Art Gallery of Ontario,dpz836uq6,1.0
6,Art Gallery of Ontario,dpz836uq7,1.0
6,Art Gallery of Ontario,dpz836uq8,1.0
6,Art Gallery of Ontario,dpz836uq9,1.0
6,Art Gallery of Ontario,dpz836uqb,1.0
6,Art Gallery of Ontario,dpz836uqc,1.0
6,Art Gallery of Ontario,dpz836uqd,1.0
6,Art Gallery of Ontario,dpz836uqe,1.0
6,Art Gallery of Ontario,dpz836uqf,1.0
6,Art Gallery of Ontario,dpz836uqg,1.0
6,Art Gallery of Ontario,dpz836uqh,1.0
6,Art Gallery of Ontario,dpz836uqj,1.0
6,Art Gallery of Ontario,dpz836uqk,1.0
6,Art Gallery of Ontario,dpz836uqm,1.0
6,Art Gallery of Ontario,dpz836uqn,1.0
6,Art Gallery of Ontario,dpz836uqp,1.0
6,Art Gallery of Ontario,dpz836uqq,1.0
6,Art Gallery of Ontario,dpz836uqr,1.0
6,Art Gallery of Ontario,dpz836uqs,1.0
6,Art Gallery of Ontario,dpz836uqt,1.0
6,Art Gallery of Ontario,dpz836uqu,1.0
6,Art Gallery of Ontario,dpz836uqv,1.0
6,Art Gallery of Ontario,dpz836uqw,1.0
6,Art Gallery of Ontario,dpz836uqx,1.0
6,Art Gallery of Ontario,dpz836uqy,1.0
6,Art Gallery of Ontario,dpz836uqz,1.0
6,Art Gallery of Ontario,dpz836ur0,1.0
6,Art Gallery of Ontario,dpz836ur1,1.0
6,Art Gallery of Ontario,dpz836ur4,1.0
6,Art Gallery of Ontario,dpz836ur5,1.0
6,Art Gallery of Ontario,dpz836ur6,0.9191
6,Art Gallery of Ontario,dpz836ur7,1.0
6,Art Gallery of Ontario,dpz836urh,1.0
6,Art Gallery of Ontario,dpz836urj,1.0
6,Art Gallery of Ontario,dpz836urk,1.0
6,Art Gallery of Ontario,dpz836urm,1.0
6,Art Gallery of Ontario,dpz836urn,1.0
6,Art Gallery of Ontario,dpz836urp,1.0
6,Art Gallery of Ontario,dpz836urq,1.0
6,Art Gallery of Ontario,dpz836urr,1.0
6,Art Gallery of Ontario,dpz836urx,0.8517
6,Art Gallery of Ontario,dpz836us0,0.9183
6,Art Gallery of Ontario,dpz836utb,1.0
6,Art Gallery of Ontario,dpz836utc,1.0
6,Art Gallery of Ontario,dpz836utf,0.9625
6,Art Gallery of Ontario,dpz836uw0,1.0
6,Art Gallery of Ontario,dpz836uw1,1.0
6,Art Gallery of Ontario,dpz836uw2,1.0
6,Art Gallery of Ontario,dpz836uw3,1.0
6,Art Gallery of Ontario,dpz836uw4,1.0
6,Art Gallery of Ontario,dpz836uw5,1.0
6,Art Gallery of Ontario,dpz836uw6,1.0
6,Art Gallery of Ontario,dpz836uw7,1.0
6,Art Gallery of Ontario,dpz836uw8,1.0
6,Art Gallery of Ontario,dpz836uw9,1.0
6,Art Gallery of Ontario,dpz836uwb,1.0
6,Art Gallery of Ontario,dpz836uwc,1.0
6,Art Gallery of Ontario,dpz836uwd,1.0
6,Art Gallery of Ontario,dpz836uwe,1.0
6,Art Gallery of Ontario,dpz836uwf,1.0
6,Art Gallery of Ontario,dpz836uwg,1.0
6,Art Gallery of Ontario,dpz836uwh,1.0
6,Art Gallery of Ontario,dpz836uwj,1.0
6,Art Gallery of Ontario,dpz836uwk,1.0
6,Art Gallery of Ontario,dpz836uwm,1.0
6,Art Gallery of Ontario,dpz836uwq,1.0
6,Art Gallery of Ontario,dpz836uwr,0.9996
6,Art Gallery of Ontario,dpz836uws,1.0
6,Art Gallery of Ontario,dpz836uwt,1.0
6,Art Gallery of Ontario,dpz836uwu,1.0
6,Art Gallery of Ontario,dpz836uwv,1.0
6,Art Gallery of Ontario,dpz836uww,1.0
6,Art Gallery of Ontario,dpz836uwx,1.0
6,Art Gallery of Ontario,dpz836uwy,1.0
6,Art Gallery of Ontario,dpz836uwz,1.0
6,Art Gallery of Ontario,dpz836ux0,1.0
6,Art Gallery of Ontario,dpz836ux1,1.0
6,Art Gallery of Ontario,dpz836ux2,1.0
6,Art Gallery of Ontario,dpz836ux3,1.0
6,Art Gallery of Ontario,dpz836ux4,1.0
6,Art Gallery of Ontario,dpz836ux5,1.0
6,Art Gallery of Ontario,dpz836ux6,1.0
6,Art Gallery of Ontario,dpz836ux7,1.0
6,Art Gallery of Ontario,dpz836ux8,0.9906
6,Art Gallery of Ontario,dpz836ux9,0.9551
6,Art Gallery of Ontario,dpz836uxh,1.0
6,Art Gallery of Ontario,dpz836uxj,1.0
6,Art Gallery of Ontario,dpz836uxk,1.0
6,Art Gallery of Ontario,dpz836uxm,1.0
6,Art Gallery of Ontario,dpz836uxn,1.0
6,Art Gallery of Ontario,dpz836uxp,1.0
6,Art Gallery of Ontario,dpz836uxq,1.0
6,Art Gallery of Ontario,dpz836uxr,1.0
6,Art Gallery of Ontario,dpz836uy2,0.8834
6,Art Gallery of Ontario,dpz836uy8,1.0
6,Art Gallery of Ontario,dpz836uy9,0.9594
6,Art Gallery of Ontario,dpz836uyb,1.0
6,Art Gallery of Ontario,dpz836uyd,0.8956
6,Art Gallery of Ontario,dpz836uye,1.0
6,Art Gallery of Ontario,dpz836uys,0.9936
6,Art Gallery of Ontario,dpz836uz0,1.0
6,Art Gallery of Ontario,dpz836uz2,1.0
6,Art Gallery of Ontario,dpz836uz3,1.0
7,Art Museum at the University of Toronto,dpz83kf0y,0.9799
7,Art Museum at the University of Toronto,dpz83kf0z,1.0
7,Art Museum at the University of Toronto,dpz83kf1m,0.8327
7,Art Museum at the University of Toronto,dpz83kf1n,1.0
7,Art Museum at the University of Toronto,dpz83kf1p,1.0
7,Art Museum at the University of Toronto,dpz83kf1q,1.0
7,Art Museum at the University of Toronto,dpz83kf1r,1.0
7,Art Museum at the University of Toronto,dpz83kf2b,0.9849
7,Art Museum at the University of Toronto,dpz83kf2c,0.8271
7,Art Museum at the University of Toronto,dpz83kf30,1.0
7,Art Museum at the University of Toronto,dpz83kf31,1.0
7,Art Museum at the University of Toronto,dpz83kf32,1.0
7,Art Museum at the University of Toronto,dpz83kf33,1.0
7,Art Museum at the University of Toronto,dpz83kf34,1.0
7,Art Museum at the University of Toronto,dpz83kf35,1.0
7,Art Museum at the University of Toronto,dpz83kf36,1.0
7,Art Museum at the University of Toronto,dpz83kf37,0.938
7,Art Museum at the University of Toronto,dpz83kf3d,0.9422
8,Arts Etobicoke,dpz2q613z,0.808
8,Arts Etobicoke,dpz2q6167,0.9125
8,Arts Etobicoke,dpz2q616j,0.8653
8,Arts Etobicoke,dpz2q616k,0.9504
8,Arts Etobicoke,dpz2q616n,0.9981
8,Arts Etobicoke,dpz2q619b,1.0
9,Gibraltar Point Centre for the Arts,dpz81e3yw,1.0
9,Gibraltar Point Centre for the Arts,dpz81e3yx,1.0
9,Gibraltar Point Centre for the Arts,dpz81e3yz,0.9909
9,Gibraltar Point Centre for the Arts,dpz81e6n8,1.0
9,Gibraltar Point Centre for the Arts,dpz81e6n9,1.0
9,Gibraltar Point Centre for the Arts,dpz81e6nb,1.0
9,Gibraltar Point Centre for the Arts,dpz81e6nc,1.0
9,Gibraltar Point Centre for the Arts,dpz81e6nd,1.0
9,Gibraltar Point Centre for the Arts,dpz81e6ne,1.0
9,Gibraltar Point Centre for the Arts,dpz81e6nf,1.0
9,Gibraltar Point Centre for the Arts,dpz81e6ng,1.0
9,Gibraltar Point Centre for the Arts,dpz81e6ns,1.0
9,Gibraltar Point Centre for the Arts,dpz81e6nt,1.0
9,Gibraltar Point Centre for the Arts,dpz81e6nu,1.0
9,Gibraltar Point Centre for the Arts,dpz81e6nv,0.8719
9,Gibraltar Point Centre for the Arts,dpz81e6nw,1.0
9,Gibraltar Point Centre for the Arts,dpz81e6nx,1.0
9,Gibraltar Point Centre for the Arts,dpz81e6pq,0.8725
9,Gibraltar Point Centre for the Arts,dpz81e6pr,1.0
9,Gibraltar Point Centre for the Arts,dpz81e6pw,0.858
9,Gibraltar Point Centre for the Arts,dpz81e6px,1.0
9,Gibraltar Point Centre for the Arts,dpz81e6py,0.8436
9,Gibraltar Point Centre for the Arts,dpz81e6pz,1.0
9,Gibraltar Point Centre for the Arts,dpz81e6q8,1.0
9,Gibraltar Point Centre for the Arts,dpz81e6q9,1.0
9,Gibraltar Point Centre for the Arts,dpz81e6qb,0.933
9,Gibraltar Point Centre for the Arts,dpz81e6qc,0.9677
9,Gibraltar Point Centre for the Arts,dpz81e6qd,1.0
9,Gibraltar Point Centre for the Arts,dpz81e6qe,1.0
9,Gibraltar Point Centre for the Arts,dpz81e6qm,0.8226
9,Gibraltar Point Centre for the Arts,dpz81e6qq,0.8551
9,Gibraltar Point Centre for the Arts,dpz81e6qs,1.0
9,Gibraltar Point Centre for the Arts,dpz81e6qt,1.0
9,Gibraltar Point Centre for the Arts,dpz81e6qw,1.0
9,Gibraltar Point Centre for the Arts,dpz81e6r0,0.9264
9,Gibraltar Point Centre for the Arts,dpz81e6r1,0.9538
9,Gibraltar Point Centre for the Arts,dpz81e6r2,1.0
9,Gibraltar Point Centre for the Arts,dpz81e6r3,1.0
9,Gibraltar Point Centre for the Arts,dpz81e6r6,1.0
9,Gibraltar Point Centre for the Arts,dpz81e6r7,1.0
9,Gibraltar Point Centre for the Arts,dpz81e6r8,1.0
9,Gibraltar Point Centre for the Arts,dpz81e6r9,1.0
9,Gibraltar Point Centre for the Arts,dpz81e6rb,1.0
9,Gibraltar Point Centre for the Arts,dpz81e6rc,1.0
9,Gibraltar Point Centre for the Arts,dpz81e6rd,1.0
9,Gibraltar Point Centre for the Arts,dpz81e6re,1.0
9,Gibraltar Point Centre for the Arts,dpz81e6rf,1.0
9,Gibraltar Point Centre for the Arts,dpz81e6rg,1.0
9,Gibraltar Point Centre for the Arts,dpz81e6xd,1.0
9,Gibraltar Point Centre for the Arts,dpz81e6xf,1.0
9,Gibraltar Point Centre for the Arts,dpz81ed02,1.0
9,Gibraltar Point Centre for the Arts,dpz81ed03,1.0
9,Gibraltar Point Centre for the Arts,dpz81ed06,1.0
9,Gibraltar Point Centre for the Arts,dpz81ed07,1.0
9,Gibraltar Point Centre for the Arts,dpz81ed08,1.0
9,Gibraltar Point Centre for the Arts,dpz81ed09,1.0
9,Gibraltar Point Centre for the Arts,dpz81ed0b,1.0
9,Gibraltar Point Centre for the Arts,dpz81ed0c,1.0
9,Gibraltar Point Centre for the Arts,dpz81ed0d,1.0
9,Gibraltar Point Centre for the Arts,dpz81ed0e,1.0
9,Gibraltar Point Centre for the Arts,dpz81ed0f,1.0
9,Gibraltar Point Centre for the Arts,dpz81ed0g,1.0
9,Gibraltar Point Centre for the Arts,dpz81ed0k,1.0
9,Gibraltar Point Centre for the Arts,dpz81ed0n,0.8291
9,Gibraltar Point Centre for the Arts,dpz81ed0p,1.0
9,Gibraltar Point Centre for the Arts,dpz81ed0q,0.8163
9,Gibraltar Point Centre for the Arts,dpz81ed0r,1.0
9,Gibraltar Point Centre for the Arts,dpz81ed0s,1.0
9,Gibraltar Point Centre for the Arts,dpz81ed0t,1.0
9,Gibraltar Point Centre for the Arts,dpz81ed0u,1.0
9,Gibraltar Point Centre for the Arts,dpz81ed0w,1.0
9,Gibraltar Point Centre for the Arts,dpz81ed0x,1.0
9,Gibraltar Point Centre for the Arts,dpz81ed0y,0.8785
9,Gibraltar Point Centre for the Arts,dpz81ed0z,1.0
9,Gibraltar Point Centre for the Arts,dpz81ed10,0.8992
9,Gibraltar Point Centre for the Arts,dpz81ed11,0.8793
9,Gibraltar Point Centre for the Arts,dpz81ed14,0.8594
9,Gibraltar Point Centre for the Arts,dpz81ed15,0.8395
9,Gibraltar Point Centre for the Arts,dpz81ed1h,0.8194
9,Gibraltar Point Centre for the Arts,dpz81ed20,1.0
9,Gibraltar Point Centre for the Arts,dpz81ed21,1.0
9,Gibraltar Point Centre for the Arts,dpz81ed22,1.0
9,Gibraltar Point Centre for the Arts,dpz81ed23,1.0
9,Gibraltar Point Centre for the Arts,dpz81ed24,1.0
9,Gibraltar Point Centre for the Arts,dpz81ed25,1.0
9,Gibraltar Point Centre for the Arts,dpz81ed26,1.0
9,Gibraltar Point Centre for the Arts,dpz81ed27,1.0
9,Gibraltar Point Centre for the Arts,dpz81ed28,1.0
9,Gibraltar Point Centre for the Arts,dpz81ed29,1.0
9,Gibraltar Point Centre for the Arts,dpz81ed2b,1.0
9,Gibraltar Point Centre for the Arts,dpz81ed2c,1.0
9,Gibraltar Point Centre for the Arts,dpz81ed2d,1.0
9,Gibraltar Point Centre for the Arts,dpz81ed2e,1.0
9,Gibraltar Point Centre for the Arts,dpz81ed2f,1.0
9,Gibraltar Point Centre for the Arts,dpz81ed2g,1.0
9,Gibraltar Point Centre for the Arts,dpz81ed2r,1.0
9,Gibraltar Point Centre for the Arts,dpz81ed2u,1.0
9,Gibraltar Point Centre for the Arts,dpz81ed2v,1.0
9,Gibraltar Point Centre for the Arts,dpz81ed2x,1.0
9,Gibraltar Point Centre for the Arts,dpz81ed2y,1.0
9,Gibraltar Point Centre for the Arts,dpz81ed2z,1.0
9,Gibraltar Point Centre for the Arts,dpz81ed31,0.8182
9,Gibraltar Point Centre for the Arts,dpz81ed34,1.0
9,Gibraltar Point Centre for the Arts,dpz81ed35,0.8517
9,Gibraltar Point Centre for the Arts,dpz81ed3n,0.9764
9,Gibraltar Point Centre for the Arts,dpz81ed3p,0.8042
9,Gibraltar Point Centre for the Arts,dpz81ed81,0.8514
9,Gibraltar Point Centre for the Arts,dpz81ed82,1.0
9,Gibraltar Point Centre for the Arts,dpz81ed83,1.0
9,Gibraltar Point Centre for the Arts,dpz81ed84,1.0
9,Gibraltar Point Centre for the Arts,dpz81ed86,1.0
9,Gibraltar Point Centre for the Arts,dpz81ed88,1.0
9,Gibraltar Point Centre for the Arts,dpz81ed89,1.0
9,Gibraltar Point Centre for the Arts,dpz81ed8b,1.0
9,Gibraltar Point Centre for the Arts,dpz81ed8c,1.0
9,Gibraltar Point Centre for the Arts,dpz81ed8d,1.0
9,Gibraltar Point Centre for the Arts,dpz81ed8e,0.9654
9,Gibraltar Point Centre for the Arts,dpz81ed8f,1.0
9,Gibraltar Point Centre for the Arts,dpz81ed8g,1.0
9,Gibraltar Point Centre for the Arts,dpz81ed8u,1.0
9,Gibraltar Point Centre for the Arts,dpz81ed8v,1.0
9,Gibraltar Point Centre for the Arts,dpz81ed8y,0.816
9,Gibraltar Point Centre for the Arts,dpz81ed9h,0.8113
10,Wychwood Barns,dpz82xthg,0.9008
10,Wychwood Barns,dpz82xthu,1.0
10,Wychwood Barns,dpz82xthv,1.0
10,Wychwood Barns,dpz82xthy,1.0
10,Wychwood Barns,dpz82xthz,0.9153
10,Wychwood Barns,dpz82xtj5,1.0
10,Wychwood Barns,dpz82xtjh,1.0
10,Wychwood Barns,dpz82xtjj,1.0
10,Wychwood Barns,dpz82xtjm,1.0
10,Wychwood Barns,dpz82xtjn,1.0
10,Wychwood Barns,dpz82xtjp,1.0
10,Wychwood Barns,dpz82xtjq,1.0
10,Wychwood Barns,dpz82xtjr,1.0
10,Wychwood Barns,dpz82xtjt,1.0
10,Wychwood Barns,dpz82xtju,0.81
10,Wychwood Barns,dpz82xtjv,1.0
10,Wychwood Barns,dpz82xtjw,1.0
10,Wychwood Barns,dpz82xtjx,1.0
10,Wychwood Barns,dpz82xtjy,1.0
10,Wychwood Barns,dpz82xtjz,1.0
10,Wychwood Barns,dpz82xtm0,1.0
10,Wychwood Barns,dpz82xtm1,1.0
10,Wychwood Barns,dpz82xtm2,1.0
10,Wychwood Barns,dpz82xtm3,1.0
10,Wychwood Barns,dpz82xtm4,1.0
10,Wychwood Barns,dpz82xtm5,0.9992
10,Wychwood Barns,dpz82xtm6,1.0
10,Wychwood Barns,dpz82xtm7,1.0
10,Wychwood Barns,dpz82xtm8,1.0
10,Wychwood Barns,dpz82xtm9,1.0
10,Wychwood Barns,dpz82xtmb,1.0
10,Wychwood Barns,dpz82xtmc,1.0
10,Wychwood Barns,dpz82xtmd,1.0
10,Wychwood Barns,dpz82xtme,1.0
10,Wychwood Barns,dpz82xtmf,1.0
10,Wychwood Barns,dpz82xtmg,1.0
10,Wychwood Barns,dpz82xtmh,0.8773
10,Wychwood Barns,dpz82xtmk,1.0
10,Wychwood Barns,dpz82xtmm,1.0
10,Wychwood Barns,dpz82xtmq,1.0
10,Wychwood Barns,dpz82xtmr,1.0
10,Wychwood Barns,dpz82xtms,1.0
10,Wychwood Barns,dpz82xtmt,1.0
10,Wychwood Barns,dpz82xtmu,1.0
10,Wychwood Barns,dpz82xtmv,1.0
10,Wychwood Barns,dpz82xtmw,1.0
10,Wychwood Barns,dpz82xtmx,1.0
10,Wychwood Barns,dpz82xtmy,1.0
10,Wychwood Barns,dpz82xtmz,1.0
10,Wychwood Barns,dpz82xtne,0.9508
10,Wychwood Barns,dpz82xtng,1.0
10,Wychwood Barns,dpz82xtnh,1.0
10,Wychwood Barns,dpz82xtnj,1.0
10,Wychwood Barns,dpz82xtnk,1.0
10,Wychwood Barns,dpz82xtnm,1.0
10,Wychwood Barns,dpz82xtnn,1.0
10,Wychwood Barns,dpz82xtnp,1.0
10,Wychwood Barns,dpz82xtnq,1.0
10,Wychwood Barns,dpz82xtnr,1.0
10,Wychwood Barns,dpz82xtns,1.0
10,Wychwood Barns,dpz82xtnt,1.0
10,Wychwood Barns,dpz82xtnu,1.0
10,Wychwood Barns,dpz82xtnv,1.0
10,Wychwood Barns,dpz82xtnw,1.0
10,Wychwood Barns,dpz82xtnx,1.0
10,Wychwood Barns,dpz82xtny,1.0
10,Wychwood Barns,dpz82xtnz,1.0
10,Wychwood Barns,dpz82xtp5,1.0
10,Wychwood Barns,dpz82xtp7,0.8273
10,Wychwood Barns,dpz82xtph,1.0
10,Wychwood Barns,dpz82xtpj,1.0
10,Wychwood Barns,dpz82xtpk,0.9886
10,Wychwood Barns,dpz82xtpm,1.0
10,Wychwood Barns,dpz82xtpn,1.0
10,Wychwood Barns,dpz82xtpp,1.0
10,Wychwood Barns,dpz82xtpq,1.0
10,Wychwood Barns,dpz82xtpr,1.0
10,Wychwood Barns,dpz82xtq0,1.0
10,Wychwood Barns,dpz82xtq1,1.0
10,Wychwood Barns,dpz82xtq2,1.0
10,Wychwood Barns,dpz82xtq3,1.0
10,Wychwood Barns,dpz82xtq4,1.0
10,Wychwood Barns,dpz82xtq5,1.0
10,Wychwood Barns,dpz82xtq6,1.0
10,Wychwood Barns,dpz82xtq7,1.0
10,Wychwood Barns,dpz82xtq8,1.0
10,Wychwood Barns,dpz82xtq9,1.0
10,Wychwood Barns,dpz82xtqb,1.0
10,Wychwood Barns,dpz82xtqc,1.0
10,Wychwood Barns,dpz82xtqd,1.0
10,Wychwood Barns,dpz82xtqe,1.0
10,Wychwood Barns,dpz82xtqf,1.0
10,Wychwood Barns,dpz82xtqg,1.0
10,Wychwood Barns,dpz82xtqh,1.0
10,Wychwood Barns,dpz82xtqj,1.0
10,Wychwood Barns,dpz82xtqk,1.0
10,Wychwood Barns,dpz82xtqm,1.0
10,Wychwood Barns,dpz82xtqn,1.0
10,Wychwood Barns,dpz82xtqp,1.0
10,Wychwood Barns,dpz82xtqq,1.0
10,Wychwood Barns,dpz82xtqr,1.0
10,Wychwood Barns,dpz82xtqs,1.0
10,Wychwood Barns,dpz82xtqt,1.0
10,Wychwood Barns,dpz82xtqu,1.0
10,Wychwood Barns,dpz82xtqv,1.0
10,Wychwood Barns,dpz82xtqw,1.0
10,Wychwood Barns,dpz82xtqx,1.0
10,Wychwood Barns,dpz82xtqy,1.0
10,Wychwood Barns,dpz82xtqz,1.0
10,Wychwood Barns,dpz82xtr0,1.0
10,Wychwood Barns,dpz82xtr1,1.0
10,Wychwood Barns,dpz82xtr2,1.0
10,Wychwood Barns,dpz82xtr3,1.0
10,Wychwood Barns,dpz82xtr4,1.0
10,Wychwood Barns,dpz82xtr5,1.0
10,Wychwood Barns,dpz82xtr6,1.0
10,Wychwood Barns,dpz82xtr7,1.0
10,Wychwood Barns,dpz82xtr8,0.8653
10,Wychwood Barns,dpz82xtr9,0.9977
10,Wychwood Barns,dpz82xtrd,1.0
10,Wychwood Barns,dpz82xtre,1.0
10,Wychwood Barns,dpz82xtrh,1.0
10,Wychwood Barns,dpz82xtrj,1.0
10,Wychwood Barns,dpz82xtrk,1.0
10,Wychwood Barns,dpz82xtrm,1.0
10,Wychwood Barns,dpz82xtrn,1.0
10,Wychwood Barns,dpz82xtrp,1.0
10,Wychwood Barns,dpz82xtrq,1.0
10,Wychwood Barns,dpz82xtrr,1.0
10,Wychwood Barns,dpz82xtrs,1.0
10,Wychwood Barns,dpz82xtrt,1.0
10,Wychwood Barns,dpz82xtrv,0.9031
10,Wychwood Barns,dpz82xtrw,1.0
10,Wychwood Barns,dpz82xtrx,1.0
10,Wychwood Barns,dpz82xtry,1.0
10,Wychwood Barns,dpz82xtrz,1.0
10,Wychwood Barns,dpz82xtt2,0.992
10,Wychwood Barns,dpz82xtt3,0.8245
10,Wychwood Barns,dpz82xtt8,1.0
10,Wychwood Barns,dpz82xttb,1.0
10,Wychwood Barns,dpz82xtw0,1.0
10,Wychwood Barns,dpz82xtw1,0.9333
10,Wychwood Barns,dpz82xtw2,1.0
10,Wychwood Barns,dpz82xtw3,1.0
10,Wychwood Barns,dpz82xtw6,1.0
10,Wychwood Barns,dpz82xtw7,1.0
10,Wychwood Barns,dpz82xtw8,1.0
10,Wychwood Barns,dpz82xtw9,1.0
10,Wychwood Barns,dpz82xtwb,1.0
10,Wychwood Barns,dpz82xtwc,1.0
10,Wychwood Barns,dpz82xtwd,1.0
10,Wychwood Barns,dpz82xtwe,1.0
10,Wychwood Barns,dpz82xtwf,1.0
10,Wychwood Barns,dpz82xtwg,1.0
10,Wychwood Barns,dpz82xtwk,1.0
10,Wychwood Barns,dpz82xtws,1.0
10,Wychwood Barns,dpz82xtwu,0.8717
10,Wychwood Barns,dpz82xtx0,1.0
10,Wychwood Barns,dpz82xtx1,1.0
10,Wychwood Barns,dpz82xtx2,1.0
10,Wychwood Barns,dpz82xtx3,1.0
10,Wychwood Barns,dpz82xtx4,1.0
10,Wychwood Barns,dpz82xtx5,1.0
10,Wychwood Barns,dpz82xtx6,1.0
10,Wychwood Barns,dpz82xtx7,0.9839
10,Wychwood Barns,dpz82xtx8,1.0
10,Wychwood Barns,dpz82xtx9,1.0
10,Wychwood Barns,dpz82xtxb,1.0
10,Wychwood Barns,dpz82xtxc,1.0
10,Wychwood Barns,dpz82xtxd,1.0
10,Wychwood Barns,dpz82xtxe,0.9419
10,Wychwood Barns,dpz82xtxf,1.0
10,Wychwood Barns,dpz82xtxg,1.0
10,Wychwood Barns,dpz82xtxu,1.0
10,Wychwood Barns,dpz82xtxv,1.0
10,Wychwood Barns,dpz82xtxy,1.0
10,Wychwood Barns,dpz82xtxz,0.9203
10,Wychwood Barns,dpz82xv84,0.9364
10,Wychwood Barns,dpz82xv85,1.0
10,Wychwood Barns,dpz82xv8h,1.0
10,Wychwood Barns,dpz82xv8j,1.0
10,Wychwood Barns,dpz82xv8n,1.0
10,Wychwood Barns,dpz82xv8p,1.0
10,Wychwood Barns,dpz82xv8r,0.9626
10,Wychwood Barns,dpz82xvb0,1.0
10,Wychwood Barns,dpz82xvb1,1.0
10,Wychwood Barns,dpz82xvb2,1.0
10,Wychwood Barns,dpz82xvb3,1.0
10,Wychwood Barns,dpz82xvb4,1.0
10,Wychwood Barns,dpz82xvb5,0.9996
10,Wychwood Barns,dpz82xvb6,1.0
10,Wychwood Barns,dpz82xvb7,1.0
10,Wychwood Barns,dpz82xvbe,0.8096
10,Wychwood Barns,dpz82xvbh,0.8837
10,Wychwood Barns,dpz82xvbk,1.0
10,Wychwood Barns,dpz82xvbm,0.9667
10,Wychwood Barns,dpz82xvbs,0.9819
11,Youngplace,dpz82c9tj,0.8369
11,Youngplace,dpz82c9tm,1.0
11,Youngplace,dpz82c9tn,1.0
11,Youngplace,dpz82c9tp,1.0
11,Youngplace,dpz82c9tq,1.0
11,Youngplace,dpz82c9tr,1.0
11,Youngplace,dpz82c9tx,0.9305
11,Youngplace,dpz82c9um,0.9989
11,Youngplace,dpz82c9un,1.0
11,Youngplace,dpz82c9up,0.9878
11,Youngplace,dpz82c9uq,1.0
11,Youngplace,dpz82c9ur,1.0
11,Youngplace,dpz82c9ut,1.0
11,Youngplace,dpz82c9uu,0.9239
11,Youngplace,dpz82c9uv,1.0
11,Youngplace,dpz82c9uw,1.0
11,Youngplace,dpz82c9ux,1.0
11,Youngplace,dpz82c9uy,1.0
11,Youngplace,dpz82c9uz,1.0
11,Youngplace,dpz82c9v0,1.0
11,Youngplace,dpz82c9v1,1.0
11,Youngplace,dpz82c9v2,1.0
11,Youngplace,dpz82c9v3,1.0
11,Youngplace,dpz82c9v4,0.8967
11,Youngplace,dpz82c9v6,1.0
11,Youngplace,dpz82c9v7,1.0
11,Youngplace,dpz82c9v8,1.0
11,Youngplace,dpz82c9v9,1.0
11,Youngplace,dpz82c9vd,1.0
11,Youngplace,dpz82c9ve,1.0
11,Youngplace,dpz82c9vg,1.0
11,Youngplace,dpz82c9vh,1.0
11,Youngplace,dpz82c9vj,1.0
11,Youngplace,dpz82c9vk,1.0
11,Youngplace,dpz82c9vm,1.0
11,Youngplace,dpz82c9vn,1.0
11,Youngplace,dpz82c9vp,1.0
11,Youngplace,dpz82c9vq,1.0
11,Youngplace,dpz82c9vr,1.0
11,Youngplace,dpz82c9vs,1.0
11,Youngplace,dpz82c9vt,1.0
11,Youngplace,dpz82c9vu,1.0
11,Youngplace,dpz82c9vv,1.0
11,Youngplace,dpz82c9vw,1.0
11,Youngplace,dpz82c9vx,1.0
11,Youngplace,dpz82c9vy,1.0
11,Youngplace,dpz82c9vz,1.0
11,Youngplace,dpz82c9y4,0.8367
11,Youngplace,dpz82c9y5,1.0
11,Youngplace,dpz82c9y6,1.0
11,Youngplace,dpz82c9y7,1.0
11,Youngplace,dpz82c9yc,0.9583
11,Youngplace,dpz82c9yd,1.0
11,Youngplace,dpz82c9ye,1.0
11,Youngplace,dpz82c9yf,1.0
11,Youngplace,dpz82c9yg,1.0
11,Youngplace,dpz82c9yh,1.0
11,Youngplace,dpz82c9yj,1.0
11,Youngplace,dpz82c9yk,1.0
11,Youngplace,dpz82c9ym,1.0
11,Youngplace,dpz82c9yn,1.0
11,Youngplace,dpz82c9yp,1.0
11,Youngplace,dpz82c9yq,1.0
11,Youngplace,dpz82c9yr,0.8998
11,Youngplace,dpz82c9ys,1.0
11,Youngplace,dpz82c9yt,1.0
11,Youngplace,dpz82c9yu,1.0
11,Youngplace,dpz82c9yv,1.0
11,Youngplace,dpz82c9yw,1.0
11,Youngplace,dpz82c9yy,0.9947
11,Youngplace,dpz82c9z5,0.8903
11,Youngplace,dpz82c9zh,0.9999
11,Youngplace,dpz82c9zj,1.0
11,Youngplace,dpz82cdh0,0.8265
11,Youngplace,dpz82cdh2,1.0
11,Youngplace,dpz82cdh3,1.0
11,Youngplace,dpz82cdh6,0.9777
11,Youngplace,dpz82cdh8,1.0
11,Youngplace,dpz82cdh9,1.0
11,Youngplace,dpz82cdhb,1.0
11,Youngplace,dpz82cdhc,1.0
11,Youngplace,dpz82cdj0,1.0
11,Youngplace,dpz82cdj1,0.879
11,Youngplace,dpz82cdj2,1.0
11,Youngplace,dpz82cdj8,1.0
11,Youngplace,dpz82cdj9,1.0
11,Youngplace,dpz82cdjb,1.0
11,Youngplace,dpz82cdjc,0.9871
12,Assembly Hall,dpz2n8dmc,0.9806
12,Assembly Hall,dpz2n8dq0,1.0
12,Assembly Hall,dpz2n8dq1,1.0
12,Assembly Hall,dpz2n8dq2,1.0
12,Assembly Hall,dpz2n8dq3,1.0
12,Assembly Hall,dpz2n8dq4,1.0
12,Assembly Hall,dpz2n8dq6,1.0
12,Assembly Hall,dpz2n8dq7,1.0
12,Assembly Hall,dpz2n8dq9,0.9744
12,Assembly Hall,dpz2n8dqc,1.0
12,Assembly Hall,dpz2n8dqd,1.0
12,Assembly Hall,dpz2n8dqe,1.0
12,Assembly Hall,dpz2n8dqf,1.0
12,Assembly Hall,dpz2n8dqg,1.0
12,Assembly Hall,dpz2n8dqk,1.0
12,Assembly Hall,dpz2n8dqm,1.0
12,Assembly Hall,dpz2n8dqq,0.9379
12,Assembly Hall,dpz2n8dqs,1.0
12,Assembly Hall,dpz2n8dqt,1.0
12,Assembly Hall,dpz2n8dqu,1.0
12,Assembly Hall,dpz2n8dqv,1.0
12,Assembly Hall,dpz2n8dr1,1.0
12,Assembly Hall,dpz2n8dr2,0.8076
12,Assembly Hall,dpz2n8dr3,1.0
12,Assembly Hall,dpz2n8dr4,1.0
12,Assembly Hall,dpz2n8dr5,1.0
12,Assembly Hall,dpz2n8dr6,1.0
12,Assembly Hall,dpz2n8dr7,1.0
12,Assembly Hall,dpz2n8dr9,0.9751
12,Assembly Hall,dpz2n8drd,1.0
12,Assembly Hall,dpz2n8drh,1.0
12,Assembly Hall,dpz2n8drk,1.0
13,Bentway Staging Grounds,dpz81rbzc,1.0
13,Bentway Staging Grounds,dpz81rbzf,0.9433
13,Bentway Staging Grounds,dpz83208x,0.9829
13,Bentway Staging Grounds,dpz83208z,1.0
13,Bentway Staging Grounds,dpz83209n,0.9518
13,Bentway Staging Grounds,dpz83209p,1.0
13,Bentway Staging Grounds,dpz83209q,1.0
13,Bentway Staging Grounds,dpz83209r,1.0
13,Bentway Staging Grounds,dpz83209t,0.9049
13,Bentway Staging Grounds,dpz83209v,1.0
13,Bentway Staging Grounds,dpz83209w,1.0
13,Bentway Staging Grounds,dpz83209x,1.0
13,Bentway Staging Grounds,dpz83209y,1.0
13,Bentway Staging Grounds,dpz83209z,1.0
13,Bentway Staging Grounds,dpz8320b0,0.9983
13,Bentway Staging Grounds,dpz8320b1,1.0
13,Bentway Staging Grounds,dpz8320b2,1.0
13,Bentway Staging Grounds,dpz8320b3,1.0
13,Bentway Staging Grounds,dpz8320b4,1.0
13,Bentway Staging Grounds,dpz8320b5,1.0
13,Bentway Staging Grounds,dpz8320b6,1.0
13,Bentway Staging Grounds,dpz8320b7,1.0
13,Bentway Staging Grounds,dpz8320b8,1.0
13,Bentway Staging Grounds,dpz8320b9,1.0
13,Bentway Staging Grounds,dpz8320bb,1.0
13,Bentway Staging Grounds,dpz8320bc,1.0
13,Bentway Staging Grounds,dpz8320bd,1.0
13,Bentway Staging Grounds,dpz8320be,1.0
13,Bentway Staging Grounds,dpz8320bf,1.0
13,Bentway Staging Grounds,dpz8320bg,1.0
13,Bentway Staging Grounds,dpz8320bh,1.0
13,Bentway Staging Grounds,dpz8320bj,0.9045
13,Bentway Staging Grounds,dpz8320bk,1.0
13,Bentway Staging Grounds,dpz8320bm,1.0
13,Bentway Staging Grounds,dpz8320bq,1.0
13,Bentway Staging Grounds,dpz8320br,1.0
13,Bentway Staging Grounds,dpz8320bs,1.0
13,Bentway Staging Grounds,dpz8320bt,1.0
13,Bentway Staging Grounds,dpz8320bu,1.0
13,Bentway Staging Grounds,dpz8320bv,1.0
13,Bentway Staging Grounds,dpz8320bw,1.0
13,Bentway Staging Grounds,dpz8320bx,1.0
13,Bentway Staging Grounds,dpz8320by,1.0
13,Bentway Staging Grounds,dpz8320bz,1.0
13,Bentway Staging Grounds,dpz8320c0,1.0
13,Bentway Staging Grounds,dpz8320c1,1.0
13,Bentway Staging Grounds,dpz8320c2,1.0
13,Bentway Staging Grounds,dpz8320c3,1.0
13,Bentway Staging Grounds,dpz8320c4,1.0
13,Bentway Staging Grounds,dpz8320c5,1.0
13,Bentway Staging Grounds,dpz8320c6,1.0
13,Bentway Staging Grounds,dpz8320c7,1.0
13,Bentway Staging Grounds,dpz8320c8,1.0
13,Bentway Staging Grounds,dpz8320c9,1.0
13,Bentway Staging Grounds,dpz8320cb,1.0
13,Bentway Staging Grounds,dpz8320cc,1.0
13,Bentway Staging Grounds,dpz8320cd,1.0
13,Bentway Staging Grounds,dpz8320ce,1.0
13,Bentway Staging Grounds,dpz8320cf,1.0
13,Bentway Staging Grounds,dpz8320cg,1.0
13,Bentway Staging Grounds,dpz8320ch,1.0
13,Bentway Staging Grounds,dpz8320cj,1.0
13,Bentway Staging Grounds,dpz8320ck,1.0
13,Bentway Staging Grounds,dpz8320cm,1.0
13,Bentway Staging Grounds,dpz8320cn,1.0
13,Bentway Staging Grounds,dpz8320cp,1.0
13,Bentway Staging Grounds,dpz8320cq,1.0
13,Bentway Staging Grounds,dpz8320cr,1.0
13,Bentway Staging Grounds,dpz8320cs,1.0
13,Bentway Staging Grounds,dpz8320ct,1.0
13,Bentway Staging Grounds,dpz8320cu,1.0
13,Bentway Staging Grounds,dpz8320cv,1.0
13,Bentway Staging Grounds,dpz8320cw,1.0
13,Bentway Staging Grounds,dpz8320cx,1.0
13,Bentway Staging Grounds,dpz8320cy,1.0
13,Bentway Staging Grounds,dpz8320cz,1.0
13,Bentway Staging Grounds,dpz8320f0,0.8954
13,Bentway Staging Grounds,dpz8320f1,1.0
13,Bentway Staging Grounds,dpz8320f4,1.0
13,Bentway Staging Grounds,dpz8320f5,1.0
13,Bentway Staging Grounds,dpz8320fh,1.0
13,Bentway Staging Grounds,dpz8320fj,1.0
13,Bentway Staging Grounds,dpz8320fm,0.9565
13,Bentway Staging Grounds,dpz8320fn,1.0
13,Bentway Staging Grounds,dpz8320fp,1.0
13,Bentway Staging Grounds,dpz8320fq,1.0
13,Bentway Staging Grounds,dpz8320fr,1.0
13,Bentway Staging Grounds,dpz832102,0.899
13,Bentway Staging Grounds,dpz832108,1.0
13,Bentway Staging Grounds,dpz832109,1.0
13,Bentway Staging Grounds,dpz83210b,1.0
13,Bentway Staging Grounds,dpz83210c,1.0
13,Bentway Staging Grounds,dpz83210d,1.0
13,Bentway Staging Grounds,dpz83210e,1.0
13,Bentway Staging Grounds,dpz83210f,1.0
13,Bentway Staging Grounds,dpz83210g,1.0
13,Bentway Staging Grounds,dpz83210s,1.0
13,Bentway Staging Grounds,dpz83210t,0.9764
13,Bentway Staging Grounds,dpz83210u,1.0
13,Bentway Staging Grounds,dpz83210v,1.0
13,Bentway Staging Grounds,dpz83210w,0.8185
13,Bentway Staging Grounds,dpz83210y,1.0
13,Bentway Staging Grounds,dpz83210z,1.0
13,Bentway Staging Grounds,dpz832110,1.0
13,Bentway Staging Grounds,dpz832111,1.0
13,Bentway Staging Grounds,dpz832112,1.0
13,Bentway Staging Grounds,dpz832113,1.0
13,Bentway Staging Grounds,dpz832114,1.0
13,Bentway Staging Grounds,dpz832115,1.0
13,Bentway Staging Grounds,dpz832116,1.0
13,Bentway Staging Grounds,dpz832117,1.0
13,Bentway Staging Grounds,dpz832118,1.0
13,Bentway Staging Grounds,dpz832119,1.0
13,Bentway Staging Grounds,dpz83211b,1.0
13,Bentway Staging Grounds,dpz83211c,1.0
13,Bentway Staging Grounds,dpz83211d,1.0
13,Bentway Staging Grounds,dpz83211e,1.0
13,Bentway Staging Grounds,dpz83211f,1.0
13,Bentway Staging Grounds,dpz83211g,1.0
13,Bentway Staging Grounds,dpz83211h,1.0
13,Bentway Staging Grounds,dpz83211j,1.0
13,Bentway Staging Grounds,dpz83211k,1.0
13,Bentway Staging Grounds,dpz83211m,1.0
13,Bentway Staging Grounds,dpz83211n,1.0
13,Bentway Staging Grounds,dpz83211p,1.0
13,Bentway Staging Grounds,dpz83211q,1.0
13,Bentway Staging Grounds,dpz83211r,1.0
13,Bentway Staging Grounds,dpz83211s,1.0
13,Bentway Staging Grounds,dpz83211t,1.0
13,Bentway Staging Grounds,dpz83211u,1.0
13,Bentway Staging Grounds,dpz83211v,1.0
13,Bentway Staging Grounds,dpz83211w,1.0
13,Bentway Staging Grounds,dpz83211x,1.0
13,Bentway Staging Grounds,dpz83211y,1.0
13,Bentway Staging Grounds,dpz83211z,1.0
13,Bentway Staging Grounds,dpz83212b,1.0
13,Bentway Staging Grounds,dpz83212c,1.0
13,Bentway Staging Grounds,dpz83212f,1.0
13,Bentway Staging Grounds,dpz83212g,0.9226
13,Bentway Staging Grounds,dpz832130,1.0
13,Bentway Staging Grounds,dpz832131,1.0
13,Bentway Staging Grounds,dpz832132,1.0
13,Bentway Staging Grounds,dpz832133,1.0
13,Bentway Staging Grounds,dpz832134,1.0
13,Bentway Staging Grounds,dpz832135,1.0
13,Bentway Staging Grounds,dpz832136,1.0
13,Bentway Staging Grounds,dpz832137,1.0
13,Bentway Staging Grounds,dpz832138,1.0
13,Bentway Staging Grounds,dpz832139,1.0
13,Bentway Staging Grounds,dpz83213b,1.0
13,Bentway Staging Grounds,dpz83213c,1.0
13,Bentway Staging Grounds,dpz83213d,1.0
13,Bentway Staging Grounds,dpz83213e,1.0
13,Bentway Staging Grounds,dpz83213f,1.0
13,Bentway Staging Grounds,dpz83213g,1.0
13,Bentway Staging Grounds,dpz83213h,1.0
13,Bentway Staging Grounds,dpz83213j,1.0
13,Bentway Staging Grounds,dpz83213k,1.0
13,Bentway Staging Grounds,dpz83213m,1.0
13,Bentway Staging Grounds,dpz83213n,1.0
13,Bentway Staging Grounds,dpz83213p,1.0
13,Bentway Staging Grounds,dpz83213q,1.0
13,Bentway Staging Grounds,dpz83213r,1.0
13,Bentway Staging Grounds,dpz83213s,1.0
13,Bentway Staging Grounds,dpz83213t,1.0
13,Bentway Staging Grounds,dpz83213u,1.0
13,Bentway Staging Grounds,dpz83213v,1.0
13,Bentway Staging Grounds,dpz83213w,1.0
13,Bentway Staging Grounds,dpz83213x,1.0
13,Bentway Staging Grounds,dpz83213y,1.0
13,Bentway Staging Grounds,dpz83213z,1.0
13,Bentway Staging Grounds,dpz832140,1.0
13,Bentway Staging Grounds,dpz832141,1.0
13,Bentway Staging Grounds,dpz832142,1.0
13,Bentway Staging Grounds,dpz832143,1.0
13,Bentway Staging Grounds,dpz832144,1.0
13,Bentway Staging Grounds,dpz832145,1.0
13,Bentway Staging Grounds,dpz832146,1.0
13,Bentway Staging Grounds,dpz832147,1.0
13,Bentway Staging Grounds,dpz832149,0.831
13,Bentway Staging Grounds,dpz83214d,0.9912
13,Bentway Staging Grounds,dpz83214e,1.0
13,Bentway Staging Grounds,dpz83214h,1.0
13,Bentway Staging Grounds,dpz83214j,1.0
13,Bentway Staging Grounds,dpz83214k,1.0
13,Bentway Staging Grounds,dpz83214m,1.0
13,Bentway Staging Grounds,dpz83214n,1.0
13,Bentway Staging Grounds,dpz83214p,1.0
13,Bentway Staging Grounds,dpz83214q,1.0
13,Bentway Staging Grounds,dpz83214r,1.0
13,Bentway Staging Grounds,dpz83214s,1.0
13,Bentway Staging Grounds,dpz83214t,1.0
13,Bentway Staging Grounds,dpz83214w,1.0
13,Bentway Staging Grounds,dpz83214x,1.0
13,Bentway Staging Grounds,dpz83214y,0.9058
13,Bentway Staging Grounds,dpz83214z,1.0
13,Bentway Staging Grounds,dpz832160,1.0
13,Bentway Staging Grounds,dpz832161,1.0
13,Bentway Staging Grounds,dpz832162,1.0
13,Bentway Staging Grounds,dpz832163,1.0
13,Bentway Staging Grounds,dpz832164,1.0
13,Bentway Staging Grounds,dpz832165,1.0
13,Bentway Staging Grounds,dpz832166,1.0
13,Bentway Staging Grounds,dpz832167,1.0
13,Bentway Staging Grounds,dpz832168,1.0
13,Bentway Staging Grounds,dpz832169,1.0
13,Bentway Staging Grounds,dpz83216b,1.0
13,Bentway Staging Grounds,dpz83216c,1.0
13,Bentway Staging Grounds,dpz83216d,1.0
13,Bentway Staging Grounds,dpz83216e,1.0
13,Bentway Staging Grounds,dpz83216f,1.0
13,Bentway Staging Grounds,dpz83216g,1.0
13,Bentway Staging Grounds,dpz83216h,1.0
13,Bentway Staging Grounds,dpz83216j,1.0
13,Bentway Staging Grounds,dpz83216k,1.0
13,Bentway Staging Grounds,dpz83216m,1.0
13,Bentway Staging Grounds,dpz83216n,1.0
13,Bentway Staging Grounds,dpz83216p,1.0
13,Bentway Staging Grounds,dpz83216q,1.0
13,Bentway Staging Grounds,dpz83216r,1.0
13,Bentway Staging Grounds,dpz83216s,1.0
13,Bentway Staging Grounds,dpz83216t,1.0
13,Bentway Staging Grounds,dpz83216u,1.0
13,Bentway Staging Grounds,dpz83216v,1.0
13,Bentway Staging Grounds,dpz83216w,1.0
13,Bentway Staging Grounds,dpz83216x,1.0
13,Bentway Staging Grounds,dpz83216y,1.0
13,Bentway Staging Grounds,dpz83216z,1.0
13,Bentway Staging Grounds,dpz832175,0.9631
13,Bentway Staging Grounds,dpz83217h,1.0
13,Bentway Staging Grounds,dpz83217j,1.0
13,Bentway Staging Grounds,dpz83217n,1.0
13,Bentway Staging Grounds,dpz83217p,1.0
13,Bentway Staging Grounds,dpz83217r,0.8418
13,Bentway Staging Grounds,dpz832190,0.9893
13,Bentway Staging Grounds,dpz832191,0.8486
13,Bentway Staging Grounds,dpz832192,1.0
13,Bentway Staging Grounds,dpz832193,1.0
13,Bentway Staging Grounds,dpz832196,1.0
13,Bentway Staging Grounds,dpz832197,1.0
13,Bentway Staging Grounds,dpz832198,1.0
13,Bentway Staging Grounds,dpz832199,1.0
13,Bentway Staging Grounds,dpz83219b,1.0
13,Bentway Staging Grounds,dpz83219c,1.0
13,Bentway Staging Grounds,dpz83219d,1.0
13,Bentway Staging Grounds,dpz83219e,1.0
13,Bentway Staging Grounds,dpz83219f,1.0
13,Bentway Staging Grounds,dpz83219g,1.0
13,Bentway Staging Grounds,dpz83219k,1.0
13,Bentway Staging Grounds,dpz83219m,1.0
13,Bentway Staging Grounds,dpz83219q,0.948
13,Bentway Staging Grounds,dpz83219s,1.0
13,Bentway Staging Grounds,dpz83219t,1.0
13,Bentway Staging Grounds,dpz83219u,1.0
13,Bentway Staging Grounds,dpz83219v,1.0
13,Bentway Staging Grounds,dpz83219w,1.0
13,Bentway Staging Grounds,dpz83219x,1.0
13,Bentway Staging Grounds,dpz83219y,1.0
13,Bentway Staging Grounds,dpz83219z,1.0
13,Bentway Staging Grounds,dpz8321c8,1.0
13,Bentway Staging Grounds,dpz8321c9,1.0
13,Bentway Staging Grounds,dpz8321cb,1.0
13,Bentway Staging Grounds,dpz8321cc,0.9629
13,Bentway Staging Grounds,dpz8321d0,1.0
13,Bentway Staging Grounds,dpz8321d1,1.0
13,Bentway Staging Grounds,dpz8321d2,1.0
13,Bentway Staging Grounds,dpz8321d3,1.0
13,Bentway Staging Grounds,dpz8321d4,1.0
13,Bentway Staging Grounds,dpz8321d5,1.0
13,Bentway Staging Grounds,dpz8321d6,1.0
13,Bentway Staging Grounds,dpz8321d7,1.0
13,Bentway Staging Grounds,dpz8321d8,1.0
13,Bentway Staging Grounds,dpz8321d9,1.0
13,Bentway Staging Grounds,dpz8321db,1.0
13,Bentway Staging Grounds,dpz8321dc,1.0
13,Bentway Staging Grounds,dpz8321dd,1.0
13,Bentway Staging Grounds,dpz8321de,1.0
13,Bentway Staging Grounds,dpz8321df,1.0
13,Bentway Staging Grounds,dpz8321dg,1.0
13,Bentway Staging Grounds,dpz8321dh,1.0
13,Bentway Staging Grounds,dpz8321dj,1.0
13,Bentway Staging Grounds,dpz8321dk,1.0
13,Bentway Staging Grounds,dpz8321dm,1.0
13,Bentway Staging Grounds,dpz8321dn,1.0
13,Bentway Staging Grounds,dpz8321dp,1.0
13,Bentway Staging Grounds,dpz8321dq,1.0
13,Bentway Staging Grounds,dpz8321dr,1.0
13,Bentway Staging Grounds,dpz8321ds,1.0
13,Bentway Staging Grounds,dpz8321dt,1.0
13,Bentway Staging Grounds,dpz8321du,1.0
13,Bentway Staging Grounds,dpz8321dv,1.0
13,Bentway Staging Grounds,dpz8321dw,1.0
13,Bentway Staging Grounds,dpz8321dx,1.0
13,Bentway Staging Grounds,dpz8321dy,1.0
13,Bentway Staging Grounds,dpz8321dz,1.0
13,Bentway Staging Grounds,dpz8321e0,1.0
13,Bentway Staging Grounds,dpz8321e1,1.0
13,Bentway Staging Grounds,dpz8321e2,0.994
13,Bentway Staging Grounds,dpz8321e3,1.0
13,Bentway Staging Grounds,dpz8321e4,1.0
13,Bentway Staging Grounds,dpz8321e5,1.0
13,Bentway Staging Grounds,dpz8321e6,1.0
13,Bentway Staging Grounds,dpz8321e7,1.0
13,Bentway Staging Grounds,dpz8321eh,1.0
13,Bentway Staging Grounds,dpz8321ej,1.0
13,Bentway Staging Grounds,dpz8321ek,1.0
13,Bentway Staging Grounds,dpz8321em,1.0
13,Bentway Staging Grounds,dpz8321en,1.0
13,Bentway Staging Grounds,dpz8321ep,0.938
13,Bentway Staging Grounds,dpz8321eq,1.0
13,Bentway Staging Grounds,dpz8321es,0.9156
13,Bentway Staging Grounds,dpz8321et,1.0
13,Bentway Staging Grounds,dpz8321ew,1.0
13,Bentway Staging Grounds,dpz8321f0,1.0
13,Bentway Staging Grounds,dpz8321f2,1.0
14,Bentway Strachan Gate,dpz80zzqj,0.8304
14,Bentway Strachan Gate,dpz80zzqm,1.0
14,Bentway Strachan Gate,dpz80zzqn,0.8115
14,Bentway Strachan Gate,dpz80zzqq,1.0
14,Bentway Strachan Gate,dpz80zzqr,1.0
14,Bentway Strachan Gate,dpz80zzqt,1.0
14,Bentway Strachan Gate,dpz80zzqu,0.9695
14,Bentway Strachan Gate,dpz80zzqv,1.0
14,Bentway Strachan Gate,dpz80zzqw,1.0
14,Bentway Strachan Gate,dpz80zzqx,1.0
14,Bentway Strachan Gate,dpz80zzqy,1.0
14,Bentway Strachan Gate,dpz80zzqz,1.0
14,Bentway Strachan Gate,dpz80zzrh,1.0
14,Bentway Strachan Gate,dpz80zzrj,1.0
14,Bentway Strachan Gate,dpz80zzrk,1.0
14,Bentway Strachan Gate,dpz80zzrm,1.0
14,Bentway Strachan Gate,dpz80zzrn,1.0
14,Bentway Strachan Gate,dpz80zzrp,1.0
14,Bentway Strachan Gate,dpz80zzrq,1.0
14,Bentway Strachan Gate,dpz80zzrr,1.0
14,Bentway Strachan Gate,dpz80zzw2,1.0
14,Bentway Strachan Gate,dpz80zzw3,1.0
14,Bentway Strachan Gate,dpz80zzw6,1.0
14,Bentway Strachan Gate,dpz80zzw7,1.0
14,Bentway Strachan Gate,dpz80zzw8,1.0
14,Bentway Strachan Gate,dpz80zzw9,1.0
14,Bentway Strachan Gate,dpz80zzwb,1.0
14,Bentway Strachan Gate,dpz80zzwc,1.0
14,Bentway Strachan Gate,dpz80zzwd,1.0
14,Bentway Strachan Gate,dpz80zzwe,1.0
14,Bentway Strachan Gate,dpz80zzwf,1.0
14,Bentway Strachan Gate,dpz80zzwg,1.0
14,Bentway Strachan Gate,dpz80zzwk,1.0
14,Bentway Strachan Gate,dpz80zzwm,1.0
14,Bentway Strachan Gate,dpz80zzwq,1.0
14,Bentway Strachan Gate,dpz80zzwr,1.0
14,Bentway Strachan Gate,dpz80zzws,1.0
14,Bentway Strachan Gate,dpz80zzwt,1.0
14,Bentway Strachan Gate,dpz80zzwu,1.0
14,Bentway Strachan Gate,dpz80zzwv,1.0
14,Bentway Strachan Gate,dpz80zzww,1.0
14,Bentway Strachan Gate,dpz80zzwx,1.0
14,Bentway Strachan Gate,dpz80zzwy,1.0
14,Bentway Strachan Gate,dpz80zzwz,1.0
14,Bentway Strachan Gate,dpz80zzx0,1.0
14,Bentway Strachan Gate,dpz80zzx1,1.0
14,Bentway Strachan Gate,dpz80zzx2,1.0
14,Bentway Strachan Gate,dpz80zzx3,1.0
14,Bentway Strachan Gate,dpz80zzx4,1.0
14,Bentway Strachan Gate,dpz80zzx5,1.0
14,Bentway Strachan Gate,dpz80zzx6,1.0
14,Bentway Strachan Gate,dpz80zzx7,1.0
14,Bentway Strachan Gate,dpz80zzxh,1.0
14,Bentway Strachan Gate,dpz80zzxj,1.0
14,Bentway Strachan Gate,dpz80zzxk,1.0
14,Bentway Strachan Gate,dpz80zzxm,1.0
14,Bentway Strachan Gate,dpz80zzxn,1.0
14,Bentway Strachan Gate,dpz80zzxp,1.0
14,Bentway Strachan Gate,dpz80zzxq,1.0
14,Bentway Strachan Gate,dpz80zzxr,1.0
14,Bentway Strachan Gate,dpz80zzy2,1.0
14,Bentway Strachan Gate,dpz80zzy3,1.0
14,Bentway Strachan Gate,dpz80zzy6,1.0
14,Bentway Strachan Gate,dpz80zzy7,1.0
14,Bentway Strachan Gate,dpz80zzy8,1.0
14,Bentway Strachan Gate,dpz80zzy9,1.0
14,Bentway Strachan Gate,dpz80zzyb,1.0
14,Bentway Strachan Gate,dpz80zzyc,1.0
14,Bentway Strachan Gate,dpz80zzyd,1.0
14,Bentway Strachan Gate,dpz80zzye,1.0
14,Bentway Strachan Gate,dpz80zzyf,1.0
14,Bentway Strachan Gate,dpz80zzyg,1.0
14,Bentway Strachan Gate,dpz80zzyk,1.0
14,Bentway Strachan Gate,dpz80zzym,1.0
14,Bentway Strachan Gate,dpz80zzyq,1.0
14,Bentway Strachan Gate,dpz80zzyr,1.0
14,Bentway Strachan Gate,dpz80zzys,1.0
14,Bentway Strachan Gate,dpz80zzyt,1.0
14,Bentway Strachan Gate,dpz80zzyu,1.0
14,Bentway Strachan Gate,dpz80zzyv,1.0
14,Bentway Strachan Gate,dpz80zzyw,1.0
14,Bentway Strachan Gate,dpz80zzyx,1.0
14,Bentway Strachan Gate,dpz80zzyy,1.0
14,Bentway Strachan Gate,dpz80zzyz,1.0
14,Bentway Strachan Gate,dpz80zzz0,1.0
14,Bentway Strachan Gate,dpz80zzz1,1.0
14,Bentway Strachan Gate,dpz80zzz2,1.0
14,Bentway Strachan Gate,dpz80zzz3,1.0
14,Bentway Strachan Gate,dpz80zzz4,1.0
14,Bentway Strachan Gate,dpz80zzz5,1.0
14,Bentway Strachan Gate,dpz80zzz6,1.0
14,Bentway Strachan Gate,dpz80zzz7,1.0
14,Bentway Strachan Gate,dpz80zzzh,1.0
14,Bentway Strachan Gate,dpz80zzzj,1.0
14,Bentway Strachan Gate,dpz80zzzk,1.0
14,Bentway Strachan Gate,dpz80zzzm,1.0
14,Bentway Strachan Gate,dpz80zzzn,1.0
14,Bentway Strachan Gate,dpz80zzzp,1.0
14,Bentway Strachan Gate,dpz80zzzq,1.0
14,Bentway Strachan Gate,dpz80zzzr,1.0
14,Bentway Strachan Gate,dpz81pbn2,1.0
14,Bentway Strachan Gate,dpz81pbn3,1.0
14,Bentway Strachan Gate,dpz81pbn6,0.9107
14,Bentway Strachan Gate,dpz81pbn8,1.0
14,Bentway Strachan Gate,dpz81pbn9,1.0
14,Bentway Strachan Gate,dpz81pbnb,1.0
14,Bentway Strachan Gate,dpz81pbnc,1.0
14,Bentway Strachan Gate,dpz81pbnd,1.0
14,Bentway Strachan Gate,dpz81pbne,1.0
14,Bentway Strachan Gate,dpz81pbnf,1.0
14,Bentway Strachan Gate,dpz81pbng,1.0
14,Bentway Strachan Gate,dpz81pbns,1.0
14,Bentway Strachan Gate,dpz81pbnt,0.9927
14,Bentway Strachan Gate,dpz81pbnu,1.0
14,Bentway Strachan Gate,dpz81pbnv,1.0
14,Bentway Strachan Gate,dpz81pbny,1.0
14,Bentway Strachan Gate,dpz81pbp0,1.0
14,Bentway Strachan Gate,dpz81pbp1,1.0
14,Bentway Strachan Gate,dpz81pbp2,1.0
14,Bentway Strachan Gate,dpz81pbp3,1.0
14,Bentway Strachan Gate,dpz81pbp4,1.0
14,Bentway Strachan Gate,dpz81pbp5,1.0
14,Bentway Strachan Gate,dpz81pbp6,1.0
14,Bentway Strachan Gate,dpz81pbp7,1.0
14,Bentway Strachan Gate,dpz81pbph,1.0
14,Bentway Strachan Gate,dpz81pbpj,1.0
14,Bentway Strachan Gate,dpz81pbpk,1.0
14,Bentway Strachan Gate,dpz81pbpm,1.0
14,Bentway Strachan Gate,dpz81pbpn,1.0
14,Bentway Strachan Gate,dpz81pbpq,1.0
15,Berkeley Street Theatre,dpz8642cf,0.806
15,Berkeley Street Theatre,dpz8642d7,0.9962
15,Berkeley Street Theatre,dpz8642de,0.8542
15,Berkeley Street Theatre,dpz8642dh,0.9591
15,Berkeley Street Theatre,dpz8642dk,1.0
15,Berkeley Street Theatre,dpz8642dm,1.0
15,Berkeley Street Theatre,dpz8642dq,1.0
15,Berkeley Street Theatre,dpz8642dr,1.0
15,Berkeley Street Theatre,dpz8642ds,0.9972
15,Berkeley Street Theatre,dpz8642dt,1.0
15,Berkeley Street Theatre,dpz8642dw,1.0
15,Berkeley Street Theatre,dpz8642dx,1.0
15,Berkeley Street Theatre,dpz8642e1,0.8524
15,Berkeley Street Theatre,dpz8642e2,0.97
15,Berkeley Street Theatre,dpz8642e3,1.0
15,Berkeley Street Theatre,dpz8642e6,1.0
15,Berkeley Street Theatre,dpz8642e7,1.0
15,Berkeley Street Theatre,dpz8642ee,0.9222
15,Berkeley Street Theatre,dpz8642ej,0.9657
15,Berkeley Street Theatre,dpz8642ek,1.0
15,Berkeley Street Theatre,dpz8642em,1.0
15,Berkeley Street Theatre,dpz8642eq,1.0
15,Berkeley Street Theatre,dpz8642er,1.0
15,Berkeley Street Theatre,dpz8642es,1.0
15,Berkeley Street Theatre,dpz8642et,1.0
15,Berkeley Street Theatre,dpz8642ew,1.0
15,Berkeley Street Theatre,dpz8642ex,1.0
15,Berkeley Street Theatre,dpz8642ez,0.8639
15,Berkeley Street Theatre,dpz8642f0,1.0
15,Berkeley Street Theatre,dpz8642f1,1.0
15,Berkeley Street Theatre,dpz8642f2,1.0
15,Berkeley Street Theatre,dpz8642f3,1.0
15,Berkeley Street Theatre,dpz8642f4,1.0
15,Berkeley Street Theatre,dpz8642f5,1.0
15,Berkeley Street Theatre,dpz8642f6,1.0
15,Berkeley Street Theatre,dpz8642f7,1.0
15,Berkeley Street Theatre,dpz8642f8,0.8405
15,Berkeley Street Theatre,dpz8642f9,0.864
15,Berkeley Street Theatre,dpz8642fd,0.9971
15,Berkeley Street Theatre,dpz8642fe,1.0
15,Berkeley Street Theatre,dpz8642fh,1.0
15,Berkeley Street Theatre,dpz8642fj,1.0
15,Berkeley Street Theatre,dpz8642fk,1.0
15,Berkeley Street Theatre,dpz8642fm,1.0
15,Berkeley Street Theatre,dpz8642fn,0.9251
15,Berkeley Street Theatre,dpz8642fq,1.0
15,Berkeley Street Theatre,dpz8642fr,1.0
15,Berkeley Street Theatre,dpz8642fs,1.0
15,Berkeley Street Theatre,dpz8642ft,1.0
15,Berkeley Street Theatre,dpz8642fu,1.0
15,Berkeley Street Theatre,dpz8642fv,1.0
15,Berkeley Street Theatre,dpz8642fw,1.0
15,Berkeley Street Theatre,dpz8642fx,0.86
15,Berkeley Street Theatre,dpz8642fy,1.0
15,Berkeley Street Theatre,dpz8642g2,0.9805
15,Berkeley Street Theatre,dpz8642g3,0.8002
15,Berkeley Street Theatre,dpz8642g7,0.9893
15,Berkeley Street Theatre,dpz8642g8,1.0
15,Berkeley Street Theatre,dpz8642g9,1.0
15,Berkeley Street Theatre,dpz8642gb,0.9992
15,Berkeley Street Theatre,dpz8642gc,1.0
15,Berkeley Street Theatre,dpz8642gd,1.0
15,Berkeley Street Theatre,dpz8642ge,1.0
15,Berkeley Street Theatre,dpz8642gf,1.0
15,Berkeley Street Theatre,dpz8642gg,1.0
15,Berkeley Street Theatre,dpz8642gh,1.0
15,Berkeley Street Theatre,dpz8642gj,1.0
15,Berkeley Street Theatre,dpz8642gk,1.0
15,Berkeley Street Theatre,dpz8642gm,1.0
15,Berkeley Street Theatre,dpz8642gn,0.977
15,Berkeley Street Theatre,dpz8642gs,1.0
15,Berkeley Street Theatre,dpz8642gt,1.0
15,Berkeley Street Theatre,dpz8642gu,1.0
15,Berkeley Street Theatre,dpz8642gv,0.8574
15,Berkeley Street Theatre,dpz8642u5,0.8015
15,Berkeley Street Theatre,dpz8642uh,0.9859
16,Buddies in Bad Times,dpz83sdux,0.9917
16,Buddies in Bad Times,dpz83sduz,1.0
16,Buddies in Bad Times,dpz83sdvn,0.917
16,Buddies in Bad Times,dpz83sdvp,1.0
16,Buddies in Bad Times,dpz83sdvq,1.0
16,Buddies in Bad Times,dpz83sdvr,1.0
16,Buddies in Bad Times,dpz83sdvv,0.9995
16,Buddies in Bad Times,dpz83sdvw,1.0
16,Buddies in Bad Times,dpz83sdvx,1.0
16,Buddies in Bad Times,dpz83sdvy,1.0
16,Buddies in Bad Times,dpz83sdvz,1.0
16,Buddies in Bad Times,dpz83sdyj,1.0
16,Buddies in Bad Times,dpz83sdym,0.8467
16,Buddies in Bad Times,dpz83sdyn,1.0
16,Buddies in Bad Times,dpz83sdyp,1.0
16,Buddies in Bad Times,dpz83sdyq,0.9957
16,Buddies in Bad Times,dpz83sdyr,1.0
16,Buddies in Bad Times,dpz83seh8,1.0
16,Buddies in Bad Times,dpz83seh9,1.0
16,Buddies in Bad Times,dpz83sehb,1.0
16,Buddies in Bad Times,dpz83sehc,1.0
16,Buddies in Bad Times,dpz83sehd,0.9753
16,Buddies in Bad Times,dpz83sehf,1.0
16,Buddies in Bad Times,dpz83sehg,0.9302
16,Buddies in Bad Times,dpz83sej0,1.0
16,Buddies in Bad Times,dpz83sej1,1.0
16,Buddies in Bad Times,dpz83sej2,1.0
16,Buddies in Bad Times,dpz83sej3,1.0
16,Buddies in Bad Times,dpz83sej4,1.0
16,Buddies in Bad Times,dpz83sej6,0.9968
16,Buddies in Bad Times,dpz83sej8,1.0
16,Buddies in Bad Times,dpz83sej9,1.0
16,Buddies in Bad Times,dpz83sejb,1.0
16,Buddies in Bad Times,dpz83sejc,1.0
16,Buddies in Bad Times,dpz83sen0,1.0
16,Buddies in Bad Times,dpz83sen1,0.9103
16,Buddies in Bad Times,dpz83sen2,1.0
17,Canadian Music Centre,dpz83t0t1,0.9212
17,Canadian Music Centre,dpz83t0t2,0.8952
17,Canadian Music Centre,dpz83t0t3,1.0
17,Canadian Music Centre,dpz83t0t4,0.9167
17,Canadian Music Centre,dpz83t0t5,0.8476
17,Canadian Music Centre,dpz83t0t6,1.0
17,Canadian Music Centre,dpz83t0t8,1.0
17,Canadian Music Centre,dpz83t0t9,0.9213
17,Canadian Music Centre,dpz83t0tb,1.0
17,Canadian Music Centre,dpz83t0td,0.8298
17,Canadian Music Centre,dpz83t0w0,0.9162
18,Casa de Bamba,dpz82rscb,0.9327
18,Casa de Bamba,dpz82rscc,1.0
18,Casa de Bamba,dpz82rscf,0.9561
18,Casa de Bamba,dpz82rsdr,0.9057
18,Casa de Bamba,dpz82rsdx,1.0
18,Casa de Bamba,dpz82rsf0,1.0
18,Casa de Bamba,dpz82rsf1,1.0
18,Casa de Bamba,dpz82rsf2,1.0
18,Casa de Bamba,dpz82rsf3,1.0
18,Casa de Bamba,dpz82rsf4,1.0
18,Casa de Bamba,dpz82rsf5,0.9987
18,Casa de Bamba,dpz82rsf6,1.0
18,Casa de Bamba,dpz82rsf8,1.0
18,Casa de Bamba,dpz82rsf9,1.0
18,Casa de Bamba,dpz82rsfc,0.9122
18,Casa de Bamba,dpz82rsfd,1.0
18,Casa de Bamba,dpz82rsff,0.8215
19,Cedar Ridge Creative Centre,dpz8vtg0f,0.8116
19,Cedar Ridge Creative Centre,dpz8vtg13,0.8257
19,Cedar Ridge Creative Centre,dpz8vtg14,1.0
19,Cedar Ridge Creative Centre,dpz8vtg15,1.0
19,Cedar Ridge Creative Centre,dpz8vtg16,1.0
19,Cedar Ridge Creative Centre,dpz8vtg17,1.0
19,Cedar Ridge Creative Centre,dpz8vtg19,0.8001
19,Cedar Ridge Creative Centre,dpz8vtg1d,0.9472
19,Cedar Ridge Creative Centre,dpz8vtg1e,1.0
19,Cedar Ridge Creative Centre,dpz8vtg1g,0.9919
19,Cedar Ridge Creative Centre,dpz8vtg1h,1.0
19,Cedar Ridge Creative Centre,dpz8vtg1k,1.0
19,Cedar Ridge Creative Centre,dpz8vtg1m,1.0
19,Cedar Ridge Creative Centre,dpz8vtg1p,0.8134
19,Cedar Ridge Creative Centre,dpz8vtg1q,1.0
19,Cedar Ridge Creative Centre,dpz8vtg1r,1.0
19,Cedar Ridge Creative Centre,dpz8vtg1s,1.0
19,Cedar Ridge Creative Centre,dpz8vtg1t,1.0
19,Cedar Ridge Creative Centre,dpz8vtg1u,1.0
19,Cedar Ridge Creative Centre,dpz8vtg1w,1.0
19,Cedar Ridge Creative Centre,dpz8vtg1x,1.0
20,Clark Centre for the Arts,dpz8vgugm,0.8783
20,Clark Centre for the Arts,dpz8vgugt,1.0
20,Clark Centre for the Arts,dpz8vgugu,0.9537
20,Clark Centre for the Arts,dpz8vgugv,1.0
20,Clark Centre for the Arts,dpz8vgugw,1.0
20,Clark Centre for the Arts,dpz8vgugx,0.9472
20,Clark Centre for the Arts,dpz8vgugy,1.0
20,Clark Centre for the Arts,dpz8vguu7,0.8574
20,Clark Centre for the Arts,dpz8vguue,0.9604
20,Clark Centre for the Arts,dpz8vguuh,1.0
20,Clark Centre for the Arts,dpz8vguuj,1.0
20,Clark Centre for the Arts,dpz8vguuk,1.0
20,Clark Centre for the Arts,dpz8vguum,1.0
20,Clark Centre for the Arts,dpz8vguun,0.9945
20,Clark Centre for the Arts,dpz8vguus,1.0
20,Clark Centre for the Arts,dpz8vguut,0.9416
22,Danforth Coxwell Library,dpz8dbrg3,1.0
22,Danforth Coxwell Library,dpz8dbrg6,1.0
22,Danforth Coxwell Library,dpz8dbrg7,1.0
22,Danforth Coxwell Library,dpz8dbrg9,1.0
22,Danforth Coxwell Library,dpz8dbrgd,1.0
22,Danforth Coxwell Library,dpz8dbrge,1.0
22,Danforth Coxwell Library,dpz8dbrgk,1.0
22,Danforth Coxwell Library,dpz8dbrgm,1.0
22,Danforth Coxwell Library,dpz8dbrgq,0.8988
22,Danforth Coxwell Library,dpz8dbrgs,1.0
22,Danforth Coxwell Library,dpz8dbrgt,1.0
22,Danforth Coxwell Library,dpz8dbrgu,0.8782
22,Danforth Coxwell Library,dpz8dbrgv,0.9705
22,Danforth Coxwell Library,dpz8dbrgw,1.0
22,Danforth Coxwell Library,dpz8dbrgx,1.0
22,Danforth Coxwell Library,dpz8dbrgy,1.0
22,Danforth Coxwell Library,dpz8dbrgz,1.0
22,Danforth Coxwell Library,dpz8e0258,0.9686
22,Danforth Coxwell Library,dpz8e025b,1.0
22,Danforth Coxwell Library,dpz8e025c,0.9672
23,Danforth Music Hall,dpz86nvzv,0.9256
23,Danforth Music Hall,dpz86nvzw,0.8141
23,Danforth Music Hall,dpz86nvzx,1.0
23,Danforth Music Hall,dpz86nvzy,1.0
23,Danforth Music Hall,dpz86nvzz,1.0
23,Danforth Music Hall,dpz86nyp8,0.9993
23,Danforth Music Hall,dpz86nyp9,0.8958
23,Danforth Music Hall,dpz86nypb,1.0
23,Danforth Music Hall,dpz86nypc,1.0
23,Danforth Music Hall,dpz86nypf,1.0
23,Danforth Music Hall,dpz86pjbj,1.0
23,Danforth Music Hall,dpz86pjbk,0.8441
23,Danforth Music Hall,dpz86pjbm,1.0
23,Danforth Music Hall,dpz86pjbn,1.0
23,Danforth Music Hall,dpz86pjbp,1.0
23,Danforth Music Hall,dpz86pjbq,1.0
23,Danforth Music Hall,dpz86pjbr,1.0
23,Danforth Music Hall,dpz86pjbs,1.0
23,Danforth Music Hall,dpz86pjbt,1.0
23,Danforth Music Hall,dpz86pjbu,1.0
23,Danforth Music Hall,dpz86pjbv,1.0
23,Danforth Music Hall,dpz86pjbw,1.0
23,Danforth Music Hall,dpz86pjbx,1.0
23,Danforth Music Hall,dpz86pjby,1.0
23,Danforth Music Hall,dpz86pjbz,1.0
23,Danforth Music Hall,dpz86pjc5,0.8999
23,Danforth Music Hall,dpz86pjc7,1.0
23,Danforth Music Hall,dpz86pjch,1.0
23,Danforth Music Hall,dpz86pjcj,1.0
23,Danforth Music Hall,dpz86pjck,1.0
23,Danforth Music Hall,dpz86pjcm,1.0
23,Danforth Music Hall,dpz86pjcn,1.0
23,Danforth Music Hall,dpz86pjcp,1.0
23,Danforth Music Hall,dpz86pjcq,1.0
23,Danforth Music Hall,dpz86pjcr,1.0
23,Danforth Music Hall,dpz86pjcx,0.9229
23,Danforth Music Hall,dpz86pn00,1.0
23,Danforth Music Hall,dpz86pn01,1.0
23,Danforth Music Hall,dpz86pn02,1.0
23,Danforth Music Hall,dpz86pn03,1.0
23,Danforth Music Hall,dpz86pn04,1.0
23,Danforth Music Hall,dpz86pn06,0.9882
23,Danforth Music Hall,dpz86pn08,1.0
23,Danforth Music Hall,dpz86pn09,1.0
23,Danforth Music Hall,dpz86pn0b,1.0
23,Danforth Music Hall,dpz86pn0c,1.0
23,Danforth Music Hall,dpz86pn10,1.0
23,Danforth Music Hall,dpz86pn11,0.9545
23,Danforth Music Hall,dpz86pn12,1.0
23,Danforth Music Hall,dpz86pn18,1.0
24,Daniels Spectrum,dpz86h40p,0.8228
24,Daniels Spectrum,dpz86h40r,1.0
24,Daniels Spectrum,dpz86h40x,1.0
24,Daniels Spectrum,dpz86h40y,0.9816
24,Daniels Spectrum,dpz86h40z,1.0
24,Daniels Spectrum,dpz86h41m,0.9044
24,Daniels Spectrum,dpz86h41n,1.0
24,Daniels Spectrum,dpz86h41p,1.0
24,Daniels Spectrum,dpz86h41q,1.0
24,Daniels Spectrum,dpz86h41r,1.0
24,Daniels Spectrum,dpz86h41t,1.0
24,Daniels Spectrum,dpz86h41v,1.0
24,Daniels Spectrum,dpz86h41w,1.0
24,Daniels Spectrum,dpz86h41x,1.0
24,Daniels Spectrum,dpz86h41y,1.0
24,Daniels Spectrum,dpz86h41z,1.0
24,Daniels Spectrum,dpz86h420,0.9995
24,Daniels Spectrum,dpz86h421,0.8733
24,Daniels Spectrum,dpz86h422,1.0
24,Daniels Spectrum,dpz86h423,1.0
24,Daniels Spectrum,dpz86h426,1.0
24,Daniels Spectrum,dpz86h427,1.0
24,Daniels Spectrum,dpz86h428,1.0
24,Daniels Spectrum,dpz86h429,1.0
24,Daniels Spectrum,dpz86h42b,1.0
24,Daniels Spectrum,dpz86h42c,1.0
24,Daniels Spectrum,dpz86h42d,1.0
24,Daniels Spectrum,dpz86h42e,1.0
24,Daniels Spectrum,dpz86h42f,1.0
24,Daniels Spectrum,dpz86h42g,1.0
24,Daniels Spectrum,dpz86h42k,1.0
24,Daniels Spectrum,dpz86h42m,0.9584
24,Daniels Spectrum,dpz86h42s,1.0
24,Daniels Spectrum,dpz86h42t,1.0
24,Daniels Spectrum,dpz86h42u,1.0
24,Daniels Spectrum,dpz86h42v,1.0
24,Daniels Spectrum,dpz86h42w,1.0
24,Daniels Spectrum,dpz86h42x,1.0
24,Daniels Spectrum,dpz86h42y,1.0
24,Daniels Spectrum,dpz86h42z,1.0
24,Daniels Spectrum,dpz86h430,1.0
24,Daniels Spectrum,dpz86h431,1.0
24,Daniels Spectrum,dpz86h432,1.0
24,Daniels Spectrum,dpz86h433,1.0
24,Daniels Spectrum,dpz86h434,1.0
24,Daniels Spectrum,dpz86h435,1.0
24,Daniels Spectrum,dpz86h436,1.0
24,Daniels Spectrum,dpz86h437,1.0
24,Daniels Spectrum,dpz86h438,1.0
24,Daniels Spectrum,dpz86h439,1.0
24,Daniels Spectrum,dpz86h43b,1.0
24,Daniels Spectrum,dpz86h43c,1.0
24,Daniels Spectrum,dpz86h43d,1.0
24,Daniels Spectrum,dpz86h43e,1.0
24,Daniels Spectrum,dpz86h43f,1.0
24,Daniels Spectrum,dpz86h43g,1.0
24,Daniels Spectrum,dpz86h43h,1.0
24,Daniels Spectrum,dpz86h43j,1.0
24,Daniels Spectrum,dpz86h43k,1.0
24,Daniels Spectrum,dpz86h43m,1.0
24,Daniels Spectrum,dpz86h43n,1.0
24,Daniels Spectrum,dpz86h43p,1.0
24,Daniels Spectrum,dpz86h43q,1.0
24,Daniels Spectrum,dpz86h43r,1.0
24,Daniels Spectrum,dpz86h43s,1.0
24,Daniels Spectrum,dpz86h43t,1.0
24,Daniels Spectrum,dpz86h43u,1.0
24,Daniels Spectrum,dpz86h43v,1.0
24,Daniels Spectrum,dpz86h43w,1.0
24,Daniels Spectrum,dpz86h43x,1.0
24,Daniels Spectrum,dpz86h43y,1.0
24,Daniels Spectrum,dpz86h43z,0.8036
24,Daniels Spectrum,dpz86h44h,0.9994
24,Daniels Spectrum,dpz86h44j,1.0
24,Daniels Spectrum,dpz86h44k,1.0
24,Daniels Spectrum,dpz86h44m,1.0
24,Daniels Spectrum,dpz86h44n,1.0
24,Daniels Spectrum,dpz86h44p,1.0
24,Daniels Spectrum,dpz86h44q,1.0
24,Daniels Spectrum,dpz86h44r,1.0
24,Daniels Spectrum,dpz86h44s,0.8012
24,Daniels Spectrum,dpz86h44t,0.9799
24,Daniels Spectrum,dpz86h44w,1.0
24,Daniels Spectrum,dpz86h44x,1.0
24,Daniels Spectrum,dpz86h460,1.0
24,Daniels Spectrum,dpz86h461,1.0
24,Daniels Spectrum,dpz86h462,1.0
24,Daniels Spectrum,dpz86h463,1.0
24,Daniels Spectrum,dpz86h464,1.0
24,Daniels Spectrum,dpz86h465,1.0
24,Daniels Spectrum,dpz86h466,1.0
24,Daniels Spectrum,dpz86h467,1.0
24,Daniels Spectrum,dpz86h468,1.0
24,Daniels Spectrum,dpz86h469,1.0
24,Daniels Spectrum,dpz86h46c,0.8977
24,Daniels Spectrum,dpz86h46d,1.0
24,Daniels Spectrum,dpz86h46e,1.0
24,Daniels Spectrum,dpz86h46f,1.0
24,Daniels Spectrum,dpz86h46g,1.0
24,Daniels Spectrum,dpz86h46h,1.0
24,Daniels Spectrum,dpz86h46j,1.0
24,Daniels Spectrum,dpz86h46k,1.0
24,Daniels Spectrum,dpz86h46m,1.0
24,Daniels Spectrum,dpz86h46n,1.0
24,Daniels Spectrum,dpz86h46q,0.9081
24,Daniels Spectrum,dpz86h46s,1.0
24,Daniels Spectrum,dpz86h46t,1.0
24,Daniels Spectrum,dpz86h46u,1.0
24,Daniels Spectrum,dpz86h46v,0.9774
24,Daniels Spectrum,dpz86h488,1.0
24,Daniels Spectrum,dpz86h48b,1.0
24,Daniels Spectrum,dpz86h490,0.8446
25,DROM Taberna,dpz831yvr,0.96
25,DROM Taberna,dpz831yvu,0.8855
25,DROM Taberna,dpz831yvv,1.0
25,DROM Taberna,dpz831yvx,1.0
25,DROM Taberna,dpz831yvy,1.0
25,DROM Taberna,dpz831yvz,1.0
25,DROM Taberna,dpz831yyh,1.0
25,DROM Taberna,dpz831yyj,1.0
25,DROM Taberna,dpz831yyk,1.0
25,DROM Taberna,dpz831yym,1.0
25,DROM Taberna,dpz831yyn,1.0
25,DROM Taberna,dpz831yyp,1.0
25,DROM Taberna,dpz831yyq,1.0
25,DROM Taberna,dpz831yyr,0.9424
25,DROM Taberna,dpz831yyw,0.8443
25,DROM Taberna,dpz831zj2,1.0
25,DROM Taberna,dpz831zj8,0.9981
26,St. Matthew's Clubhouse,dpz86m2q7,0.897
26,St. Matthew's Clubhouse,dpz86m2q9,1.0
26,St. Matthew's Clubhouse,dpz86m2qc,0.9279
26,St. Matthew's Clubhouse,dpz86m2qd,1.0
26,St. Matthew's Clubhouse,dpz86m2qe,1.0
26,St. Matthew's Clubhouse,dpz86m2qf,1.0
26,St. Matthew's Clubhouse,dpz86m2qg,0.9875
26,St. Matthew's Clubhouse,dpz86m2qk,0.9996
26,St. Matthew's Clubhouse,dpz86m2qm,0.8397
26,St. Matthew's Clubhouse,dpz86m2qs,1.0
26,St. Matthew's Clubhouse,dpz86m2qt,1.0
26,St. Matthew's Clubhouse,dpz86m2qu,0.8407
27,Elgin and Winter Garden Theatres,dpz83dv9p,1.0
27,Elgin and Winter Garden Theatres,dpz83dv9r,1.0
27,Elgin and Winter Garden Theatres,dpz83dvc0,0.9243
27,Elgin and Winter Garden Theatres,dpz83dvc2,1.0
27,Elgin and Winter Garden Theatres,dpz83dvc3,1.0
27,Elgin and Winter Garden Theatres,dpz83dvc6,1.0
27,Elgin and Winter Garden Theatres,dpz83dvc7,1.0
27,Elgin and Winter Garden Theatres,dpz83dvc9,0.8218
27,Elgin and Winter Garden Theatres,dpz83dvcd,0.988
27,Elgin and Winter Garden Theatres,dpz83dvce,1.0
27,Elgin and Winter Garden Theatres,dpz83dvck,0.9944
27,Elgin and Winter Garden Theatres,dpz83dvcm,0.8422
27,Elgin and Winter Garden Theatres,dpz83dvcs,1.0
27,Elgin and Winter Garden Theatres,dpz83dvct,1.0
27,Elgin and Winter Garden Theatres,dpz83dvcw,1.0
27,Elgin and Winter Garden Theatres,dpz83dvcx,1.0
27,Elgin and Winter Garden Theatres,dpz83dvcy,0.9085
27,Elgin and Winter Garden Theatres,dpz83dvcz,1.0
27,Elgin and Winter Garden Theatres,dpz83dy18,1.0
27,Elgin and Winter Garden Theatres,dpz83dy19,0.9588
27,Elgin and Winter Garden Theatres,dpz83dy1b,1.0
27,Elgin and Winter Garden Theatres,dpz83dy1c,1.0
27,Elgin and Winter Garden Theatres,dpz83dy1f,1.0
27,Elgin and Winter Garden Theatres,dpz83dy1g,1.0
27,Elgin and Winter Garden Theatres,dpz83dy1u,1.0
27,Elgin and Winter Garden Theatres,dpz83dy1v,1.0
27,Elgin and Winter Garden Theatres,dpz83dy1y,0.8906
27,Elgin and Winter Garden Theatres,dpz83dy44,0.8442
27,Elgin and Winter Garden Theatres,dpz83dy45,0.9968
27,Elgin and Winter Garden Theatres,dpz83dy4g,0.9985
27,Elgin and Winter Garden Theatres,dpz83dy4h,1.0
27,Elgin and Winter Garden Theatres,dpz83dy4j,1.0
27,Elgin and Winter Garden Theatres,dpz83dy4k,1.0
27,Elgin and Winter Garden Theatres,dpz83dy4m,1.0
27,Elgin and Winter Garden Theatres,dpz83dy4n,1.0
27,Elgin and Winter Garden Theatres,dpz83dy4p,1.0
27,Elgin and Winter Garden Theatres,dpz83dy4q,1.0
27,Elgin and Winter Garden Theatres,dpz83dy4r,1.0
27,Elgin and Winter Garden Theatres,dpz83dy4s,1.0
27,Elgin and Winter Garden Theatres,dpz83dy4t,1.0
27,Elgin and Winter Garden Theatres,dpz83dy4u,1.0
27,Elgin and Winter Garden Theatres,dpz83dy4v,1.0
27,Elgin and Winter Garden Theatres,dpz83dy4w,1.0
27,Elgin and Winter Garden Theatres,dpz83dy4x,1.0
27,Elgin and Winter Garden Theatres,dpz83dy4y,1.0
27,Elgin and Winter Garden Theatres,dpz83dy4z,1.0
27,Elgin and Winter Garden Theatres,dpz83dy55,1.0
27,Elgin and Winter Garden Theatres,dpz83dy56,0.9741
27,Elgin and Winter Garden Theatres,dpz83dy57,1.0
27,Elgin and Winter Garden Theatres,dpz83dy5d,0.9592
27,Elgin and Winter Garden Theatres,dpz83dy5e,1.0
27,Elgin and Winter Garden Theatres,dpz83dy5f,0.992
27,Elgin and Winter Garden Theatres,dpz83dy5g,1.0
27,Elgin and Winter Garden Theatres,dpz83dy5h,1.0
27,Elgin and Winter Garden Theatres,dpz83dy5j,1.0
27,Elgin and Winter Garden Theatres,dpz83dy5k,1.0
27,Elgin and Winter Garden Theatres,dpz83dy5m,1.0
27,Elgin and Winter Garden Theatres,dpz83dy5n,1.0
27,Elgin and Winter Garden Theatres,dpz83dy5p,1.0
27,Elgin and Winter Garden Theatres,dpz83dy5q,1.0
27,Elgin and Winter Garden Theatres,dpz83dy5r,1.0
27,Elgin and Winter Garden Theatres,dpz83dy5s,1.0
27,Elgin and Winter Garden Theatres,dpz83dy5t,1.0
27,Elgin and Winter Garden Theatres,dpz83dy5u,1.0
27,Elgin and Winter Garden Theatres,dpz83dy5v,1.0
27,Elgin and Winter Garden Theatres,dpz83dy5w,1.0
27,Elgin and Winter Garden Theatres,dpz83dy5x,1.0
27,Elgin and Winter Garden Theatres,dpz83dy5y,1.0
27,Elgin and Winter Garden Theatres,dpz83dy5z,1.0
27,Elgin and Winter Garden Theatres,dpz83dy60,1.0
27,Elgin and Winter Garden Theatres,dpz83dy61,1.0
27,Elgin and Winter Garden Theatres,dpz83dy62,1.0
27,Elgin and Winter Garden Theatres,dpz83dy63,1.0
27,Elgin and Winter Garden Theatres,dpz83dy64,0.9833
27,Elgin and Winter Garden Theatres,dpz83dy65,0.8064
27,Elgin and Winter Garden Theatres,dpz83dy66,1.0
27,Elgin and Winter Garden Theatres,dpz83dy67,1.0
27,Elgin and Winter Garden Theatres,dpz83dy68,1.0
27,Elgin and Winter Garden Theatres,dpz83dy69,1.0
27,Elgin and Winter Garden Theatres,dpz83dy6b,1.0
27,Elgin and Winter Garden Theatres,dpz83dy6c,1.0
27,Elgin and Winter Garden Theatres,dpz83dy6d,1.0
27,Elgin and Winter Garden Theatres,dpz83dy6e,1.0
27,Elgin and Winter Garden Theatres,dpz83dy6f,1.0
27,Elgin and Winter Garden Theatres,dpz83dy6g,0.9902
27,Elgin and Winter Garden Theatres,dpz83dy6k,0.9167
27,Elgin and Winter Garden Theatres,dpz83dy70,1.0
27,Elgin and Winter Garden Theatres,dpz83dy71,1.0
27,Elgin and Winter Garden Theatres,dpz83dy72,1.0
27,Elgin and Winter Garden Theatres,dpz83dy73,1.0
27,Elgin and Winter Garden Theatres,dpz83dy74,1.0
27,Elgin and Winter Garden Theatres,dpz83dy76,1.0
27,Elgin and Winter Garden Theatres,dpz83dy78,1.0
27,Elgin and Winter Garden Theatres,dpz83dy79,1.0
27,Elgin and Winter Garden Theatres,dpz83dy7b,1.0
27,Elgin and Winter Garden Theatres,dpz83dy7c,1.0
27,Elgin and Winter Garden Theatres,dpz83dy7d,0.8677
27,Elgin and Winter Garden Theatres,dpz83dyh4,0.9001
27,Elgin and Winter Garden Theatres,dpz83dyh5,1.0
27,Elgin and Winter Garden Theatres,dpz83dyh6,1.0
27,Elgin and Winter Garden Theatres,dpz83dyh7,1.0
27,Elgin and Winter Garden Theatres,dpz83dyhd,1.0
27,Elgin and Winter Garden Theatres,dpz83dyhe,1.0
27,Elgin and Winter Garden Theatres,dpz83dyhf,0.8418
27,Elgin and Winter Garden Theatres,dpz83dyhg,0.9968
27,Elgin and Winter Garden Theatres,dpz83dyhh,1.0
27,Elgin and Winter Garden Theatres,dpz83dyhj,1.0
27,Elgin and Winter Garden Theatres,dpz83dyhk,1.0
27,Elgin and Winter Garden Theatres,dpz83dyhm,1.0
27,Elgin and Winter Garden Theatres,dpz83dyhn,1.0
27,Elgin and Winter Garden Theatres,dpz83dyhp,1.0
27,Elgin and Winter Garden Theatres,dpz83dyhq,1.0
27,Elgin and Winter Garden Theatres,dpz83dyhr,1.0
27,Elgin and Winter Garden Theatres,dpz83dyhs,1.0
27,Elgin and Winter Garden Theatres,dpz83dyht,1.0
27,Elgin and Winter Garden Theatres,dpz83dyhu,1.0
27,Elgin and Winter Garden Theatres,dpz83dyhv,1.0
27,Elgin and Winter Garden Theatres,dpz83dyhw,1.0
27,Elgin and Winter Garden Theatres,dpz83dyhx,1.0
27,Elgin and Winter Garden Theatres,dpz83dyhy,1.0
27,Elgin and Winter Garden Theatres,dpz83dyhz,1.0
27,Elgin and Winter Garden Theatres,dpz83dyjp,0.9738
27,Elgin and Winter Garden Theatres,dpz83dyk0,1.0
27,Elgin and Winter Garden Theatres,dpz83dyk1,0.9698
27,Elgin and Winter Garden Theatres,dpz83dyk2,1.0
27,Elgin and Winter Garden Theatres,dpz83dyk8,1.0
27,Elgin and Winter Garden Theatres,dpz83dykb,0.8075
28,"Evergreen, The Kiln Building",dpz8d02we,0.831
28,"Evergreen, The Kiln Building",dpz8d02wg,1.0
28,"Evergreen, The Kiln Building",dpz8d02wk,0.9759
28,"Evergreen, The Kiln Building",dpz8d02ws,1.0
28,"Evergreen, The Kiln Building",dpz8d02wt,1.0
28,"Evergreen, The Kiln Building",dpz8d02wu,1.0
28,"Evergreen, The Kiln Building",dpz8d02wv,1.0
28,"Evergreen, The Kiln Building",dpz8d02ww,1.0
28,"Evergreen, The Kiln Building",dpz8d02wx,1.0
28,"Evergreen, The Kiln Building",dpz8d02wy,1.0
28,"Evergreen, The Kiln Building",dpz8d02wz,1.0
28,"Evergreen, The Kiln Building",dpz8d02x5,1.0
28,"Evergreen, The Kiln Building",dpz8d02x6,0.949
28,"Evergreen, The Kiln Building",dpz8d02x7,1.0
28,"Evergreen, The Kiln Building",dpz8d02xd,1.0
28,"Evergreen, The Kiln Building",dpz8d02xe,1.0
28,"Evergreen, The Kiln Building",dpz8d02xf,1.0
28,"Evergreen, The Kiln Building",dpz8d02xg,1.0
28,"Evergreen, The Kiln Building",dpz8d02xh,1.0
28,"Evergreen, The Kiln Building",dpz8d02xj,1.0
28,"Evergreen, The Kiln Building",dpz8d02xk,1.0
28,"Evergreen, The Kiln Building",dpz8d02xm,1.0
28,"Evergreen, The Kiln Building",dpz8d02xn,1.0
28,"Evergreen, The Kiln Building",dpz8d02xp,1.0
28,"Evergreen, The Kiln Building",dpz8d02xq,1.0
28,"Evergreen, The Kiln Building",dpz8d02xr,1.0
28,"Evergreen, The Kiln Building",dpz8d02xs,1.0
28,"Evergreen, The Kiln Building",dpz8d02xt,1.0
28,"Evergreen, The Kiln Building",dpz8d02xu,1.0
28,"Evergreen, The Kiln Building",dpz8d02xv,1.0
28,"Evergreen, The Kiln Building",dpz8d02xw,1.0
28,"Evergreen, The Kiln Building",dpz8d02xx,1.0
28,"Evergreen, The Kiln Building",dpz8d02xy,1.0
28,"Evergreen, The Kiln Building",dpz8d02xz,1.0
28,"Evergreen, The Kiln Building",dpz8d02y8,1.0
28,"Evergreen, The Kiln Building",dpz8d02y9,0.9641
28,"Evergreen, The Kiln Building",dpz8d02yb,1.0
28,"Evergreen, The Kiln Building",dpz8d02yc,1.0
28,"Evergreen, The Kiln Building",dpz8d02yf,1.0
28,"Evergreen, The Kiln Building",dpz8d02yg,1.0
28,"Evergreen, The Kiln Building",dpz8d02yu,1.0
28,"Evergreen, The Kiln Building",dpz8d02yv,1.0
28,"Evergreen, The Kiln Building",dpz8d02z0,1.0
28,"Evergreen, The Kiln Building",dpz8d02z1,1.0
28,"Evergreen, The Kiln Building",dpz8d02z2,1.0
28,"Evergreen, The Kiln Building",dpz8d02z3,1.0
28,"Evergreen, The Kiln Building",dpz8d02z4,1.0
28,"Evergreen, The Kiln Building",dpz8d02z5,1.0
28,"Evergreen, The Kiln Building",dpz8d02z6,1.0
28,"Evergreen, The Kiln Building",dpz8d02z7,1.0
28,"Evergreen, The Kiln Building",dpz8d02z8,1.0
28,"Evergreen, The Kiln Building",dpz8d02z9,1.0
28,"Evergreen, The Kiln Building",dpz8d02zb,1.0
28,"Evergreen, The Kiln Building",dpz8d02zc,1.0
28,"Evergreen, The Kiln Building",dpz8d02zd,1.0
28,"Evergreen, The Kiln Building",dpz8d02ze,1.0
28,"Evergreen, The Kiln Building",dpz8d02zf,1.0
28,"Evergreen, The Kiln Building",dpz8d02zg,1.0
28,"Evergreen, The Kiln Building",dpz8d02zh,1.0
28,"Evergreen, The Kiln Building",dpz8d02zj,0.8194
28,"Evergreen, The Kiln Building",dpz8d02zk,1.0
28,"Evergreen, The Kiln Building",dpz8d02zs,0.9714
28,"Evergreen, The Kiln Building",dpz8d083r,0.988
28,"Evergreen, The Kiln Building",dpz8d083x,1.0
28,"Evergreen, The Kiln Building",dpz8d083y,0.867
28,"Evergreen, The Kiln Building",dpz8d083z,1.0
28,"Evergreen, The Kiln Building",dpz8d086n,1.0
28,"Evergreen, The Kiln Building",dpz8d086p,1.0
28,"Evergreen, The Kiln Building",dpz8d086q,1.0
28,"Evergreen, The Kiln Building",dpz8d086r,1.0
28,"Evergreen, The Kiln Building",dpz8d086t,0.9679
28,"Evergreen, The Kiln Building",dpz8d086v,1.0
28,"Evergreen, The Kiln Building",dpz8d086w,1.0
28,"Evergreen, The Kiln Building",dpz8d086x,1.0
28,"Evergreen, The Kiln Building",dpz8d086y,1.0
28,"Evergreen, The Kiln Building",dpz8d086z,1.0
28,"Evergreen, The Kiln Building",dpz8d087g,0.9381
28,"Evergreen, The Kiln Building",dpz8d087h,0.8115
28,"Evergreen, The Kiln Building",dpz8d087j,1.0
28,"Evergreen, The Kiln Building",dpz8d087k,1.0
28,"Evergreen, The Kiln Building",dpz8d087m,1.0
28,"Evergreen, The Kiln Building",dpz8d087n,1.0
28,"Evergreen, The Kiln Building",dpz8d087p,1.0
28,"Evergreen, The Kiln Building",dpz8d087q,1.0
28,"Evergreen, The Kiln Building",dpz8d087r,1.0
28,"Evergreen, The Kiln Building",dpz8d087s,1.0
28,"Evergreen, The Kiln Building",dpz8d087t,1.0
28,"Evergreen, The Kiln Building",dpz8d087u,1.0
28,"Evergreen, The Kiln Building",dpz8d087v,1.0
28,"Evergreen, The Kiln Building",dpz8d087w,1.0
28,"Evergreen, The Kiln Building",dpz8d087x,1.0
28,"Evergreen, The Kiln Building",dpz8d087y,1.0
28,"Evergreen, The Kiln Building",dpz8d087z,1.0
28,"Evergreen, The Kiln Building",dpz8d0881,0.9984
28,"Evergreen, The Kiln Building",dpz8d0883,1.0
28,"Evergreen, The Kiln Building",dpz8d0884,1.0
28,"Evergreen, The Kiln Building",dpz8d0885,1.0
28,"Evergreen, The Kiln Building",dpz8d0886,1.0
28,"Evergreen, The Kiln Building",dpz8d0887,1.0
28,"Evergreen, The Kiln Building",dpz8d0888,0.9129
28,"Evergreen, The Kiln Building",dpz8d0889,1.0
28,"Evergreen, The Kiln Building",dpz8d088b,1.0
28,"Evergreen, The Kiln Building",dpz8d088c,1.0
28,"Evergreen, The Kiln Building",dpz8d088d,1.0
28,"Evergreen, The Kiln Building",dpz8d088e,1.0
28,"Evergreen, The Kiln Building",dpz8d088f,1.0
28,"Evergreen, The Kiln Building",dpz8d088g,1.0
28,"Evergreen, The Kiln Building",dpz8d088h,1.0
28,"Evergreen, The Kiln Building",dpz8d088j,1.0
28,"Evergreen, The Kiln Building",dpz8d088k,1.0
28,"Evergreen, The Kiln Building",dpz8d088m,1.0
28,"Evergreen, The Kiln Building",dpz8d088n,1.0
28,"Evergreen, The Kiln Building",dpz8d088p,1.0
28,"Evergreen, The Kiln Building",dpz8d088q,1.0
28,"Evergreen, The Kiln Building",dpz8d088r,1.0
28,"Evergreen, The Kiln Building",dpz8d088s,1.0
28,"Evergreen, The Kiln Building",dpz8d088t,1.0
28,"Evergreen, The Kiln Building",dpz8d088u,1.0
28,"Evergreen, The Kiln Building",dpz8d088v,1.0
28,"Evergreen, The Kiln Building",dpz8d088w,1.0
28,"Evergreen, The Kiln Building",dpz8d088x,1.0
28,"Evergreen, The Kiln Building",dpz8d088y,1.0
28,"Evergreen, The Kiln Building",dpz8d088z,1.0
28,"Evergreen, The Kiln Building",dpz8d0890,1.0
28,"Evergreen, The Kiln Building",dpz8d0891,1.0
28,"Evergreen, The Kiln Building",dpz8d0892,1.0
28,"Evergreen, The Kiln Building",dpz8d0893,1.0
28,"Evergreen, The Kiln Building",dpz8d0894,1.0
28,"Evergreen, The Kiln Building",dpz8d0895,1.0
28,"Evergreen, The Kiln Building",dpz8d0896,1.0
28,"Evergreen, The Kiln Building",dpz8d0897,1.0
28,"Evergreen, The Kiln Building",dpz8d0898,1.0
28,"Evergreen, The Kiln Building",dpz8d0899,1.0
28,"Evergreen, The Kiln Building",dpz8d089b,1.0
28,"Evergreen, The Kiln Building",dpz8d089c,1.0
28,"Evergreen, The Kiln Building",dpz8d089d,1.0
28,"Evergreen, The Kiln Building",dpz8d089e,1.0
28,"Evergreen, The Kiln Building",dpz8d089f,1.0
28,"Evergreen, The Kiln Building",dpz8d089g,1.0
28,"Evergreen, The Kiln Building",dpz8d089h,1.0
28,"Evergreen, The Kiln Building",dpz8d089j,1.0
28,"Evergreen, The Kiln Building",dpz8d089k,1.0
28,"Evergreen, The Kiln Building",dpz8d089m,1.0
28,"Evergreen, The Kiln Building",dpz8d089n,1.0
28,"Evergreen, The Kiln Building",dpz8d089p,1.0
28,"Evergreen, The Kiln Building",dpz8d089q,1.0
28,"Evergreen, The Kiln Building",dpz8d089r,1.0
28,"Evergreen, The Kiln Building",dpz8d089s,1.0
28,"Evergreen, The Kiln Building",dpz8d089t,1.0
28,"Evergreen, The Kiln Building",dpz8d089u,1.0
28,"Evergreen, The Kiln Building",dpz8d089v,1.0
28,"Evergreen, The Kiln Building",dpz8d089w,1.0
28,"Evergreen, The Kiln Building",dpz8d089x,1.0
28,"Evergreen, The Kiln Building",dpz8d089y,1.0
28,"Evergreen, The Kiln Building",dpz8d089z,1.0
28,"Evergreen, The Kiln Building",dpz8d08b0,1.0
28,"Evergreen, The Kiln Building",dpz8d08b1,1.0
28,"Evergreen, The Kiln Building",dpz8d08b2,1.0
28,"Evergreen, The Kiln Building",dpz8d08b3,1.0
28,"Evergreen, The Kiln Building",dpz8d08b4,1.0
28,"Evergreen, The Kiln Building",dpz8d08b5,1.0
28,"Evergreen, The Kiln Building",dpz8d08b6,1.0
28,"Evergreen, The Kiln Building",dpz8d08b7,0.8751
28,"Evergreen, The Kiln Building",dpz8d08b8,1.0
28,"Evergreen, The Kiln Building",dpz8d08b9,1.0
28,"Evergreen, The Kiln Building",dpz8d08bb,1.0
28,"Evergreen, The Kiln Building",dpz8d08bc,1.0
28,"Evergreen, The Kiln Building",dpz8d08bd,1.0
28,"Evergreen, The Kiln Building",dpz8d08bf,0.9905
28,"Evergreen, The Kiln Building",dpz8d08c0,1.0
28,"Evergreen, The Kiln Building",dpz8d08c1,1.0
28,"Evergreen, The Kiln Building",dpz8d08c2,1.0
28,"Evergreen, The Kiln Building",dpz8d08c3,1.0
28,"Evergreen, The Kiln Building",dpz8d08c8,1.0
28,"Evergreen, The Kiln Building",dpz8d08c9,0.9199
28,"Evergreen, The Kiln Building",dpz8d08cb,1.0
28,"Evergreen, The Kiln Building",dpz8d08d0,1.0
28,"Evergreen, The Kiln Building",dpz8d08d1,1.0
28,"Evergreen, The Kiln Building",dpz8d08d2,1.0
28,"Evergreen, The Kiln Building",dpz8d08d3,1.0
28,"Evergreen, The Kiln Building",dpz8d08d4,1.0
28,"Evergreen, The Kiln Building",dpz8d08d5,1.0
28,"Evergreen, The Kiln Building",dpz8d08d6,1.0
28,"Evergreen, The Kiln Building",dpz8d08d7,1.0
28,"Evergreen, The Kiln Building",dpz8d08d8,1.0
28,"Evergreen, The Kiln Building",dpz8d08d9,1.0
28,"Evergreen, The Kiln Building",dpz8d08db,1.0
28,"Evergreen, The Kiln Building",dpz8d08dc,1.0
28,"Evergreen, The Kiln Building",dpz8d08dd,1.0
28,"Evergreen, The Kiln Building",dpz8d08de,1.0
28,"Evergreen, The Kiln Building",dpz8d08df,1.0
28,"Evergreen, The Kiln Building",dpz8d08dg,1.0
28,"Evergreen, The Kiln Building",dpz8d08dh,1.0
28,"Evergreen, The Kiln Building",dpz8d08dj,1.0
28,"Evergreen, The Kiln Building",dpz8d08dk,1.0
28,"Evergreen, The Kiln Building",dpz8d08dm,1.0
28,"Evergreen, The Kiln Building",dpz8d08dn,1.0
28,"Evergreen, The Kiln Building",dpz8d08dp,1.0
28,"Evergreen, The Kiln Building",dpz8d08dq,1.0
28,"Evergreen, The Kiln Building",dpz8d08dr,1.0
28,"Evergreen, The Kiln Building",dpz8d08ds,1.0
28,"Evergreen, The Kiln Building",dpz8d08dt,1.0
28,"Evergreen, The Kiln Building",dpz8d08du,1.0
28,"Evergreen, The Kiln Building",dpz8d08dv,1.0
28,"Evergreen, The Kiln Building",dpz8d08dw,1.0
28,"Evergreen, The Kiln Building",dpz8d08dx,1.0
28,"Evergreen, The Kiln Building",dpz8d08dy,1.0
28,"Evergreen, The Kiln Building",dpz8d08dz,0.8885
28,"Evergreen, The Kiln Building",dpz8d08e0,1.0
28,"Evergreen, The Kiln Building",dpz8d08e1,1.0
28,"Evergreen, The Kiln Building",dpz8d08e2,1.0
28,"Evergreen, The Kiln Building",dpz8d08e3,1.0
28,"Evergreen, The Kiln Building",dpz8d08e4,1.0
28,"Evergreen, The Kiln Building",dpz8d08e5,1.0
28,"Evergreen, The Kiln Building",dpz8d08e6,1.0
28,"Evergreen, The Kiln Building",dpz8d08e7,1.0
28,"Evergreen, The Kiln Building",dpz8d08e8,1.0
28,"Evergreen, The Kiln Building",dpz8d08e9,1.0
28,"Evergreen, The Kiln Building",dpz8d08eb,1.0
28,"Evergreen, The Kiln Building",dpz8d08ec,1.0
28,"Evergreen, The Kiln Building",dpz8d08ed,1.0
28,"Evergreen, The Kiln Building",dpz8d08ee,1.0
28,"Evergreen, The Kiln Building",dpz8d08ef,1.0
28,"Evergreen, The Kiln Building",dpz8d08eg,1.0
28,"Evergreen, The Kiln Building",dpz8d08eh,1.0
28,"Evergreen, The Kiln Building",dpz8d08ej,1.0
28,"Evergreen, The Kiln Building",dpz8d08ek,1.0
28,"Evergreen, The Kiln Building",dpz8d08em,1.0
28,"Evergreen, The Kiln Building",dpz8d08en,1.0
28,"Evergreen, The Kiln Building",dpz8d08eq,0.9819
28,"Evergreen, The Kiln Building",dpz8d08es,1.0
28,"Evergreen, The Kiln Building",dpz8d08et,1.0
28,"Evergreen, The Kiln Building",dpz8d08eu,1.0
28,"Evergreen, The Kiln Building",dpz8d08ev,1.0
28,"Evergreen, The Kiln Building",dpz8d08ey,0.8733
28,"Evergreen, The Kiln Building",dpz8d08f0,0.9935
28,"Evergreen, The Kiln Building",dpz8d08k5,1.0
28,"Evergreen, The Kiln Building",dpz8d08k7,1.0
28,"Evergreen, The Kiln Building",dpz8d08kd,0.996
28,"Evergreen, The Kiln Building",dpz8d08ke,1.0
28,"Evergreen, The Kiln Building",dpz8d08kf,0.9708
28,"Evergreen, The Kiln Building",dpz8d08kg,1.0
28,"Evergreen, The Kiln Building",dpz8d08kh,1.0
28,"Evergreen, The Kiln Building",dpz8d08kj,1.0
28,"Evergreen, The Kiln Building",dpz8d08kk,1.0
28,"Evergreen, The Kiln Building",dpz8d08km,1.0
28,"Evergreen, The Kiln Building",dpz8d08kn,1.0
28,"Evergreen, The Kiln Building",dpz8d08kp,1.0
28,"Evergreen, The Kiln Building",dpz8d08kq,1.0
28,"Evergreen, The Kiln Building",dpz8d08kr,1.0
28,"Evergreen, The Kiln Building",dpz8d08ks,1.0
28,"Evergreen, The Kiln Building",dpz8d08kt,1.0
28,"Evergreen, The Kiln Building",dpz8d08ku,1.0
28,"Evergreen, The Kiln Building",dpz8d08kv,1.0
28,"Evergreen, The Kiln Building",dpz8d08kw,1.0
28,"Evergreen, The Kiln Building",dpz8d08kx,1.0
28,"Evergreen, The Kiln Building",dpz8d08ky,1.0
28,"Evergreen, The Kiln Building",dpz8d08kz,1.0
28,"Evergreen, The Kiln Building",dpz8d08mn,0.8069
28,"Evergreen, The Kiln Building",dpz8d08mp,0.9795
28,"Evergreen, The Kiln Building",dpz8d08s0,1.0
28,"Evergreen, The Kiln Building",dpz8d08s1,1.0
28,"Evergreen, The Kiln Building",dpz8d08s2,1.0
28,"Evergreen, The Kiln Building",dpz8d08s3,1.0
28,"Evergreen, The Kiln Building",dpz8d08s4,1.0
28,"Evergreen, The Kiln Building",dpz8d08s5,1.0
28,"Evergreen, The Kiln Building",dpz8d08s6,1.0
28,"Evergreen, The Kiln Building",dpz8d08s7,1.0
28,"Evergreen, The Kiln Building",dpz8d08s8,1.0
28,"Evergreen, The Kiln Building",dpz8d08s9,1.0
28,"Evergreen, The Kiln Building",dpz8d08sb,1.0
28,"Evergreen, The Kiln Building",dpz8d08sc,1.0
28,"Evergreen, The Kiln Building",dpz8d08sd,1.0
28,"Evergreen, The Kiln Building",dpz8d08se,1.0
28,"Evergreen, The Kiln Building",dpz8d08sf,1.0
28,"Evergreen, The Kiln Building",dpz8d08sg,1.0
28,"Evergreen, The Kiln Building",dpz8d08sh,1.0
28,"Evergreen, The Kiln Building",dpz8d08sj,1.0
28,"Evergreen, The Kiln Building",dpz8d08sk,1.0
28,"Evergreen, The Kiln Building",dpz8d08sn,1.0
28,"Evergreen, The Kiln Building",dpz8d08ss,0.9871
28,"Evergreen, The Kiln Building",dpz8d08t0,1.0
28,"Evergreen, The Kiln Building",dpz8d08t1,1.0
28,"Evergreen, The Kiln Building",dpz8d08t4,1.0
28,"Evergreen, The Kiln Building",dpz8d08t5,1.0
29,"Evergreen, Young Centre",dpz8d081x,0.8892
29,"Evergreen, Young Centre",dpz8d081z,1.0
29,"Evergreen, Young Centre",dpz8d0830,0.992
29,"Evergreen, Young Centre",dpz8d0831,1.0
29,"Evergreen, Young Centre",dpz8d0832,1.0
29,"Evergreen, Young Centre",dpz8d0833,1.0
29,"Evergreen, Young Centre",dpz8d0834,1.0
29,"Evergreen, Young Centre",dpz8d0835,0.8988
29,"Evergreen, Young Centre",dpz8d0836,1.0
29,"Evergreen, Young Centre",dpz8d0837,1.0
29,"Evergreen, Young Centre",dpz8d0838,1.0
29,"Evergreen, Young Centre",dpz8d0839,1.0
29,"Evergreen, Young Centre",dpz8d083b,1.0
29,"Evergreen, Young Centre",dpz8d083c,1.0
29,"Evergreen, Young Centre",dpz8d083d,1.0
29,"Evergreen, Young Centre",dpz8d083e,1.0
29,"Evergreen, Young Centre",dpz8d083f,1.0
29,"Evergreen, Young Centre",dpz8d083g,1.0
29,"Evergreen, Young Centre",dpz8d083k,1.0
29,"Evergreen, Young Centre",dpz8d083s,0.922
29,"Evergreen, Young Centre",dpz8d0861,0.8247
29,"Evergreen, Young Centre",dpz8d0864,0.9888
29,"Evergreen, Young Centre",dpz8d0865,0.9983
30,Factory Theatre,dpz831kt5,0.8519
30,Factory Theatre,dpz831kt7,0.9792
30,Factory Theatre,dpz831ktd,0.8414
30,Factory Theatre,dpz831kte,1.0
30,Factory Theatre,dpz831ktg,0.8387
30,Factory Theatre,dpz831kth,1.0
30,Factory Theatre,dpz831ktj,1.0
30,Factory Theatre,dpz831ktk,1.0
30,Factory Theatre,dpz831ktm,1.0
30,Factory Theatre,dpz831ktn,1.0
30,Factory Theatre,dpz831ktp,1.0
30,Factory Theatre,dpz831ktq,1.0
30,Factory Theatre,dpz831ktr,1.0
30,Factory Theatre,dpz831kts,1.0
30,Factory Theatre,dpz831ktt,1.0
30,Factory Theatre,dpz831ktu,1.0
30,Factory Theatre,dpz831ktv,1.0
30,Factory Theatre,dpz831ktw,1.0
30,Factory Theatre,dpz831ktx,1.0
30,Factory Theatre,dpz831kty,1.0
30,Factory Theatre,dpz831ktz,1.0
30,Factory Theatre,dpz831kv0,0.9519
30,Factory Theatre,dpz831kv2,1.0
30,Factory Theatre,dpz831kv3,0.953
30,Factory Theatre,dpz831kv8,1.0
30,Factory Theatre,dpz831kvb,1.0
30,Factory Theatre,dpz831kwh,1.0
30,Factory Theatre,dpz831kwj,1.0
30,Factory Theatre,dpz831kwm,0.9702
30,Factory Theatre,dpz831kwn,1.0
30,Factory Theatre,dpz831kwp,1.0
30,Factory Theatre,dpz831kwq,1.0
30,Factory Theatre,dpz831kwr,1.0
30,Factory Theatre,dpz831kwx,0.8616
30,Factory Theatre,dpz831ky0,0.8674
31,Fairview Library,dpz943tq7,1.0
31,Fairview Library,dpz943tqd,0.9987
31,Fairview Library,dpz943tqe,1.0
31,Fairview Library,dpz943tqf,1.0
31,Fairview Library,dpz943tqg,1.0
31,Fairview Library,dpz943tqk,1.0
31,Fairview Library,dpz943tqm,1.0
31,Fairview Library,dpz943tqs,1.0
31,Fairview Library,dpz943tqt,1.0
31,Fairview Library,dpz943tqu,1.0
31,Fairview Library,dpz943tqv,1.0
31,Fairview Library,dpz943tqw,0.9982
31,Fairview Library,dpz943tqy,1.0
31,Fairview Library,dpz943tqz,0.935
31,Fairview Library,dpz943tr1,0.9515
31,Fairview Library,dpz943tr2,1.0
31,Fairview Library,dpz943tr3,1.0
31,Fairview Library,dpz943tr4,1.0
31,Fairview Library,dpz943tr5,1.0
31,Fairview Library,dpz943tr6,1.0
31,Fairview Library,dpz943tr7,1.0
31,Fairview Library,dpz943tr8,0.9925
31,Fairview Library,dpz943tr9,1.0
31,Fairview Library,dpz943trb,1.0
31,Fairview Library,dpz943trc,1.0
31,Fairview Library,dpz943trd,1.0
31,Fairview Library,dpz943tre,1.0
31,Fairview Library,dpz943trf,1.0
31,Fairview Library,dpz943trg,1.0
31,Fairview Library,dpz943trh,1.0
31,Fairview Library,dpz943trj,1.0
31,Fairview Library,dpz943trk,1.0
31,Fairview Library,dpz943trm,1.0
31,Fairview Library,dpz943trn,1.0
31,Fairview Library,dpz943trp,1.0
31,Fairview Library,dpz943trq,1.0
31,Fairview Library,dpz943trr,1.0
31,Fairview Library,dpz943trs,1.0
31,Fairview Library,dpz943trt,1.0
31,Fairview Library,dpz943tru,1.0
31,Fairview Library,dpz943trv,1.0
31,Fairview Library,dpz943trw,1.0
31,Fairview Library,dpz943trx,1.0
31,Fairview Library,dpz943try,1.0
31,Fairview Library,dpz943trz,1.0
31,Fairview Library,dpz943tx0,1.0
31,Fairview Library,dpz943tx1,1.0
31,Fairview Library,dpz943tx2,1.0
31,Fairview Library,dpz943tx3,1.0
31,Fairview Library,dpz943tx5,1.0
31,Fairview Library,dpz943tx6,1.0
31,Fairview Library,dpz943tx7,1.0
31,Fairview Library,dpz943tx8,1.0
31,Fairview Library,dpz943tx9,1.0
31,Fairview Library,dpz943txb,1.0
31,Fairview Library,dpz943txc,1.0
31,Fairview Library,dpz943txd,1.0
31,Fairview Library,dpz943txe,1.0
31,Fairview Library,dpz943txf,1.0
31,Fairview Library,dpz943txg,1.0
31,Fairview Library,dpz943txh,0.9987
31,Fairview Library,dpz943txj,0.8546
31,Fairview Library,dpz943txk,1.0
31,Fairview Library,dpz943txm,1.0
31,Fairview Library,dpz943txq,1.0
31,Fairview Library,dpz943txr,1.0
31,Fairview Library,dpz943txs,1.0
31,Fairview Library,dpz943txt,1.0
31,Fairview Library,dpz943txu,1.0
31,Fairview Library,dpz943txv,1.0
31,Fairview Library,dpz943txw,1.0
31,Fairview Library,dpz943txx,1.0
31,Fairview Library,dpz943txy,1.0
31,Fairview Library,dpz943txz,0.9298
31,Fairview Library,dpz943v20,1.0
31,Fairview Library,dpz943v21,1.0
31,Fairview Library,dpz943v22,0.8493
31,Fairview Library,dpz943v23,0.9956
31,Fairview Library,dpz943v24,1.0
31,Fairview Library,dpz943v25,1.0
31,Fairview Library,dpz943v26,1.0
31,Fairview Library,dpz943v27,1.0
31,Fairview Library,dpz943v2h,1.0
31,Fairview Library,dpz943v2j,1.0
31,Fairview Library,dpz943v2k,1.0
31,Fairview Library,dpz943v2m,1.0
31,Fairview Library,dpz943v2n,1.0
31,Fairview Library,dpz943v2p,1.0
31,Fairview Library,dpz943v2q,1.0
31,Fairview Library,dpz943v2r,1.0
31,Fairview Library,dpz943v2t,0.9214
31,Fairview Library,dpz943v2w,1.0
31,Fairview Library,dpz943v2x,1.0
31,Fairview Library,dpz943v80,1.0
31,Fairview Library,dpz943v81,1.0
31,Fairview Library,dpz943v82,1.0
31,Fairview Library,dpz943v83,1.0
31,Fairview Library,dpz943v84,1.0
31,Fairview Library,dpz943v85,1.0
31,Fairview Library,dpz943v86,1.0
31,Fairview Library,dpz943v87,0.9964
31,Fairview Library,dpz943v88,1.0
31,Fairview Library,dpz943v89,1.0
31,Fairview Library,dpz943v8d,1.0
31,Fairview Library,dpz943v8f,0.9509
31,Fairview Library,dpz943v8h,1.0
31,Fairview Library,dpz943v8j,0.9409
31,Fairview Library,dpz943v8k,0.8117
31,Fairview Library,dpz943v8n,0.911
32,Four Seasons Centre for the Performing Arts,dpz83d2ck,0.8426
32,Four Seasons Centre for the Performing Arts,dpz83d2cm,0.9943
32,Four Seasons Centre for the Performing Arts,dpz83d2cq,0.8448
32,Four Seasons Centre for the Performing Arts,dpz83d2cs,1.0
32,Four Seasons Centre for the Performing Arts,dpz83d2ct,1.0
32,Four Seasons Centre for the Performing Arts,dpz83d2cu,1.0
32,Four Seasons Centre for the Performing Arts,dpz83d2cv,1.0
32,Four Seasons Centre for the Performing Arts,dpz83d2cw,1.0
32,Four Seasons Centre for the Performing Arts,dpz83d2cx,1.0
32,Four Seasons Centre for the Performing Arts,dpz83d2cy,1.0
32,Four Seasons Centre for the Performing Arts,dpz83d2cz,1.0
32,Four Seasons Centre for the Performing Arts,dpz83d2f5,0.9749
32,Four Seasons Centre for the Performing Arts,dpz83d2f7,1.0
32,Four Seasons Centre for the Performing Arts,dpz83d2fd,0.8631
32,Four Seasons Centre for the Performing Arts,dpz83d2fe,1.0
32,Four Seasons Centre for the Performing Arts,dpz83d2ff,1.0
32,Four Seasons Centre for the Performing Arts,dpz83d2fg,1.0
32,Four Seasons Centre for the Performing Arts,dpz83d2fh,1.0
32,Four Seasons Centre for the Performing Arts,dpz83d2fj,1.0
32,Four Seasons Centre for the Performing Arts,dpz83d2fk,1.0
32,Four Seasons Centre for the Performing Arts,dpz83d2fm,1.0
32,Four Seasons Centre for the Performing Arts,dpz83d2fn,1.0
32,Four Seasons Centre for the Performing Arts,dpz83d2fp,1.0
32,Four Seasons Centre for the Performing Arts,dpz83d2fq,1.0
32,Four Seasons Centre for the Performing Arts,dpz83d2fr,1.0
32,Four Seasons Centre for the Performing Arts,dpz83d2fs,1.0
32,Four Seasons Centre for the Performing Arts,dpz83d2ft,1.0
32,Four Seasons Centre for the Performing Arts,dpz83d2fu,1.0
32,Four Seasons Centre for the Performing Arts,dpz83d2fv,1.0
32,Four Seasons Centre for the Performing Arts,dpz83d2fw,1.0
32,Four Seasons Centre for the Performing Arts,dpz83d2fx,1.0
32,Four Seasons Centre for the Performing Arts,dpz83d2fy,1.0
32,Four Seasons Centre for the Performing Arts,dpz83d2fz,1.0
32,Four Seasons Centre for the Performing Arts,dpz83d2g3,0.9826
32,Four Seasons Centre for the Performing Arts,dpz83d2g4,1.0
32,Four Seasons Centre for the Performing Arts,dpz83d2g5,1.0
32,Four Seasons Centre for the Performing Arts,dpz83d2g6,1.0
32,Four Seasons Centre for the Performing Arts,dpz83d2g7,1.0
32,Four Seasons Centre for the Performing Arts,dpz83d2g9,1.0
32,Four Seasons Centre for the Performing Arts,dpz83d2gd,1.0
32,Four Seasons Centre for the Performing Arts,dpz83d2ge,1.0
32,Four Seasons Centre for the Performing Arts,dpz83d2gg,0.9125
32,Four Seasons Centre for the Performing Arts,dpz83d2gh,1.0
32,Four Seasons Centre for the Performing Arts,dpz83d2gj,1.0
32,Four Seasons Centre for the Performing Arts,dpz83d2gk,1.0
32,Four Seasons Centre for the Performing Arts,dpz83d2gm,1.0
32,Four Seasons Centre for the Performing Arts,dpz83d2gn,1.0
32,Four Seasons Centre for the Performing Arts,dpz83d2gp,1.0
32,Four Seasons Centre for the Performing Arts,dpz83d2gq,1.0
32,Four Seasons Centre for the Performing Arts,dpz83d2gr,1.0
32,Four Seasons Centre for the Performing Arts,dpz83d2gs,1.0
32,Four Seasons Centre for the Performing Arts,dpz83d2gt,1.0
32,Four Seasons Centre for the Performing Arts,dpz83d2gu,1.0
32,Four Seasons Centre for the Performing Arts,dpz83d2gv,1.0
32,Four Seasons Centre for the Performing Arts,dpz83d2gw,1.0
32,Four Seasons Centre for the Performing Arts,dpz83d2gx,1.0
32,Four Seasons Centre for the Performing Arts,dpz83d2gy,1.0
32,Four Seasons Centre for the Performing Arts,dpz83d2gz,1.0
32,Four Seasons Centre for the Performing Arts,dpz83d2u7,0.9896
32,Four Seasons Centre for the Performing Arts,dpz83d2ue,0.9129
32,Four Seasons Centre for the Performing Arts,dpz83d2uh,1.0
32,Four Seasons Centre for the Performing Arts,dpz83d2uj,1.0
32,Four Seasons Centre for the Performing Arts,dpz83d2uk,1.0
32,Four Seasons Centre for the Performing Arts,dpz83d2um,1.0
32,Four Seasons Centre for the Performing Arts,dpz83d2un,1.0
32,Four Seasons Centre for the Performing Arts,dpz83d2up,1.0
32,Four Seasons Centre for the Performing Arts,dpz83d2uq,1.0
32,Four Seasons Centre for the Performing Arts,dpz83d2ur,1.0
32,Four Seasons Centre for the Performing Arts,dpz83d2us,1.0
32,Four Seasons Centre for the Performing Arts,dpz83d2ut,1.0
32,Four Seasons Centre for the Performing Arts,dpz83d2uw,1.0
32,Four Seasons Centre for the Performing Arts,dpz83d2ux,1.0
32,Four Seasons Centre for the Performing Arts,dpz83d318,1.0
32,Four Seasons Centre for the Performing Arts,dpz83d319,1.0
32,Four Seasons Centre for the Performing Arts,dpz83d31b,1.0
32,Four Seasons Centre for the Performing Arts,dpz83d31c,1.0
32,Four Seasons Centre for the Performing Arts,dpz83d31d,0.9746
32,Four Seasons Centre for the Performing Arts,dpz83d31f,1.0
32,Four Seasons Centre for the Performing Arts,dpz83d31g,1.0
32,Four Seasons Centre for the Performing Arts,dpz83d31u,1.0
32,Four Seasons Centre for the Performing Arts,dpz83d31v,1.0
32,Four Seasons Centre for the Performing Arts,dpz83d31y,1.0
32,Four Seasons Centre for the Performing Arts,dpz83d31z,0.9316
32,Four Seasons Centre for the Performing Arts,dpz83d340,1.0
32,Four Seasons Centre for the Performing Arts,dpz83d341,1.0
32,Four Seasons Centre for the Performing Arts,dpz83d342,1.0
32,Four Seasons Centre for the Performing Arts,dpz83d343,1.0
32,Four Seasons Centre for the Performing Arts,dpz83d344,1.0
32,Four Seasons Centre for the Performing Arts,dpz83d345,1.0
32,Four Seasons Centre for the Performing Arts,dpz83d346,1.0
32,Four Seasons Centre for the Performing Arts,dpz83d347,1.0
32,Four Seasons Centre for the Performing Arts,dpz83d348,1.0
32,Four Seasons Centre for the Performing Arts,dpz83d349,1.0
32,Four Seasons Centre for the Performing Arts,dpz83d34b,1.0
32,Four Seasons Centre for the Performing Arts,dpz83d34c,1.0
32,Four Seasons Centre for the Performing Arts,dpz83d34d,1.0
32,Four Seasons Centre for the Performing Arts,dpz83d34e,1.0
32,Four Seasons Centre for the Performing Arts,dpz83d34f,1.0
32,Four Seasons Centre for the Performing Arts,dpz83d34g,1.0
32,Four Seasons Centre for the Performing Arts,dpz83d34h,1.0
32,Four Seasons Centre for the Performing Arts,dpz83d34j,1.0
32,Four Seasons Centre for the Performing Arts,dpz83d34k,1.0
32,Four Seasons Centre for the Performing Arts,dpz83d34m,1.0
32,Four Seasons Centre for the Performing Arts,dpz83d34n,1.0
32,Four Seasons Centre for the Performing Arts,dpz83d34p,1.0
32,Four Seasons Centre for the Performing Arts,dpz83d34q,1.0
32,Four Seasons Centre for the Performing Arts,dpz83d34r,1.0
32,Four Seasons Centre for the Performing Arts,dpz83d34s,1.0
32,Four Seasons Centre for the Performing Arts,dpz83d34t,1.0
32,Four Seasons Centre for the Performing Arts,dpz83d34u,1.0
32,Four Seasons Centre for the Performing Arts,dpz83d34v,1.0
32,Four Seasons Centre for the Performing Arts,dpz83d34w,1.0
32,Four Seasons Centre for the Performing Arts,dpz83d34x,1.0
32,Four Seasons Centre for the Performing Arts,dpz83d34y,1.0
32,Four Seasons Centre for the Performing Arts,dpz83d34z,1.0
32,Four Seasons Centre for the Performing Arts,dpz83d350,1.0
32,Four Seasons Centre for the Performing Arts,dpz83d351,1.0
32,Four Seasons Centre for the Performing Arts,dpz83d352,1.0
32,Four Seasons Centre for the Performing Arts,dpz83d353,1.0
32,Four Seasons Centre for the Performing Arts,dpz83d354,1.0
32,Four Seasons Centre for the Performing Arts,dpz83d355,1.0
32,Four Seasons Centre for the Performing Arts,dpz83d356,1.0
32,Four Seasons Centre for the Performing Arts,dpz83d357,1.0
32,Four Seasons Centre for the Performing Arts,dpz83d358,1.0
32,Four Seasons Centre for the Performing Arts,dpz83d359,1.0
32,Four Seasons Centre for the Performing Arts,dpz83d35b,1.0
32,Four Seasons Centre for the Performing Arts,dpz83d35c,1.0
32,Four Seasons Centre for the Performing Arts,dpz83d35d,1.0
32,Four Seasons Centre for the Performing Arts,dpz83d35e,1.0
32,Four Seasons Centre for the Performing Arts,dpz83d35f,1.0
32,Four Seasons Centre for the Performing Arts,dpz83d35g,1.0
32,Four Seasons Centre for the Performing Arts,dpz83d35h,1.0
32,Four Seasons Centre for the Performing Arts,dpz83d35j,1.0
32,Four Seasons Centre for the Performing Arts,dpz83d35k,1.0
32,Four Seasons Centre for the Performing Arts,dpz83d35m,1.0
32,Four Seasons Centre for the Performing Arts,dpz83d35n,1.0
32,Four Seasons Centre for the Performing Arts,dpz83d35p,1.0
32,Four Seasons Centre for the Performing Arts,dpz83d35q,1.0
32,Four Seasons Centre for the Performing Arts,dpz83d35r,1.0
32,Four Seasons Centre for the Performing Arts,dpz83d35s,1.0
32,Four Seasons Centre for the Performing Arts,dpz83d35t,1.0
32,Four Seasons Centre for the Performing Arts,dpz83d35u,1.0
32,Four Seasons Centre for the Performing Arts,dpz83d35v,1.0
32,Four Seasons Centre for the Performing Arts,dpz83d35w,1.0
32,Four Seasons Centre for the Performing Arts,dpz83d35x,1.0
32,Four Seasons Centre for the Performing Arts,dpz83d35y,1.0
32,Four Seasons Centre for the Performing Arts,dpz83d35z,1.0
32,Four Seasons Centre for the Performing Arts,dpz83d360,1.0
32,Four Seasons Centre for the Performing Arts,dpz83d361,1.0
32,Four Seasons Centre for the Performing Arts,dpz83d362,1.0
32,Four Seasons Centre for the Performing Arts,dpz83d363,1.0
32,Four Seasons Centre for the Performing Arts,dpz83d364,1.0
32,Four Seasons Centre for the Performing Arts,dpz83d365,0.9986
32,Four Seasons Centre for the Performing Arts,dpz83d366,1.0
32,Four Seasons Centre for the Performing Arts,dpz83d367,1.0
32,Four Seasons Centre for the Performing Arts,dpz83d368,1.0
32,Four Seasons Centre for the Performing Arts,dpz83d369,1.0
32,Four Seasons Centre for the Performing Arts,dpz83d36b,1.0
32,Four Seasons Centre for the Performing Arts,dpz83d36c,1.0
32,Four Seasons Centre for the Performing Arts,dpz83d36d,1.0
32,Four Seasons Centre for the Performing Arts,dpz83d36e,1.0
32,Four Seasons Centre for the Performing Arts,dpz83d36f,1.0
32,Four Seasons Centre for the Performing Arts,dpz83d36g,1.0
32,Four Seasons Centre for the Performing Arts,dpz83d36h,0.8691
32,Four Seasons Centre for the Performing Arts,dpz83d36k,1.0
32,Four Seasons Centre for the Performing Arts,dpz83d36m,1.0
32,Four Seasons Centre for the Performing Arts,dpz83d36q,1.0
32,Four Seasons Centre for the Performing Arts,dpz83d36r,1.0
32,Four Seasons Centre for the Performing Arts,dpz83d36s,1.0
32,Four Seasons Centre for the Performing Arts,dpz83d36t,1.0
32,Four Seasons Centre for the Performing Arts,dpz83d36u,1.0
32,Four Seasons Centre for the Performing Arts,dpz83d36v,1.0
32,Four Seasons Centre for the Performing Arts,dpz83d36w,1.0
32,Four Seasons Centre for the Performing Arts,dpz83d36x,1.0
32,Four Seasons Centre for the Performing Arts,dpz83d36y,1.0
32,Four Seasons Centre for the Performing Arts,dpz83d36z,1.0
32,Four Seasons Centre for the Performing Arts,dpz83d370,1.0
32,Four Seasons Centre for the Performing Arts,dpz83d371,1.0
32,Four Seasons Centre for the Performing Arts,dpz83d372,1.0
32,Four Seasons Centre for the Performing Arts,dpz83d373,1.0
32,Four Seasons Centre for the Performing Arts,dpz83d374,1.0
32,Four Seasons Centre for the Performing Arts,dpz83d375,1.0
32,Four Seasons Centre for the Performing Arts,dpz83d376,1.0
32,Four Seasons Centre for the Performing Arts,dpz83d377,1.0
32,Four Seasons Centre for the Performing Arts,dpz83d378,1.0
32,Four Seasons Centre for the Performing Arts,dpz83d379,1.0
32,Four Seasons Centre for the Performing Arts,dpz83d37b,1.0
32,Four Seasons Centre for the Performing Arts,dpz83d37c,1.0
32,Four Seasons Centre for the Performing Arts,dpz83d37d,1.0
32,Four Seasons Centre for the Performing Arts,dpz83d37e,1.0
32,Four Seasons Centre for the Performing Arts,dpz83d37f,1.0
32,Four Seasons Centre for the Performing Arts,dpz83d37g,1.0
32,Four Seasons Centre for the Performing Arts,dpz83d37h,1.0
32,Four Seasons Centre for the Performing Arts,dpz83d37j,1.0
32,Four Seasons Centre for the Performing Arts,dpz83d37k,1.0
32,Four Seasons Centre for the Performing Arts,dpz83d37m,1.0
32,Four Seasons Centre for the Performing Arts,dpz83d37n,1.0
32,Four Seasons Centre for the Performing Arts,dpz83d37p,1.0
32,Four Seasons Centre for the Performing Arts,dpz83d37q,1.0
32,Four Seasons Centre for the Performing Arts,dpz83d37r,1.0
32,Four Seasons Centre for the Performing Arts,dpz83d37s,1.0
32,Four Seasons Centre for the Performing Arts,dpz83d37t,1.0
32,Four Seasons Centre for the Performing Arts,dpz83d37u,1.0
32,Four Seasons Centre for the Performing Arts,dpz83d37v,1.0
32,Four Seasons Centre for the Performing Arts,dpz83d37w,1.0
32,Four Seasons Centre for the Performing Arts,dpz83d37x,1.0
32,Four Seasons Centre for the Performing Arts,dpz83d37y,1.0
32,Four Seasons Centre for the Performing Arts,dpz83d37z,1.0
32,Four Seasons Centre for the Performing Arts,dpz83d3d2,0.9806
32,Four Seasons Centre for the Performing Arts,dpz83d3d3,0.8028
32,Four Seasons Centre for the Performing Arts,dpz83d3d8,1.0
32,Four Seasons Centre for the Performing Arts,dpz83d3d9,1.0
32,Four Seasons Centre for the Performing Arts,dpz83d3db,1.0
32,Four Seasons Centre for the Performing Arts,dpz83d3dc,1.0
32,Four Seasons Centre for the Performing Arts,dpz83d3dd,1.0
32,Four Seasons Centre for the Performing Arts,dpz83d3de,1.0
32,Four Seasons Centre for the Performing Arts,dpz83d3df,1.0
32,Four Seasons Centre for the Performing Arts,dpz83d3dg,1.0
32,Four Seasons Centre for the Performing Arts,dpz83d3ds,1.0
32,Four Seasons Centre for the Performing Arts,dpz83d3dt,0.8609
32,Four Seasons Centre for the Performing Arts,dpz83d3du,1.0
32,Four Seasons Centre for the Performing Arts,dpz83d3e0,1.0
32,Four Seasons Centre for the Performing Arts,dpz83d3e1,1.0
32,Four Seasons Centre for the Performing Arts,dpz83d3e2,1.0
32,Four Seasons Centre for the Performing Arts,dpz83d3e3,1.0
32,Four Seasons Centre for the Performing Arts,dpz83d3e4,1.0
32,Four Seasons Centre for the Performing Arts,dpz83d3e5,1.0
32,Four Seasons Centre for the Performing Arts,dpz83d3e6,1.0
32,Four Seasons Centre for the Performing Arts,dpz83d3e7,1.0
32,Four Seasons Centre for the Performing Arts,dpz83d3e8,1.0
32,Four Seasons Centre for the Performing Arts,dpz83d3e9,1.0
32,Four Seasons Centre for the Performing Arts,dpz83d3eb,1.0
32,Four Seasons Centre for the Performing Arts,dpz83d3ec,1.0
32,Four Seasons Centre for the Performing Arts,dpz83d3ed,1.0
32,Four Seasons Centre for the Performing Arts,dpz83d3ee,1.0
32,Four Seasons Centre for the Performing Arts,dpz83d3ef,1.0
32,Four Seasons Centre for the Performing Arts,dpz83d3eg,0.8774
32,Four Seasons Centre for the Performing Arts,dpz83d3eh,0.9875
32,Four Seasons Centre for the Performing Arts,dpz83d3h0,1.0
32,Four Seasons Centre for the Performing Arts,dpz83d3h1,1.0
32,Four Seasons Centre for the Performing Arts,dpz83d3h2,1.0
32,Four Seasons Centre for the Performing Arts,dpz83d3h3,1.0
32,Four Seasons Centre for the Performing Arts,dpz83d3h4,1.0
32,Four Seasons Centre for the Performing Arts,dpz83d3h5,1.0
32,Four Seasons Centre for the Performing Arts,dpz83d3h6,1.0
32,Four Seasons Centre for the Performing Arts,dpz83d3h7,1.0
32,Four Seasons Centre for the Performing Arts,dpz83d3h8,1.0
32,Four Seasons Centre for the Performing Arts,dpz83d3h9,1.0
32,Four Seasons Centre for the Performing Arts,dpz83d3hb,0.9588
32,Four Seasons Centre for the Performing Arts,dpz83d3hc,1.0
32,Four Seasons Centre for the Performing Arts,dpz83d3hd,1.0
32,Four Seasons Centre for the Performing Arts,dpz83d3he,1.0
32,Four Seasons Centre for the Performing Arts,dpz83d3hf,1.0
32,Four Seasons Centre for the Performing Arts,dpz83d3hg,1.0
32,Four Seasons Centre for the Performing Arts,dpz83d3hh,1.0
32,Four Seasons Centre for the Performing Arts,dpz83d3hj,1.0
32,Four Seasons Centre for the Performing Arts,dpz83d3hk,1.0
32,Four Seasons Centre for the Performing Arts,dpz83d3hm,1.0
32,Four Seasons Centre for the Performing Arts,dpz83d3hn,1.0
32,Four Seasons Centre for the Performing Arts,dpz83d3hp,1.0
32,Four Seasons Centre for the Performing Arts,dpz83d3hq,1.0
32,Four Seasons Centre for the Performing Arts,dpz83d3hr,1.0
32,Four Seasons Centre for the Performing Arts,dpz83d3hs,1.0
32,Four Seasons Centre for the Performing Arts,dpz83d3ht,1.0
32,Four Seasons Centre for the Performing Arts,dpz83d3hu,1.0
32,Four Seasons Centre for the Performing Arts,dpz83d3hv,1.0
32,Four Seasons Centre for the Performing Arts,dpz83d3hw,1.0
32,Four Seasons Centre for the Performing Arts,dpz83d3hx,1.0
32,Four Seasons Centre for the Performing Arts,dpz83d3hy,1.0
32,Four Seasons Centre for the Performing Arts,dpz83d3hz,1.0
32,Four Seasons Centre for the Performing Arts,dpz83d3jh,0.8217
32,Four Seasons Centre for the Performing Arts,dpz83d3jj,0.9877
32,Four Seasons Centre for the Performing Arts,dpz83d3jn,0.957
32,Four Seasons Centre for the Performing Arts,dpz83d3jp,0.9925
32,Four Seasons Centre for the Performing Arts,dpz83d3k0,1.0
32,Four Seasons Centre for the Performing Arts,dpz83d3k1,1.0
32,Four Seasons Centre for the Performing Arts,dpz83d3k2,1.0
32,Four Seasons Centre for the Performing Arts,dpz83d3k3,1.0
32,Four Seasons Centre for the Performing Arts,dpz83d3k4,1.0
32,Four Seasons Centre for the Performing Arts,dpz83d3k5,1.0
32,Four Seasons Centre for the Performing Arts,dpz83d3k6,1.0
32,Four Seasons Centre for the Performing Arts,dpz83d3k7,1.0
32,Four Seasons Centre for the Performing Arts,dpz83d3k8,1.0
32,Four Seasons Centre for the Performing Arts,dpz83d3k9,1.0
32,Four Seasons Centre for the Performing Arts,dpz83d3kb,1.0
32,Four Seasons Centre for the Performing Arts,dpz83d3kc,1.0
32,Four Seasons Centre for the Performing Arts,dpz83d3kd,1.0
32,Four Seasons Centre for the Performing Arts,dpz83d3ke,1.0
32,Four Seasons Centre for the Performing Arts,dpz83d3kf,1.0
32,Four Seasons Centre for the Performing Arts,dpz83d3kg,1.0
32,Four Seasons Centre for the Performing Arts,dpz83d3kh,1.0
32,Four Seasons Centre for the Performing Arts,dpz83d3kj,1.0
32,Four Seasons Centre for the Performing Arts,dpz83d3kk,1.0
32,Four Seasons Centre for the Performing Arts,dpz83d3km,1.0
32,Four Seasons Centre for the Performing Arts,dpz83d3kn,1.0
32,Four Seasons Centre for the Performing Arts,dpz83d3kp,1.0
32,Four Seasons Centre for the Performing Arts,dpz83d3kq,1.0
32,Four Seasons Centre for the Performing Arts,dpz83d3kr,1.0
32,Four Seasons Centre for the Performing Arts,dpz83d3ks,1.0
32,Four Seasons Centre for the Performing Arts,dpz83d3kt,1.0
32,Four Seasons Centre for the Performing Arts,dpz83d3ku,1.0
32,Four Seasons Centre for the Performing Arts,dpz83d3kv,1.0
32,Four Seasons Centre for the Performing Arts,dpz83d3kw,1.0
32,Four Seasons Centre for the Performing Arts,dpz83d3kx,1.0
32,Four Seasons Centre for the Performing Arts,dpz83d3ky,1.0
32,Four Seasons Centre for the Performing Arts,dpz83d3kz,1.0
32,Four Seasons Centre for the Performing Arts,dpz83d3m0,1.0
32,Four Seasons Centre for the Performing Arts,dpz83d3m1,1.0
32,Four Seasons Centre for the Performing Arts,dpz83d3m4,1.0
32,Four Seasons Centre for the Performing Arts,dpz83d3m5,1.0
32,Four Seasons Centre for the Performing Arts,dpz83d3m7,0.8969
32,Four Seasons Centre for the Performing Arts,dpz83d3mh,1.0
32,Four Seasons Centre for the Performing Arts,dpz83d3mj,1.0
32,Four Seasons Centre for the Performing Arts,dpz83d3mk,1.0
32,Four Seasons Centre for the Performing Arts,dpz83d3mm,1.0
32,Four Seasons Centre for the Performing Arts,dpz83d3mn,1.0
32,Four Seasons Centre for the Performing Arts,dpz83d3mp,1.0
32,Four Seasons Centre for the Performing Arts,dpz83d3mq,1.0
32,Four Seasons Centre for the Performing Arts,dpz83d3mr,1.0
32,Four Seasons Centre for the Performing Arts,dpz83d3s0,1.0
32,Four Seasons Centre for the Performing Arts,dpz83d3s1,1.0
32,Four Seasons Centre for the Performing Arts,dpz83d3s2,1.0
32,Four Seasons Centre for the Performing Arts,dpz83d3s3,1.0
32,Four Seasons Centre for the Performing Arts,dpz83d3s4,1.0
32,Four Seasons Centre for the Performing Arts,dpz83d3s5,0.8738
32,Four Seasons Centre for the Performing Arts,dpz83d3s6,1.0
32,Four Seasons Centre for the Performing Arts,dpz83d3s7,1.0
32,Four Seasons Centre for the Performing Arts,dpz83d3s8,1.0
32,Four Seasons Centre for the Performing Arts,dpz83d3s9,1.0
32,Four Seasons Centre for the Performing Arts,dpz83d3sb,1.0
32,Four Seasons Centre for the Performing Arts,dpz83d3sc,1.0
32,Four Seasons Centre for the Performing Arts,dpz83d3sd,1.0
32,Four Seasons Centre for the Performing Arts,dpz83d3se,1.0
32,Four Seasons Centre for the Performing Arts,dpz83d3sf,1.0
32,Four Seasons Centre for the Performing Arts,dpz83d3sg,1.0
32,Four Seasons Centre for the Performing Arts,dpz83d3sk,1.0
32,Four Seasons Centre for the Performing Arts,dpz83d3sm,1.0
32,Four Seasons Centre for the Performing Arts,dpz83d3ss,1.0
32,Four Seasons Centre for the Performing Arts,dpz83d3st,0.9873
32,Four Seasons Centre for the Performing Arts,dpz83d3su,1.0
32,Four Seasons Centre for the Performing Arts,dpz83d3t0,1.0
32,Four Seasons Centre for the Performing Arts,dpz83d3t1,1.0
32,Four Seasons Centre for the Performing Arts,dpz83d3t2,1.0
32,Four Seasons Centre for the Performing Arts,dpz83d3t3,1.0
32,Four Seasons Centre for the Performing Arts,dpz83d3t4,1.0
32,Four Seasons Centre for the Performing Arts,dpz83d3t5,1.0
32,Four Seasons Centre for the Performing Arts,dpz83d3t6,1.0
32,Four Seasons Centre for the Performing Arts,dpz83d3t7,1.0
32,Four Seasons Centre for the Performing Arts,dpz83d3t8,0.947
32,Four Seasons Centre for the Performing Arts,dpz83d3t9,1.0
32,Four Seasons Centre for the Performing Arts,dpz83d3td,1.0
32,Four Seasons Centre for the Performing Arts,dpz83d3te,1.0
32,Four Seasons Centre for the Performing Arts,dpz83d3th,1.0
32,Four Seasons Centre for the Performing Arts,dpz83d3tk,0.8717
33,Gallery TPW,dpz824zqz,0.8556
33,Gallery TPW,dpz824zrp,0.8626
33,Gallery TPW,dpz824zw2,0.8518
33,Gallery TPW,dpz824zw8,1.0
33,Gallery TPW,dpz824zw9,1.0
33,Gallery TPW,dpz824zwb,1.0
33,Gallery TPW,dpz824zwc,1.0
33,Gallery TPW,dpz824zwd,1.0
33,Gallery TPW,dpz824zwe,1.0
33,Gallery TPW,dpz824zwf,1.0
33,Gallery TPW,dpz824zwg,1.0
33,Gallery TPW,dpz824zws,0.9894
33,Gallery TPW,dpz824zwt,0.8302
33,Gallery TPW,dpz824zwu,1.0
33,Gallery TPW,dpz824zwv,1.0
33,Gallery TPW,dpz824zwy,1.0
33,Gallery TPW,dpz824zwz,0.9999
33,Gallery TPW,dpz824zx0,0.9972
33,Gallery TPW,dpz824zx1,1.0
33,Gallery TPW,dpz824zx4,1.0
33,Gallery TPW,dpz824zx5,1.0
33,Gallery TPW,dpz824zxh,1.0
33,Gallery TPW,dpz824zxj,1.0
33,Gallery TPW,dpz824zxk,0.8988
33,Gallery TPW,dpz824zxm,1.0
33,Gallery TPW,dpz824zxn,1.0
33,Gallery TPW,dpz824zxq,1.0
34,Gardiner Museum,dpz83me8y,0.9304
34,Gardiner Museum,dpz83me8z,1.0
34,Gardiner Museum,dpz83me9n,1.0
34,Gardiner Museum,dpz83me9p,1.0
34,Gardiner Museum,dpz83me9q,1.0
34,Gardiner Museum,dpz83me9r,1.0
34,Gardiner Museum,dpz83me9t,0.9913
34,Gardiner Museum,dpz83me9v,1.0
34,Gardiner Museum,dpz83me9w,1.0
34,Gardiner Museum,dpz83me9x,1.0
34,Gardiner Museum,dpz83me9y,1.0
34,Gardiner Museum,dpz83me9z,1.0
34,Gardiner Museum,dpz83mebb,1.0
34,Gardiner Museum,dpz83mebc,0.9203
34,Gardiner Museum,dpz83mec0,1.0
34,Gardiner Museum,dpz83mec1,1.0
34,Gardiner Museum,dpz83mec2,1.0
34,Gardiner Museum,dpz83mec3,1.0
34,Gardiner Museum,dpz83mec4,1.0
34,Gardiner Museum,dpz83mec5,0.9513
34,Gardiner Museum,dpz83mec6,1.0
34,Gardiner Museum,dpz83mec8,1.0
34,Gardiner Museum,dpz83mec9,1.0
34,Gardiner Museum,dpz83mecb,1.0
34,Gardiner Museum,dpz83mecc,1.0
34,Gardiner Museum,dpz83mecd,0.9998
34,Gardiner Museum,dpz83medj,0.9744
34,Gardiner Museum,dpz83medm,0.9022
34,Gardiner Museum,dpz83medn,1.0
34,Gardiner Museum,dpz83medp,1.0
34,Gardiner Museum,dpz83medq,1.0
34,Gardiner Museum,dpz83medr,1.0
34,Gardiner Museum,dpz83mef0,1.0
34,Gardiner Museum,dpz83mef1,1.0
34,Gardiner Museum,dpz83mef2,1.0
34,Gardiner Museum,dpz83mef3,0.9339
35,Harbourfront Centre Main / Artport Building,dpz8384zx,0.974
35,Harbourfront Centre Main / Artport Building,dpz8384zz,1.0
35,Harbourfront Centre Main / Artport Building,dpz8385hj,0.9625
35,Harbourfront Centre Main / Artport Building,dpz8385hm,1.0
35,Harbourfront Centre Main / Artport Building,dpz8385hq,1.0
35,Harbourfront Centre Main / Artport Building,dpz8385hr,1.0
35,Harbourfront Centre Main / Artport Building,dpz8385hs,0.9772
35,Harbourfront Centre Main / Artport Building,dpz8385ht,1.0
35,Harbourfront Centre Main / Artport Building,dpz8385hu,1.0
35,Harbourfront Centre Main / Artport Building,dpz8385hv,1.0
35,Harbourfront Centre Main / Artport Building,dpz8385hw,1.0
35,Harbourfront Centre Main / Artport Building,dpz8385hx,1.0
35,Harbourfront Centre Main / Artport Building,dpz8385hy,1.0
35,Harbourfront Centre Main / Artport Building,dpz8385hz,0.9768
35,Harbourfront Centre Main / Artport Building,dpz8385j5,0.8843
35,Harbourfront Centre Main / Artport Building,dpz8385j7,1.0
35,Harbourfront Centre Main / Artport Building,dpz8385je,1.0
35,Harbourfront Centre Main / Artport Building,dpz8385jf,0.9947
35,Harbourfront Centre Main / Artport Building,dpz8385jg,1.0
35,Harbourfront Centre Main / Artport Building,dpz8385jh,1.0
35,Harbourfront Centre Main / Artport Building,dpz8385jj,1.0
35,Harbourfront Centre Main / Artport Building,dpz8385jk,1.0
35,Harbourfront Centre Main / Artport Building,dpz8385jm,1.0
35,Harbourfront Centre Main / Artport Building,dpz8385jn,1.0
35,Harbourfront Centre Main / Artport Building,dpz8385jq,1.0
35,Harbourfront Centre Main / Artport Building,dpz8385js,1.0
35,Harbourfront Centre Main / Artport Building,dpz8385jt,1.0
35,Harbourfront Centre Main / Artport Building,dpz8385ju,1.0
35,Harbourfront Centre Main / Artport Building,dpz8385jv,1.0
35,Harbourfront Centre Main / Artport Building,dpz8385jw,1.0
35,Harbourfront Centre Main / Artport Building,dpz8385jx,0.9464
35,Harbourfront Centre Main / Artport Building,dpz8385jy,1.0
35,Harbourfront Centre Main / Artport Building,dpz8385jz,1.0
35,Harbourfront Centre Main / Artport Building,dpz8385k2,0.8815
35,Harbourfront Centre Main / Artport Building,dpz8385mb,1.0
35,Harbourfront Centre Main / Artport Building,dpz8385mc,1.0
35,Harbourfront Centre Main / Artport Building,dpz8385n3,0.9352
35,Harbourfront Centre Main / Artport Building,dpz8385n4,1.0
35,Harbourfront Centre Main / Artport Building,dpz8385n5,1.0
35,Harbourfront Centre Main / Artport Building,dpz8385n6,1.0
35,Harbourfront Centre Main / Artport Building,dpz8385n7,1.0
35,Harbourfront Centre Main / Artport Building,dpz8385n9,1.0
35,Harbourfront Centre Main / Artport Building,dpz8385nb,0.8097
35,Harbourfront Centre Main / Artport Building,dpz8385nc,1.0
35,Harbourfront Centre Main / Artport Building,dpz8385nd,1.0
35,Harbourfront Centre Main / Artport Building,dpz8385ne,1.0
35,Harbourfront Centre Main / Artport Building,dpz8385nf,1.0
35,Harbourfront Centre Main / Artport Building,dpz8385ng,1.0
35,Harbourfront Centre Main / Artport Building,dpz8385nh,1.0
35,Harbourfront Centre Main / Artport Building,dpz8385nj,1.0
35,Harbourfront Centre Main / Artport Building,dpz8385nk,1.0
35,Harbourfront Centre Main / Artport Building,dpz8385nm,1.0
35,Harbourfront Centre Main / Artport Building,dpz8385nn,1.0
35,Harbourfront Centre Main / Artport Building,dpz8385np,1.0
35,Harbourfront Centre Main / Artport Building,dpz8385nq,1.0
35,Harbourfront Centre Main / Artport Building,dpz8385nr,1.0
35,Harbourfront Centre Main / Artport Building,dpz8385ns,1.0
35,Harbourfront Centre Main / Artport Building,dpz8385nt,1.0
35,Harbourfront Centre Main / Artport Building,dpz8385nu,1.0
35,Harbourfront Centre Main / Artport Building,dpz8385nv,1.0
35,Harbourfront Centre Main / Artport Building,dpz8385nw,1.0
35,Harbourfront Centre Main / Artport Building,dpz8385nx,1.0
35,Harbourfront Centre Main / Artport Building,dpz8385ny,1.0
35,Harbourfront Centre Main / Artport Building,dpz8385nz,1.0
35,Harbourfront Centre Main / Artport Building,dpz8385p0,1.0
35,Harbourfront Centre Main / Artport Building,dpz8385p1,1.0
35,Harbourfront Centre Main / Artport Building,dpz8385p2,1.0
35,Harbourfront Centre Main / Artport Building,dpz8385p3,1.0
35,Harbourfront Centre Main / Artport Building,dpz8385p4,1.0
35,Harbourfront Centre Main / Artport Building,dpz8385p5,1.0
35,Harbourfront Centre Main / Artport Building,dpz8385p6,1.0
35,Harbourfront Centre Main / Artport Building,dpz8385p7,1.0
35,Harbourfront Centre Main / Artport Building,dpz8385p8,1.0
35,Harbourfront Centre Main / Artport Building,dpz8385p9,1.0
35,Harbourfront Centre Main / Artport Building,dpz8385pb,1.0
35,Harbourfront Centre Main / Artport Building,dpz8385pc,1.0
35,Harbourfront Centre Main / Artport Building,dpz8385pd,1.0
35,Harbourfront Centre Main / Artport Building,dpz8385pe,1.0
35,Harbourfront Centre Main / Artport Building,dpz8385pf,1.0
35,Harbourfront Centre Main / Artport Building,dpz8385pg,1.0
35,Harbourfront Centre Main / Artport Building,dpz8385ph,1.0
35,Harbourfront Centre Main / Artport Building,dpz8385pj,1.0
35,Harbourfront Centre Main / Artport Building,dpz8385pk,1.0
35,Harbourfront Centre Main / Artport Building,dpz8385pm,1.0
35,Harbourfront Centre Main / Artport Building,dpz8385pn,1.0
35,Harbourfront Centre Main / Artport Building,dpz8385pp,1.0
35,Harbourfront Centre Main / Artport Building,dpz8385pq,1.0
35,Harbourfront Centre Main / Artport Building,dpz8385pr,1.0
35,Harbourfront Centre Main / Artport Building,dpz8385ps,1.0
35,Harbourfront Centre Main / Artport Building,dpz8385pt,1.0
35,Harbourfront Centre Main / Artport Building,dpz8385pu,1.0
35,Harbourfront Centre Main / Artport Building,dpz8385pv,1.0
35,Harbourfront Centre Main / Artport Building,dpz8385pw,1.0
35,Harbourfront Centre Main / Artport Building,dpz8385px,1.0
35,Harbourfront Centre Main / Artport Building,dpz8385py,1.0
35,Harbourfront Centre Main / Artport Building,dpz8385pz,1.0
35,Harbourfront Centre Main / Artport Building,dpz8385q0,1.0
35,Harbourfront Centre Main / Artport Building,dpz8385q1,1.0
35,Harbourfront Centre Main / Artport Building,dpz8385q2,1.0
35,Harbourfront Centre Main / Artport Building,dpz8385q3,1.0
35,Harbourfront Centre Main / Artport Building,dpz8385q4,1.0
35,Harbourfront Centre Main / Artport Building,dpz8385q5,0.9429
35,Harbourfront Centre Main / Artport Building,dpz8385q6,1.0
35,Harbourfront Centre Main / Artport Building,dpz8385q7,1.0
35,Harbourfront Centre Main / Artport Building,dpz8385q8,1.0
35,Harbourfront Centre Main / Artport Building,dpz8385q9,1.0
35,Harbourfront Centre Main / Artport Building,dpz8385qb,1.0
35,Harbourfront Centre Main / Artport Building,dpz8385qc,1.0
35,Harbourfront Centre Main / Artport Building,dpz8385qd,1.0
35,Harbourfront Centre Main / Artport Building,dpz8385qe,0.9962
35,Harbourfront Centre Main / Artport Building,dpz8385qf,1.0
35,Harbourfront Centre Main / Artport Building,dpz8385r0,1.0
35,Harbourfront Centre Main / Artport Building,dpz8385r1,1.0
35,Harbourfront Centre Main / Artport Building,dpz8385r2,1.0
35,Harbourfront Centre Main / Artport Building,dpz8385r3,1.0
35,Harbourfront Centre Main / Artport Building,dpz8385r4,1.0
35,Harbourfront Centre Main / Artport Building,dpz8385r6,0.8828
35,Harbourfront Centre Main / Artport Building,dpz8385r8,1.0
35,Harbourfront Centre Main / Artport Building,dpz8385r9,1.0
35,Harbourfront Centre Main / Artport Building,dpz8385rb,1.0
35,Harbourfront Centre Main / Artport Building,dpz8385rc,0.9727
35,Harbourfront Centre Main / Artport Building,dpz83868r,0.9976
35,Harbourfront Centre Main / Artport Building,dpz83868x,1.0
35,Harbourfront Centre Main / Artport Building,dpz83868z,0.8789
35,Harbourfront Centre Main / Artport Building,dpz8386b0,0.9412
35,Harbourfront Centre Main / Artport Building,dpz8386b2,1.0
35,Harbourfront Centre Main / Artport Building,dpz8386b3,1.0
35,Harbourfront Centre Main / Artport Building,dpz8386b6,1.0
35,Harbourfront Centre Main / Artport Building,dpz8386b7,1.0
35,Harbourfront Centre Main / Artport Building,dpz8386b8,1.0
35,Harbourfront Centre Main / Artport Building,dpz8386b9,1.0
35,Harbourfront Centre Main / Artport Building,dpz8386bb,0.9997
35,Harbourfront Centre Main / Artport Building,dpz8386bc,1.0
35,Harbourfront Centre Main / Artport Building,dpz8386bd,1.0
35,Harbourfront Centre Main / Artport Building,dpz8386be,1.0
35,Harbourfront Centre Main / Artport Building,dpz8386bf,1.0
35,Harbourfront Centre Main / Artport Building,dpz8386bg,1.0
35,Harbourfront Centre Main / Artport Building,dpz8386bk,1.0
35,Harbourfront Centre Main / Artport Building,dpz8386bm,0.9416
35,Harbourfront Centre Main / Artport Building,dpz8386bn,0.8824
35,Harbourfront Centre Main / Artport Building,dpz8386bp,1.0
35,Harbourfront Centre Main / Artport Building,dpz8386bq,0.9532
35,Harbourfront Centre Main / Artport Building,dpz8386br,0.8263
35,Harbourfront Centre Main / Artport Building,dpz8386bs,1.0
35,Harbourfront Centre Main / Artport Building,dpz8386bt,1.0
35,Harbourfront Centre Main / Artport Building,dpz8386bu,1.0
35,Harbourfront Centre Main / Artport Building,dpz8386bv,1.0
35,Harbourfront Centre Main / Artport Building,dpz8386ch,0.9547
35,Harbourfront Centre Main / Artport Building,dpz8386cj,0.857
35,Harbourfront Centre Main / Artport Building,dpz838700,1.0
35,Harbourfront Centre Main / Artport Building,dpz838701,1.0
35,Harbourfront Centre Main / Artport Building,dpz838702,0.9828
35,Harbourfront Centre Main / Artport Building,dpz838703,1.0
35,Harbourfront Centre Main / Artport Building,dpz838704,1.0
35,Harbourfront Centre Main / Artport Building,dpz838705,1.0
35,Harbourfront Centre Main / Artport Building,dpz838706,1.0
35,Harbourfront Centre Main / Artport Building,dpz838707,1.0
35,Harbourfront Centre Main / Artport Building,dpz83870h,1.0
35,Harbourfront Centre Main / Artport Building,dpz83870j,1.0
35,Harbourfront Centre Main / Artport Building,dpz83870k,1.0
35,Harbourfront Centre Main / Artport Building,dpz83870m,1.0
35,Harbourfront Centre Main / Artport Building,dpz83870n,1.0
35,Harbourfront Centre Main / Artport Building,dpz83870p,1.0
35,Harbourfront Centre Main / Artport Building,dpz83870q,1.0
35,Harbourfront Centre Main / Artport Building,dpz83870r,1.0
35,Harbourfront Centre Main / Artport Building,dpz83870t,0.9438
35,Harbourfront Centre Main / Artport Building,dpz83870w,1.0
35,Harbourfront Centre Main / Artport Building,dpz83870x,1.0
35,Harbourfront Centre Main / Artport Building,dpz838720,1.0
35,Harbourfront Centre Main / Artport Building,dpz838722,1.0
35,Harbourfront Centre Main / Artport Building,dpz838728,0.8016
36,Harbourfront Concert Stage,dpz83849g,0.9162
36,Harbourfront Concert Stage,dpz83849r,0.9359
36,Harbourfront Concert Stage,dpz83849t,0.9947
36,Harbourfront Concert Stage,dpz83849u,1.0
36,Harbourfront Concert Stage,dpz83849v,1.0
36,Harbourfront Concert Stage,dpz83849w,1.0
36,Harbourfront Concert Stage,dpz83849x,1.0
36,Harbourfront Concert Stage,dpz83849y,1.0
36,Harbourfront Concert Stage,dpz83849z,1.0
36,Harbourfront Concert Stage,dpz8384c2,1.0
36,Harbourfront Concert Stage,dpz8384c3,1.0
36,Harbourfront Concert Stage,dpz8384c6,1.0
36,Harbourfront Concert Stage,dpz8384c7,1.0
36,Harbourfront Concert Stage,dpz8384c8,1.0
36,Harbourfront Concert Stage,dpz8384c9,1.0
36,Harbourfront Concert Stage,dpz8384cb,1.0
36,Harbourfront Concert Stage,dpz8384cc,1.0
36,Harbourfront Concert Stage,dpz8384cd,1.0
36,Harbourfront Concert Stage,dpz8384ce,1.0
36,Harbourfront Concert Stage,dpz8384cf,1.0
36,Harbourfront Concert Stage,dpz8384cg,1.0
36,Harbourfront Concert Stage,dpz8384ck,1.0
36,Harbourfront Concert Stage,dpz8384cm,0.9271
36,Harbourfront Concert Stage,dpz8384cs,1.0
36,Harbourfront Concert Stage,dpz8384cu,0.962
36,Harbourfront Concert Stage,dpz8384d4,0.8386
36,Harbourfront Concert Stage,dpz8384d5,1.0
36,Harbourfront Concert Stage,dpz8384d6,0.9861
36,Harbourfront Concert Stage,dpz8384d7,1.0
36,Harbourfront Concert Stage,dpz8384dh,1.0
36,Harbourfront Concert Stage,dpz8384dj,1.0
36,Harbourfront Concert Stage,dpz8384dk,1.0
36,Harbourfront Concert Stage,dpz8384dm,1.0
36,Harbourfront Concert Stage,dpz8384dn,1.0
36,Harbourfront Concert Stage,dpz8384dp,1.0
36,Harbourfront Concert Stage,dpz8384dq,1.0
36,Harbourfront Concert Stage,dpz8384dr,1.0
36,Harbourfront Concert Stage,dpz8384dw,0.8879
36,Harbourfront Concert Stage,dpz8384dx,0.9999
36,Harbourfront Concert Stage,dpz8384f0,1.0
36,Harbourfront Concert Stage,dpz8384f1,1.0
36,Harbourfront Concert Stage,dpz8384f2,1.0
36,Harbourfront Concert Stage,dpz8384f3,1.0
36,Harbourfront Concert Stage,dpz8384f4,1.0
36,Harbourfront Concert Stage,dpz8384f5,1.0
36,Harbourfront Concert Stage,dpz8384f6,1.0
36,Harbourfront Concert Stage,dpz8384f7,0.9856
36,Harbourfront Concert Stage,dpz8384f8,1.0
36,Harbourfront Concert Stage,dpz8384f9,1.0
36,Harbourfront Concert Stage,dpz8384fd,0.8659
37,The Fleck at Harbourfront Centre Theatre,dpz8385sg,1.0
37,The Fleck at Harbourfront Centre Theatre,dpz8385su,1.0
37,The Fleck at Harbourfront Centre Theatre,dpz8385sv,1.0
37,The Fleck at Harbourfront Centre Theatre,dpz8385sy,1.0
37,The Fleck at Harbourfront Centre Theatre,dpz8385sz,1.0
37,The Fleck at Harbourfront Centre Theatre,dpz8385t4,0.8906
37,The Fleck at Harbourfront Centre Theatre,dpz8385t5,1.0
37,The Fleck at Harbourfront Centre Theatre,dpz8385t6,1.0
37,The Fleck at Harbourfront Centre Theatre,dpz8385t7,1.0
37,The Fleck at Harbourfront Centre Theatre,dpz8385td,0.9631
37,The Fleck at Harbourfront Centre Theatre,dpz8385te,1.0
37,The Fleck at Harbourfront Centre Theatre,dpz8385th,1.0
37,The Fleck at Harbourfront Centre Theatre,dpz8385tj,1.0
37,The Fleck at Harbourfront Centre Theatre,dpz8385tk,1.0
37,The Fleck at Harbourfront Centre Theatre,dpz8385tm,1.0
37,The Fleck at Harbourfront Centre Theatre,dpz8385tn,1.0
37,The Fleck at Harbourfront Centre Theatre,dpz8385tp,1.0
37,The Fleck at Harbourfront Centre Theatre,dpz8385tq,1.0
37,The Fleck at Harbourfront Centre Theatre,dpz8385tr,1.0
37,The Fleck at Harbourfront Centre Theatre,dpz8385ts,1.0
37,The Fleck at Harbourfront Centre Theatre,dpz8385tt,1.0
37,The Fleck at Harbourfront Centre Theatre,dpz8385tw,1.0
37,The Fleck at Harbourfront Centre Theatre,dpz8385tx,1.0
37,The Fleck at Harbourfront Centre Theatre,dpz8385ty,0.8153
37,The Fleck at Harbourfront Centre Theatre,dpz8385tz,0.9845
37,The Fleck at Harbourfront Centre Theatre,dpz8385ub,1.0
37,The Fleck at Harbourfront Centre Theatre,dpz8385uc,1.0
37,The Fleck at Harbourfront Centre Theatre,dpz8385uf,0.9978
37,The Fleck at Harbourfront Centre Theatre,dpz8385ug,0.9392
37,The Fleck at Harbourfront Centre Theatre,dpz8385v0,1.0
37,The Fleck at Harbourfront Centre Theatre,dpz8385v1,1.0
37,The Fleck at Harbourfront Centre Theatre,dpz8385v2,1.0
37,The Fleck at Harbourfront Centre Theatre,dpz8385v3,1.0
37,The Fleck at Harbourfront Centre Theatre,dpz8385v4,1.0
37,The Fleck at Harbourfront Centre Theatre,dpz8385v5,0.9976
37,The Fleck at Harbourfront Centre Theatre,dpz8385v6,1.0
37,The Fleck at Harbourfront Centre Theatre,dpz8385v7,1.0
37,The Fleck at Harbourfront Centre Theatre,dpz8385v8,1.0
37,The Fleck at Harbourfront Centre Theatre,dpz8385v9,1.0
37,The Fleck at Harbourfront Centre Theatre,dpz8385vb,1.0
37,The Fleck at Harbourfront Centre Theatre,dpz8385vc,1.0
37,The Fleck at Harbourfront Centre Theatre,dpz8385vd,1.0
37,The Fleck at Harbourfront Centre Theatre,dpz8385ve,1.0
37,The Fleck at Harbourfront Centre Theatre,dpz8385vf,1.0
37,The Fleck at Harbourfront Centre Theatre,dpz8385vg,0.8824
38,Helen Gardiner Phelan Playhouse,dpz83k8jr,0.9462
38,Helen Gardiner Phelan Playhouse,dpz83k8m0,0.8577
38,Helen Gardiner Phelan Playhouse,dpz83k8m2,1.0
38,Helen Gardiner Phelan Playhouse,dpz83k8m3,1.0
38,Helen Gardiner Phelan Playhouse,dpz83k8m6,1.0
38,Helen Gardiner Phelan Playhouse,dpz83k8m7,1.0
38,Helen Gardiner Phelan Playhouse,dpz83k8m8,0.9565
38,Helen Gardiner Phelan Playhouse,dpz83k8m9,1.0
38,Helen Gardiner Phelan Playhouse,dpz83k8md,1.0
38,Helen Gardiner Phelan Playhouse,dpz83k8me,1.0
38,Helen Gardiner Phelan Playhouse,dpz83k8mk,0.9482
38,Helen Gardiner Phelan Playhouse,dpz83k8mq,0.8417
38,Helen Gardiner Phelan Playhouse,dpz83k8mr,1.0
38,Helen Gardiner Phelan Playhouse,dpz83k8ms,1.0
38,Helen Gardiner Phelan Playhouse,dpz83k8mt,1.0
38,Helen Gardiner Phelan Playhouse,dpz83k8mu,0.8704
38,Helen Gardiner Phelan Playhouse,dpz83k8mv,0.9993
38,Helen Gardiner Phelan Playhouse,dpz83k8mw,1.0
38,Helen Gardiner Phelan Playhouse,dpz83k8mx,1.0
38,Helen Gardiner Phelan Playhouse,dpz83k8my,1.0
38,Helen Gardiner Phelan Playhouse,dpz83k8mz,1.0
38,Helen Gardiner Phelan Playhouse,dpz83k8qn,0.9694
38,Helen Gardiner Phelan Playhouse,dpz83k8qp,1.0
38,Helen Gardiner Phelan Playhouse,dpz83k8t2,0.9774
38,Helen Gardiner Phelan Playhouse,dpz83k8t8,1.0
38,Helen Gardiner Phelan Playhouse,dpz83k8t9,1.0
38,Helen Gardiner Phelan Playhouse,dpz83k8tb,1.0
38,Helen Gardiner Phelan Playhouse,dpz83k8tc,1.0
38,Helen Gardiner Phelan Playhouse,dpz83k8td,1.0
38,Helen Gardiner Phelan Playhouse,dpz83k8te,1.0
38,Helen Gardiner Phelan Playhouse,dpz83k8tf,1.0
38,Helen Gardiner Phelan Playhouse,dpz83k8tg,1.0
38,Helen Gardiner Phelan Playhouse,dpz83k8ts,1.0
38,Helen Gardiner Phelan Playhouse,dpz83k8tt,0.8863
38,Helen Gardiner Phelan Playhouse,dpz83k8tu,1.0
38,Helen Gardiner Phelan Playhouse,dpz83k8w0,1.0
38,Helen Gardiner Phelan Playhouse,dpz83k8w1,1.0
38,Helen Gardiner Phelan Playhouse,dpz83k8w4,1.0
38,Helen Gardiner Phelan Playhouse,dpz83k8w5,1.0
38,Helen Gardiner Phelan Playhouse,dpz83k8wh,1.0
39,Heliconian Hall,dpz83q5x1,1.0
39,Heliconian Hall,dpz83q5x4,1.0
39,Heliconian Hall,dpz83q5x5,1.0
39,Heliconian Hall,dpz83q5x7,0.8587
39,Heliconian Hall,dpz83q5xh,0.9966
39,Heliconian Hall,dpz83q5xj,0.8558
39,Heliconian Hall,dpz83q5xk,0.9971
39,Heliconian Hall,dpz83q5xm,0.9272
40,History,dpz87jhye,0.9262
40,History,dpz87jhyg,1.0
40,History,dpz87jhyk,1.0
40,History,dpz87jhym,0.9619
40,History,dpz87jhyq,0.8565
40,History,dpz87jhyr,0.9731
40,History,dpz87jhys,1.0
40,History,dpz87jhyt,1.0
40,History,dpz87jhyu,1.0
40,History,dpz87jhyv,1.0
40,History,dpz87jhyw,1.0
40,History,dpz87jhyx,1.0
40,History,dpz87jhyy,1.0
40,History,dpz87jhyz,1.0
40,History,dpz87jhz4,0.8955
40,History,dpz87jhz5,1.0
40,History,dpz87jhz7,1.0
40,History,dpz87jhze,1.0
40,History,dpz87jhzg,0.9854
40,History,dpz87jhzh,1.0
40,History,dpz87jhzj,1.0
40,History,dpz87jhzk,1.0
40,History,dpz87jhzm,1.0
40,History,dpz87jhzn,1.0
40,History,dpz87jhzp,1.0
40,History,dpz87jhzq,1.0
40,History,dpz87jhzr,1.0
40,History,dpz87jhzs,1.0
40,History,dpz87jhzt,1.0
40,History,dpz87jhzu,1.0
40,History,dpz87jhzv,1.0
40,History,dpz87jhzw,1.0
40,History,dpz87jhzx,1.0
40,History,dpz87jhzy,1.0
40,History,dpz87jhzz,1.0
40,History,dpz87jjn2,1.0
40,History,dpz87jjn3,0.8996
40,History,dpz87jjn8,1.0
40,History,dpz87jjn9,1.0
40,History,dpz87jjnb,1.0
40,History,dpz87jjnc,1.0
40,History,dpz87jjnd,1.0
40,History,dpz87jjne,1.0
40,History,dpz87jjnf,1.0
40,History,dpz87jjng,1.0
40,History,dpz87jjnu,1.0
40,History,dpz87jjnv,1.0
40,History,dpz87jjny,0.9546
40,History,dpz87jjnz,0.9865
40,History,dpz87jjp0,1.0
40,History,dpz87jjp1,1.0
40,History,dpz87jjp2,1.0
40,History,dpz87jjp3,1.0
40,History,dpz87jjp4,1.0
40,History,dpz87jjp5,1.0
40,History,dpz87jjp6,1.0
40,History,dpz87jjp7,1.0
40,History,dpz87jjp8,1.0
40,History,dpz87jjp9,1.0
40,History,dpz87jjpb,1.0
40,History,dpz87jjpc,1.0
40,History,dpz87jjpd,1.0
40,History,dpz87jjpe,1.0
40,History,dpz87jjpf,1.0
40,History,dpz87jjpg,1.0
40,History,dpz87jjph,1.0
40,History,dpz87jjpj,1.0
40,History,dpz87jjpk,1.0
40,History,dpz87jjpm,1.0
40,History,dpz87jjpn,1.0
40,History,dpz87jjpp,1.0
40,History,dpz87jjpq,1.0
40,History,dpz87jjpr,1.0
40,History,dpz87jjps,1.0
40,History,dpz87jjpt,1.0
40,History,dpz87jjpu,1.0
40,History,dpz87jjpv,1.0
40,History,dpz87jjpw,1.0
40,History,dpz87jjpx,1.0
40,History,dpz87jjpy,1.0
40,History,dpz87jjpz,1.0
40,History,dpz87jjr0,1.0
40,History,dpz87jjr1,1.0
40,History,dpz87jjr2,1.0
40,History,dpz87jjr3,1.0
40,History,dpz87jjr4,0.9841
40,History,dpz87jjr5,0.8064
40,History,dpz87jjr6,1.0
40,History,dpz87jjr7,1.0
40,History,dpz87jjr8,1.0
40,History,dpz87jjr9,1.0
40,History,dpz87jjrb,1.0
40,History,dpz87jjrc,1.0
40,History,dpz87jjrd,1.0
40,History,dpz87jjre,1.0
40,History,dpz87jjrf,1.0
40,History,dpz87jjrg,1.0
40,History,dpz87jjrk,1.0
40,History,dpz87jjrm,0.8658
40,History,dpz87jjrp,0.9359
40,History,dpz87jjrr,1.0
40,History,dpz87jjrs,1.0
40,History,dpz87jjru,1.0
40,History,dpz87jjrv,0.8203
40,History,dpz87jjrw,0.9284
40,History,dpz87jjrx,1.0
40,History,dpz87jjry,1.0
40,History,dpz87jjrz,1.0
40,History,dpz87jjx2,1.0
40,History,dpz87jjx3,1.0
40,History,dpz87jjx6,0.8563
40,History,dpz87jjx8,1.0
40,History,dpz87jjx9,1.0
40,History,dpz87jjxb,1.0
40,History,dpz87jjxc,1.0
40,History,dpz87jjxd,1.0
40,History,dpz87jjxe,1.0
40,History,dpz87jjxf,1.0
40,History,dpz87jjxg,1.0
40,History,dpz87jjxs,1.0
40,History,dpz87jjxt,1.0
40,History,dpz87jjxu,1.0
40,History,dpz87jjxv,1.0
40,History,dpz87jjxw,0.9715
40,History,dpz87jjxx,0.9626
40,History,dpz87jjxy,1.0
40,History,dpz87jjxz,1.0
40,History,dpz87jjz8,0.9292
40,History,dpz87jjzb,1.0
40,History,dpz87jjzc,1.0
40,History,dpz87jjzf,1.0
40,History,dpz87jjzg,0.9681
40,History,dpz87jkbh,0.9632
40,History,dpz87jkbj,1.0
40,History,dpz87jkbn,1.0
40,History,dpz87jkbp,1.0
40,History,dpz87jkbr,1.0
40,History,dpz87jkbw,0.8089
40,History,dpz87jkbx,0.9968
40,History,dpz87jm00,1.0
40,History,dpz87jm01,1.0
40,History,dpz87jm02,1.0
40,History,dpz87jm03,1.0
40,History,dpz87jm04,1.0
40,History,dpz87jm05,1.0
40,History,dpz87jm06,1.0
40,History,dpz87jm07,1.0
40,History,dpz87jm08,1.0
40,History,dpz87jm09,1.0
40,History,dpz87jm0d,1.0
40,History,dpz87jm0e,1.0
40,History,dpz87jm0h,1.0
40,History,dpz87jm0j,1.0
40,History,dpz87jm0k,1.0
40,History,dpz87jm0m,1.0
40,History,dpz87jm0n,1.0
40,History,dpz87jm0p,1.0
40,History,dpz87jm0q,1.0
40,History,dpz87jm0r,1.0
40,History,dpz87jm0s,1.0
40,History,dpz87jm0t,1.0
40,History,dpz87jm0v,0.9482
40,History,dpz87jm0w,1.0
40,History,dpz87jm0x,1.0
40,History,dpz87jm0y,1.0
40,History,dpz87jm0z,1.0
40,History,dpz87jm20,1.0
40,History,dpz87jm21,1.0
40,History,dpz87jm22,1.0
40,History,dpz87jm23,1.0
40,History,dpz87jm24,1.0
40,History,dpz87jm25,1.0
40,History,dpz87jm26,1.0
40,History,dpz87jm27,1.0
40,History,dpz87jm28,1.0
40,History,dpz87jm29,1.0
40,History,dpz87jm2b,1.0
40,History,dpz87jm2c,1.0
40,History,dpz87jm2d,1.0
40,History,dpz87jm2e,1.0
40,History,dpz87jm2f,1.0
40,History,dpz87jm2g,1.0
40,History,dpz87jm2h,1.0
40,History,dpz87jm2j,1.0
40,History,dpz87jm2k,1.0
40,History,dpz87jm2m,1.0
40,History,dpz87jm2n,1.0
40,History,dpz87jm2p,1.0
40,History,dpz87jm2q,1.0
40,History,dpz87jm2r,1.0
40,History,dpz87jm2s,1.0
40,History,dpz87jm2t,1.0
40,History,dpz87jm2u,1.0
40,History,dpz87jm2v,1.0
40,History,dpz87jm2w,1.0
40,History,dpz87jm2x,1.0
40,History,dpz87jm2y,1.0
40,History,dpz87jm2z,1.0
40,History,dpz87jm30,0.9871
40,History,dpz87jm31,1.0
40,History,dpz87jm34,1.0
40,History,dpz87jm35,1.0
40,History,dpz87jm37,0.8354
40,History,dpz87jm3h,1.0
40,History,dpz87jm3j,1.0
40,History,dpz87jm3k,0.9979
40,History,dpz87jm3m,1.0
40,History,dpz87jm3n,1.0
40,History,dpz87jm3p,1.0
40,History,dpz87jm3q,1.0
40,History,dpz87jm3r,1.0
40,History,dpz87jm3x,0.8833
40,History,dpz87jm80,1.0
40,History,dpz87jm81,1.0
40,History,dpz87jm82,1.0
40,History,dpz87jm83,1.0
40,History,dpz87jm84,1.0
40,History,dpz87jm85,1.0
40,History,dpz87jm86,1.0
40,History,dpz87jm87,1.0
40,History,dpz87jm88,1.0
40,History,dpz87jm89,1.0
40,History,dpz87jm8b,1.0
40,History,dpz87jm8c,1.0
40,History,dpz87jm8d,1.0
40,History,dpz87jm8e,1.0
40,History,dpz87jm8f,1.0
40,History,dpz87jm8g,1.0
40,History,dpz87jm8h,1.0
40,History,dpz87jm8j,1.0
40,History,dpz87jm8k,1.0
40,History,dpz87jm8m,1.0
40,History,dpz87jm8n,1.0
40,History,dpz87jm8p,1.0
40,History,dpz87jm8q,1.0
40,History,dpz87jm8r,1.0
40,History,dpz87jm8s,1.0
40,History,dpz87jm8t,1.0
40,History,dpz87jm8u,1.0
40,History,dpz87jm8v,1.0
40,History,dpz87jm8w,1.0
40,History,dpz87jm8x,1.0
40,History,dpz87jm8y,1.0
40,History,dpz87jm8z,1.0
40,History,dpz87jm90,1.0
40,History,dpz87jm91,1.0
40,History,dpz87jm92,1.0
40,History,dpz87jm93,1.0
40,History,dpz87jm94,1.0
40,History,dpz87jm95,1.0
40,History,dpz87jm96,1.0
40,History,dpz87jm97,1.0
40,History,dpz87jm98,1.0
40,History,dpz87jm99,1.0
40,History,dpz87jm9d,1.0
40,History,dpz87jm9e,1.0
40,History,dpz87jm9h,1.0
40,History,dpz87jm9j,1.0
40,History,dpz87jm9k,1.0
40,History,dpz87jm9m,1.0
40,History,dpz87jm9n,1.0
40,History,dpz87jm9p,1.0
40,History,dpz87jm9q,1.0
40,History,dpz87jm9r,1.0
40,History,dpz87jm9s,1.0
40,History,dpz87jm9t,1.0
40,History,dpz87jm9u,0.9162
40,History,dpz87jm9v,0.9997
40,History,dpz87jm9w,1.0
40,History,dpz87jm9x,1.0
40,History,dpz87jm9y,1.0
40,History,dpz87jm9z,1.0
40,History,dpz87jmb0,1.0
40,History,dpz87jmb1,1.0
40,History,dpz87jmb2,1.0
40,History,dpz87jmb3,1.0
40,History,dpz87jmb4,1.0
40,History,dpz87jmb5,1.0
40,History,dpz87jmb6,1.0
40,History,dpz87jmb7,1.0
40,History,dpz87jmb8,1.0
40,History,dpz87jmb9,1.0
40,History,dpz87jmbb,1.0
40,History,dpz87jmbc,1.0
40,History,dpz87jmbd,1.0
40,History,dpz87jmbe,1.0
40,History,dpz87jmbf,1.0
40,History,dpz87jmbg,1.0
40,History,dpz87jmbh,1.0
40,History,dpz87jmbj,1.0
40,History,dpz87jmbk,1.0
40,History,dpz87jmbm,1.0
40,History,dpz87jmbn,1.0
40,History,dpz87jmbp,0.9714
40,History,dpz87jmbq,1.0
40,History,dpz87jmbr,1.0
40,History,dpz87jmbs,1.0
40,History,dpz87jmbt,1.0
40,History,dpz87jmbu,1.0
40,History,dpz87jmbv,1.0
40,History,dpz87jmbw,1.0
40,History,dpz87jmbx,1.0
40,History,dpz87jmby,1.0
40,History,dpz87jmbz,1.0
40,History,dpz87jmc0,1.0
40,History,dpz87jmc1,1.0
40,History,dpz87jmc2,1.0
40,History,dpz87jmc3,1.0
40,History,dpz87jmc4,1.0
40,History,dpz87jmc5,1.0
40,History,dpz87jmc6,1.0
40,History,dpz87jmc7,1.0
40,History,dpz87jmc8,1.0
40,History,dpz87jmc9,1.0
40,History,dpz87jmcb,1.0
40,History,dpz87jmcc,1.0
40,History,dpz87jmcd,1.0
40,History,dpz87jmce,1.0
40,History,dpz87jmcf,1.0
40,History,dpz87jmcg,1.0
40,History,dpz87jmch,1.0
40,History,dpz87jmcj,1.0
40,History,dpz87jmck,1.0
40,History,dpz87jmcm,1.0
40,History,dpz87jmcn,1.0
40,History,dpz87jmcp,1.0
40,History,dpz87jmcq,1.0
40,History,dpz87jmcr,1.0
40,History,dpz87jmcs,1.0
40,History,dpz87jmct,1.0
40,History,dpz87jmcu,1.0
40,History,dpz87jmcv,1.0
40,History,dpz87jmcw,1.0
40,History,dpz87jmcx,1.0
40,History,dpz87jmcy,1.0
40,History,dpz87jmcz,1.0
40,History,dpz87jmf0,0.9592
40,History,dpz87jmf1,1.0
40,History,dpz87jmf4,1.0
40,History,dpz87jmf5,1.0
40,History,dpz87jmfh,1.0
40,History,dpz87jmfj,1.0
40,History,dpz87jmfk,0.904
40,History,dpz87jmfm,1.0
40,History,dpz87jmfn,1.0
40,History,dpz87jmfp,1.0
40,History,dpz87jmfq,1.0
40,History,dpz87jmfr,0.8897
40,History,dpz87jq00,0.9995
40,History,dpz87jq01,0.8996
40,History,dpz87jq02,1.0
40,History,dpz87jq03,1.0
40,History,dpz87jq06,0.9017
40,History,dpz87jq08,1.0
40,History,dpz87jq09,1.0
40,History,dpz87jq0b,1.0
40,History,dpz87jq0c,1.0
40,History,dpz87jq0f,0.8077
40,History,dpz87jq10,1.0
40,History,dpz87jq11,1.0
40,History,dpz87jq12,1.0
40,History,dpz87jq13,1.0
40,History,dpz87jq14,1.0
40,History,dpz87jq15,1.0
40,History,dpz87jq16,1.0
40,History,dpz87jq17,1.0
40,History,dpz87jq18,1.0
40,History,dpz87jq19,1.0
40,History,dpz87jq1b,1.0
40,History,dpz87jq1c,1.0
40,History,dpz87jq1d,1.0
40,History,dpz87jq1e,1.0
40,History,dpz87jq1f,1.0
40,History,dpz87jq1g,1.0
40,History,dpz87jq1h,0.9629
40,History,dpz87jq1k,1.0
40,History,dpz87jq1s,0.8573
40,History,dpz87jq1u,0.8316
40,History,dpz87jq40,1.0
40,History,dpz87jq41,1.0
40,History,dpz87jq42,0.8953
40,History,dpz87jq43,0.9983
40,History,dpz87jq44,1.0
40,History,dpz87jq45,1.0
40,History,dpz87jq46,1.0
40,History,dpz87jq47,1.0
40,History,dpz87jq4e,0.997
40,History,dpz87jq4s,0.8569
41,Hot Docs Ted Rogers Cinema,dpz82vnfx,0.8282
41,Hot Docs Ted Rogers Cinema,dpz82vnfz,1.0
41,Hot Docs Ted Rogers Cinema,dpz82vngp,1.0
41,Hot Docs Ted Rogers Cinema,dpz82vngq,0.9543
41,Hot Docs Ted Rogers Cinema,dpz82vngr,1.0
41,Hot Docs Ted Rogers Cinema,dpz82vngx,0.848
41,Hot Docs Ted Rogers Cinema,dpz82vp19,1.0
41,Hot Docs Ted Rogers Cinema,dpz82vp1c,1.0
41,Hot Docs Ted Rogers Cinema,dpz82vp1d,1.0
41,Hot Docs Ted Rogers Cinema,dpz82vp1e,1.0
41,Hot Docs Ted Rogers Cinema,dpz82vp1f,1.0
41,Hot Docs Ted Rogers Cinema,dpz82vp1g,1.0
41,Hot Docs Ted Rogers Cinema,dpz82vp1s,1.0
41,Hot Docs Ted Rogers Cinema,dpz82vp1u,0.8803
41,Hot Docs Ted Rogers Cinema,dpz82vp40,0.9705
41,Hot Docs Ted Rogers Cinema,dpz82vp41,1.0
41,Hot Docs Ted Rogers Cinema,dpz82vp42,1.0
41,Hot Docs Ted Rogers Cinema,dpz82vp43,1.0
41,Hot Docs Ted Rogers Cinema,dpz82vp44,1.0
41,Hot Docs Ted Rogers Cinema,dpz82vp45,1.0
41,Hot Docs Ted Rogers Cinema,dpz82vp46,1.0
41,Hot Docs Ted Rogers Cinema,dpz82vp47,0.9894
41,Hot Docs Ted Rogers Cinema,dpz82vp48,1.0
41,Hot Docs Ted Rogers Cinema,dpz82vp49,1.0
41,Hot Docs Ted Rogers Cinema,dpz82vp4b,1.0
41,Hot Docs Ted Rogers Cinema,dpz82vp4c,1.0
41,Hot Docs Ted Rogers Cinema,dpz82vp4d,1.0
41,Hot Docs Ted Rogers Cinema,dpz82vp4f,1.0
41,Hot Docs Ted Rogers Cinema,dpz82vp50,1.0
41,Hot Docs Ted Rogers Cinema,dpz82vp51,1.0
41,Hot Docs Ted Rogers Cinema,dpz82vp52,1.0
41,Hot Docs Ted Rogers Cinema,dpz82vp53,1.0
41,Hot Docs Ted Rogers Cinema,dpz82vp54,0.9076
41,Hot Docs Ted Rogers Cinema,dpz82vp58,0.9941
41,Hot Docs Ted Rogers Cinema,dpz82vp59,0.9961
42,Isabel Bader Theatre,dpz83mk5g,0.989
42,Isabel Bader Theatre,dpz83mk5k,0.9967
42,Isabel Bader Theatre,dpz83mk5m,0.8726
42,Isabel Bader Theatre,dpz83mk5q,0.8497
42,Isabel Bader Theatre,dpz83mk5r,0.8501
42,Isabel Bader Theatre,dpz83mk5s,1.0
42,Isabel Bader Theatre,dpz83mk5t,1.0
42,Isabel Bader Theatre,dpz83mk5u,1.0
42,Isabel Bader Theatre,dpz83mk5v,1.0
42,Isabel Bader Theatre,dpz83mk5w,1.0
42,Isabel Bader Theatre,dpz83mk5x,1.0
42,Isabel Bader Theatre,dpz83mk5y,1.0
42,Isabel Bader Theatre,dpz83mk5z,1.0
42,Isabel Bader Theatre,dpz83mk78,1.0
42,Isabel Bader Theatre,dpz83mk79,1.0
42,Isabel Bader Theatre,dpz83mk7b,1.0
42,Isabel Bader Theatre,dpz83mk7c,1.0
42,Isabel Bader Theatre,dpz83mk7d,0.893
42,Isabel Bader Theatre,dpz83mk7f,1.0
42,Isabel Bader Theatre,dpz83mk7g,1.0
42,Isabel Bader Theatre,dpz83mkh5,1.0
42,Isabel Bader Theatre,dpz83mkh6,0.8974
42,Isabel Bader Theatre,dpz83mkh7,1.0
42,Isabel Bader Theatre,dpz83mkhd,0.9171
42,Isabel Bader Theatre,dpz83mkhe,0.8342
42,Isabel Bader Theatre,dpz83mkhh,1.0
42,Isabel Bader Theatre,dpz83mkhj,1.0
42,Isabel Bader Theatre,dpz83mkhk,1.0
42,Isabel Bader Theatre,dpz83mkhm,1.0
42,Isabel Bader Theatre,dpz83mkhn,1.0
42,Isabel Bader Theatre,dpz83mkhp,1.0
42,Isabel Bader Theatre,dpz83mkhq,1.0
42,Isabel Bader Theatre,dpz83mkhr,1.0
42,Isabel Bader Theatre,dpz83mkhs,0.8235
42,Isabel Bader Theatre,dpz83mkht,0.9879
42,Isabel Bader Theatre,dpz83mkhw,1.0
42,Isabel Bader Theatre,dpz83mkhx,1.0
42,Isabel Bader Theatre,dpz83mkk0,1.0
42,Isabel Bader Theatre,dpz83mkk1,1.0
42,Isabel Bader Theatre,dpz83mkk2,1.0
42,Isabel Bader Theatre,dpz83mkk3,1.0
42,Isabel Bader Theatre,dpz83mkk4,1.0
42,Isabel Bader Theatre,dpz83mkk5,1.0
42,Isabel Bader Theatre,dpz83mkk6,1.0
42,Isabel Bader Theatre,dpz83mkk7,1.0
42,Isabel Bader Theatre,dpz83mkk8,1.0
42,Isabel Bader Theatre,dpz83mkk9,1.0
42,Isabel Bader Theatre,dpz83mkkb,0.9659
42,Isabel Bader Theatre,dpz83mkkc,1.0
42,Isabel Bader Theatre,dpz83mkkd,1.0
42,Isabel Bader Theatre,dpz83mkke,1.0
42,Isabel Bader Theatre,dpz83mkkf,1.0
42,Isabel Bader Theatre,dpz83mkkg,1.0
42,Isabel Bader Theatre,dpz83mkkh,1.0
42,Isabel Bader Theatre,dpz83mkkk,1.0
42,Isabel Bader Theatre,dpz83mkks,0.8959
43,It's Ok* Studios,dpz831ysg,0.9755
43,It's Ok* Studios,dpz831yss,0.9005
43,It's Ok* Studios,dpz831ysu,1.0
43,It's Ok* Studios,dpz831ysv,1.0
43,It's Ok* Studios,dpz831yt5,1.0
43,It's Ok* Studios,dpz831yt6,0.8586
43,It's Ok* Studios,dpz831yt7,1.0
43,It's Ok* Studios,dpz831ytd,1.0
43,It's Ok* Studios,dpz831yte,1.0
43,It's Ok* Studios,dpz831ytf,1.0
43,It's Ok* Studios,dpz831ytg,1.0
43,It's Ok* Studios,dpz831yth,1.0
43,It's Ok* Studios,dpz831ytj,0.9979
43,It's Ok* Studios,dpz831ytk,1.0
43,It's Ok* Studios,dpz831yts,1.0
43,It's Ok* Studios,dpz831ytu,0.9257
44,Jazz Bistro,dpz83emc6,0.8303
44,Jazz Bistro,dpz83emc7,0.9896
44,Jazz Bistro,dpz83emck,1.0
44,Jazz Bistro,dpz83emcm,1.0
44,Jazz Bistro,dpz83emcq,0.9944
44,Jazz Bistro,dpz83emcr,0.8376
44,Jazz Bistro,dpz83emcx,0.8696
44,Jazz Bistro,dpz83eq18,0.9983
44,Jazz Bistro,dpz83eq19,1.0
45,Lakeshore Arts,dpz2p5v9n,0.8484
45,Lakeshore Arts,dpz2p5v9p,0.9846
45,Lakeshore Arts,dpz2p5vc0,0.9329
46,Lula Lounge,dpz826jmp,0.9567
46,Lula Lounge,dpz826jmr,1.0
46,Lula Lounge,dpz826jmw,0.8072
46,Lula Lounge,dpz826jmx,1.0
46,Lula Lounge,dpz826jmy,1.0
46,Lula Lounge,dpz826jmz,1.0
46,Lula Lounge,dpz826js8,1.0
46,Lula Lounge,dpz826js9,1.0
46,Lula Lounge,dpz826jsb,1.0
46,Lula Lounge,dpz826jsc,1.0
46,Lula Lounge,dpz826jsd,1.0
46,Lula Lounge,dpz826jse,1.0
46,Lula Lounge,dpz826jsf,1.0
46,Lula Lounge,dpz826jsg,1.0
46,Lula Lounge,dpz826jss,0.8736
46,Lula Lounge,dpz826jt0,1.0
46,Lula Lounge,dpz826jt1,1.0
46,Lula Lounge,dpz826jt2,1.0
46,Lula Lounge,dpz826jt3,1.0
46,Lula Lounge,dpz826jt4,1.0
46,Lula Lounge,dpz826jt5,1.0
46,Lula Lounge,dpz826jt6,1.0
46,Lula Lounge,dpz826jt7,0.8215
46,Lula Lounge,dpz826jt8,1.0
46,Lula Lounge,dpz826jt9,1.0
46,Lula Lounge,dpz826jtb,1.0
46,Lula Lounge,dpz826jtc,1.0
46,Lula Lounge,dpz826jtd,1.0
46,Lula Lounge,dpz826jtf,0.9868
47,Mabelle Park,dpz2q33jf,0.9892
47,Mabelle Park,dpz2q33jg,1.0
47,Mabelle Park,dpz2q33jq,0.9523
47,Mabelle Park,dpz2q33jr,1.0
47,Mabelle Park,dpz2q33js,0.9861
47,Mabelle Park,dpz2q33jt,1.0
47,Mabelle Park,dpz2q33ju,1.0
47,Mabelle Park,dpz2q33jv,1.0
47,Mabelle Park,dpz2q33jw,1.0
47,Mabelle Park,dpz2q33jx,1.0
47,Mabelle Park,dpz2q33jy,1.0
47,Mabelle Park,dpz2q33jz,1.0
47,Mabelle Park,dpz2q33m0,0.805
47,Mabelle Park,dpz2q33m1,1.0
47,Mabelle Park,dpz2q33m2,1.0
47,Mabelle Park,dpz2q33m3,1.0
47,Mabelle Park,dpz2q33m4,1.0
47,Mabelle Park,dpz2q33m5,1.0
47,Mabelle Park,dpz2q33m6,1.0
47,Mabelle Park,dpz2q33m7,1.0
47,Mabelle Park,dpz2q33m8,1.0
47,Mabelle Park,dpz2q33m9,1.0
47,Mabelle Park,dpz2q33mb,1.0
47,Mabelle Park,dpz2q33mc,1.0
47,Mabelle Park,dpz2q33md,1.0
47,Mabelle Park,dpz2q33me,1.0
47,Mabelle Park,dpz2q33mf,1.0
47,Mabelle Park,dpz2q33mg,1.0
47,Mabelle Park,dpz2q33mh,1.0
47,Mabelle Park,dpz2q33mj,1.0
47,Mabelle Park,dpz2q33mk,1.0
47,Mabelle Park,dpz2q33mm,1.0
47,Mabelle Park,dpz2q33mn,1.0
47,Mabelle Park,dpz2q33mp,1.0
47,Mabelle Park,dpz2q33mq,1.0
47,Mabelle Park,dpz2q33mr,1.0
47,Mabelle Park,dpz2q33ms,1.0
47,Mabelle Park,dpz2q33mt,1.0
47,Mabelle Park,dpz2q33mu,1.0
47,Mabelle Park,dpz2q33mv,1.0
47,Mabelle Park,dpz2q33mw,1.0
47,Mabelle Park,dpz2q33mx,1.0
47,Mabelle Park,dpz2q33my,1.0
47,Mabelle Park,dpz2q33mz,1.0
47,Mabelle Park,dpz2q33n5,0.9999
47,Mabelle Park,dpz2q33nh,1.0
47,Mabelle Park,dpz2q33nj,1.0
47,Mabelle Park,dpz2q33nk,0.9771
47,Mabelle Park,dpz2q33nm,1.0
47,Mabelle Park,dpz2q33nn,1.0
47,Mabelle Park,dpz2q33np,1.0
47,Mabelle Park,dpz2q33nq,1.0
47,Mabelle Park,dpz2q33nr,1.0
47,Mabelle Park,dpz2q33nt,0.9152
47,Mabelle Park,dpz2q33nw,1.0
47,Mabelle Park,dpz2q33nx,1.0
47,Mabelle Park,dpz2q33ny,0.8142
47,Mabelle Park,dpz2q33nz,1.0
47,Mabelle Park,dpz2q33q0,1.0
47,Mabelle Park,dpz2q33q1,1.0
47,Mabelle Park,dpz2q33q2,1.0
47,Mabelle Park,dpz2q33q3,1.0
47,Mabelle Park,dpz2q33q4,1.0
47,Mabelle Park,dpz2q33q5,1.0
47,Mabelle Park,dpz2q33q6,1.0
47,Mabelle Park,dpz2q33q7,1.0
47,Mabelle Park,dpz2q33q8,1.0
47,Mabelle Park,dpz2q33q9,1.0
47,Mabelle Park,dpz2q33qb,1.0
47,Mabelle Park,dpz2q33qc,1.0
47,Mabelle Park,dpz2q33qd,1.0
47,Mabelle Park,dpz2q33qe,1.0
47,Mabelle Park,dpz2q33qf,0.9995
47,Mabelle Park,dpz2q33qh,1.0
47,Mabelle Park,dpz2q33qj,1.0
47,Mabelle Park,dpz2q33qk,1.0
47,Mabelle Park,dpz2q33qm,0.988
47,Mabelle Park,dpz2q33qn,1.0
47,Mabelle Park,dpz2q33qs,0.8692
47,Mabelle Park,dpz2q33r0,1.0
47,Mabelle Park,dpz2q33r1,0.9249
47,Mabelle Park,dpz2q33t0,0.9235
47,Mabelle Park,dpz2q33t2,1.0
47,Mabelle Park,dpz2q33t3,1.0
47,Mabelle Park,dpz2q33t6,1.0
47,Mabelle Park,dpz2q33t8,1.0
47,Mabelle Park,dpz2q33t9,1.0
47,Mabelle Park,dpz2q33tb,0.9612
48,Malvern Library,dpz9jqurx,1.0
48,Malvern Library,dpz9jqury,1.0
48,Malvern Library,dpz9jqurz,1.0
48,Malvern Library,dpz9jqux2,0.963
48,Malvern Library,dpz9jqux3,1.0
48,Malvern Library,dpz9jqux5,0.8639
48,Malvern Library,dpz9jqux6,1.0
48,Malvern Library,dpz9jqux7,1.0
48,Malvern Library,dpz9jqux8,1.0
48,Malvern Library,dpz9jqux9,1.0
48,Malvern Library,dpz9jquxb,1.0
48,Malvern Library,dpz9jquxc,1.0
48,Malvern Library,dpz9jquxd,1.0
48,Malvern Library,dpz9jquxe,1.0
48,Malvern Library,dpz9jquxf,1.0
48,Malvern Library,dpz9jquxg,1.0
48,Malvern Library,dpz9jquxk,0.8822
48,Malvern Library,dpz9jquxs,1.0
48,Malvern Library,dpz9jquxt,0.957
48,Malvern Library,dpz9jquxu,1.0
48,Malvern Library,dpz9jquxv,1.0
48,Malvern Library,dpz9jquxy,1.0
48,Malvern Library,dpz9jquxz,0.999
48,Malvern Library,dpz9jrh25,0.994
48,Malvern Library,dpz9jrh27,1.0
48,Malvern Library,dpz9jrh2e,1.0
48,Malvern Library,dpz9jrh2f,0.9996
48,Malvern Library,dpz9jrh2g,1.0
48,Malvern Library,dpz9jrh2h,0.933
48,Malvern Library,dpz9jrh2j,1.0
48,Malvern Library,dpz9jrh2k,1.0
48,Malvern Library,dpz9jrh2m,1.0
48,Malvern Library,dpz9jrh2n,1.0
48,Malvern Library,dpz9jrh2p,1.0
48,Malvern Library,dpz9jrh2q,1.0
48,Malvern Library,dpz9jrh2r,1.0
48,Malvern Library,dpz9jrh2s,1.0
48,Malvern Library,dpz9jrh2t,1.0
48,Malvern Library,dpz9jrh2u,1.0
48,Malvern Library,dpz9jrh2v,1.0
48,Malvern Library,dpz9jrh2w,1.0
48,Malvern Library,dpz9jrh2x,1.0
48,Malvern Library,dpz9jrh2y,1.0
48,Malvern Library,dpz9jrh2z,1.0
48,Malvern Library,dpz9jrh33,0.9865
48,Malvern Library,dpz9jrh34,1.0
48,Malvern Library,dpz9jrh35,1.0
48,Malvern Library,dpz9jrh36,1.0
48,Malvern Library,dpz9jrh37,1.0
48,Malvern Library,dpz9jrh38,1.0
48,Malvern Library,dpz9jrh39,1.0
48,Malvern Library,dpz9jrh3d,1.0
48,Malvern Library,dpz9jrh3e,1.0
48,Malvern Library,dpz9jrh3f,0.8802
48,Malvern Library,dpz9jrh3g,0.9999
48,Malvern Library,dpz9jrh3h,1.0
48,Malvern Library,dpz9jrh3j,1.0
48,Malvern Library,dpz9jrh3k,1.0
48,Malvern Library,dpz9jrh3m,1.0
48,Malvern Library,dpz9jrh3n,1.0
48,Malvern Library,dpz9jrh3p,1.0
48,Malvern Library,dpz9jrh3q,1.0
48,Malvern Library,dpz9jrh3r,1.0
48,Malvern Library,dpz9jrh3s,1.0
48,Malvern Library,dpz9jrh3t,1.0
48,Malvern Library,dpz9jrh3u,1.0
48,Malvern Library,dpz9jrh3v,1.0
48,Malvern Library,dpz9jrh3w,1.0
48,Malvern Library,dpz9jrh3x,1.0
48,Malvern Library,dpz9jrh3y,1.0
48,Malvern Library,dpz9jrh3z,1.0
48,Malvern Library,dpz9jrh65,0.9863
48,Malvern Library,dpz9jrh67,1.0
48,Malvern Library,dpz9jrh6d,0.9294
48,Malvern Library,dpz9jrh6e,1.0
48,Malvern Library,dpz9jrh6f,1.0
48,Malvern Library,dpz9jrh6g,1.0
48,Malvern Library,dpz9jrh6h,1.0
48,Malvern Library,dpz9jrh6j,1.0
48,Malvern Library,dpz9jrh6k,1.0
48,Malvern Library,dpz9jrh6m,1.0
48,Malvern Library,dpz9jrh6n,1.0
48,Malvern Library,dpz9jrh6p,1.0
48,Malvern Library,dpz9jrh6q,1.0
48,Malvern Library,dpz9jrh6r,1.0
48,Malvern Library,dpz9jrh6s,1.0
48,Malvern Library,dpz9jrh6t,1.0
48,Malvern Library,dpz9jrh6u,1.0
48,Malvern Library,dpz9jrh6v,1.0
48,Malvern Library,dpz9jrh6w,1.0
48,Malvern Library,dpz9jrh6x,1.0
48,Malvern Library,dpz9jrh6y,1.0
48,Malvern Library,dpz9jrh6z,1.0
48,Malvern Library,dpz9jrh74,1.0
48,Malvern Library,dpz9jrh75,1.0
48,Malvern Library,dpz9jrh7h,1.0
48,Malvern Library,dpz9jrh7j,1.0
48,Malvern Library,dpz9jrh7m,0.8388
48,Malvern Library,dpz9jrh7n,1.0
48,Malvern Library,dpz9jrh7p,1.0
48,Malvern Library,dpz9jrh7q,0.9952
48,Malvern Library,dpz9jrh7r,1.0
48,Malvern Library,dpz9jrh80,1.0
48,Malvern Library,dpz9jrh81,1.0
48,Malvern Library,dpz9jrh82,1.0
48,Malvern Library,dpz9jrh83,1.0
48,Malvern Library,dpz9jrh84,1.0
48,Malvern Library,dpz9jrh85,1.0
48,Malvern Library,dpz9jrh86,1.0
48,Malvern Library,dpz9jrh87,1.0
48,Malvern Library,dpz9jrh88,1.0
48,Malvern Library,dpz9jrh89,1.0
48,Malvern Library,dpz9jrh8b,1.0
48,Malvern Library,dpz9jrh8c,1.0
48,Malvern Library,dpz9jrh8d,1.0
48,Malvern Library,dpz9jrh8e,1.0
48,Malvern Library,dpz9jrh8f,1.0
48,Malvern Library,dpz9jrh8g,1.0
48,Malvern Library,dpz9jrh8h,1.0
48,Malvern Library,dpz9jrh8j,1.0
48,Malvern Library,dpz9jrh8k,1.0
48,Malvern Library,dpz9jrh8m,1.0
48,Malvern Library,dpz9jrh8n,1.0
48,Malvern Library,dpz9jrh8p,1.0
48,Malvern Library,dpz9jrh8q,1.0
48,Malvern Library,dpz9jrh8r,1.0
48,Malvern Library,dpz9jrh8s,1.0
48,Malvern Library,dpz9jrh8t,1.0
48,Malvern Library,dpz9jrh8u,1.0
48,Malvern Library,dpz9jrh8v,1.0
48,Malvern Library,dpz9jrh8w,1.0
48,Malvern Library,dpz9jrh8x,1.0
48,Malvern Library,dpz9jrh8y,1.0
48,Malvern Library,dpz9jrh8z,1.0
48,Malvern Library,dpz9jrh90,1.0
48,Malvern Library,dpz9jrh91,1.0
48,Malvern Library,dpz9jrh92,1.0
48,Malvern Library,dpz9jrh93,1.0
48,Malvern Library,dpz9jrh94,1.0
48,Malvern Library,dpz9jrh95,1.0
48,Malvern Library,dpz9jrh96,1.0
48,Malvern Library,dpz9jrh97,1.0
48,Malvern Library,dpz9jrh98,1.0
48,Malvern Library,dpz9jrh99,1.0
48,Malvern Library,dpz9jrh9b,1.0
48,Malvern Library,dpz9jrh9c,1.0
48,Malvern Library,dpz9jrh9d,1.0
48,Malvern Library,dpz9jrh9e,1.0
48,Malvern Library,dpz9jrh9f,1.0
48,Malvern Library,dpz9jrh9g,1.0
48,Malvern Library,dpz9jrh9h,1.0
48,Malvern Library,dpz9jrh9j,1.0
48,Malvern Library,dpz9jrh9k,1.0
48,Malvern Library,dpz9jrh9m,1.0
48,Malvern Library,dpz9jrh9n,1.0
48,Malvern Library,dpz9jrh9p,0.94
48,Malvern Library,dpz9jrh9q,1.0
48,Malvern Library,dpz9jrh9r,1.0
48,Malvern Library,dpz9jrh9s,1.0
48,Malvern Library,dpz9jrh9t,1.0
48,Malvern Library,dpz9jrh9u,1.0
48,Malvern Library,dpz9jrh9v,1.0
48,Malvern Library,dpz9jrh9w,1.0
48,Malvern Library,dpz9jrh9x,1.0
48,Malvern Library,dpz9jrh9y,1.0
48,Malvern Library,dpz9jrh9z,1.0
48,Malvern Library,dpz9jrhb0,1.0
48,Malvern Library,dpz9jrhb1,0.9961
48,Malvern Library,dpz9jrhb2,0.9787
48,Malvern Library,dpz9jrhc2,1.0
48,Malvern Library,dpz9jrhc3,0.9835
48,Malvern Library,dpz9jrhc8,1.0
48,Malvern Library,dpz9jrhc9,1.0
48,Malvern Library,dpz9jrhcb,1.0
48,Malvern Library,dpz9jrhcc,1.0
48,Malvern Library,dpz9jrhcd,1.0
48,Malvern Library,dpz9jrhce,1.0
48,Malvern Library,dpz9jrhcf,1.0
48,Malvern Library,dpz9jrhcg,1.0
48,Malvern Library,dpz9jrhcs,1.0
48,Malvern Library,dpz9jrhct,0.9803
48,Malvern Library,dpz9jrhcu,1.0
48,Malvern Library,dpz9jrhcv,1.0
48,Malvern Library,dpz9jrhcy,1.0
48,Malvern Library,dpz9jrhcz,1.0
48,Malvern Library,dpz9jrhd0,1.0
48,Malvern Library,dpz9jrhd1,1.0
48,Malvern Library,dpz9jrhd2,1.0
48,Malvern Library,dpz9jrhd3,1.0
48,Malvern Library,dpz9jrhd4,1.0
48,Malvern Library,dpz9jrhd5,1.0
48,Malvern Library,dpz9jrhd6,1.0
48,Malvern Library,dpz9jrhd7,1.0
48,Malvern Library,dpz9jrhd8,1.0
48,Malvern Library,dpz9jrhd9,1.0
48,Malvern Library,dpz9jrhdb,1.0
48,Malvern Library,dpz9jrhdc,1.0
48,Malvern Library,dpz9jrhdd,1.0
48,Malvern Library,dpz9jrhde,1.0
48,Malvern Library,dpz9jrhdf,1.0
48,Malvern Library,dpz9jrhdg,1.0
48,Malvern Library,dpz9jrhdh,1.0
48,Malvern Library,dpz9jrhdj,1.0
48,Malvern Library,dpz9jrhdk,1.0
48,Malvern Library,dpz9jrhdm,1.0
48,Malvern Library,dpz9jrhdn,1.0
48,Malvern Library,dpz9jrhdp,1.0
48,Malvern Library,dpz9jrhdq,1.0
48,Malvern Library,dpz9jrhdr,1.0
48,Malvern Library,dpz9jrhds,1.0
48,Malvern Library,dpz9jrhdt,1.0
48,Malvern Library,dpz9jrhdu,1.0
48,Malvern Library,dpz9jrhdv,1.0
48,Malvern Library,dpz9jrhdw,1.0
48,Malvern Library,dpz9jrhdx,1.0
48,Malvern Library,dpz9jrhdy,1.0
48,Malvern Library,dpz9jrhdz,1.0
48,Malvern Library,dpz9jrhe0,1.0
48,Malvern Library,dpz9jrhe1,1.0
48,Malvern Library,dpz9jrhe2,1.0
48,Malvern Library,dpz9jrhe3,1.0
48,Malvern Library,dpz9jrhe4,1.0
48,Malvern Library,dpz9jrhe5,1.0
48,Malvern Library,dpz9jrhe6,1.0
48,Malvern Library,dpz9jrhe7,1.0
48,Malvern Library,dpz9jrhed,0.9623
48,Malvern Library,dpz9jrhee,1.0
48,Malvern Library,dpz9jrheh,1.0
48,Malvern Library,dpz9jrhej,1.0
48,Malvern Library,dpz9jrhek,1.0
48,Malvern Library,dpz9jrhem,1.0
48,Malvern Library,dpz9jrhen,1.0
48,Malvern Library,dpz9jrhep,1.0
48,Malvern Library,dpz9jrheq,1.0
48,Malvern Library,dpz9jrher,1.0
48,Malvern Library,dpz9jrhes,1.0
48,Malvern Library,dpz9jrhet,1.0
48,Malvern Library,dpz9jrhew,1.0
48,Malvern Library,dpz9jrhex,1.0
48,Malvern Library,dpz9jrhey,0.8982
48,Malvern Library,dpz9jrhez,1.0
48,Malvern Library,dpz9jrhf0,1.0
48,Malvern Library,dpz9jrhf1,1.0
48,Malvern Library,dpz9jrhf2,1.0
48,Malvern Library,dpz9jrhf3,1.0
48,Malvern Library,dpz9jrhf4,1.0
48,Malvern Library,dpz9jrhf5,1.0
48,Malvern Library,dpz9jrhf6,1.0
48,Malvern Library,dpz9jrhf7,1.0
48,Malvern Library,dpz9jrhf8,1.0
48,Malvern Library,dpz9jrhf9,1.0
48,Malvern Library,dpz9jrhfb,1.0
48,Malvern Library,dpz9jrhfc,1.0
48,Malvern Library,dpz9jrhfd,1.0
48,Malvern Library,dpz9jrhfe,1.0
48,Malvern Library,dpz9jrhff,1.0
48,Malvern Library,dpz9jrhfg,1.0
48,Malvern Library,dpz9jrhfh,1.0
48,Malvern Library,dpz9jrhfj,1.0
48,Malvern Library,dpz9jrhfk,1.0
48,Malvern Library,dpz9jrhfm,1.0
48,Malvern Library,dpz9jrhfn,1.0
48,Malvern Library,dpz9jrhfp,0.9992
48,Malvern Library,dpz9jrhfq,0.9299
48,Malvern Library,dpz9jrhfs,1.0
48,Malvern Library,dpz9jrhft,1.0
48,Malvern Library,dpz9jrhfu,1.0
48,Malvern Library,dpz9jrhfv,0.9913
48,Malvern Library,dpz9jrhg0,1.0
48,Malvern Library,dpz9jrhg1,1.0
48,Malvern Library,dpz9jrhg2,1.0
48,Malvern Library,dpz9jrhg3,1.0
48,Malvern Library,dpz9jrhg4,1.0
48,Malvern Library,dpz9jrhg5,1.0
48,Malvern Library,dpz9jrhg6,1.0
48,Malvern Library,dpz9jrhg7,1.0
48,Malvern Library,dpz9jrhg8,1.0
48,Malvern Library,dpz9jrhg9,1.0
48,Malvern Library,dpz9jrhgb,1.0
48,Malvern Library,dpz9jrhgc,1.0
48,Malvern Library,dpz9jrhgd,1.0
48,Malvern Library,dpz9jrhge,1.0
48,Malvern Library,dpz9jrhgf,1.0
48,Malvern Library,dpz9jrhgg,1.0
48,Malvern Library,dpz9jrhgh,1.0
48,Malvern Library,dpz9jrhgk,1.0
48,Malvern Library,dpz9jrhgs,0.8554
48,Malvern Library,dpz9jrhu4,0.814
48,Malvern Library,dpz9jrhu5,0.9453
48,Malvern Library,dpz9jrj1b,1.0
48,Malvern Library,dpz9jrj1c,0.9521
48,Malvern Library,dpz9jrj40,1.0
49,Massey Hall,dpz83dvvs,0.9095
49,Massey Hall,dpz83dvvt,1.0
49,Massey Hall,dpz83dvvu,1.0
49,Massey Hall,dpz83dvvv,1.0
49,Massey Hall,dpz83dvvw,1.0
49,Massey Hall,dpz83dvvx,0.9921
49,Massey Hall,dpz83dvvy,1.0
49,Massey Hall,dpz83dvvz,1.0
49,Massey Hall,dpz83dvy7,0.9962
49,Massey Hall,dpz83dvye,1.0
49,Massey Hall,dpz83dvyf,0.9254
49,Massey Hall,dpz83dvyg,1.0
49,Massey Hall,dpz83dvyh,1.0
49,Massey Hall,dpz83dvyj,1.0
49,Massey Hall,dpz83dvyk,1.0
49,Massey Hall,dpz83dvym,1.0
49,Massey Hall,dpz83dvyn,1.0
49,Massey Hall,dpz83dvyp,1.0
49,Massey Hall,dpz83dvyq,1.0
49,Massey Hall,dpz83dvyr,1.0
49,Massey Hall,dpz83dvys,1.0
49,Massey Hall,dpz83dvyt,1.0
49,Massey Hall,dpz83dvyu,1.0
49,Massey Hall,dpz83dvyv,1.0
49,Massey Hall,dpz83dvyw,1.0
49,Massey Hall,dpz83dvyx,1.0
49,Massey Hall,dpz83dvyy,1.0
49,Massey Hall,dpz83dvyz,1.0
49,Massey Hall,dpz83dvz4,1.0
49,Massey Hall,dpz83dvz5,1.0
49,Massey Hall,dpz83dvz6,1.0
49,Massey Hall,dpz83dvz7,1.0
49,Massey Hall,dpz83dvz9,0.9729
49,Massey Hall,dpz83dvzd,1.0
49,Massey Hall,dpz83dvze,1.0
49,Massey Hall,dpz83dvzh,1.0
49,Massey Hall,dpz83dvzj,1.0
49,Massey Hall,dpz83dvzk,1.0
49,Massey Hall,dpz83dvzm,1.0
49,Massey Hall,dpz83dvzn,1.0
49,Massey Hall,dpz83dvzp,1.0
49,Massey Hall,dpz83dvzq,1.0
49,Massey Hall,dpz83dvzr,1.0
49,Massey Hall,dpz83dvzs,1.0
49,Massey Hall,dpz83dvzt,1.0
49,Massey Hall,dpz83dvzu,0.8483
49,Massey Hall,dpz83dvzv,0.9951
49,Massey Hall,dpz83dvzw,1.0
49,Massey Hall,dpz83dvzx,1.0
49,Massey Hall,dpz83dvzy,1.0
49,Massey Hall,dpz83dvzz,1.0
49,Massey Hall,dpz83dyj8,0.836
49,Massey Hall,dpz83dyjb,1.0
49,Massey Hall,dpz83dyjc,1.0
49,Massey Hall,dpz83dyjf,1.0
49,Massey Hall,dpz83dyjg,1.0
49,Massey Hall,dpz83dyju,0.9672
49,Massey Hall,dpz83dyn0,1.0
49,Massey Hall,dpz83dyn1,1.0
49,Massey Hall,dpz83dyn2,1.0
49,Massey Hall,dpz83dyn3,1.0
49,Massey Hall,dpz83dyn4,1.0
49,Massey Hall,dpz83dyn5,1.0
49,Massey Hall,dpz83dyn6,1.0
49,Massey Hall,dpz83dyn7,1.0
49,Massey Hall,dpz83dyn8,1.0
49,Massey Hall,dpz83dyn9,1.0
49,Massey Hall,dpz83dynb,1.0
49,Massey Hall,dpz83dync,1.0
49,Massey Hall,dpz83dynd,1.0
49,Massey Hall,dpz83dyne,1.0
49,Massey Hall,dpz83dynf,1.0
49,Massey Hall,dpz83dyng,1.0
49,Massey Hall,dpz83dynh,1.0
49,Massey Hall,dpz83dynj,1.0
49,Massey Hall,dpz83dynk,1.0
49,Massey Hall,dpz83dynm,0.821
49,Massey Hall,dpz83dyns,1.0
49,Massey Hall,dpz83dynu,0.955
49,Massey Hall,dpz83dyp0,1.0
49,Massey Hall,dpz83dyp1,1.0
49,Massey Hall,dpz83dyp2,1.0
49,Massey Hall,dpz83dyp3,1.0
49,Massey Hall,dpz83dyp4,1.0
49,Massey Hall,dpz83dyp5,1.0
49,Massey Hall,dpz83dyp6,1.0
49,Massey Hall,dpz83dyp7,1.0
49,Massey Hall,dpz83dyp8,1.0
49,Massey Hall,dpz83dyp9,1.0
49,Massey Hall,dpz83dypb,1.0
49,Massey Hall,dpz83dypc,1.0
49,Massey Hall,dpz83dypd,1.0
49,Massey Hall,dpz83dypf,1.0
49,Massey Hall,dpz83en04,0.8267
50,Mercer Union,dpz827b45,0.9783
50,Mercer Union,dpz827b47,1.0
50,Mercer Union,dpz827b4d,0.8424
50,Mercer Union,dpz827b4e,1.0
50,Mercer Union,dpz827b4f,1.0
50,Mercer Union,dpz827b4g,1.0
50,Mercer Union,dpz827b4h,1.0
50,Mercer Union,dpz827b4j,0.9888
50,Mercer Union,dpz827b4k,1.0
50,Mercer Union,dpz827b4s,1.0
50,Mercer Union,dpz827b4u,0.9119
51,Meridian Arts Centre,dpz8bz7cg,1.0
51,Meridian Arts Centre,dpz8bz7cu,1.0
51,Meridian Arts Centre,dpz8bz7cv,0.9865
51,Meridian Arts Centre,dpz8bz7cy,0.8107
51,Meridian Arts Centre,dpz8bz7f4,0.9665
51,Meridian Arts Centre,dpz8bz7f5,1.0
51,Meridian Arts Centre,dpz8bz7f6,1.0
51,Meridian Arts Centre,dpz8bz7f7,1.0
51,Meridian Arts Centre,dpz8bz7f9,0.8719
51,Meridian Arts Centre,dpz8bz7fc,1.0
51,Meridian Arts Centre,dpz8bz7fd,1.0
51,Meridian Arts Centre,dpz8bz7fe,1.0
51,Meridian Arts Centre,dpz8bz7ff,1.0
51,Meridian Arts Centre,dpz8bz7fg,1.0
51,Meridian Arts Centre,dpz8bz7fh,1.0
51,Meridian Arts Centre,dpz8bz7fj,1.0
51,Meridian Arts Centre,dpz8bz7fk,1.0
51,Meridian Arts Centre,dpz8bz7fm,1.0
51,Meridian Arts Centre,dpz8bz7fn,1.0
51,Meridian Arts Centre,dpz8bz7fp,1.0
51,Meridian Arts Centre,dpz8bz7fq,1.0
51,Meridian Arts Centre,dpz8bz7fr,1.0
51,Meridian Arts Centre,dpz8bz7fs,1.0
51,Meridian Arts Centre,dpz8bz7ft,1.0
51,Meridian Arts Centre,dpz8bz7fu,1.0
51,Meridian Arts Centre,dpz8bz7fv,1.0
51,Meridian Arts Centre,dpz8bz7fw,1.0
51,Meridian Arts Centre,dpz8bz7fx,1.0
51,Meridian Arts Centre,dpz8bz7fy,1.0
51,Meridian Arts Centre,dpz8bz7fz,1.0
51,Meridian Arts Centre,dpz8bz7g1,1.0
51,Meridian Arts Centre,dpz8bz7g3,1.0
51,Meridian Arts Centre,dpz8bz7g4,1.0
51,Meridian Arts Centre,dpz8bz7g5,1.0
51,Meridian Arts Centre,dpz8bz7g6,1.0
51,Meridian Arts Centre,dpz8bz7g7,1.0
51,Meridian Arts Centre,dpz8bz7g8,0.9652
51,Meridian Arts Centre,dpz8bz7g9,1.0
51,Meridian Arts Centre,dpz8bz7gb,1.0
51,Meridian Arts Centre,dpz8bz7gc,1.0
51,Meridian Arts Centre,dpz8bz7gd,1.0
51,Meridian Arts Centre,dpz8bz7ge,1.0
51,Meridian Arts Centre,dpz8bz7gf,1.0
51,Meridian Arts Centre,dpz8bz7gg,1.0
51,Meridian Arts Centre,dpz8bz7gh,1.0
51,Meridian Arts Centre,dpz8bz7gj,1.0
51,Meridian Arts Centre,dpz8bz7gk,1.0
51,Meridian Arts Centre,dpz8bz7gm,1.0
51,Meridian Arts Centre,dpz8bz7gn,1.0
51,Meridian Arts Centre,dpz8bz7gp,1.0
51,Meridian Arts Centre,dpz8bz7gq,1.0
51,Meridian Arts Centre,dpz8bz7gr,1.0
51,Meridian Arts Centre,dpz8bz7gs,1.0
51,Meridian Arts Centre,dpz8bz7gt,1.0
51,Meridian Arts Centre,dpz8bz7gu,1.0
51,Meridian Arts Centre,dpz8bz7gv,1.0
51,Meridian Arts Centre,dpz8bz7gw,1.0
51,Meridian Arts Centre,dpz8bz7gx,1.0
51,Meridian Arts Centre,dpz8bz7gy,1.0
51,Meridian Arts Centre,dpz8bz7gz,1.0
51,Meridian Arts Centre,dpz8bz7sr,0.9548
51,Meridian Arts Centre,dpz8bz7sx,1.0
51,Meridian Arts Centre,dpz8bz7sz,1.0
51,Meridian Arts Centre,dpz8bz7tp,0.9569
51,Meridian Arts Centre,dpz8bz7u0,1.0
51,Meridian Arts Centre,dpz8bz7u1,1.0
51,Meridian Arts Centre,dpz8bz7u2,1.0
51,Meridian Arts Centre,dpz8bz7u3,1.0
51,Meridian Arts Centre,dpz8bz7u4,1.0
51,Meridian Arts Centre,dpz8bz7u5,1.0
51,Meridian Arts Centre,dpz8bz7u6,1.0
51,Meridian Arts Centre,dpz8bz7u7,1.0
51,Meridian Arts Centre,dpz8bz7u8,1.0
51,Meridian Arts Centre,dpz8bz7u9,1.0
51,Meridian Arts Centre,dpz8bz7ub,1.0
51,Meridian Arts Centre,dpz8bz7uc,1.0
51,Meridian Arts Centre,dpz8bz7ud,1.0
51,Meridian Arts Centre,dpz8bz7ue,1.0
51,Meridian Arts Centre,dpz8bz7uf,1.0
51,Meridian Arts Centre,dpz8bz7ug,1.0
51,Meridian Arts Centre,dpz8bz7uh,1.0
51,Meridian Arts Centre,dpz8bz7uj,1.0
51,Meridian Arts Centre,dpz8bz7uk,1.0
51,Meridian Arts Centre,dpz8bz7um,1.0
51,Meridian Arts Centre,dpz8bz7un,1.0
51,Meridian Arts Centre,dpz8bz7up,1.0
51,Meridian Arts Centre,dpz8bz7uq,1.0
51,Meridian Arts Centre,dpz8bz7ur,1.0
51,Meridian Arts Centre,dpz8bz7us,1.0
51,Meridian Arts Centre,dpz8bz7ut,1.0
51,Meridian Arts Centre,dpz8bz7uu,1.0
51,Meridian Arts Centre,dpz8bz7uv,1.0
51,Meridian Arts Centre,dpz8bz7uw,1.0
51,Meridian Arts Centre,dpz8bz7ux,1.0
51,Meridian Arts Centre,dpz8bz7uy,1.0
51,Meridian Arts Centre,dpz8bz7uz,1.0
51,Meridian Arts Centre,dpz8bz7v0,1.0
51,Meridian Arts Centre,dpz8bz7v1,1.0
51,Meridian Arts Centre,dpz8bz7v4,1.0
51,Meridian Arts Centre,dpz8bz7v5,1.0
51,Meridian Arts Centre,dpz8bz7v7,0.8574
51,Meridian Arts Centre,dpz8bz7vh,1.0
51,Meridian Arts Centre,dpz8bz7vj,1.0
51,Meridian Arts Centre,dpz8bz7vn,1.0
51,Meridian Arts Centre,dpz8bz7vp,1.0
51,Meridian Arts Centre,dpz8bz7vq,0.8147
51,Meridian Arts Centre,dpz8bz7vr,0.9249
51,Meridian Arts Centre,dpz8bzk14,1.0
51,Meridian Arts Centre,dpz8bzk15,0.9999
51,Meridian Arts Centre,dpz8bzk16,1.0
51,Meridian Arts Centre,dpz8bzk17,1.0
51,Meridian Arts Centre,dpz8bzk19,0.9986
51,Meridian Arts Centre,dpz8bzk1c,1.0
51,Meridian Arts Centre,dpz8bzk1d,1.0
51,Meridian Arts Centre,dpz8bzk1e,1.0
51,Meridian Arts Centre,dpz8bzk1f,1.0
51,Meridian Arts Centre,dpz8bzk1g,1.0
51,Meridian Arts Centre,dpz8bzk1h,0.8841
51,Meridian Arts Centre,dpz8bzk1k,1.0
51,Meridian Arts Centre,dpz8bzk1m,1.0
51,Meridian Arts Centre,dpz8bzk1q,1.0
51,Meridian Arts Centre,dpz8bzk1r,1.0
51,Meridian Arts Centre,dpz8bzk1s,1.0
51,Meridian Arts Centre,dpz8bzk1t,1.0
51,Meridian Arts Centre,dpz8bzk1u,1.0
51,Meridian Arts Centre,dpz8bzk1v,1.0
51,Meridian Arts Centre,dpz8bzk1w,1.0
51,Meridian Arts Centre,dpz8bzk1x,1.0
51,Meridian Arts Centre,dpz8bzk1y,1.0
51,Meridian Arts Centre,dpz8bzk1z,1.0
51,Meridian Arts Centre,dpz8bzk32,0.9696
51,Meridian Arts Centre,dpz8bzk38,1.0
51,Meridian Arts Centre,dpz8bzk39,1.0
51,Meridian Arts Centre,dpz8bzk3b,1.0
51,Meridian Arts Centre,dpz8bzk3c,1.0
51,Meridian Arts Centre,dpz8bzk3d,1.0
51,Meridian Arts Centre,dpz8bzk3e,1.0
51,Meridian Arts Centre,dpz8bzk3f,1.0
51,Meridian Arts Centre,dpz8bzk3g,1.0
51,Meridian Arts Centre,dpz8bzk3s,0.9999
51,Meridian Arts Centre,dpz8bzk3t,0.8833
51,Meridian Arts Centre,dpz8bzk3u,1.0
51,Meridian Arts Centre,dpz8bzk3v,1.0
51,Meridian Arts Centre,dpz8bzk3y,1.0
51,Meridian Arts Centre,dpz8bzk3z,1.0
51,Meridian Arts Centre,dpz8bzk40,1.0
51,Meridian Arts Centre,dpz8bzk41,1.0
51,Meridian Arts Centre,dpz8bzk42,1.0
51,Meridian Arts Centre,dpz8bzk43,1.0
51,Meridian Arts Centre,dpz8bzk44,1.0
51,Meridian Arts Centre,dpz8bzk45,1.0
51,Meridian Arts Centre,dpz8bzk46,1.0
51,Meridian Arts Centre,dpz8bzk47,1.0
51,Meridian Arts Centre,dpz8bzk48,1.0
51,Meridian Arts Centre,dpz8bzk49,1.0
51,Meridian Arts Centre,dpz8bzk4b,1.0
51,Meridian Arts Centre,dpz8bzk4c,1.0
51,Meridian Arts Centre,dpz8bzk4d,1.0
51,Meridian Arts Centre,dpz8bzk4e,1.0
51,Meridian Arts Centre,dpz8bzk4f,1.0
51,Meridian Arts Centre,dpz8bzk4g,1.0
51,Meridian Arts Centre,dpz8bzk4h,1.0
51,Meridian Arts Centre,dpz8bzk4j,1.0
51,Meridian Arts Centre,dpz8bzk4k,1.0
51,Meridian Arts Centre,dpz8bzk4m,1.0
51,Meridian Arts Centre,dpz8bzk4n,1.0
51,Meridian Arts Centre,dpz8bzk4p,1.0
51,Meridian Arts Centre,dpz8bzk4q,1.0
51,Meridian Arts Centre,dpz8bzk4r,1.0
51,Meridian Arts Centre,dpz8bzk4s,1.0
51,Meridian Arts Centre,dpz8bzk4t,1.0
51,Meridian Arts Centre,dpz8bzk4u,1.0
51,Meridian Arts Centre,dpz8bzk4v,1.0
51,Meridian Arts Centre,dpz8bzk4w,1.0
51,Meridian Arts Centre,dpz8bzk4x,1.0
51,Meridian Arts Centre,dpz8bzk4y,1.0
51,Meridian Arts Centre,dpz8bzk4z,1.0
51,Meridian Arts Centre,dpz8bzk50,1.0
51,Meridian Arts Centre,dpz8bzk51,1.0
51,Meridian Arts Centre,dpz8bzk52,1.0
51,Meridian Arts Centre,dpz8bzk53,1.0
51,Meridian Arts Centre,dpz8bzk54,1.0
51,Meridian Arts Centre,dpz8bzk55,1.0
51,Meridian Arts Centre,dpz8bzk56,1.0
51,Meridian Arts Centre,dpz8bzk57,1.0
51,Meridian Arts Centre,dpz8bzk58,1.0
51,Meridian Arts Centre,dpz8bzk59,1.0
51,Meridian Arts Centre,dpz8bzk5b,1.0
51,Meridian Arts Centre,dpz8bzk5c,1.0
51,Meridian Arts Centre,dpz8bzk5d,1.0
51,Meridian Arts Centre,dpz8bzk5e,1.0
51,Meridian Arts Centre,dpz8bzk5f,1.0
51,Meridian Arts Centre,dpz8bzk5g,1.0
51,Meridian Arts Centre,dpz8bzk5h,1.0
51,Meridian Arts Centre,dpz8bzk5j,1.0
51,Meridian Arts Centre,dpz8bzk5k,1.0
51,Meridian Arts Centre,dpz8bzk5m,1.0
51,Meridian Arts Centre,dpz8bzk5n,1.0
51,Meridian Arts Centre,dpz8bzk5p,1.0
51,Meridian Arts Centre,dpz8bzk5q,1.0
51,Meridian Arts Centre,dpz8bzk5r,1.0
51,Meridian Arts Centre,dpz8bzk5s,1.0
51,Meridian Arts Centre,dpz8bzk5t,1.0
51,Meridian Arts Centre,dpz8bzk5u,1.0
51,Meridian Arts Centre,dpz8bzk5v,1.0
51,Meridian Arts Centre,dpz8bzk5w,1.0
51,Meridian Arts Centre,dpz8bzk5x,1.0
51,Meridian Arts Centre,dpz8bzk5y,1.0
51,Meridian Arts Centre,dpz8bzk5z,1.0
51,Meridian Arts Centre,dpz8bzk60,1.0
51,Meridian Arts Centre,dpz8bzk61,1.0
51,Meridian Arts Centre,dpz8bzk62,1.0
51,Meridian Arts Centre,dpz8bzk63,1.0
51,Meridian Arts Centre,dpz8bzk64,1.0
51,Meridian Arts Centre,dpz8bzk65,1.0
51,Meridian Arts Centre,dpz8bzk66,1.0
51,Meridian Arts Centre,dpz8bzk67,1.0
51,Meridian Arts Centre,dpz8bzk68,1.0
51,Meridian Arts Centre,dpz8bzk69,1.0
51,Meridian Arts Centre,dpz8bzk6b,1.0
51,Meridian Arts Centre,dpz8bzk6c,1.0
51,Meridian Arts Centre,dpz8bzk6d,1.0
51,Meridian Arts Centre,dpz8bzk6e,1.0
51,Meridian Arts Centre,dpz8bzk6f,1.0
51,Meridian Arts Centre,dpz8bzk6g,1.0
51,Meridian Arts Centre,dpz8bzk6h,1.0
51,Meridian Arts Centre,dpz8bzk6j,1.0
51,Meridian Arts Centre,dpz8bzk6k,1.0
51,Meridian Arts Centre,dpz8bzk6m,1.0
51,Meridian Arts Centre,dpz8bzk6n,1.0
51,Meridian Arts Centre,dpz8bzk6p,1.0
51,Meridian Arts Centre,dpz8bzk6q,1.0
51,Meridian Arts Centre,dpz8bzk6r,0.9936
51,Meridian Arts Centre,dpz8bzk6s,1.0
51,Meridian Arts Centre,dpz8bzk6t,1.0
51,Meridian Arts Centre,dpz8bzk6u,1.0
51,Meridian Arts Centre,dpz8bzk6v,1.0
51,Meridian Arts Centre,dpz8bzk6w,1.0
51,Meridian Arts Centre,dpz8bzk6x,0.9849
51,Meridian Arts Centre,dpz8bzk6y,1.0
51,Meridian Arts Centre,dpz8bzk6z,1.0
51,Meridian Arts Centre,dpz8bzk70,1.0
51,Meridian Arts Centre,dpz8bzk71,1.0
51,Meridian Arts Centre,dpz8bzk72,1.0
51,Meridian Arts Centre,dpz8bzk73,1.0
51,Meridian Arts Centre,dpz8bzk74,1.0
51,Meridian Arts Centre,dpz8bzk75,1.0
51,Meridian Arts Centre,dpz8bzk76,1.0
51,Meridian Arts Centre,dpz8bzk77,1.0
51,Meridian Arts Centre,dpz8bzk78,1.0
51,Meridian Arts Centre,dpz8bzk79,1.0
51,Meridian Arts Centre,dpz8bzk7b,1.0
51,Meridian Arts Centre,dpz8bzk7c,1.0
51,Meridian Arts Centre,dpz8bzk7d,1.0
51,Meridian Arts Centre,dpz8bzk7e,1.0
51,Meridian Arts Centre,dpz8bzk7f,1.0
51,Meridian Arts Centre,dpz8bzk7g,1.0
51,Meridian Arts Centre,dpz8bzk7h,1.0
51,Meridian Arts Centre,dpz8bzk7j,1.0
51,Meridian Arts Centre,dpz8bzk7k,1.0
51,Meridian Arts Centre,dpz8bzk7m,1.0
51,Meridian Arts Centre,dpz8bzk7n,1.0
51,Meridian Arts Centre,dpz8bzk7p,1.0
51,Meridian Arts Centre,dpz8bzk7q,1.0
51,Meridian Arts Centre,dpz8bzk7r,1.0
51,Meridian Arts Centre,dpz8bzk7s,1.0
51,Meridian Arts Centre,dpz8bzk7t,1.0
51,Meridian Arts Centre,dpz8bzk7u,1.0
51,Meridian Arts Centre,dpz8bzk7v,1.0
51,Meridian Arts Centre,dpz8bzk7w,1.0
51,Meridian Arts Centre,dpz8bzk7x,1.0
51,Meridian Arts Centre,dpz8bzk7y,1.0
51,Meridian Arts Centre,dpz8bzk7z,1.0
51,Meridian Arts Centre,dpz8bzk9b,0.9313
51,Meridian Arts Centre,dpz8bzkdb,1.0
51,Meridian Arts Centre,dpz8bzkdc,1.0
51,Meridian Arts Centre,dpz8bzkdf,1.0
51,Meridian Arts Centre,dpz8bzke0,1.0
51,Meridian Arts Centre,dpz8bzke1,1.0
51,Meridian Arts Centre,dpz8bzke2,1.0
51,Meridian Arts Centre,dpz8bzke3,1.0
51,Meridian Arts Centre,dpz8bzke4,0.8235
51,Meridian Arts Centre,dpz8bzke8,1.0
51,Meridian Arts Centre,dpz8bzke9,0.9367
51,Meridian Arts Centre,dpz8bzkeb,1.0
51,Meridian Arts Centre,dpz8bzkh0,1.0
51,Meridian Arts Centre,dpz8bzkh1,1.0
51,Meridian Arts Centre,dpz8bzkh2,1.0
51,Meridian Arts Centre,dpz8bzkh3,1.0
51,Meridian Arts Centre,dpz8bzkh4,1.0
51,Meridian Arts Centre,dpz8bzkh5,1.0
51,Meridian Arts Centre,dpz8bzkh6,1.0
51,Meridian Arts Centre,dpz8bzkh7,1.0
51,Meridian Arts Centre,dpz8bzkh8,1.0
51,Meridian Arts Centre,dpz8bzkh9,1.0
51,Meridian Arts Centre,dpz8bzkhb,1.0
51,Meridian Arts Centre,dpz8bzkhc,1.0
51,Meridian Arts Centre,dpz8bzkhd,1.0
51,Meridian Arts Centre,dpz8bzkhe,1.0
51,Meridian Arts Centre,dpz8bzkhf,1.0
51,Meridian Arts Centre,dpz8bzkhg,1.0
51,Meridian Arts Centre,dpz8bzkhh,1.0
51,Meridian Arts Centre,dpz8bzkhj,1.0
51,Meridian Arts Centre,dpz8bzkhk,1.0
51,Meridian Arts Centre,dpz8bzkhm,1.0
51,Meridian Arts Centre,dpz8bzkhn,1.0
51,Meridian Arts Centre,dpz8bzkhp,1.0
51,Meridian Arts Centre,dpz8bzkhq,1.0
51,Meridian Arts Centre,dpz8bzkhr,1.0
51,Meridian Arts Centre,dpz8bzkhs,1.0
51,Meridian Arts Centre,dpz8bzkht,1.0
51,Meridian Arts Centre,dpz8bzkhu,1.0
51,Meridian Arts Centre,dpz8bzkhv,1.0
51,Meridian Arts Centre,dpz8bzkhw,1.0
51,Meridian Arts Centre,dpz8bzkhx,1.0
51,Meridian Arts Centre,dpz8bzkhy,1.0
51,Meridian Arts Centre,dpz8bzkhz,1.0
51,Meridian Arts Centre,dpz8bzkj0,1.0
51,Meridian Arts Centre,dpz8bzkj1,1.0
51,Meridian Arts Centre,dpz8bzkj2,1.0
51,Meridian Arts Centre,dpz8bzkj3,1.0
51,Meridian Arts Centre,dpz8bzkj4,1.0
51,Meridian Arts Centre,dpz8bzkj5,1.0
51,Meridian Arts Centre,dpz8bzkj6,1.0
51,Meridian Arts Centre,dpz8bzkj7,1.0
51,Meridian Arts Centre,dpz8bzkj9,1.0
51,Meridian Arts Centre,dpz8bzkjd,1.0
51,Meridian Arts Centre,dpz8bzkje,1.0
51,Meridian Arts Centre,dpz8bzkjh,1.0
51,Meridian Arts Centre,dpz8bzkjj,1.0
51,Meridian Arts Centre,dpz8bzkjk,1.0
51,Meridian Arts Centre,dpz8bzkjm,1.0
51,Meridian Arts Centre,dpz8bzkjn,1.0
51,Meridian Arts Centre,dpz8bzkjp,1.0
51,Meridian Arts Centre,dpz8bzkjq,1.0
51,Meridian Arts Centre,dpz8bzkjr,1.0
51,Meridian Arts Centre,dpz8bzkjs,1.0
51,Meridian Arts Centre,dpz8bzkjt,1.0
51,Meridian Arts Centre,dpz8bzkju,0.8142
51,Meridian Arts Centre,dpz8bzkjw,1.0
51,Meridian Arts Centre,dpz8bzkjx,1.0
51,Meridian Arts Centre,dpz8bzkjz,1.0
51,Meridian Arts Centre,dpz8bzkk0,1.0
51,Meridian Arts Centre,dpz8bzkk1,1.0
51,Meridian Arts Centre,dpz8bzkk2,1.0
51,Meridian Arts Centre,dpz8bzkk3,1.0
51,Meridian Arts Centre,dpz8bzkk4,1.0
51,Meridian Arts Centre,dpz8bzkk5,1.0
51,Meridian Arts Centre,dpz8bzkk6,1.0
51,Meridian Arts Centre,dpz8bzkk7,1.0
51,Meridian Arts Centre,dpz8bzkk8,1.0
51,Meridian Arts Centre,dpz8bzkk9,1.0
51,Meridian Arts Centre,dpz8bzkkb,1.0
51,Meridian Arts Centre,dpz8bzkkc,1.0
51,Meridian Arts Centre,dpz8bzkkd,1.0
51,Meridian Arts Centre,dpz8bzkke,1.0
51,Meridian Arts Centre,dpz8bzkkf,1.0
51,Meridian Arts Centre,dpz8bzkkg,1.0
51,Meridian Arts Centre,dpz8bzkkh,1.0
51,Meridian Arts Centre,dpz8bzkkj,1.0
51,Meridian Arts Centre,dpz8bzkkk,1.0
51,Meridian Arts Centre,dpz8bzkkm,1.0
51,Meridian Arts Centre,dpz8bzkkn,1.0
51,Meridian Arts Centre,dpz8bzkkp,1.0
51,Meridian Arts Centre,dpz8bzkkq,1.0
51,Meridian Arts Centre,dpz8bzkkr,1.0
51,Meridian Arts Centre,dpz8bzkks,1.0
51,Meridian Arts Centre,dpz8bzkkt,1.0
51,Meridian Arts Centre,dpz8bzkku,1.0
51,Meridian Arts Centre,dpz8bzkkv,1.0
51,Meridian Arts Centre,dpz8bzkkw,1.0
51,Meridian Arts Centre,dpz8bzkkx,1.0
51,Meridian Arts Centre,dpz8bzkky,1.0
51,Meridian Arts Centre,dpz8bzkkz,1.0
51,Meridian Arts Centre,dpz8bzkm0,1.0
51,Meridian Arts Centre,dpz8bzkm1,1.0
51,Meridian Arts Centre,dpz8bzkm2,1.0
51,Meridian Arts Centre,dpz8bzkm3,1.0
51,Meridian Arts Centre,dpz8bzkm4,1.0
51,Meridian Arts Centre,dpz8bzkm5,1.0
51,Meridian Arts Centre,dpz8bzkm6,1.0
51,Meridian Arts Centre,dpz8bzkm7,1.0
51,Meridian Arts Centre,dpz8bzkm8,1.0
51,Meridian Arts Centre,dpz8bzkm9,1.0
51,Meridian Arts Centre,dpz8bzkmb,1.0
51,Meridian Arts Centre,dpz8bzkmc,1.0
51,Meridian Arts Centre,dpz8bzkmd,1.0
51,Meridian Arts Centre,dpz8bzkme,1.0
51,Meridian Arts Centre,dpz8bzkmf,1.0
51,Meridian Arts Centre,dpz8bzkmg,1.0
51,Meridian Arts Centre,dpz8bzkmh,1.0
51,Meridian Arts Centre,dpz8bzkmj,1.0
51,Meridian Arts Centre,dpz8bzkmk,1.0
51,Meridian Arts Centre,dpz8bzkmm,1.0
51,Meridian Arts Centre,dpz8bzkmn,1.0
51,Meridian Arts Centre,dpz8bzkmp,1.0
51,Meridian Arts Centre,dpz8bzkmq,1.0
51,Meridian Arts Centre,dpz8bzkms,1.0
51,Meridian Arts Centre,dpz8bzkmt,1.0
51,Meridian Arts Centre,dpz8bzkmu,1.0
51,Meridian Arts Centre,dpz8bzkmv,1.0
51,Meridian Arts Centre,dpz8bzkmw,1.0
51,Meridian Arts Centre,dpz8bzkmy,1.0
51,Meridian Arts Centre,dpz8bzkq0,0.9267
51,Meridian Arts Centre,dpz8bzkq1,1.0
51,Meridian Arts Centre,dpz8bzkq4,1.0
51,Meridian Arts Centre,dpz8bzkq5,1.0
51,Meridian Arts Centre,dpz8bzkq7,0.8902
51,Meridian Arts Centre,dpz8bzkqh,1.0
51,Meridian Arts Centre,dpz8bzkqj,1.0
51,Meridian Arts Centre,dpz8bzkqk,1.0
51,Meridian Arts Centre,dpz8bzkqm,0.9915
51,Meridian Arts Centre,dpz8bzkqn,0.9822
51,Meridian Arts Centre,dpz8bzks0,0.9931
51,Meridian Arts Centre,dpz8bzks2,0.9932
51,Meridian Arts Centre,dpz8bzks8,1.0
51,Meridian Arts Centre,dpz8bzks9,1.0
51,Meridian Arts Centre,dpz8bzksb,1.0
51,Meridian Arts Centre,dpz8bzksc,0.9395
51,Meridian Arts Centre,dpz8bzksd,1.0
51,Meridian Arts Centre,dpz8bzkse,0.9956
52,Meridian Hall,dpz839xft,0.9872
52,Meridian Hall,dpz839xfv,1.0
52,Meridian Hall,dpz839xfw,1.0
52,Meridian Hall,dpz839xfx,0.9998
52,Meridian Hall,dpz839xfy,1.0
52,Meridian Hall,dpz839xfz,1.0
52,Meridian Hall,dpz839xgg,0.9995
52,Meridian Hall,dpz839xgh,0.942
52,Meridian Hall,dpz839xgj,1.0
52,Meridian Hall,dpz839xgk,1.0
52,Meridian Hall,dpz839xgm,1.0
52,Meridian Hall,dpz839xgn,1.0
52,Meridian Hall,dpz839xgp,1.0
52,Meridian Hall,dpz839xgq,1.0
52,Meridian Hall,dpz839xgr,1.0
52,Meridian Hall,dpz839xgs,1.0
52,Meridian Hall,dpz839xgt,1.0
52,Meridian Hall,dpz839xgu,1.0
52,Meridian Hall,dpz839xgv,1.0
52,Meridian Hall,dpz839xgw,1.0
52,Meridian Hall,dpz839xgx,1.0
52,Meridian Hall,dpz839xgy,1.0
52,Meridian Hall,dpz839xgz,1.0
52,Meridian Hall,dpz839xu5,1.0
52,Meridian Hall,dpz839xu6,0.9373
52,Meridian Hall,dpz839xu7,1.0
52,Meridian Hall,dpz839xud,1.0
52,Meridian Hall,dpz839xue,1.0
52,Meridian Hall,dpz839xuf,1.0
52,Meridian Hall,dpz839xug,1.0
52,Meridian Hall,dpz839xuh,1.0
52,Meridian Hall,dpz839xuj,1.0
52,Meridian Hall,dpz839xuk,1.0
52,Meridian Hall,dpz839xum,1.0
52,Meridian Hall,dpz839xun,1.0
52,Meridian Hall,dpz839xup,1.0
52,Meridian Hall,dpz839xuq,1.0
52,Meridian Hall,dpz839xur,1.0
52,Meridian Hall,dpz839xus,1.0
52,Meridian Hall,dpz839xut,1.0
52,Meridian Hall,dpz839xuu,1.0
52,Meridian Hall,dpz839xuv,1.0
52,Meridian Hall,dpz839xuw,1.0
52,Meridian Hall,dpz839xux,1.0
52,Meridian Hall,dpz839xuy,1.0
52,Meridian Hall,dpz839xuz,1.0
52,Meridian Hall,dpz839xv1,0.9013
52,Meridian Hall,dpz839xv4,0.9953
52,Meridian Hall,dpz839xv5,1.0
52,Meridian Hall,dpz839xv7,1.0
52,Meridian Hall,dpz839xve,0.8607
52,Meridian Hall,dpz839xvh,1.0
52,Meridian Hall,dpz839xvj,1.0
52,Meridian Hall,dpz839xvk,1.0
52,Meridian Hall,dpz839xvm,1.0
52,Meridian Hall,dpz839xvn,1.0
52,Meridian Hall,dpz839xvp,1.0
52,Meridian Hall,dpz839xvq,1.0
52,Meridian Hall,dpz839xvr,1.0
52,Meridian Hall,dpz839xvs,1.0
52,Meridian Hall,dpz839xvt,1.0
52,Meridian Hall,dpz839xvv,0.867
52,Meridian Hall,dpz839xvw,1.0
52,Meridian Hall,dpz839xvx,1.0
52,Meridian Hall,dpz839xvy,1.0
52,Meridian Hall,dpz839xvz,1.0
52,Meridian Hall,dpz839xyp,0.8038
52,Meridian Hall,dpz83c81f,0.8566
52,Meridian Hall,dpz83c81g,1.0
52,Meridian Hall,dpz83c81u,1.0
52,Meridian Hall,dpz83c81v,1.0
52,Meridian Hall,dpz83c81y,0.9537
52,Meridian Hall,dpz83c844,1.0
52,Meridian Hall,dpz83c845,1.0
52,Meridian Hall,dpz83c846,1.0
52,Meridian Hall,dpz83c847,1.0
52,Meridian Hall,dpz83c848,0.8807
52,Meridian Hall,dpz83c849,0.9541
52,Meridian Hall,dpz83c84b,1.0
52,Meridian Hall,dpz83c84c,1.0
52,Meridian Hall,dpz83c84d,1.0
52,Meridian Hall,dpz83c84e,1.0
52,Meridian Hall,dpz83c84f,1.0
52,Meridian Hall,dpz83c84g,1.0
52,Meridian Hall,dpz83c84h,1.0
52,Meridian Hall,dpz83c84j,1.0
52,Meridian Hall,dpz83c84k,1.0
52,Meridian Hall,dpz83c84m,1.0
52,Meridian Hall,dpz83c84n,1.0
52,Meridian Hall,dpz83c84p,1.0
52,Meridian Hall,dpz83c84q,1.0
52,Meridian Hall,dpz83c84r,1.0
52,Meridian Hall,dpz83c84s,1.0
52,Meridian Hall,dpz83c84t,1.0
52,Meridian Hall,dpz83c84u,1.0
52,Meridian Hall,dpz83c84v,1.0
52,Meridian Hall,dpz83c84w,1.0
52,Meridian Hall,dpz83c84x,1.0
52,Meridian Hall,dpz83c84y,1.0
52,Meridian Hall,dpz83c84z,1.0
52,Meridian Hall,dpz83c850,1.0
52,Meridian Hall,dpz83c851,1.0
52,Meridian Hall,dpz83c852,1.0
52,Meridian Hall,dpz83c853,1.0
52,Meridian Hall,dpz83c854,1.0
52,Meridian Hall,dpz83c855,1.0
52,Meridian Hall,dpz83c856,1.0
52,Meridian Hall,dpz83c857,1.0
52,Meridian Hall,dpz83c858,1.0
52,Meridian Hall,dpz83c859,1.0
52,Meridian Hall,dpz83c85b,1.0
52,Meridian Hall,dpz83c85c,1.0
52,Meridian Hall,dpz83c85d,1.0
52,Meridian Hall,dpz83c85e,1.0
52,Meridian Hall,dpz83c85f,1.0
52,Meridian Hall,dpz83c85g,1.0
52,Meridian Hall,dpz83c85h,1.0
52,Meridian Hall,dpz83c85j,1.0
52,Meridian Hall,dpz83c85k,1.0
52,Meridian Hall,dpz83c85m,1.0
52,Meridian Hall,dpz83c85n,1.0
52,Meridian Hall,dpz83c85p,1.0
52,Meridian Hall,dpz83c85q,1.0
52,Meridian Hall,dpz83c85r,1.0
52,Meridian Hall,dpz83c85s,1.0
52,Meridian Hall,dpz83c85t,1.0
52,Meridian Hall,dpz83c85u,1.0
52,Meridian Hall,dpz83c85v,1.0
52,Meridian Hall,dpz83c85w,1.0
52,Meridian Hall,dpz83c85x,1.0
52,Meridian Hall,dpz83c85y,1.0
52,Meridian Hall,dpz83c85z,1.0
52,Meridian Hall,dpz83c860,1.0
52,Meridian Hall,dpz83c861,1.0
52,Meridian Hall,dpz83c862,1.0
52,Meridian Hall,dpz83c863,1.0
52,Meridian Hall,dpz83c864,0.9623
52,Meridian Hall,dpz83c866,1.0
52,Meridian Hall,dpz83c867,1.0
52,Meridian Hall,dpz83c868,1.0
52,Meridian Hall,dpz83c869,1.0
52,Meridian Hall,dpz83c86b,1.0
52,Meridian Hall,dpz83c86c,1.0
52,Meridian Hall,dpz83c86d,1.0
52,Meridian Hall,dpz83c86e,1.0
52,Meridian Hall,dpz83c86f,1.0
52,Meridian Hall,dpz83c86g,1.0
52,Meridian Hall,dpz83c86k,1.0
52,Meridian Hall,dpz83c86m,0.8834
52,Meridian Hall,dpz83c86s,1.0
52,Meridian Hall,dpz83c86t,1.0
52,Meridian Hall,dpz83c86u,1.0
52,Meridian Hall,dpz83c86v,1.0
52,Meridian Hall,dpz83c86w,1.0
52,Meridian Hall,dpz83c86y,1.0
52,Meridian Hall,dpz83c870,1.0
52,Meridian Hall,dpz83c871,1.0
52,Meridian Hall,dpz83c872,1.0
52,Meridian Hall,dpz83c873,1.0
52,Meridian Hall,dpz83c874,1.0
52,Meridian Hall,dpz83c875,1.0
52,Meridian Hall,dpz83c876,1.0
52,Meridian Hall,dpz83c877,1.0
52,Meridian Hall,dpz83c878,1.0
52,Meridian Hall,dpz83c879,1.0
52,Meridian Hall,dpz83c87b,1.0
52,Meridian Hall,dpz83c87c,1.0
52,Meridian Hall,dpz83c87d,1.0
52,Meridian Hall,dpz83c87e,1.0
52,Meridian Hall,dpz83c87f,1.0
52,Meridian Hall,dpz83c87g,1.0
52,Meridian Hall,dpz83c87h,1.0
52,Meridian Hall,dpz83c87j,1.0
52,Meridian Hall,dpz83c87k,1.0
52,Meridian Hall,dpz83c87m,1.0
52,Meridian Hall,dpz83c87n,0.9061
52,Meridian Hall,dpz83c87s,1.0
52,Meridian Hall,dpz83c87t,0.9803
52,Meridian Hall,dpz83c87u,1.0
52,Meridian Hall,dpz83c8h0,1.0
52,Meridian Hall,dpz83c8h1,1.0
52,Meridian Hall,dpz83c8h2,1.0
52,Meridian Hall,dpz83c8h3,1.0
52,Meridian Hall,dpz83c8h4,1.0
52,Meridian Hall,dpz83c8h5,1.0
52,Meridian Hall,dpz83c8h6,1.0
52,Meridian Hall,dpz83c8h7,1.0
52,Meridian Hall,dpz83c8h8,1.0
52,Meridian Hall,dpz83c8h9,1.0
52,Meridian Hall,dpz83c8hb,1.0
52,Meridian Hall,dpz83c8hc,1.0
52,Meridian Hall,dpz83c8hd,1.0
52,Meridian Hall,dpz83c8he,1.0
52,Meridian Hall,dpz83c8hf,1.0
52,Meridian Hall,dpz83c8hg,1.0
52,Meridian Hall,dpz83c8hh,1.0
52,Meridian Hall,dpz83c8hj,1.0
52,Meridian Hall,dpz83c8hk,1.0
52,Meridian Hall,dpz83c8hm,1.0
52,Meridian Hall,dpz83c8hn,1.0
52,Meridian Hall,dpz83c8hp,1.0
52,Meridian Hall,dpz83c8hq,1.0
52,Meridian Hall,dpz83c8hr,1.0
52,Meridian Hall,dpz83c8hs,1.0
52,Meridian Hall,dpz83c8ht,1.0
52,Meridian Hall,dpz83c8hu,1.0
52,Meridian Hall,dpz83c8hv,1.0
52,Meridian Hall,dpz83c8hw,1.0
52,Meridian Hall,dpz83c8hx,1.0
52,Meridian Hall,dpz83c8hy,1.0
52,Meridian Hall,dpz83c8hz,1.0
52,Meridian Hall,dpz83c8j0,1.0
52,Meridian Hall,dpz83c8j1,1.0
52,Meridian Hall,dpz83c8j2,1.0
52,Meridian Hall,dpz83c8j3,1.0
52,Meridian Hall,dpz83c8j4,1.0
52,Meridian Hall,dpz83c8j5,1.0
52,Meridian Hall,dpz83c8j6,1.0
52,Meridian Hall,dpz83c8j7,1.0
52,Meridian Hall,dpz83c8j8,1.0
52,Meridian Hall,dpz83c8j9,1.0
52,Meridian Hall,dpz83c8jb,1.0
52,Meridian Hall,dpz83c8jc,1.0
52,Meridian Hall,dpz83c8jd,1.0
52,Meridian Hall,dpz83c8je,1.0
52,Meridian Hall,dpz83c8jf,1.0
52,Meridian Hall,dpz83c8jg,1.0
52,Meridian Hall,dpz83c8jh,1.0
52,Meridian Hall,dpz83c8jj,1.0
52,Meridian Hall,dpz83c8jk,1.0
52,Meridian Hall,dpz83c8jm,1.0
52,Meridian Hall,dpz83c8jn,1.0
52,Meridian Hall,dpz83c8jp,1.0
52,Meridian Hall,dpz83c8jq,1.0
52,Meridian Hall,dpz83c8jr,1.0
52,Meridian Hall,dpz83c8js,1.0
52,Meridian Hall,dpz83c8jt,1.0
52,Meridian Hall,dpz83c8ju,1.0
52,Meridian Hall,dpz83c8jv,1.0
52,Meridian Hall,dpz83c8jw,1.0
52,Meridian Hall,dpz83c8jx,1.0
52,Meridian Hall,dpz83c8jy,1.0
52,Meridian Hall,dpz83c8jz,1.0
52,Meridian Hall,dpz83c8k0,1.0
52,Meridian Hall,dpz83c8k1,1.0
52,Meridian Hall,dpz83c8k2,1.0
52,Meridian Hall,dpz83c8k3,1.0
52,Meridian Hall,dpz83c8k4,1.0
52,Meridian Hall,dpz83c8k5,1.0
52,Meridian Hall,dpz83c8k6,1.0
52,Meridian Hall,dpz83c8k7,1.0
52,Meridian Hall,dpz83c8k8,1.0
52,Meridian Hall,dpz83c8k9,1.0
52,Meridian Hall,dpz83c8kb,1.0
52,Meridian Hall,dpz83c8kc,1.0
52,Meridian Hall,dpz83c8kd,1.0
52,Meridian Hall,dpz83c8ke,1.0
52,Meridian Hall,dpz83c8kf,1.0
52,Meridian Hall,dpz83c8kg,0.9297
52,Meridian Hall,dpz83c8kh,1.0
52,Meridian Hall,dpz83c8kk,0.8128
52,Meridian Hall,dpz83c8m0,1.0
52,Meridian Hall,dpz83c8m1,1.0
52,Meridian Hall,dpz83c8m2,1.0
52,Meridian Hall,dpz83c8m3,1.0
52,Meridian Hall,dpz83c8m4,1.0
52,Meridian Hall,dpz83c8m6,0.9904
52,Meridian Hall,dpz83c8m8,1.0
52,Meridian Hall,dpz83c8m9,1.0
52,Meridian Hall,dpz83c8mb,0.9974
52,Meridian Hall,dpz83c8mc,1.0
52,Meridian Hall,dpz83c8n0,1.0
52,Meridian Hall,dpz83c8n1,1.0
52,Meridian Hall,dpz83c8n4,1.0
52,Meridian Hall,dpz83c8n5,1.0
52,Meridian Hall,dpz83c8n6,0.9984
52,Meridian Hall,dpz83c8n7,1.0
52,Meridian Hall,dpz83c8nh,1.0
52,Meridian Hall,dpz83c8nj,1.0
52,Meridian Hall,dpz83c8nk,1.0
52,Meridian Hall,dpz83c8nm,1.0
52,Meridian Hall,dpz83c8nn,1.0
52,Meridian Hall,dpz83c8nq,1.0
52,Meridian Hall,dpz83c8ns,0.9899
52,Meridian Hall,dpz83c8nt,1.0
52,Meridian Hall,dpz83c8nw,0.8247
53,MUSE Arts Creative Lab,dpz2ryzdw,1.0
53,MUSE Arts Creative Lab,dpz2ryzdx,1.0
54,Museum of Contemporary Art,dpz825j9x,0.9697
54,Museum of Contemporary Art,dpz825j9z,1.0
54,Museum of Contemporary Art,dpz825jc2,1.0
54,Museum of Contemporary Art,dpz825jc3,0.9734
54,Museum of Contemporary Art,dpz825jc6,0.8004
54,Museum of Contemporary Art,dpz825jc8,1.0
54,Museum of Contemporary Art,dpz825jc9,1.0
54,Museum of Contemporary Art,dpz825jcb,1.0
54,Museum of Contemporary Art,dpz825jcc,1.0
54,Museum of Contemporary Art,dpz825jcd,1.0
54,Museum of Contemporary Art,dpz825jce,1.0
54,Museum of Contemporary Art,dpz825jcf,1.0
54,Museum of Contemporary Art,dpz825jcg,1.0
54,Museum of Contemporary Art,dpz825jcs,0.9682
54,Museum of Contemporary Art,dpz825jdp,1.0
54,Museum of Contemporary Art,dpz825jdq,0.9984
54,Museum of Contemporary Art,dpz825jdr,1.0
54,Museum of Contemporary Art,dpz825jdv,0.887
54,Museum of Contemporary Art,dpz825jdw,1.0
54,Museum of Contemporary Art,dpz825jdx,1.0
54,Museum of Contemporary Art,dpz825jdy,1.0
54,Museum of Contemporary Art,dpz825jdz,1.0
54,Museum of Contemporary Art,dpz825jej,1.0
54,Museum of Contemporary Art,dpz825jem,1.0
54,Museum of Contemporary Art,dpz825jen,1.0
54,Museum of Contemporary Art,dpz825jep,1.0
54,Museum of Contemporary Art,dpz825jeq,1.0
54,Museum of Contemporary Art,dpz825jer,1.0
54,Museum of Contemporary Art,dpz825jet,0.9552
54,Museum of Contemporary Art,dpz825jew,1.0
54,Museum of Contemporary Art,dpz825jex,1.0
54,Museum of Contemporary Art,dpz825jf0,1.0
54,Museum of Contemporary Art,dpz825jf1,1.0
54,Museum of Contemporary Art,dpz825jf2,1.0
54,Museum of Contemporary Art,dpz825jf3,1.0
54,Museum of Contemporary Art,dpz825jf4,1.0
54,Museum of Contemporary Art,dpz825jf5,1.0
54,Museum of Contemporary Art,dpz825jf6,1.0
54,Museum of Contemporary Art,dpz825jf7,0.8929
54,Museum of Contemporary Art,dpz825jf8,1.0
54,Museum of Contemporary Art,dpz825jf9,1.0
54,Museum of Contemporary Art,dpz825jfb,1.0
54,Museum of Contemporary Art,dpz825jfc,1.0
54,Museum of Contemporary Art,dpz825jfd,1.0
54,Museum of Contemporary Art,dpz825jff,0.9997
54,Museum of Contemporary Art,dpz825jg0,1.0
54,Museum of Contemporary Art,dpz825jg1,1.0
54,Museum of Contemporary Art,dpz825jg2,1.0
54,Museum of Contemporary Art,dpz825jg3,1.0
54,Museum of Contemporary Art,dpz825jg8,1.0
54,Museum of Contemporary Art,dpz825jg9,0.9755
55,Nia Centre for the Arts,dpz883bgd,0.975
55,Nia Centre for the Arts,dpz883bge,1.0
55,Nia Centre for the Arts,dpz883bgf,1.0
55,Nia Centre for the Arts,dpz883bgg,1.0
55,Nia Centre for the Arts,dpz883bgs,1.0
55,Nia Centre for the Arts,dpz883bgt,1.0
55,Nia Centre for the Arts,dpz883bgu,1.0
55,Nia Centre for the Arts,dpz883bgv,1.0
55,Nia Centre for the Arts,dpz883bgw,0.93
55,Nia Centre for the Arts,dpz883bgy,1.0
55,Nia Centre for the Arts,dpz883bgz,1.0
55,Nia Centre for the Arts,dpz883buh,0.9432
55,Nia Centre for the Arts,dpz883buj,1.0
55,Nia Centre for the Arts,dpz883bun,1.0
55,Nia Centre for the Arts,dpz883bup,1.0
55,Nia Centre for the Arts,dpz883c5b,1.0
55,Nia Centre for the Arts,dpz883c5c,1.0
55,Nia Centre for the Arts,dpz883c5f,0.9844
55,Nia Centre for the Arts,dpz883ch0,1.0
55,Nia Centre for the Arts,dpz883ch1,1.0
55,Nia Centre for the Arts,dpz883ch2,0.851
55,Nia Centre for the Arts,dpz883ch3,0.997
55,Nia Centre for the Arts,dpz883ch4,0.8522
56,P.C. Ho Theatre,dpz9hux8z,0.8944
56,P.C. Ho Theatre,dpz9hux9p,1.0
56,P.C. Ho Theatre,dpz9hux9q,0.9802
56,P.C. Ho Theatre,dpz9hux9r,1.0
56,P.C. Ho Theatre,dpz9hux9v,0.9071
56,P.C. Ho Theatre,dpz9hux9w,1.0
56,P.C. Ho Theatre,dpz9hux9x,1.0
56,P.C. Ho Theatre,dpz9hux9y,1.0
56,P.C. Ho Theatre,dpz9hux9z,1.0
56,P.C. Ho Theatre,dpz9huxc0,1.0
56,P.C. Ho Theatre,dpz9huxc1,1.0
56,P.C. Ho Theatre,dpz9huxc2,1.0
56,P.C. Ho Theatre,dpz9huxc3,1.0
56,P.C. Ho Theatre,dpz9huxc4,1.0
56,P.C. Ho Theatre,dpz9huxc5,1.0
56,P.C. Ho Theatre,dpz9huxc6,1.0
56,P.C. Ho Theatre,dpz9huxc7,1.0
56,P.C. Ho Theatre,dpz9huxc8,1.0
56,P.C. Ho Theatre,dpz9huxc9,1.0
56,P.C. Ho Theatre,dpz9huxcb,1.0
56,P.C. Ho Theatre,dpz9huxcc,1.0
56,P.C. Ho Theatre,dpz9huxcd,1.0
56,P.C. Ho Theatre,dpz9huxce,1.0
56,P.C. Ho Theatre,dpz9huxcf,1.0
56,P.C. Ho Theatre,dpz9huxcg,1.0
56,P.C. Ho Theatre,dpz9huxch,0.9297
56,P.C. Ho Theatre,dpz9huxck,1.0
56,P.C. Ho Theatre,dpz9huxcm,1.0
56,P.C. Ho Theatre,dpz9huxcq,1.0
56,P.C. Ho Theatre,dpz9huxcr,0.9884
56,P.C. Ho Theatre,dpz9huxcs,1.0
56,P.C. Ho Theatre,dpz9huxct,1.0
56,P.C. Ho Theatre,dpz9huxcu,1.0
56,P.C. Ho Theatre,dpz9huxcv,1.0
56,P.C. Ho Theatre,dpz9huxcw,1.0
56,P.C. Ho Theatre,dpz9huxcy,1.0
56,P.C. Ho Theatre,dpz9huxdj,1.0
56,P.C. Ho Theatre,dpz9huxdn,1.0
56,P.C. Ho Theatre,dpz9huxdp,1.0
56,P.C. Ho Theatre,dpz9huxdr,0.932
56,P.C. Ho Theatre,dpz9huxf0,1.0
56,P.C. Ho Theatre,dpz9huxf1,1.0
56,P.C. Ho Theatre,dpz9huxf2,1.0
56,P.C. Ho Theatre,dpz9huxf3,1.0
56,P.C. Ho Theatre,dpz9huxf4,1.0
56,P.C. Ho Theatre,dpz9huxf5,1.0
56,P.C. Ho Theatre,dpz9huxf6,1.0
56,P.C. Ho Theatre,dpz9huxf7,1.0
56,P.C. Ho Theatre,dpz9huxfh,1.0
56,P.C. Ho Theatre,dpz9huxfj,1.0
56,P.C. Ho Theatre,dpz9huxfk,1.0
56,P.C. Ho Theatre,dpz9huxfm,1.0
56,P.C. Ho Theatre,dpz9huxfn,0.9605
56,P.C. Ho Theatre,dpz9huxfs,0.9642
56,P.C. Ho Theatre,dpz9huxft,1.0
57,Paradise Theatre,dpz82s0rf,1.0
57,Paradise Theatre,dpz82s0rg,1.0
57,Paradise Theatre,dpz82s0ru,0.996
57,Paradise Theatre,dpz82s21p,0.8317
57,Paradise Theatre,dpz82s21r,0.8206
57,Paradise Theatre,dpz82s221,0.9985
57,Paradise Theatre,dpz82s223,1.0
57,Paradise Theatre,dpz82s224,1.0
57,Paradise Theatre,dpz82s225,1.0
57,Paradise Theatre,dpz82s226,1.0
57,Paradise Theatre,dpz82s227,1.0
57,Paradise Theatre,dpz82s228,0.9497
57,Paradise Theatre,dpz82s229,1.0
57,Paradise Theatre,dpz82s22b,1.0
57,Paradise Theatre,dpz82s22c,1.0
57,Paradise Theatre,dpz82s22d,1.0
57,Paradise Theatre,dpz82s22e,1.0
57,Paradise Theatre,dpz82s22f,1.0
57,Paradise Theatre,dpz82s22g,0.9434
57,Paradise Theatre,dpz82s22h,1.0
57,Paradise Theatre,dpz82s22k,1.0
57,Paradise Theatre,dpz82s22s,0.9824
57,Paradise Theatre,dpz82s230,1.0
57,Paradise Theatre,dpz82s231,1.0
57,Paradise Theatre,dpz82s232,0.9885
57,Paradise Theatre,dpz82s233,1.0
57,Paradise Theatre,dpz82s234,1.0
57,Paradise Theatre,dpz82s236,0.9307
58,Phoenix Concert Theatre,dpz83uckm,1.0
58,Phoenix Concert Theatre,dpz83uckq,1.0
58,Phoenix Concert Theatre,dpz83uckr,1.0
58,Phoenix Concert Theatre,dpz83ucks,0.9599
58,Phoenix Concert Theatre,dpz83uckt,1.0
58,Phoenix Concert Theatre,dpz83ucku,1.0
58,Phoenix Concert Theatre,dpz83uckv,1.0
58,Phoenix Concert Theatre,dpz83uckw,1.0
58,Phoenix Concert Theatre,dpz83uckx,1.0
58,Phoenix Concert Theatre,dpz83ucky,1.0
58,Phoenix Concert Theatre,dpz83uckz,1.0
58,Phoenix Concert Theatre,dpz83ucm5,0.8317
58,Phoenix Concert Theatre,dpz83ucm7,1.0
58,Phoenix Concert Theatre,dpz83ucme,1.0
58,Phoenix Concert Theatre,dpz83ucmf,0.9711
58,Phoenix Concert Theatre,dpz83ucmg,1.0
58,Phoenix Concert Theatre,dpz83ucmh,1.0
58,Phoenix Concert Theatre,dpz83ucmj,1.0
58,Phoenix Concert Theatre,dpz83ucmk,1.0
58,Phoenix Concert Theatre,dpz83ucmm,1.0
58,Phoenix Concert Theatre,dpz83ucmn,1.0
58,Phoenix Concert Theatre,dpz83ucmp,1.0
58,Phoenix Concert Theatre,dpz83ucmq,1.0
58,Phoenix Concert Theatre,dpz83ucmr,0.9608
58,Phoenix Concert Theatre,dpz83ucms,1.0
58,Phoenix Concert Theatre,dpz83ucmt,1.0
58,Phoenix Concert Theatre,dpz83ucmu,1.0
58,Phoenix Concert Theatre,dpz83ucmv,0.947
58,Phoenix Concert Theatre,dpz83ucmw,0.8034
58,Phoenix Concert Theatre,dpz83ucq4,0.9673
58,Phoenix Concert Theatre,dpz83ucq5,1.0
58,Phoenix Concert Theatre,dpz83ucqh,1.0
58,Phoenix Concert Theatre,dpz83ucs2,0.9106
58,Phoenix Concert Theatre,dpz83ucs8,1.0
58,Phoenix Concert Theatre,dpz83ucsb,0.8004
59,Princess of Wales Theatre,dpz833wmm,0.8355
59,Princess of Wales Theatre,dpz833wmt,1.0
59,Princess of Wales Theatre,dpz833wmu,0.9569
59,Princess of Wales Theatre,dpz833wmv,1.0
59,Princess of Wales Theatre,dpz833wmw,1.0
59,Princess of Wales Theatre,dpz833wmx,1.0
59,Princess of Wales Theatre,dpz833wmy,1.0
59,Princess of Wales Theatre,dpz833wmz,1.0
59,Princess of Wales Theatre,dpz833wqe,0.9951
59,Princess of Wales Theatre,dpz833wqh,1.0
59,Princess of Wales Theatre,dpz833wqj,1.0
59,Princess of Wales Theatre,dpz833wqk,1.0
59,Princess of Wales Theatre,dpz833wqm,1.0
59,Princess of Wales Theatre,dpz833wqn,1.0
59,Princess of Wales Theatre,dpz833wqp,1.0
59,Princess of Wales Theatre,dpz833wqq,1.0
59,Princess of Wales Theatre,dpz833wqr,1.0
59,Princess of Wales Theatre,dpz833wqs,1.0
59,Princess of Wales Theatre,dpz833wqt,1.0
59,Princess of Wales Theatre,dpz833wqw,1.0
59,Princess of Wales Theatre,dpz833wqx,1.0
59,Princess of Wales Theatre,dpz833wqz,0.9517
59,Princess of Wales Theatre,dpz833wt8,1.0
59,Princess of Wales Theatre,dpz833wt9,0.9636
59,Princess of Wales Theatre,dpz833wtb,1.0
59,Princess of Wales Theatre,dpz833wtc,1.0
59,Princess of Wales Theatre,dpz833wtf,1.0
59,Princess of Wales Theatre,dpz833wtg,1.0
59,Princess of Wales Theatre,dpz833wtu,1.0
59,Princess of Wales Theatre,dpz833wtv,1.0
59,Princess of Wales Theatre,dpz833wty,0.9086
59,Princess of Wales Theatre,dpz833ww0,1.0
59,Princess of Wales Theatre,dpz833ww1,1.0
59,Princess of Wales Theatre,dpz833ww2,1.0
59,Princess of Wales Theatre,dpz833ww3,1.0
59,Princess of Wales Theatre,dpz833ww4,1.0
59,Princess of Wales Theatre,dpz833ww5,1.0
59,Princess of Wales Theatre,dpz833ww6,1.0
59,Princess of Wales Theatre,dpz833ww7,1.0
59,Princess of Wales Theatre,dpz833ww8,1.0
59,Princess of Wales Theatre,dpz833ww9,1.0
59,Princess of Wales Theatre,dpz833wwb,1.0
59,Princess of Wales Theatre,dpz833wwc,1.0
59,Princess of Wales Theatre,dpz833wwd,1.0
59,Princess of Wales Theatre,dpz833wwe,1.0
59,Princess of Wales Theatre,dpz833wwf,1.0
59,Princess of Wales Theatre,dpz833wwg,1.0
59,Princess of Wales Theatre,dpz833wwh,1.0
59,Princess of Wales Theatre,dpz833wwj,1.0
59,Princess of Wales Theatre,dpz833wwk,1.0
59,Princess of Wales Theatre,dpz833wwm,1.0
59,Princess of Wales Theatre,dpz833wws,1.0
59,Princess of Wales Theatre,dpz833wwt,0.9451
59,Princess of Wales Theatre,dpz833wwu,1.0
59,Princess of Wales Theatre,dpz833wxh,0.8805
60,Randolph Theatre,dpz82uwsv,0.9192
60,Randolph Theatre,dpz82uwtg,0.9938
60,Randolph Theatre,dpz82uwth,0.8724
60,Randolph Theatre,dpz82uwtj,1.0
60,Randolph Theatre,dpz82uwtk,1.0
60,Randolph Theatre,dpz82uwtm,1.0
60,Randolph Theatre,dpz82uwtn,1.0
60,Randolph Theatre,dpz82uwtp,1.0
60,Randolph Theatre,dpz82uwtq,1.0
60,Randolph Theatre,dpz82uwtr,1.0
60,Randolph Theatre,dpz82uwts,1.0
60,Randolph Theatre,dpz82uwtt,1.0
60,Randolph Theatre,dpz82uwtu,1.0
60,Randolph Theatre,dpz82uwtv,1.0
60,Randolph Theatre,dpz82uwtw,1.0
60,Randolph Theatre,dpz82uwtx,1.0
60,Randolph Theatre,dpz82uwty,1.0
60,Randolph Theatre,dpz82uwtz,1.0
60,Randolph Theatre,dpz82uwv0,1.0
60,Randolph Theatre,dpz82uwv2,0.9659
60,Randolph Theatre,dpz82uww4,0.9036
60,Randolph Theatre,dpz82uww5,1.0
60,Randolph Theatre,dpz82uww6,1.0
60,Randolph Theatre,dpz82uww7,1.0
60,Randolph Theatre,dpz82uwwc,0.888
60,Randolph Theatre,dpz82uwwd,1.0
60,Randolph Theatre,dpz82uwwe,1.0
60,Randolph Theatre,dpz82uwwf,1.0
60,Randolph Theatre,dpz82uwwg,1.0
60,Randolph Theatre,dpz82uwwh,1.0
60,Randolph Theatre,dpz82uwwj,1.0
60,Randolph Theatre,dpz82uwwk,1.0
60,Randolph Theatre,dpz82uwwm,1.0
60,Randolph Theatre,dpz82uwwn,1.0
60,Randolph Theatre,dpz82uwwp,1.0
60,Randolph Theatre,dpz82uwwq,1.0
60,Randolph Theatre,dpz82uwwr,1.0
60,Randolph Theatre,dpz82uwws,1.0
60,Randolph Theatre,dpz82uwwt,1.0
60,Randolph Theatre,dpz82uwwu,1.0
60,Randolph Theatre,dpz82uwwv,1.0
60,Randolph Theatre,dpz82uwww,1.0
60,Randolph Theatre,dpz82uwwx,1.0
60,Randolph Theatre,dpz82uwwy,1.0
60,Randolph Theatre,dpz82uwwz,1.0
60,Randolph Theatre,dpz82uwxn,0.9446
60,Randolph Theatre,dpz82uwxp,1.0
60,Randolph Theatre,dpz82uwy0,0.8725
60,Randolph Theatre,dpz82uwy2,1.0
60,Randolph Theatre,dpz82uwy3,1.0
60,Randolph Theatre,dpz82uwy6,1.0
60,Randolph Theatre,dpz82uwy7,1.0
60,Randolph Theatre,dpz82uwy8,1.0
60,Randolph Theatre,dpz82uwy9,1.0
60,Randolph Theatre,dpz82uwyb,1.0
60,Randolph Theatre,dpz82uwyc,1.0
60,Randolph Theatre,dpz82uwyd,1.0
60,Randolph Theatre,dpz82uwye,1.0
60,Randolph Theatre,dpz82uwyf,1.0
60,Randolph Theatre,dpz82uwyg,0.8623
60,Randolph Theatre,dpz82uwz0,1.0
60,Randolph Theatre,dpz82uwz1,1.0
60,Randolph Theatre,dpz82uwz4,1.0
61,Roy Thomson Hall,dpz83983u,0.9788
61,Roy Thomson Hall,dpz83983v,1.0
61,Roy Thomson Hall,dpz83983y,0.9887
61,Roy Thomson Hall,dpz83983z,0.8167
61,Roy Thomson Hall,dpz839867,0.9092
61,Roy Thomson Hall,dpz83986e,1.0
61,Roy Thomson Hall,dpz83986g,1.0
61,Roy Thomson Hall,dpz83986h,1.0
61,Roy Thomson Hall,dpz83986j,1.0
61,Roy Thomson Hall,dpz83986k,1.0
61,Roy Thomson Hall,dpz83986m,1.0
61,Roy Thomson Hall,dpz83986n,1.0
61,Roy Thomson Hall,dpz83986p,1.0
61,Roy Thomson Hall,dpz83986q,1.0
61,Roy Thomson Hall,dpz83986r,1.0
61,Roy Thomson Hall,dpz83986s,1.0
61,Roy Thomson Hall,dpz83986t,1.0
61,Roy Thomson Hall,dpz83986u,1.0
61,Roy Thomson Hall,dpz83986v,1.0
61,Roy Thomson Hall,dpz83986w,1.0
61,Roy Thomson Hall,dpz83986x,1.0
61,Roy Thomson Hall,dpz83986y,1.0
61,Roy Thomson Hall,dpz83986z,1.0
61,Roy Thomson Hall,dpz839874,1.0
61,Roy Thomson Hall,dpz839875,1.0
61,Roy Thomson Hall,dpz839876,1.0
61,Roy Thomson Hall,dpz839877,1.0
61,Roy Thomson Hall,dpz839879,0.9774
61,Roy Thomson Hall,dpz83987c,1.0
61,Roy Thomson Hall,dpz83987d,1.0
61,Roy Thomson Hall,dpz83987e,1.0
61,Roy Thomson Hall,dpz83987f,1.0
61,Roy Thomson Hall,dpz83987g,1.0
61,Roy Thomson Hall,dpz83987h,1.0
61,Roy Thomson Hall,dpz83987j,1.0
61,Roy Thomson Hall,dpz83987k,1.0
61,Roy Thomson Hall,dpz83987m,1.0
61,Roy Thomson Hall,dpz83987n,1.0
61,Roy Thomson Hall,dpz83987p,1.0
61,Roy Thomson Hall,dpz83987q,1.0
61,Roy Thomson Hall,dpz83987r,1.0
61,Roy Thomson Hall,dpz83987s,1.0
61,Roy Thomson Hall,dpz83987t,1.0
61,Roy Thomson Hall,dpz83987u,1.0
61,Roy Thomson Hall,dpz83987v,1.0
61,Roy Thomson Hall,dpz83987w,1.0
61,Roy Thomson Hall,dpz83987x,1.0
61,Roy Thomson Hall,dpz83987y,1.0
61,Roy Thomson Hall,dpz83987z,1.0
61,Roy Thomson Hall,dpz8398d0,1.0
61,Roy Thomson Hall,dpz8398d1,1.0
61,Roy Thomson Hall,dpz8398d2,1.0
61,Roy Thomson Hall,dpz8398d3,1.0
61,Roy Thomson Hall,dpz8398d4,1.0
61,Roy Thomson Hall,dpz8398d5,0.9184
61,Roy Thomson Hall,dpz8398d6,1.0
61,Roy Thomson Hall,dpz8398d7,1.0
61,Roy Thomson Hall,dpz8398d8,1.0
61,Roy Thomson Hall,dpz8398d9,1.0
61,Roy Thomson Hall,dpz8398db,1.0
61,Roy Thomson Hall,dpz8398dc,1.0
61,Roy Thomson Hall,dpz8398dd,1.0
61,Roy Thomson Hall,dpz8398de,1.0
61,Roy Thomson Hall,dpz8398df,1.0
61,Roy Thomson Hall,dpz8398dg,1.0
61,Roy Thomson Hall,dpz8398dk,1.0
61,Roy Thomson Hall,dpz8398dm,1.0
61,Roy Thomson Hall,dpz8398dq,1.0
61,Roy Thomson Hall,dpz8398dr,0.9831
61,Roy Thomson Hall,dpz8398ds,1.0
61,Roy Thomson Hall,dpz8398dt,1.0
61,Roy Thomson Hall,dpz8398du,1.0
61,Roy Thomson Hall,dpz8398dv,1.0
61,Roy Thomson Hall,dpz8398dw,1.0
61,Roy Thomson Hall,dpz8398dx,1.0
61,Roy Thomson Hall,dpz8398dy,1.0
61,Roy Thomson Hall,dpz8398dz,1.0
61,Roy Thomson Hall,dpz8398e0,1.0
61,Roy Thomson Hall,dpz8398e1,1.0
61,Roy Thomson Hall,dpz8398e2,1.0
61,Roy Thomson Hall,dpz8398e3,1.0
61,Roy Thomson Hall,dpz8398e4,1.0
61,Roy Thomson Hall,dpz8398e5,1.0
61,Roy Thomson Hall,dpz8398e6,1.0
61,Roy Thomson Hall,dpz8398e7,1.0
61,Roy Thomson Hall,dpz8398e8,1.0
61,Roy Thomson Hall,dpz8398e9,1.0
61,Roy Thomson Hall,dpz8398eb,1.0
61,Roy Thomson Hall,dpz8398ec,1.0
61,Roy Thomson Hall,dpz8398ed,1.0
61,Roy Thomson Hall,dpz8398ee,1.0
61,Roy Thomson Hall,dpz8398ef,1.0
61,Roy Thomson Hall,dpz8398eg,1.0
61,Roy Thomson Hall,dpz8398eh,1.0
61,Roy Thomson Hall,dpz8398ej,1.0
61,Roy Thomson Hall,dpz8398ek,1.0
61,Roy Thomson Hall,dpz8398em,1.0
61,Roy Thomson Hall,dpz8398en,1.0
61,Roy Thomson Hall,dpz8398ep,1.0
61,Roy Thomson Hall,dpz8398eq,1.0
61,Roy Thomson Hall,dpz8398er,1.0
61,Roy Thomson Hall,dpz8398es,1.0
61,Roy Thomson Hall,dpz8398et,1.0
61,Roy Thomson Hall,dpz8398eu,1.0
61,Roy Thomson Hall,dpz8398ev,1.0
61,Roy Thomson Hall,dpz8398ew,1.0
61,Roy Thomson Hall,dpz8398ex,1.0
61,Roy Thomson Hall,dpz8398ey,1.0
61,Roy Thomson Hall,dpz8398ez,1.0
61,Roy Thomson Hall,dpz8398f2,0.8011
61,Roy Thomson Hall,dpz8398f8,1.0
61,Roy Thomson Hall,dpz8398f9,1.0
61,Roy Thomson Hall,dpz8398fb,1.0
61,Roy Thomson Hall,dpz8398fc,1.0
61,Roy Thomson Hall,dpz8398fd,1.0
61,Roy Thomson Hall,dpz8398fe,1.0
61,Roy Thomson Hall,dpz8398ff,1.0
61,Roy Thomson Hall,dpz8398fg,1.0
61,Roy Thomson Hall,dpz8398fs,0.9044
61,Roy Thomson Hall,dpz8398fu,1.0
61,Roy Thomson Hall,dpz8398fv,1.0
61,Roy Thomson Hall,dpz8398fy,1.0
61,Roy Thomson Hall,dpz8398fz,1.0
61,Roy Thomson Hall,dpz8398g0,1.0
61,Roy Thomson Hall,dpz8398g1,1.0
61,Roy Thomson Hall,dpz8398g2,1.0
61,Roy Thomson Hall,dpz8398g3,1.0
61,Roy Thomson Hall,dpz8398g4,1.0
61,Roy Thomson Hall,dpz8398g5,1.0
61,Roy Thomson Hall,dpz8398g6,1.0
61,Roy Thomson Hall,dpz8398g7,1.0
61,Roy Thomson Hall,dpz8398g8,1.0
61,Roy Thomson Hall,dpz8398g9,1.0
61,Roy Thomson Hall,dpz8398gb,1.0
61,Roy Thomson Hall,dpz8398gc,1.0
61,Roy Thomson Hall,dpz8398gd,1.0
61,Roy Thomson Hall,dpz8398ge,1.0
61,Roy Thomson Hall,dpz8398gf,1.0
61,Roy Thomson Hall,dpz8398gg,1.0
61,Roy Thomson Hall,dpz8398gh,1.0
61,Roy Thomson Hall,dpz8398gj,1.0
61,Roy Thomson Hall,dpz8398gk,1.0
61,Roy Thomson Hall,dpz8398gm,1.0
61,Roy Thomson Hall,dpz8398gn,1.0
61,Roy Thomson Hall,dpz8398gp,1.0
61,Roy Thomson Hall,dpz8398gq,1.0
61,Roy Thomson Hall,dpz8398gr,0.9364
61,Roy Thomson Hall,dpz8398gs,1.0
61,Roy Thomson Hall,dpz8398gt,1.0
61,Roy Thomson Hall,dpz8398gu,1.0
61,Roy Thomson Hall,dpz8398gv,1.0
61,Roy Thomson Hall,dpz8398gw,1.0
61,Roy Thomson Hall,dpz8398gy,0.9908
61,Roy Thomson Hall,dpz8398hz,1.0
61,Roy Thomson Hall,dpz8398jp,1.0
61,Roy Thomson Hall,dpz8398k0,0.9062
61,Roy Thomson Hall,dpz8398k1,1.0
61,Roy Thomson Hall,dpz8398k2,1.0
61,Roy Thomson Hall,dpz8398k3,1.0
61,Roy Thomson Hall,dpz8398k4,1.0
61,Roy Thomson Hall,dpz8398k5,1.0
61,Roy Thomson Hall,dpz8398k6,1.0
61,Roy Thomson Hall,dpz8398k7,1.0
61,Roy Thomson Hall,dpz8398k8,1.0
61,Roy Thomson Hall,dpz8398k9,1.0
61,Roy Thomson Hall,dpz8398kb,1.0
61,Roy Thomson Hall,dpz8398kc,1.0
61,Roy Thomson Hall,dpz8398kd,1.0
61,Roy Thomson Hall,dpz8398ke,1.0
61,Roy Thomson Hall,dpz8398kf,1.0
61,Roy Thomson Hall,dpz8398kg,1.0
61,Roy Thomson Hall,dpz8398kh,1.0
61,Roy Thomson Hall,dpz8398kj,1.0
61,Roy Thomson Hall,dpz8398kk,1.0
61,Roy Thomson Hall,dpz8398km,1.0
61,Roy Thomson Hall,dpz8398kn,1.0
61,Roy Thomson Hall,dpz8398kp,1.0
61,Roy Thomson Hall,dpz8398kq,1.0
61,Roy Thomson Hall,dpz8398kr,1.0
61,Roy Thomson Hall,dpz8398ks,1.0
61,Roy Thomson Hall,dpz8398kt,1.0
61,Roy Thomson Hall,dpz8398ku,1.0
61,Roy Thomson Hall,dpz8398kv,1.0
61,Roy Thomson Hall,dpz8398kw,1.0
61,Roy Thomson Hall,dpz8398kx,1.0
61,Roy Thomson Hall,dpz8398ky,1.0
61,Roy Thomson Hall,dpz8398kz,1.0
61,Roy Thomson Hall,dpz8398m0,1.0
61,Roy Thomson Hall,dpz8398m1,1.0
61,Roy Thomson Hall,dpz8398m3,0.9688
61,Roy Thomson Hall,dpz8398m4,1.0
61,Roy Thomson Hall,dpz8398m5,1.0
61,Roy Thomson Hall,dpz8398m6,1.0
61,Roy Thomson Hall,dpz8398m7,1.0
61,Roy Thomson Hall,dpz8398mh,1.0
61,Roy Thomson Hall,dpz8398mj,1.0
61,Roy Thomson Hall,dpz8398mk,1.0
61,Roy Thomson Hall,dpz8398mm,1.0
61,Roy Thomson Hall,dpz8398mn,1.0
61,Roy Thomson Hall,dpz8398mp,1.0
61,Roy Thomson Hall,dpz8398mq,1.0
61,Roy Thomson Hall,dpz8398mr,1.0
61,Roy Thomson Hall,dpz8398mt,0.8897
61,Roy Thomson Hall,dpz8398mw,1.0
61,Roy Thomson Hall,dpz8398mx,1.0
61,Roy Thomson Hall,dpz8398s0,1.0
61,Roy Thomson Hall,dpz8398s1,1.0
61,Roy Thomson Hall,dpz8398s2,1.0
61,Roy Thomson Hall,dpz8398s3,1.0
61,Roy Thomson Hall,dpz8398s4,1.0
61,Roy Thomson Hall,dpz8398s5,1.0
61,Roy Thomson Hall,dpz8398s6,1.0
61,Roy Thomson Hall,dpz8398s7,1.0
61,Roy Thomson Hall,dpz8398s8,1.0
61,Roy Thomson Hall,dpz8398s9,1.0
61,Roy Thomson Hall,dpz8398sb,1.0
61,Roy Thomson Hall,dpz8398sc,1.0
61,Roy Thomson Hall,dpz8398sd,1.0
61,Roy Thomson Hall,dpz8398se,1.0
61,Roy Thomson Hall,dpz8398sf,1.0
61,Roy Thomson Hall,dpz8398sg,1.0
61,Roy Thomson Hall,dpz8398sh,1.0
61,Roy Thomson Hall,dpz8398sj,1.0
61,Roy Thomson Hall,dpz8398sk,1.0
61,Roy Thomson Hall,dpz8398sm,1.0
61,Roy Thomson Hall,dpz8398sn,1.0
61,Roy Thomson Hall,dpz8398sp,1.0
61,Roy Thomson Hall,dpz8398sq,1.0
61,Roy Thomson Hall,dpz8398sr,1.0
61,Roy Thomson Hall,dpz8398ss,1.0
61,Roy Thomson Hall,dpz8398st,1.0
61,Roy Thomson Hall,dpz8398su,1.0
61,Roy Thomson Hall,dpz8398sv,1.0
61,Roy Thomson Hall,dpz8398sw,1.0
61,Roy Thomson Hall,dpz8398sx,1.0
61,Roy Thomson Hall,dpz8398sy,1.0
61,Roy Thomson Hall,dpz8398sz,1.0
61,Roy Thomson Hall,dpz8398t0,1.0
61,Roy Thomson Hall,dpz8398t1,1.0
61,Roy Thomson Hall,dpz8398t2,1.0
61,Roy Thomson Hall,dpz8398t3,1.0
61,Roy Thomson Hall,dpz8398t4,1.0
61,Roy Thomson Hall,dpz8398t5,1.0
61,Roy Thomson Hall,dpz8398t6,1.0
61,Roy Thomson Hall,dpz8398t7,1.0
61,Roy Thomson Hall,dpz8398t8,1.0
61,Roy Thomson Hall,dpz8398t9,1.0
61,Roy Thomson Hall,dpz8398td,1.0
61,Roy Thomson Hall,dpz8398te,1.0
61,Roy Thomson Hall,dpz8398tf,0.9766
61,Roy Thomson Hall,dpz8398tg,1.0
61,Roy Thomson Hall,dpz8398th,1.0
61,Roy Thomson Hall,dpz8398tj,1.0
61,Roy Thomson Hall,dpz8398tk,1.0
61,Roy Thomson Hall,dpz8398tm,1.0
61,Roy Thomson Hall,dpz8398tn,1.0
61,Roy Thomson Hall,dpz8398tp,1.0
61,Roy Thomson Hall,dpz8398tq,1.0
61,Roy Thomson Hall,dpz8398tr,1.0
61,Roy Thomson Hall,dpz8398ts,1.0
61,Roy Thomson Hall,dpz8398tt,1.0
61,Roy Thomson Hall,dpz8398tu,1.0
61,Roy Thomson Hall,dpz8398tv,1.0
61,Roy Thomson Hall,dpz8398tw,1.0
61,Roy Thomson Hall,dpz8398tx,1.0
61,Roy Thomson Hall,dpz8398ty,1.0
61,Roy Thomson Hall,dpz8398tz,1.0
61,Roy Thomson Hall,dpz8398u0,1.0
61,Roy Thomson Hall,dpz8398u1,1.0
61,Roy Thomson Hall,dpz8398u2,1.0
61,Roy Thomson Hall,dpz8398u3,1.0
61,Roy Thomson Hall,dpz8398u4,1.0
61,Roy Thomson Hall,dpz8398u5,1.0
61,Roy Thomson Hall,dpz8398u6,1.0
61,Roy Thomson Hall,dpz8398u7,1.0
61,Roy Thomson Hall,dpz8398u8,1.0
61,Roy Thomson Hall,dpz8398u9,1.0
61,Roy Thomson Hall,dpz8398ub,1.0
61,Roy Thomson Hall,dpz8398uc,1.0
61,Roy Thomson Hall,dpz8398ud,1.0
61,Roy Thomson Hall,dpz8398ue,1.0
61,Roy Thomson Hall,dpz8398uf,1.0
61,Roy Thomson Hall,dpz8398ug,1.0
61,Roy Thomson Hall,dpz8398uh,1.0
61,Roy Thomson Hall,dpz8398uj,1.0
61,Roy Thomson Hall,dpz8398uk,1.0
61,Roy Thomson Hall,dpz8398um,1.0
61,Roy Thomson Hall,dpz8398us,1.0
61,Roy Thomson Hall,dpz8398ut,0.8382
61,Roy Thomson Hall,dpz8398uu,1.0
61,Roy Thomson Hall,dpz8398v0,1.0
61,Roy Thomson Hall,dpz8398v1,1.0
61,Roy Thomson Hall,dpz8398v2,1.0
61,Roy Thomson Hall,dpz8398v3,1.0
61,Roy Thomson Hall,dpz8398v4,1.0
61,Roy Thomson Hall,dpz8398v5,1.0
61,Roy Thomson Hall,dpz8398v6,1.0
61,Roy Thomson Hall,dpz8398v7,1.0
61,Roy Thomson Hall,dpz8398v8,1.0
61,Roy Thomson Hall,dpz8398v9,1.0
61,Roy Thomson Hall,dpz8398vb,1.0
61,Roy Thomson Hall,dpz8398vc,1.0
61,Roy Thomson Hall,dpz8398vd,1.0
61,Roy Thomson Hall,dpz8398ve,0.9916
61,Roy Thomson Hall,dpz8398vf,1.0
61,Roy Thomson Hall,dpz8398vh,0.9391
61,Roy Thomson Hall,dpz8398wn,0.9049
61,Roy Thomson Hall,dpz8398wp,1.0
61,Roy Thomson Hall,dpz8398y0,1.0
61,Roy Thomson Hall,dpz8398y1,1.0
61,Roy Thomson Hall,dpz8398y4,1.0
61,Roy Thomson Hall,dpz83994b,0.8094
62,Royal Alexandra Theatre,dpz833xxt,1.0
62,Royal Alexandra Theatre,dpz833xxu,0.8632
62,Royal Alexandra Theatre,dpz833xxv,1.0
62,Royal Alexandra Theatre,dpz833xxw,1.0
62,Royal Alexandra Theatre,dpz833xxx,1.0
62,Royal Alexandra Theatre,dpz833xxy,1.0
62,Royal Alexandra Theatre,dpz833xxz,1.0
62,Royal Alexandra Theatre,dpz833xz8,0.8926
62,Royal Alexandra Theatre,dpz833xzb,1.0
62,Royal Alexandra Theatre,dpz833xzc,1.0
62,Royal Alexandra Theatre,dpz833xzf,1.0
62,Royal Alexandra Theatre,dpz833z8e,0.9852
62,Royal Alexandra Theatre,dpz833z8h,1.0
62,Royal Alexandra Theatre,dpz833z8j,1.0
62,Royal Alexandra Theatre,dpz833z8k,1.0
62,Royal Alexandra Theatre,dpz833z8m,1.0
62,Royal Alexandra Theatre,dpz833z8n,1.0
62,Royal Alexandra Theatre,dpz833z8p,1.0
62,Royal Alexandra Theatre,dpz833z8q,1.0
62,Royal Alexandra Theatre,dpz833z8r,1.0
62,Royal Alexandra Theatre,dpz833z8s,1.0
62,Royal Alexandra Theatre,dpz833z8t,1.0
62,Royal Alexandra Theatre,dpz833z8u,0.8055
62,Royal Alexandra Theatre,dpz833z8v,0.9837
62,Royal Alexandra Theatre,dpz833z8w,1.0
62,Royal Alexandra Theatre,dpz833z8x,1.0
62,Royal Alexandra Theatre,dpz833z8y,1.0
62,Royal Alexandra Theatre,dpz833z8z,1.0
62,Royal Alexandra Theatre,dpz833zb0,1.0
62,Royal Alexandra Theatre,dpz833zb1,1.0
62,Royal Alexandra Theatre,dpz833zb2,1.0
62,Royal Alexandra Theatre,dpz833zb3,1.0
62,Royal Alexandra Theatre,dpz833zb4,1.0
62,Royal Alexandra Theatre,dpz833zb6,0.8906
62,Royal Alexandra Theatre,dpz833zb8,1.0
62,Royal Alexandra Theatre,dpz833zb9,1.0
62,Royal Alexandra Theatre,dpz833zbb,1.0
62,Royal Alexandra Theatre,dpz833zbc,0.9975
63,Royal Conservatory and Koerner Hall,dpz83m3jz,0.8433
63,Royal Conservatory and Koerner Hall,dpz83m3m8,0.9921
63,Royal Conservatory and Koerner Hall,dpz83m3m9,0.8304
63,Royal Conservatory and Koerner Hall,dpz83m3mb,1.0
63,Royal Conservatory and Koerner Hall,dpz83m3mc,1.0
63,Royal Conservatory and Koerner Hall,dpz83m3mf,1.0
63,Royal Conservatory and Koerner Hall,dpz83m3mg,1.0
63,Royal Conservatory and Koerner Hall,dpz83m3np,1.0
63,Royal Conservatory and Koerner Hall,dpz83m3nr,1.0
63,Royal Conservatory and Koerner Hall,dpz83m3nw,0.9805
63,Royal Conservatory and Koerner Hall,dpz83m3nx,1.0
63,Royal Conservatory and Koerner Hall,dpz83m3ny,1.0
63,Royal Conservatory and Koerner Hall,dpz83m3nz,1.0
63,Royal Conservatory and Koerner Hall,dpz83m3pe,0.9314
63,Royal Conservatory and Koerner Hall,dpz83m3pf,0.9247
63,Royal Conservatory and Koerner Hall,dpz83m3pg,1.0
63,Royal Conservatory and Koerner Hall,dpz83m3pj,0.8867
63,Royal Conservatory and Koerner Hall,dpz83m3pm,1.0
63,Royal Conservatory and Koerner Hall,dpz83m3pn,1.0
63,Royal Conservatory and Koerner Hall,dpz83m3pp,1.0
63,Royal Conservatory and Koerner Hall,dpz83m3pq,1.0
63,Royal Conservatory and Koerner Hall,dpz83m3pr,1.0
63,Royal Conservatory and Koerner Hall,dpz83m3ps,0.9148
63,Royal Conservatory and Koerner Hall,dpz83m3pt,1.0
63,Royal Conservatory and Koerner Hall,dpz83m3pu,1.0
63,Royal Conservatory and Koerner Hall,dpz83m3pv,1.0
63,Royal Conservatory and Koerner Hall,dpz83m3pw,1.0
63,Royal Conservatory and Koerner Hall,dpz83m3px,1.0
63,Royal Conservatory and Koerner Hall,dpz83m3py,1.0
63,Royal Conservatory and Koerner Hall,dpz83m3pz,1.0
63,Royal Conservatory and Koerner Hall,dpz83m3q0,1.0
63,Royal Conservatory and Koerner Hall,dpz83m3q1,1.0
63,Royal Conservatory and Koerner Hall,dpz83m3q2,1.0
63,Royal Conservatory and Koerner Hall,dpz83m3q3,1.0
63,Royal Conservatory and Koerner Hall,dpz83m3q4,1.0
63,Royal Conservatory and Koerner Hall,dpz83m3q5,1.0
63,Royal Conservatory and Koerner Hall,dpz83m3q6,1.0
63,Royal Conservatory and Koerner Hall,dpz83m3q7,1.0
63,Royal Conservatory and Koerner Hall,dpz83m3q8,1.0
63,Royal Conservatory and Koerner Hall,dpz83m3q9,1.0
63,Royal Conservatory and Koerner Hall,dpz83m3qb,1.0
63,Royal Conservatory and Koerner Hall,dpz83m3qc,1.0
63,Royal Conservatory and Koerner Hall,dpz83m3qd,1.0
63,Royal Conservatory and Koerner Hall,dpz83m3qe,1.0
63,Royal Conservatory and Koerner Hall,dpz83m3qf,1.0
63,Royal Conservatory and Koerner Hall,dpz83m3qg,1.0
63,Royal Conservatory and Koerner Hall,dpz83m3qh,1.0
63,Royal Conservatory and Koerner Hall,dpz83m3qj,1.0
63,Royal Conservatory and Koerner Hall,dpz83m3qk,1.0
63,Royal Conservatory and Koerner Hall,dpz83m3qm,1.0
63,Royal Conservatory and Koerner Hall,dpz83m3qn,1.0
63,Royal Conservatory and Koerner Hall,dpz83m3qp,1.0
63,Royal Conservatory and Koerner Hall,dpz83m3qq,1.0
63,Royal Conservatory and Koerner Hall,dpz83m3qr,1.0
63,Royal Conservatory and Koerner Hall,dpz83m3qs,1.0
63,Royal Conservatory and Koerner Hall,dpz83m3qt,1.0
63,Royal Conservatory and Koerner Hall,dpz83m3qu,1.0
63,Royal Conservatory and Koerner Hall,dpz83m3qv,1.0
63,Royal Conservatory and Koerner Hall,dpz83m3qw,1.0
63,Royal Conservatory and Koerner Hall,dpz83m3qx,1.0
63,Royal Conservatory and Koerner Hall,dpz83m3qy,1.0
63,Royal Conservatory and Koerner Hall,dpz83m3qz,1.0
63,Royal Conservatory and Koerner Hall,dpz83m3r0,1.0
63,Royal Conservatory and Koerner Hall,dpz83m3r1,1.0
63,Royal Conservatory and Koerner Hall,dpz83m3r2,1.0
63,Royal Conservatory and Koerner Hall,dpz83m3r3,1.0
63,Royal Conservatory and Koerner Hall,dpz83m3r4,1.0
63,Royal Conservatory and Koerner Hall,dpz83m3r5,1.0
63,Royal Conservatory and Koerner Hall,dpz83m3r6,1.0
63,Royal Conservatory and Koerner Hall,dpz83m3r7,1.0
63,Royal Conservatory and Koerner Hall,dpz83m3r8,1.0
63,Royal Conservatory and Koerner Hall,dpz83m3r9,1.0
63,Royal Conservatory and Koerner Hall,dpz83m3rb,1.0
63,Royal Conservatory and Koerner Hall,dpz83m3rc,1.0
63,Royal Conservatory and Koerner Hall,dpz83m3rd,1.0
63,Royal Conservatory and Koerner Hall,dpz83m3re,1.0
63,Royal Conservatory and Koerner Hall,dpz83m3rf,1.0
63,Royal Conservatory and Koerner Hall,dpz83m3rg,1.0
63,Royal Conservatory and Koerner Hall,dpz83m3rh,1.0
63,Royal Conservatory and Koerner Hall,dpz83m3rj,1.0
63,Royal Conservatory and Koerner Hall,dpz83m3rk,1.0
63,Royal Conservatory and Koerner Hall,dpz83m3rm,1.0
63,Royal Conservatory and Koerner Hall,dpz83m3rn,1.0
63,Royal Conservatory and Koerner Hall,dpz83m3rp,1.0
63,Royal Conservatory and Koerner Hall,dpz83m3rq,1.0
63,Royal Conservatory and Koerner Hall,dpz83m3rr,1.0
63,Royal Conservatory and Koerner Hall,dpz83m3rs,1.0
63,Royal Conservatory and Koerner Hall,dpz83m3rt,1.0
63,Royal Conservatory and Koerner Hall,dpz83m3ru,1.0
63,Royal Conservatory and Koerner Hall,dpz83m3rv,1.0
63,Royal Conservatory and Koerner Hall,dpz83m3rw,1.0
63,Royal Conservatory and Koerner Hall,dpz83m3rx,1.0
63,Royal Conservatory and Koerner Hall,dpz83m3ry,1.0
63,Royal Conservatory and Koerner Hall,dpz83m3rz,1.0
63,Royal Conservatory and Koerner Hall,dpz83m3w0,1.0
63,Royal Conservatory and Koerner Hall,dpz83m3w1,0.9796
63,Royal Conservatory and Koerner Hall,dpz83m3w2,1.0
63,Royal Conservatory and Koerner Hall,dpz83m3w3,1.0
63,Royal Conservatory and Koerner Hall,dpz83m3w4,0.8454
63,Royal Conservatory and Koerner Hall,dpz83m3w6,1.0
63,Royal Conservatory and Koerner Hall,dpz83m3w7,1.0
63,Royal Conservatory and Koerner Hall,dpz83m3w8,1.0
63,Royal Conservatory and Koerner Hall,dpz83m3w9,1.0
63,Royal Conservatory and Koerner Hall,dpz83m3wb,1.0
63,Royal Conservatory and Koerner Hall,dpz83m3wc,1.0
63,Royal Conservatory and Koerner Hall,dpz83m3wd,1.0
63,Royal Conservatory and Koerner Hall,dpz83m3we,1.0
63,Royal Conservatory and Koerner Hall,dpz83m3wf,1.0
63,Royal Conservatory and Koerner Hall,dpz83m3wg,1.0
63,Royal Conservatory and Koerner Hall,dpz83m3wh,0.8427
63,Royal Conservatory and Koerner Hall,dpz83m3wj,1.0
63,Royal Conservatory and Koerner Hall,dpz83m3wk,1.0
63,Royal Conservatory and Koerner Hall,dpz83m3wm,1.0
63,Royal Conservatory and Koerner Hall,dpz83m3wn,1.0
63,Royal Conservatory and Koerner Hall,dpz83m3wp,1.0
63,Royal Conservatory and Koerner Hall,dpz83m3wq,1.0
63,Royal Conservatory and Koerner Hall,dpz83m3wr,1.0
63,Royal Conservatory and Koerner Hall,dpz83m3ws,1.0
63,Royal Conservatory and Koerner Hall,dpz83m3wt,1.0
63,Royal Conservatory and Koerner Hall,dpz83m3wu,1.0
63,Royal Conservatory and Koerner Hall,dpz83m3wv,1.0
63,Royal Conservatory and Koerner Hall,dpz83m3ww,1.0
63,Royal Conservatory and Koerner Hall,dpz83m3wx,1.0
63,Royal Conservatory and Koerner Hall,dpz83m3wy,1.0
63,Royal Conservatory and Koerner Hall,dpz83m3wz,1.0
63,Royal Conservatory and Koerner Hall,dpz83m3x0,1.0
63,Royal Conservatory and Koerner Hall,dpz83m3x1,1.0
63,Royal Conservatory and Koerner Hall,dpz83m3x2,1.0
63,Royal Conservatory and Koerner Hall,dpz83m3x3,1.0
63,Royal Conservatory and Koerner Hall,dpz83m3x4,1.0
63,Royal Conservatory and Koerner Hall,dpz83m3x5,1.0
63,Royal Conservatory and Koerner Hall,dpz83m3x6,1.0
63,Royal Conservatory and Koerner Hall,dpz83m3x7,1.0
63,Royal Conservatory and Koerner Hall,dpz83m3x8,1.0
63,Royal Conservatory and Koerner Hall,dpz83m3x9,1.0
63,Royal Conservatory and Koerner Hall,dpz83m3xb,1.0
63,Royal Conservatory and Koerner Hall,dpz83m3xc,1.0
63,Royal Conservatory and Koerner Hall,dpz83m3xd,1.0
63,Royal Conservatory and Koerner Hall,dpz83m3xf,1.0
63,Royal Conservatory and Koerner Hall,dpz83m3xh,1.0
63,Royal Conservatory and Koerner Hall,dpz83m3xj,1.0
63,Royal Conservatory and Koerner Hall,dpz83m3xk,1.0
63,Royal Conservatory and Koerner Hall,dpz83m3xm,1.0
63,Royal Conservatory and Koerner Hall,dpz83m3xn,1.0
63,Royal Conservatory and Koerner Hall,dpz83m3xp,1.0
63,Royal Conservatory and Koerner Hall,dpz83m3xq,1.0
63,Royal Conservatory and Koerner Hall,dpz83m3xr,1.0
63,Royal Conservatory and Koerner Hall,dpz83m3xw,0.9293
63,Royal Conservatory and Koerner Hall,dpz83m3xx,1.0
63,Royal Conservatory and Koerner Hall,dpz83m3y0,0.8974
63,Royal Conservatory and Koerner Hall,dpz83m3y2,1.0
63,Royal Conservatory and Koerner Hall,dpz83m3y3,1.0
63,Royal Conservatory and Koerner Hall,dpz83m3y6,0.8555
63,Royal Conservatory and Koerner Hall,dpz83m3y8,1.0
63,Royal Conservatory and Koerner Hall,dpz83m3y9,1.0
63,Royal Conservatory and Koerner Hall,dpz83m3yb,1.0
63,Royal Conservatory and Koerner Hall,dpz83m3yc,0.9838
63,Royal Conservatory and Koerner Hall,dpz83m3z0,1.0
63,Royal Conservatory and Koerner Hall,dpz83m3z2,1.0
63,Royal Conservatory and Koerner Hall,dpz83m3z8,0.901
63,Royal Conservatory and Koerner Hall,dpz83m904,1.0
63,Royal Conservatory and Koerner Hall,dpz83m905,1.0
63,Royal Conservatory and Koerner Hall,dpz83m906,0.9971
63,Royal Conservatory and Koerner Hall,dpz83m907,1.0
63,Royal Conservatory and Koerner Hall,dpz83m90h,1.0
63,Royal Conservatory and Koerner Hall,dpz83m90j,1.0
63,Royal Conservatory and Koerner Hall,dpz83m90k,1.0
63,Royal Conservatory and Koerner Hall,dpz83m920,0.8158
63,Royal Conservatory and Koerner Hall,dpz83m921,0.983
63,Royal Conservatory and Koerner Hall,dpz83m924,1.0
63,Royal Conservatory and Koerner Hall,dpz83m925,1.0
63,Royal Conservatory and Koerner Hall,dpz83m92h,1.0
63,Royal Conservatory and Koerner Hall,dpz83m92j,1.0
63,Royal Conservatory and Koerner Hall,dpz83m92k,1.0
63,Royal Conservatory and Koerner Hall,dpz83m92m,0.9492
63,Royal Conservatory and Koerner Hall,dpz83m92n,1.0
63,Royal Conservatory and Koerner Hall,dpz83m92p,1.0
63,Royal Conservatory and Koerner Hall,dpz83m92q,0.9883
63,Royal Conservatory and Koerner Hall,dpz83m92r,1.0
63,Royal Conservatory and Koerner Hall,dpz83m980,1.0
63,Royal Conservatory and Koerner Hall,dpz83m981,1.0
63,Royal Conservatory and Koerner Hall,dpz83m982,1.0
63,Royal Conservatory and Koerner Hall,dpz83m983,1.0
63,Royal Conservatory and Koerner Hall,dpz83m984,1.0
63,Royal Conservatory and Koerner Hall,dpz83m985,1.0
63,Royal Conservatory and Koerner Hall,dpz83m986,1.0
63,Royal Conservatory and Koerner Hall,dpz83m987,1.0
63,Royal Conservatory and Koerner Hall,dpz83m988,1.0
63,Royal Conservatory and Koerner Hall,dpz83m989,1.0
63,Royal Conservatory and Koerner Hall,dpz83m98d,1.0
63,Royal Conservatory and Koerner Hall,dpz83m98e,1.0
63,Royal Conservatory and Koerner Hall,dpz83m98f,1.0
63,Royal Conservatory and Koerner Hall,dpz83m98g,1.0
63,Royal Conservatory and Koerner Hall,dpz83m98k,1.0
63,Royal Conservatory and Koerner Hall,dpz83m98m,1.0
63,Royal Conservatory and Koerner Hall,dpz83m98q,0.9105
63,Royal Conservatory and Koerner Hall,dpz83m98s,1.0
63,Royal Conservatory and Koerner Hall,dpz83m98t,1.0
63,Royal Conservatory and Koerner Hall,dpz83m98u,1.0
63,Royal Conservatory and Koerner Hall,dpz83m98v,1.0
63,Royal Conservatory and Koerner Hall,dpz83m98w,1.0
63,Royal Conservatory and Koerner Hall,dpz83m98y,1.0
63,Royal Conservatory and Koerner Hall,dpz83m994,0.995
63,Royal Conservatory and Koerner Hall,dpz83m995,1.0
63,Royal Conservatory and Koerner Hall,dpz83m99h,1.0
63,Royal Conservatory and Koerner Hall,dpz83m99j,1.0
63,Royal Conservatory and Koerner Hall,dpz83m99n,0.8147
64,Royal Ontario Museum,dpz83m64z,0.9912
64,Royal Ontario Museum,dpz83m65z,0.9466
64,Royal Ontario Museum,dpz83m668,1.0
64,Royal Ontario Museum,dpz83m669,1.0
64,Royal Ontario Museum,dpz83m66b,1.0
64,Royal Ontario Museum,dpz83m66c,1.0
64,Royal Ontario Museum,dpz83m66d,1.0
64,Royal Ontario Museum,dpz83m66e,0.9191
64,Royal Ontario Museum,dpz83m66f,1.0
64,Royal Ontario Museum,dpz83m66g,1.0
64,Royal Ontario Museum,dpz83m66u,1.0
64,Royal Ontario Museum,dpz83m66v,1.0
64,Royal Ontario Museum,dpz83m66y,0.9666
64,Royal Ontario Museum,dpz83m670,0.9902
64,Royal Ontario Museum,dpz83m671,1.0
64,Royal Ontario Museum,dpz83m672,0.9986
64,Royal Ontario Museum,dpz83m673,1.0
64,Royal Ontario Museum,dpz83m674,1.0
64,Royal Ontario Museum,dpz83m675,1.0
64,Royal Ontario Museum,dpz83m676,1.0
64,Royal Ontario Museum,dpz83m677,1.0
64,Royal Ontario Museum,dpz83m678,1.0
64,Royal Ontario Museum,dpz83m679,1.0
64,Royal Ontario Museum,dpz83m67b,1.0
64,Royal Ontario Museum,dpz83m67c,1.0
64,Royal Ontario Museum,dpz83m67d,1.0
64,Royal Ontario Museum,dpz83m67e,1.0
64,Royal Ontario Museum,dpz83m67f,1.0
64,Royal Ontario Museum,dpz83m67g,1.0
64,Royal Ontario Museum,dpz83m67h,1.0
64,Royal Ontario Museum,dpz83m67j,1.0
64,Royal Ontario Museum,dpz83m67k,1.0
64,Royal Ontario Museum,dpz83m67m,1.0
64,Royal Ontario Museum,dpz83m67n,0.9846
64,Royal Ontario Museum,dpz83m67q,1.0
64,Royal Ontario Museum,dpz83m67r,1.0
64,Royal Ontario Museum,dpz83m67s,1.0
64,Royal Ontario Museum,dpz83m67t,1.0
64,Royal Ontario Museum,dpz83m67u,1.0
64,Royal Ontario Museum,dpz83m67v,1.0
64,Royal Ontario Museum,dpz83m67w,1.0
64,Royal Ontario Museum,dpz83m67x,1.0
64,Royal Ontario Museum,dpz83m67y,1.0
64,Royal Ontario Museum,dpz83m67z,1.0
64,Royal Ontario Museum,dpz83m6e0,0.8502
64,Royal Ontario Museum,dpz83m6e1,1.0
64,Royal Ontario Museum,dpz83m6e2,1.0
64,Royal Ontario Museum,dpz83m6e3,1.0
64,Royal Ontario Museum,dpz83m6e4,1.0
64,Royal Ontario Museum,dpz83m6e5,1.0
64,Royal Ontario Museum,dpz83m6e6,1.0
64,Royal Ontario Museum,dpz83m6e7,1.0
64,Royal Ontario Museum,dpz83m6e8,1.0
64,Royal Ontario Museum,dpz83m6e9,1.0
64,Royal Ontario Museum,dpz83m6eb,1.0
64,Royal Ontario Museum,dpz83m6ec,1.0
64,Royal Ontario Museum,dpz83m6ed,1.0
64,Royal Ontario Museum,dpz83m6ee,1.0
64,Royal Ontario Museum,dpz83m6ef,1.0
64,Royal Ontario Museum,dpz83m6eg,1.0
64,Royal Ontario Museum,dpz83m6eh,0.9771
64,Royal Ontario Museum,dpz83m6ek,1.0
64,Royal Ontario Museum,dpz83m6em,1.0
64,Royal Ontario Museum,dpz83m6eq,1.0
64,Royal Ontario Museum,dpz83m6er,1.0
64,Royal Ontario Museum,dpz83m6es,1.0
64,Royal Ontario Museum,dpz83m6et,1.0
64,Royal Ontario Museum,dpz83m6eu,1.0
64,Royal Ontario Museum,dpz83m6ev,1.0
64,Royal Ontario Museum,dpz83m6ew,1.0
64,Royal Ontario Museum,dpz83m6ex,1.0
64,Royal Ontario Museum,dpz83m6ey,1.0
64,Royal Ontario Museum,dpz83m6ez,1.0
64,Royal Ontario Museum,dpz83m6g2,0.999
64,Royal Ontario Museum,dpz83m6g3,0.8642
64,Royal Ontario Museum,dpz83m6g8,1.0
64,Royal Ontario Museum,dpz83m6g9,1.0
64,Royal Ontario Museum,dpz83m6gb,1.0
64,Royal Ontario Museum,dpz83m6gc,1.0
64,Royal Ontario Museum,dpz83m6gd,1.0
64,Royal Ontario Museum,dpz83m6ge,1.0
64,Royal Ontario Museum,dpz83m6gf,1.0
64,Royal Ontario Museum,dpz83m6gg,1.0
64,Royal Ontario Museum,dpz83m6gs,1.0
64,Royal Ontario Museum,dpz83m6gt,0.9503
64,Royal Ontario Museum,dpz83m6gu,1.0
64,Royal Ontario Museum,dpz83m6gv,1.0
64,Royal Ontario Museum,dpz83m6gy,1.0
64,Royal Ontario Museum,dpz83m6gz,1.0
64,Royal Ontario Museum,dpz83m6hp,1.0
64,Royal Ontario Museum,dpz83m6hq,1.0
64,Royal Ontario Museum,dpz83m6hr,1.0
64,Royal Ontario Museum,dpz83m6hw,1.0
64,Royal Ontario Museum,dpz83m6hx,1.0
64,Royal Ontario Museum,dpz83m6hy,1.0
64,Royal Ontario Museum,dpz83m6hz,1.0
64,Royal Ontario Museum,dpz83m6je,0.9999
64,Royal Ontario Museum,dpz83m6jg,0.9733
64,Royal Ontario Museum,dpz83m6jj,0.9767
64,Royal Ontario Museum,dpz83m6jm,1.0
64,Royal Ontario Museum,dpz83m6jn,1.0
64,Royal Ontario Museum,dpz83m6jp,1.0
64,Royal Ontario Museum,dpz83m6jq,1.0
64,Royal Ontario Museum,dpz83m6jr,1.0
64,Royal Ontario Museum,dpz83m6js,1.0
64,Royal Ontario Museum,dpz83m6jt,1.0
64,Royal Ontario Museum,dpz83m6ju,1.0
64,Royal Ontario Museum,dpz83m6jv,1.0
64,Royal Ontario Museum,dpz83m6jw,1.0
64,Royal Ontario Museum,dpz83m6jx,1.0
64,Royal Ontario Museum,dpz83m6jy,1.0
64,Royal Ontario Museum,dpz83m6jz,1.0
64,Royal Ontario Museum,dpz83m6k0,1.0
64,Royal Ontario Museum,dpz83m6k1,1.0
64,Royal Ontario Museum,dpz83m6k2,1.0
64,Royal Ontario Museum,dpz83m6k3,1.0
64,Royal Ontario Museum,dpz83m6k4,1.0
64,Royal Ontario Museum,dpz83m6k5,1.0
64,Royal Ontario Museum,dpz83m6k6,1.0
64,Royal Ontario Museum,dpz83m6k7,1.0
64,Royal Ontario Museum,dpz83m6k8,1.0
64,Royal Ontario Museum,dpz83m6k9,1.0
64,Royal Ontario Museum,dpz83m6kb,1.0
64,Royal Ontario Museum,dpz83m6kc,1.0
64,Royal Ontario Museum,dpz83m6kd,1.0
64,Royal Ontario Museum,dpz83m6ke,1.0
64,Royal Ontario Museum,dpz83m6kf,1.0
64,Royal Ontario Museum,dpz83m6kg,1.0
64,Royal Ontario Museum,dpz83m6kh,1.0
64,Royal Ontario Museum,dpz83m6kj,1.0
64,Royal Ontario Museum,dpz83m6kk,1.0
64,Royal Ontario Museum,dpz83m6km,1.0
64,Royal Ontario Museum,dpz83m6kn,1.0
64,Royal Ontario Museum,dpz83m6kp,1.0
64,Royal Ontario Museum,dpz83m6kq,1.0
64,Royal Ontario Museum,dpz83m6kr,1.0
64,Royal Ontario Museum,dpz83m6ks,1.0
64,Royal Ontario Museum,dpz83m6kt,1.0
64,Royal Ontario Museum,dpz83m6ku,1.0
64,Royal Ontario Museum,dpz83m6kv,1.0
64,Royal Ontario Museum,dpz83m6kw,1.0
64,Royal Ontario Museum,dpz83m6kx,1.0
64,Royal Ontario Museum,dpz83m6ky,1.0
64,Royal Ontario Museum,dpz83m6kz,1.0
64,Royal Ontario Museum,dpz83m6m0,1.0
64,Royal Ontario Museum,dpz83m6m1,1.0
64,Royal Ontario Museum,dpz83m6m2,1.0
64,Royal Ontario Museum,dpz83m6m3,1.0
64,Royal Ontario Museum,dpz83m6m4,1.0
64,Royal Ontario Museum,dpz83m6m5,1.0
64,Royal Ontario Museum,dpz83m6m6,1.0
64,Royal Ontario Museum,dpz83m6m7,1.0
64,Royal Ontario Museum,dpz83m6m8,1.0
64,Royal Ontario Museum,dpz83m6m9,1.0
64,Royal Ontario Museum,dpz83m6mb,1.0
64,Royal Ontario Museum,dpz83m6mc,1.0
64,Royal Ontario Museum,dpz83m6md,1.0
64,Royal Ontario Museum,dpz83m6me,1.0
64,Royal Ontario Museum,dpz83m6mf,1.0
64,Royal Ontario Museum,dpz83m6mg,1.0
64,Royal Ontario Museum,dpz83m6mh,1.0
64,Royal Ontario Museum,dpz83m6mj,1.0
64,Royal Ontario Museum,dpz83m6mk,1.0
64,Royal Ontario Museum,dpz83m6mm,1.0
64,Royal Ontario Museum,dpz83m6mn,1.0
64,Royal Ontario Museum,dpz83m6mp,1.0
64,Royal Ontario Museum,dpz83m6mq,1.0
64,Royal Ontario Museum,dpz83m6mr,1.0
64,Royal Ontario Museum,dpz83m6ms,1.0
64,Royal Ontario Museum,dpz83m6mt,1.0
64,Royal Ontario Museum,dpz83m6mu,1.0
64,Royal Ontario Museum,dpz83m6mv,1.0
64,Royal Ontario Museum,dpz83m6mw,1.0
64,Royal Ontario Museum,dpz83m6mx,1.0
64,Royal Ontario Museum,dpz83m6my,1.0
64,Royal Ontario Museum,dpz83m6mz,1.0
64,Royal Ontario Museum,dpz83m6n5,0.8397
64,Royal Ontario Museum,dpz83m6n7,0.9693
64,Royal Ontario Museum,dpz83m6ne,1.0
64,Royal Ontario Museum,dpz83m6nf,0.8723
64,Royal Ontario Museum,dpz83m6ng,1.0
64,Royal Ontario Museum,dpz83m6nh,1.0
64,Royal Ontario Museum,dpz83m6nj,1.0
64,Royal Ontario Museum,dpz83m6nk,1.0
64,Royal Ontario Museum,dpz83m6nm,1.0
64,Royal Ontario Museum,dpz83m6nn,1.0
64,Royal Ontario Museum,dpz83m6np,1.0
64,Royal Ontario Museum,dpz83m6nq,1.0
64,Royal Ontario Museum,dpz83m6nr,1.0
64,Royal Ontario Museum,dpz83m6ns,1.0
64,Royal Ontario Museum,dpz83m6nt,1.0
64,Royal Ontario Museum,dpz83m6nu,1.0
64,Royal Ontario Museum,dpz83m6nv,1.0
64,Royal Ontario Museum,dpz83m6nw,1.0
64,Royal Ontario Museum,dpz83m6nx,1.0
64,Royal Ontario Museum,dpz83m6ny,1.0
64,Royal Ontario Museum,dpz83m6nz,1.0
64,Royal Ontario Museum,dpz83m6p4,1.0
64,Royal Ontario Museum,dpz83m6p5,1.0
64,Royal Ontario Museum,dpz83m6p6,1.0
64,Royal Ontario Museum,dpz83m6p7,1.0
64,Royal Ontario Museum,dpz83m6p9,1.0
64,Royal Ontario Museum,dpz83m6pc,1.0
64,Royal Ontario Museum,dpz83m6pd,1.0
64,Royal Ontario Museum,dpz83m6pe,1.0
64,Royal Ontario Museum,dpz83m6pf,1.0
64,Royal Ontario Museum,dpz83m6pg,1.0
64,Royal Ontario Museum,dpz83m6ph,1.0
64,Royal Ontario Museum,dpz83m6pj,1.0
64,Royal Ontario Museum,dpz83m6pk,1.0
64,Royal Ontario Museum,dpz83m6pm,1.0
64,Royal Ontario Museum,dpz83m6pn,1.0
64,Royal Ontario Museum,dpz83m6pp,1.0
64,Royal Ontario Museum,dpz83m6pq,1.0
64,Royal Ontario Museum,dpz83m6pr,1.0
64,Royal Ontario Museum,dpz83m6ps,1.0
64,Royal Ontario Museum,dpz83m6pt,1.0
64,Royal Ontario Museum,dpz83m6pu,1.0
64,Royal Ontario Museum,dpz83m6pv,1.0
64,Royal Ontario Museum,dpz83m6pw,1.0
64,Royal Ontario Museum,dpz83m6px,1.0
64,Royal Ontario Museum,dpz83m6py,1.0
64,Royal Ontario Museum,dpz83m6pz,1.0
64,Royal Ontario Museum,dpz83m6q0,1.0
64,Royal Ontario Museum,dpz83m6q1,1.0
64,Royal Ontario Museum,dpz83m6q2,1.0
64,Royal Ontario Museum,dpz83m6q3,1.0
64,Royal Ontario Museum,dpz83m6q4,1.0
64,Royal Ontario Museum,dpz83m6q5,1.0
64,Royal Ontario Museum,dpz83m6q6,1.0
64,Royal Ontario Museum,dpz83m6q7,1.0
64,Royal Ontario Museum,dpz83m6q8,1.0
64,Royal Ontario Museum,dpz83m6q9,1.0
64,Royal Ontario Museum,dpz83m6qb,1.0
64,Royal Ontario Museum,dpz83m6qc,1.0
64,Royal Ontario Museum,dpz83m6qd,1.0
64,Royal Ontario Museum,dpz83m6qe,1.0
64,Royal Ontario Museum,dpz83m6qf,1.0
64,Royal Ontario Museum,dpz83m6qg,1.0
64,Royal Ontario Museum,dpz83m6qh,1.0
64,Royal Ontario Museum,dpz83m6qj,1.0
64,Royal Ontario Museum,dpz83m6qk,1.0
64,Royal Ontario Museum,dpz83m6qm,1.0
64,Royal Ontario Museum,dpz83m6qn,1.0
64,Royal Ontario Museum,dpz83m6qp,1.0
64,Royal Ontario Museum,dpz83m6qq,1.0
64,Royal Ontario Museum,dpz83m6qr,1.0
64,Royal Ontario Museum,dpz83m6qs,1.0
64,Royal Ontario Museum,dpz83m6qt,1.0
64,Royal Ontario Museum,dpz83m6qu,1.0
64,Royal Ontario Museum,dpz83m6qv,1.0
64,Royal Ontario Museum,dpz83m6qw,1.0
64,Royal Ontario Museum,dpz83m6qx,1.0
64,Royal Ontario Museum,dpz83m6qy,1.0
64,Royal Ontario Museum,dpz83m6qz,1.0
64,Royal Ontario Museum,dpz83m6r0,1.0
64,Royal Ontario Museum,dpz83m6r1,1.0
64,Royal Ontario Museum,dpz83m6r2,1.0
64,Royal Ontario Museum,dpz83m6r3,1.0
64,Royal Ontario Museum,dpz83m6r4,1.0
64,Royal Ontario Museum,dpz83m6r5,1.0
64,Royal Ontario Museum,dpz83m6r6,1.0
64,Royal Ontario Museum,dpz83m6r7,1.0
64,Royal Ontario Museum,dpz83m6r8,1.0
64,Royal Ontario Museum,dpz83m6r9,1.0
64,Royal Ontario Museum,dpz83m6rb,1.0
64,Royal Ontario Museum,dpz83m6rc,1.0
64,Royal Ontario Museum,dpz83m6rd,1.0
64,Royal Ontario Museum,dpz83m6re,1.0
64,Royal Ontario Museum,dpz83m6rf,1.0
64,Royal Ontario Museum,dpz83m6rg,1.0
64,Royal Ontario Museum,dpz83m6rh,1.0
64,Royal Ontario Museum,dpz83m6rj,1.0
64,Royal Ontario Museum,dpz83m6rk,1.0
64,Royal Ontario Museum,dpz83m6rm,1.0
64,Royal Ontario Museum,dpz83m6rn,1.0
64,Royal Ontario Museum,dpz83m6rp,1.0
64,Royal Ontario Museum,dpz83m6rq,1.0
64,Royal Ontario Museum,dpz83m6rr,1.0
64,Royal Ontario Museum,dpz83m6rs,1.0
64,Royal Ontario Museum,dpz83m6rt,1.0
64,Royal Ontario Museum,dpz83m6ru,1.0
64,Royal Ontario Museum,dpz83m6rv,1.0
64,Royal Ontario Museum,dpz83m6rw,1.0
64,Royal Ontario Museum,dpz83m6rx,1.0
64,Royal Ontario Museum,dpz83m6ry,1.0
64,Royal Ontario Museum,dpz83m6rz,1.0
64,Royal Ontario Museum,dpz83m6s0,1.0
64,Royal Ontario Museum,dpz83m6s1,1.0
64,Royal Ontario Museum,dpz83m6s2,1.0
64,Royal Ontario Museum,dpz83m6s3,1.0
64,Royal Ontario Museum,dpz83m6s4,1.0
64,Royal Ontario Museum,dpz83m6s5,1.0
64,Royal Ontario Museum,dpz83m6s6,1.0
64,Royal Ontario Museum,dpz83m6s7,1.0
64,Royal Ontario Museum,dpz83m6s8,1.0
64,Royal Ontario Museum,dpz83m6s9,1.0
64,Royal Ontario Museum,dpz83m6sb,1.0
64,Royal Ontario Museum,dpz83m6sc,1.0
64,Royal Ontario Museum,dpz83m6sd,1.0
64,Royal Ontario Museum,dpz83m6se,1.0
64,Royal Ontario Museum,dpz83m6sf,1.0
64,Royal Ontario Museum,dpz83m6sg,1.0
64,Royal Ontario Museum,dpz83m6sh,1.0
64,Royal Ontario Museum,dpz83m6sj,1.0
64,Royal Ontario Museum,dpz83m6sk,1.0
64,Royal Ontario Museum,dpz83m6sm,1.0
64,Royal Ontario Museum,dpz83m6sn,1.0
64,Royal Ontario Museum,dpz83m6sp,1.0
64,Royal Ontario Museum,dpz83m6sq,1.0
64,Royal Ontario Museum,dpz83m6sr,1.0
64,Royal Ontario Museum,dpz83m6ss,1.0
64,Royal Ontario Museum,dpz83m6st,1.0
64,Royal Ontario Museum,dpz83m6su,1.0
64,Royal Ontario Museum,dpz83m6sv,1.0
64,Royal Ontario Museum,dpz83m6sw,1.0
64,Royal Ontario Museum,dpz83m6sx,1.0
64,Royal Ontario Museum,dpz83m6sy,1.0
64,Royal Ontario Museum,dpz83m6sz,1.0
64,Royal Ontario Museum,dpz83m6t0,1.0
64,Royal Ontario Museum,dpz83m6t1,1.0
64,Royal Ontario Museum,dpz83m6t2,1.0
64,Royal Ontario Museum,dpz83m6t3,1.0
64,Royal Ontario Museum,dpz83m6t4,1.0
64,Royal Ontario Museum,dpz83m6t5,1.0
64,Royal Ontario Museum,dpz83m6t6,1.0
64,Royal Ontario Museum,dpz83m6t7,1.0
64,Royal Ontario Museum,dpz83m6t8,1.0
64,Royal Ontario Museum,dpz83m6t9,1.0
64,Royal Ontario Museum,dpz83m6tb,1.0
64,Royal Ontario Museum,dpz83m6tc,1.0
64,Royal Ontario Museum,dpz83m6td,1.0
64,Royal Ontario Museum,dpz83m6te,1.0
64,Royal Ontario Museum,dpz83m6tf,1.0
64,Royal Ontario Museum,dpz83m6tg,1.0
64,Royal Ontario Museum,dpz83m6th,1.0
64,Royal Ontario Museum,dpz83m6tj,1.0
64,Royal Ontario Museum,dpz83m6tk,1.0
64,Royal Ontario Museum,dpz83m6tm,1.0
64,Royal Ontario Museum,dpz83m6tn,1.0
64,Royal Ontario Museum,dpz83m6tp,1.0
64,Royal Ontario Museum,dpz83m6tq,1.0
64,Royal Ontario Museum,dpz83m6tr,1.0
64,Royal Ontario Museum,dpz83m6ts,1.0
64,Royal Ontario Museum,dpz83m6tt,1.0
64,Royal Ontario Museum,dpz83m6tu,1.0
64,Royal Ontario Museum,dpz83m6tv,1.0
64,Royal Ontario Museum,dpz83m6tw,1.0
64,Royal Ontario Museum,dpz83m6tx,1.0
64,Royal Ontario Museum,dpz83m6ty,1.0
64,Royal Ontario Museum,dpz83m6tz,1.0
64,Royal Ontario Museum,dpz83m6u0,1.0
64,Royal Ontario Museum,dpz83m6u1,1.0
64,Royal Ontario Museum,dpz83m6u2,1.0
64,Royal Ontario Museum,dpz83m6u3,1.0
64,Royal Ontario Museum,dpz83m6u4,1.0
64,Royal Ontario Museum,dpz83m6u5,1.0
64,Royal Ontario Museum,dpz83m6u6,1.0
64,Royal Ontario Museum,dpz83m6u7,1.0
64,Royal Ontario Museum,dpz83m6u8,1.0
64,Royal Ontario Museum,dpz83m6u9,1.0
64,Royal Ontario Museum,dpz83m6ub,1.0
64,Royal Ontario Museum,dpz83m6uc,1.0
64,Royal Ontario Museum,dpz83m6ud,1.0
64,Royal Ontario Museum,dpz83m6ue,1.0
64,Royal Ontario Museum,dpz83m6uf,1.0
64,Royal Ontario Museum,dpz83m6ug,1.0
64,Royal Ontario Museum,dpz83m6uh,1.0
64,Royal Ontario Museum,dpz83m6uj,1.0
64,Royal Ontario Museum,dpz83m6uk,1.0
64,Royal Ontario Museum,dpz83m6um,1.0
64,Royal Ontario Museum,dpz83m6un,1.0
64,Royal Ontario Museum,dpz83m6up,1.0
64,Royal Ontario Museum,dpz83m6uq,1.0
64,Royal Ontario Museum,dpz83m6ur,1.0
64,Royal Ontario Museum,dpz83m6us,1.0
64,Royal Ontario Museum,dpz83m6ut,1.0
64,Royal Ontario Museum,dpz83m6uu,1.0
64,Royal Ontario Museum,dpz83m6uv,1.0
64,Royal Ontario Museum,dpz83m6uw,1.0
64,Royal Ontario Museum,dpz83m6ux,1.0
64,Royal Ontario Museum,dpz83m6uy,1.0
64,Royal Ontario Museum,dpz83m6uz,1.0
64,Royal Ontario Museum,dpz83m6v0,1.0
64,Royal Ontario Museum,dpz83m6v1,1.0
64,Royal Ontario Museum,dpz83m6v2,1.0
64,Royal Ontario Museum,dpz83m6v3,1.0
64,Royal Ontario Museum,dpz83m6v4,1.0
64,Royal Ontario Museum,dpz83m6v5,1.0
64,Royal Ontario Museum,dpz83m6v6,1.0
64,Royal Ontario Museum,dpz83m6v7,1.0
64,Royal Ontario Museum,dpz83m6v8,1.0
64,Royal Ontario Museum,dpz83m6v9,1.0
64,Royal Ontario Museum,dpz83m6vb,1.0
64,Royal Ontario Museum,dpz83m6vc,1.0
64,Royal Ontario Museum,dpz83m6vd,1.0
64,Royal Ontario Museum,dpz83m6ve,1.0
64,Royal Ontario Museum,dpz83m6vf,1.0
64,Royal Ontario Museum,dpz83m6vg,1.0
64,Royal Ontario Museum,dpz83m6vh,1.0
64,Royal Ontario Museum,dpz83m6vj,1.0
64,Royal Ontario Museum,dpz83m6vk,1.0
64,Royal Ontario Museum,dpz83m6vm,1.0
64,Royal Ontario Museum,dpz83m6vn,1.0
64,Royal Ontario Museum,dpz83m6vp,1.0
64,Royal Ontario Museum,dpz83m6vq,1.0
64,Royal Ontario Museum,dpz83m6vr,1.0
64,Royal Ontario Museum,dpz83m6vs,1.0
64,Royal Ontario Museum,dpz83m6vt,1.0
64,Royal Ontario Museum,dpz83m6vu,1.0
64,Royal Ontario Museum,dpz83m6vv,1.0
64,Royal Ontario Museum,dpz83m6vw,1.0
64,Royal Ontario Museum,dpz83m6vx,1.0
64,Royal Ontario Museum,dpz83m6vy,1.0
64,Royal Ontario Museum,dpz83m6vz,1.0
64,Royal Ontario Museum,dpz83m6w0,1.0
64,Royal Ontario Museum,dpz83m6w1,1.0
64,Royal Ontario Museum,dpz83m6w2,1.0
64,Royal Ontario Museum,dpz83m6w3,1.0
64,Royal Ontario Museum,dpz83m6w4,1.0
64,Royal Ontario Museum,dpz83m6w5,1.0
64,Royal Ontario Museum,dpz83m6w6,1.0
64,Royal Ontario Museum,dpz83m6w7,1.0
64,Royal Ontario Museum,dpz83m6w8,1.0
64,Royal Ontario Museum,dpz83m6w9,1.0
64,Royal Ontario Museum,dpz83m6wb,1.0
64,Royal Ontario Museum,dpz83m6wc,1.0
64,Royal Ontario Museum,dpz83m6wd,1.0
64,Royal Ontario Museum,dpz83m6we,1.0
64,Royal Ontario Museum,dpz83m6wf,1.0
64,Royal Ontario Museum,dpz83m6wg,1.0
64,Royal Ontario Museum,dpz83m6wh,1.0
64,Royal Ontario Museum,dpz83m6wj,1.0
64,Royal Ontario Museum,dpz83m6wk,1.0
64,Royal Ontario Museum,dpz83m6wm,1.0
64,Royal Ontario Museum,dpz83m6wn,1.0
64,Royal Ontario Museum,dpz83m6wp,1.0
64,Royal Ontario Museum,dpz83m6wq,1.0
64,Royal Ontario Museum,dpz83m6wr,1.0
64,Royal Ontario Museum,dpz83m6ws,1.0
64,Royal Ontario Museum,dpz83m6wt,1.0
64,Royal Ontario Museum,dpz83m6wu,1.0
64,Royal Ontario Museum,dpz83m6wv,1.0
64,Royal Ontario Museum,dpz83m6ww,1.0
64,Royal Ontario Museum,dpz83m6wx,1.0
64,Royal Ontario Museum,dpz83m6wy,1.0
64,Royal Ontario Museum,dpz83m6wz,1.0
64,Royal Ontario Museum,dpz83m6x0,1.0
64,Royal Ontario Museum,dpz83m6x1,1.0
64,Royal Ontario Museum,dpz83m6x2,1.0
64,Royal Ontario Museum,dpz83m6x3,1.0
64,Royal Ontario Museum,dpz83m6x4,1.0
64,Royal Ontario Museum,dpz83m6x5,1.0
64,Royal Ontario Museum,dpz83m6x6,1.0
64,Royal Ontario Museum,dpz83m6x7,1.0
64,Royal Ontario Museum,dpz83m6x8,1.0
64,Royal Ontario Museum,dpz83m6x9,1.0
64,Royal Ontario Museum,dpz83m6xb,1.0
64,Royal Ontario Museum,dpz83m6xc,1.0
64,Royal Ontario Museum,dpz83m6xd,1.0
64,Royal Ontario Museum,dpz83m6xe,1.0
64,Royal Ontario Museum,dpz83m6xf,1.0
64,Royal Ontario Museum,dpz83m6xg,1.0
64,Royal Ontario Museum,dpz83m6xh,1.0
64,Royal Ontario Museum,dpz83m6xj,1.0
64,Royal Ontario Museum,dpz83m6xk,1.0
64,Royal Ontario Museum,dpz83m6xm,1.0
64,Royal Ontario Museum,dpz83m6xn,1.0
64,Royal Ontario Museum,dpz83m6xp,1.0
64,Royal Ontario Museum,dpz83m6xq,1.0
64,Royal Ontario Museum,dpz83m6xr,1.0
64,Royal Ontario Museum,dpz83m6xs,1.0
64,Royal Ontario Museum,dpz83m6xt,1.0
64,Royal Ontario Museum,dpz83m6xu,1.0
64,Royal Ontario Museum,dpz83m6xv,1.0
64,Royal Ontario Museum,dpz83m6xw,1.0
64,Royal Ontario Museum,dpz83m6xx,1.0
64,Royal Ontario Museum,dpz83m6xy,1.0
64,Royal Ontario Museum,dpz83m6xz,1.0
64,Royal Ontario Museum,dpz83m6y0,1.0
64,Royal Ontario Museum,dpz83m6y1,1.0
64,Royal Ontario Museum,dpz83m6y2,1.0
64,Royal Ontario Museum,dpz83m6y3,1.0
64,Royal Ontario Museum,dpz83m6y4,1.0
64,Royal Ontario Museum,dpz83m6y5,1.0
64,Royal Ontario Museum,dpz83m6y6,1.0
64,Royal Ontario Museum,dpz83m6y7,1.0
64,Royal Ontario Museum,dpz83m6y8,1.0
64,Royal Ontario Museum,dpz83m6y9,1.0
64,Royal Ontario Museum,dpz83m6yb,1.0
64,Royal Ontario Museum,dpz83m6yc,1.0
64,Royal Ontario Museum,dpz83m6yd,1.0
64,Royal Ontario Museum,dpz83m6ye,1.0
64,Royal Ontario Museum,dpz83m6yf,1.0
64,Royal Ontario Museum,dpz83m6yg,1.0
64,Royal Ontario Museum,dpz83m6yh,1.0
64,Royal Ontario Museum,dpz83m6yj,1.0
64,Royal Ontario Museum,dpz83m6yk,1.0
64,Royal Ontario Museum,dpz83m6ym,1.0
64,Royal Ontario Museum,dpz83m6yn,1.0
64,Royal Ontario Museum,dpz83m6yp,1.0
64,Royal Ontario Museum,dpz83m6yq,1.0
64,Royal Ontario Museum,dpz83m6yr,1.0
64,Royal Ontario Museum,dpz83m6ys,1.0
64,Royal Ontario Museum,dpz83m6yt,1.0
64,Royal Ontario Museum,dpz83m6yu,1.0
64,Royal Ontario Museum,dpz83m6yv,1.0
64,Royal Ontario Museum,dpz83m6yw,1.0
64,Royal Ontario Museum,dpz83m6yx,0.9549
64,Royal Ontario Museum,dpz83m6yy,1.0
64,Royal Ontario Museum,dpz83m6z0,1.0
64,Royal Ontario Museum,dpz83m6z1,1.0
64,Royal Ontario Museum,dpz83m6z2,1.0
64,Royal Ontario Museum,dpz83m6z3,1.0
64,Royal Ontario Museum,dpz83m6z4,1.0
64,Royal Ontario Museum,dpz83m6z5,1.0
64,Royal Ontario Museum,dpz83m6z6,1.0
64,Royal Ontario Museum,dpz83m6z7,1.0
64,Royal Ontario Museum,dpz83m6z8,1.0
64,Royal Ontario Museum,dpz83m6z9,1.0
64,Royal Ontario Museum,dpz83m6zb,1.0
64,Royal Ontario Museum,dpz83m6zc,1.0
64,Royal Ontario Museum,dpz83m6zd,1.0
64,Royal Ontario Museum,dpz83m6ze,1.0
64,Royal Ontario Museum,dpz83m6zf,1.0
64,Royal Ontario Museum,dpz83m6zg,1.0
64,Royal Ontario Museum,dpz83m6zh,1.0
64,Royal Ontario Museum,dpz83m6zj,1.0
64,Royal Ontario Museum,dpz83m6zk,1.0
64,Royal Ontario Museum,dpz83m6zm,1.0
64,Royal Ontario Museum,dpz83m6zn,1.0
64,Royal Ontario Museum,dpz83m6zp,1.0
64,Royal Ontario Museum,dpz83m6zq,1.0
64,Royal Ontario Museum,dpz83m6zr,1.0
64,Royal Ontario Museum,dpz83m6zs,1.0
64,Royal Ontario Museum,dpz83m6zt,1.0
64,Royal Ontario Museum,dpz83m6zu,1.0
64,Royal Ontario Museum,dpz83m6zv,0.9356
64,Royal Ontario Museum,dpz83m6zw,1.0
64,Royal Ontario Museum,dpz83m6zx,1.0
64,Royal Ontario Museum,dpz83m6zy,0.8126
64,Royal Ontario Museum,dpz83m6zz,0.9867
64,Royal Ontario Museum,dpz83m75b,1.0
64,Royal Ontario Museum,dpz83m75c,0.9956
64,Royal Ontario Museum,dpz83m75f,0.8433
64,Royal Ontario Museum,dpz83m7h0,1.0
64,Royal Ontario Museum,dpz83m7h1,1.0
64,Royal Ontario Museum,dpz83m7h2,1.0
64,Royal Ontario Museum,dpz83m7h3,1.0
64,Royal Ontario Museum,dpz83m7h4,1.0
64,Royal Ontario Museum,dpz83m7h5,1.0
64,Royal Ontario Museum,dpz83m7h6,1.0
64,Royal Ontario Museum,dpz83m7h7,0.914
64,Royal Ontario Museum,dpz83m7h8,1.0
64,Royal Ontario Museum,dpz83m7h9,1.0
64,Royal Ontario Museum,dpz83m7hb,1.0
64,Royal Ontario Museum,dpz83m7hc,1.0
64,Royal Ontario Museum,dpz83m7hd,1.0
64,Royal Ontario Museum,dpz83m7hf,0.9756
64,Royal Ontario Museum,dpz83m7j0,1.0
64,Royal Ontario Museum,dpz83m7j1,1.0
64,Royal Ontario Museum,dpz83m7j2,1.0
64,Royal Ontario Museum,dpz83m7j3,0.9996
64,Royal Ontario Museum,dpz83m7j8,1.0
64,Royal Ontario Museum,dpz83m7jb,1.0
64,Royal Ontario Museum,dpz83m7n0,0.878
64,Royal Ontario Museum,dpz83m7p0,0.9426
64,Royal Ontario Museum,dpz83m7p2,1.0
64,Royal Ontario Museum,dpz83m7p3,1.0
64,Royal Ontario Museum,dpz83m7p8,1.0
64,Royal Ontario Museum,dpz83m7p9,0.9111
64,Royal Ontario Museum,dpz83m7pb,1.0
64,Royal Ontario Museum,dpz83md00,0.9586
64,Royal Ontario Museum,dpz83md01,1.0
64,Royal Ontario Museum,dpz83md02,0.9396
64,Royal Ontario Museum,dpz83md03,1.0
64,Royal Ontario Museum,dpz83md04,1.0
64,Royal Ontario Museum,dpz83md05,1.0
64,Royal Ontario Museum,dpz83md06,1.0
64,Royal Ontario Museum,dpz83md07,1.0
64,Royal Ontario Museum,dpz83md0e,1.0
64,Royal Ontario Museum,dpz83md0f,0.9554
64,Royal Ontario Museum,dpz83md0g,1.0
64,Royal Ontario Museum,dpz83md0h,1.0
64,Royal Ontario Museum,dpz83md0j,1.0
64,Royal Ontario Museum,dpz83md0k,1.0
64,Royal Ontario Museum,dpz83md0m,1.0
64,Royal Ontario Museum,dpz83md0n,1.0
64,Royal Ontario Museum,dpz83md0p,1.0
64,Royal Ontario Museum,dpz83md0q,1.0
64,Royal Ontario Museum,dpz83md0r,1.0
64,Royal Ontario Museum,dpz83md0s,1.0
64,Royal Ontario Museum,dpz83md0t,1.0
64,Royal Ontario Museum,dpz83md0u,1.0
64,Royal Ontario Museum,dpz83md0v,1.0
64,Royal Ontario Museum,dpz83md0w,1.0
64,Royal Ontario Museum,dpz83md0x,1.0
64,Royal Ontario Museum,dpz83md0y,1.0
64,Royal Ontario Museum,dpz83md0z,1.0
64,Royal Ontario Museum,dpz83md11,0.9931
64,Royal Ontario Museum,dpz83md12,1.0
64,Royal Ontario Museum,dpz83md13,1.0
64,Royal Ontario Museum,dpz83md14,1.0
64,Royal Ontario Museum,dpz83md15,1.0
64,Royal Ontario Museum,dpz83md16,1.0
64,Royal Ontario Museum,dpz83md17,1.0
64,Royal Ontario Museum,dpz83md19,0.9894
64,Royal Ontario Museum,dpz83md1d,1.0
64,Royal Ontario Museum,dpz83md1e,1.0
64,Royal Ontario Museum,dpz83md1h,1.0
64,Royal Ontario Museum,dpz83md1j,1.0
64,Royal Ontario Museum,dpz83md1k,1.0
64,Royal Ontario Museum,dpz83md1m,1.0
64,Royal Ontario Museum,dpz83md1n,1.0
64,Royal Ontario Museum,dpz83md1p,1.0
64,Royal Ontario Museum,dpz83md1q,1.0
64,Royal Ontario Museum,dpz83md1r,1.0
64,Royal Ontario Museum,dpz83md1s,1.0
64,Royal Ontario Museum,dpz83md1t,1.0
64,Royal Ontario Museum,dpz83md1w,1.0
64,Royal Ontario Museum,dpz83md1x,1.0
64,Royal Ontario Museum,dpz83md20,1.0
64,Royal Ontario Museum,dpz83md21,1.0
64,Royal Ontario Museum,dpz83md22,1.0
64,Royal Ontario Museum,dpz83md23,1.0
64,Royal Ontario Museum,dpz83md24,1.0
64,Royal Ontario Museum,dpz83md25,1.0
64,Royal Ontario Museum,dpz83md26,1.0
64,Royal Ontario Museum,dpz83md27,1.0
64,Royal Ontario Museum,dpz83md28,1.0
64,Royal Ontario Museum,dpz83md29,1.0
64,Royal Ontario Museum,dpz83md2b,1.0
64,Royal Ontario Museum,dpz83md2c,1.0
64,Royal Ontario Museum,dpz83md2d,1.0
64,Royal Ontario Museum,dpz83md2e,1.0
64,Royal Ontario Museum,dpz83md2f,1.0
64,Royal Ontario Museum,dpz83md2g,1.0
64,Royal Ontario Museum,dpz83md2h,1.0
64,Royal Ontario Museum,dpz83md2j,1.0
64,Royal Ontario Museum,dpz83md2k,1.0
64,Royal Ontario Museum,dpz83md2m,1.0
64,Royal Ontario Museum,dpz83md2n,1.0
64,Royal Ontario Museum,dpz83md2p,1.0
64,Royal Ontario Museum,dpz83md2q,1.0
64,Royal Ontario Museum,dpz83md2r,1.0
64,Royal Ontario Museum,dpz83md2s,1.0
64,Royal Ontario Museum,dpz83md2t,1.0
64,Royal Ontario Museum,dpz83md2u,1.0
64,Royal Ontario Museum,dpz83md2v,1.0
64,Royal Ontario Museum,dpz83md2w,1.0
64,Royal Ontario Museum,dpz83md2x,1.0
64,Royal Ontario Museum,dpz83md2y,1.0
64,Royal Ontario Museum,dpz83md2z,1.0
64,Royal Ontario Museum,dpz83md30,1.0
64,Royal Ontario Museum,dpz83md31,1.0
64,Royal Ontario Museum,dpz83md32,1.0
64,Royal Ontario Museum,dpz83md33,1.0
64,Royal Ontario Museum,dpz83md34,1.0
64,Royal Ontario Museum,dpz83md35,1.0
64,Royal Ontario Museum,dpz83md36,1.0
64,Royal Ontario Museum,dpz83md37,1.0
64,Royal Ontario Museum,dpz83md38,1.0
64,Royal Ontario Museum,dpz83md39,1.0
64,Royal Ontario Museum,dpz83md3b,0.9855
64,Royal Ontario Museum,dpz83md3c,1.0
64,Royal Ontario Museum,dpz83md3d,1.0
64,Royal Ontario Museum,dpz83md3e,1.0
64,Royal Ontario Museum,dpz83md3f,1.0
64,Royal Ontario Museum,dpz83md3g,1.0
64,Royal Ontario Museum,dpz83md3h,1.0
64,Royal Ontario Museum,dpz83md3j,1.0
64,Royal Ontario Museum,dpz83md3k,1.0
64,Royal Ontario Museum,dpz83md3m,1.0
64,Royal Ontario Museum,dpz83md3n,1.0
64,Royal Ontario Museum,dpz83md3p,1.0
64,Royal Ontario Museum,dpz83md3q,1.0
64,Royal Ontario Museum,dpz83md3r,1.0
64,Royal Ontario Museum,dpz83md3s,1.0
64,Royal Ontario Museum,dpz83md3t,1.0
64,Royal Ontario Museum,dpz83md3u,1.0
64,Royal Ontario Museum,dpz83md3v,1.0
64,Royal Ontario Museum,dpz83md3w,1.0
64,Royal Ontario Museum,dpz83md3x,1.0
64,Royal Ontario Museum,dpz83md3y,1.0
64,Royal Ontario Museum,dpz83md3z,1.0
64,Royal Ontario Museum,dpz83md61,0.9755
64,Royal Ontario Museum,dpz83md64,1.0
64,Royal Ontario Museum,dpz83md65,1.0
64,Royal Ontario Museum,dpz83md66,0.9626
64,Royal Ontario Museum,dpz83md67,1.0
64,Royal Ontario Museum,dpz83md6h,1.0
64,Royal Ontario Museum,dpz83md6j,1.0
64,Royal Ontario Museum,dpz83md6k,0.98
64,Royal Ontario Museum,dpz83md6m,1.0
64,Royal Ontario Museum,dpz83md6n,1.0
64,Royal Ontario Museum,dpz83md6p,1.0
64,Royal Ontario Museum,dpz83md6q,1.0
64,Royal Ontario Museum,dpz83md6r,1.0
64,Royal Ontario Museum,dpz83md6t,0.9492
64,Royal Ontario Museum,dpz83md6w,1.0
64,Royal Ontario Museum,dpz83md6x,1.0
64,Royal Ontario Museum,dpz83md6y,0.9893
64,Royal Ontario Museum,dpz83md6z,1.0
64,Royal Ontario Museum,dpz83md7p,1.0
64,Royal Ontario Museum,dpz83md80,1.0
64,Royal Ontario Museum,dpz83md81,1.0
64,Royal Ontario Museum,dpz83md82,1.0
64,Royal Ontario Museum,dpz83md83,1.0
64,Royal Ontario Museum,dpz83md84,1.0
64,Royal Ontario Museum,dpz83md85,1.0
64,Royal Ontario Museum,dpz83md86,1.0
64,Royal Ontario Museum,dpz83md87,1.0
64,Royal Ontario Museum,dpz83md88,1.0
64,Royal Ontario Museum,dpz83md89,1.0
64,Royal Ontario Museum,dpz83md8b,1.0
64,Royal Ontario Museum,dpz83md8c,1.0
64,Royal Ontario Museum,dpz83md8d,1.0
64,Royal Ontario Museum,dpz83md8e,1.0
64,Royal Ontario Museum,dpz83md8f,1.0
64,Royal Ontario Museum,dpz83md8g,1.0
64,Royal Ontario Museum,dpz83md8h,1.0
64,Royal Ontario Museum,dpz83md8j,1.0
64,Royal Ontario Museum,dpz83md8k,1.0
64,Royal Ontario Museum,dpz83md8m,1.0
64,Royal Ontario Museum,dpz83md8n,1.0
64,Royal Ontario Museum,dpz83md8p,1.0
64,Royal Ontario Museum,dpz83md8q,1.0
64,Royal Ontario Museum,dpz83md8r,1.0
64,Royal Ontario Museum,dpz83md8s,1.0
64,Royal Ontario Museum,dpz83md8t,1.0
64,Royal Ontario Museum,dpz83md8u,1.0
64,Royal Ontario Museum,dpz83md8v,1.0
64,Royal Ontario Museum,dpz83md8w,1.0
64,Royal Ontario Museum,dpz83md8x,1.0
64,Royal Ontario Museum,dpz83md8y,1.0
64,Royal Ontario Museum,dpz83md8z,1.0
64,Royal Ontario Museum,dpz83md90,1.0
64,Royal Ontario Museum,dpz83md91,1.0
64,Royal Ontario Museum,dpz83md92,1.0
64,Royal Ontario Museum,dpz83md93,1.0
64,Royal Ontario Museum,dpz83md94,1.0
64,Royal Ontario Museum,dpz83md95,1.0
64,Royal Ontario Museum,dpz83md96,1.0
64,Royal Ontario Museum,dpz83md97,1.0
64,Royal Ontario Museum,dpz83md98,1.0
64,Royal Ontario Museum,dpz83md99,1.0
64,Royal Ontario Museum,dpz83md9b,1.0
64,Royal Ontario Museum,dpz83md9c,1.0
64,Royal Ontario Museum,dpz83md9d,1.0
64,Royal Ontario Museum,dpz83md9e,1.0
64,Royal Ontario Museum,dpz83md9f,1.0
64,Royal Ontario Museum,dpz83md9g,1.0
64,Royal Ontario Museum,dpz83md9h,1.0
64,Royal Ontario Museum,dpz83md9j,1.0
64,Royal Ontario Museum,dpz83md9k,1.0
64,Royal Ontario Museum,dpz83md9m,1.0
64,Royal Ontario Museum,dpz83md9n,1.0
64,Royal Ontario Museum,dpz83md9p,1.0
64,Royal Ontario Museum,dpz83md9q,1.0
64,Royal Ontario Museum,dpz83md9r,1.0
64,Royal Ontario Museum,dpz83md9s,1.0
64,Royal Ontario Museum,dpz83md9t,1.0
64,Royal Ontario Museum,dpz83md9u,1.0
64,Royal Ontario Museum,dpz83md9v,1.0
64,Royal Ontario Museum,dpz83md9w,1.0
64,Royal Ontario Museum,dpz83md9x,1.0
64,Royal Ontario Museum,dpz83md9y,1.0
64,Royal Ontario Museum,dpz83md9z,1.0
64,Royal Ontario Museum,dpz83mdb0,1.0
64,Royal Ontario Museum,dpz83mdb1,1.0
64,Royal Ontario Museum,dpz83mdb2,1.0
64,Royal Ontario Museum,dpz83mdb3,1.0
64,Royal Ontario Museum,dpz83mdb4,1.0
64,Royal Ontario Museum,dpz83mdb5,1.0
64,Royal Ontario Museum,dpz83mdb6,1.0
64,Royal Ontario Museum,dpz83mdb7,1.0
64,Royal Ontario Museum,dpz83mdb8,1.0
64,Royal Ontario Museum,dpz83mdb9,1.0
64,Royal Ontario Museum,dpz83mdbb,1.0
64,Royal Ontario Museum,dpz83mdbc,1.0
64,Royal Ontario Museum,dpz83mdbd,1.0
64,Royal Ontario Museum,dpz83mdbe,1.0
64,Royal Ontario Museum,dpz83mdbf,1.0
64,Royal Ontario Museum,dpz83mdbg,1.0
64,Royal Ontario Museum,dpz83mdbh,1.0
64,Royal Ontario Museum,dpz83mdbk,0.987
64,Royal Ontario Museum,dpz83mdc0,1.0
64,Royal Ontario Museum,dpz83mdc1,1.0
64,Royal Ontario Museum,dpz83mdc2,1.0
64,Royal Ontario Museum,dpz83mdc3,1.0
64,Royal Ontario Museum,dpz83mdc4,1.0
64,Royal Ontario Museum,dpz83mdc5,0.8497
64,Royal Ontario Museum,dpz83mdc6,1.0
64,Royal Ontario Museum,dpz83mdc8,1.0
64,Royal Ontario Museum,dpz83mdc9,1.0
64,Royal Ontario Museum,dpz83mdcb,1.0
64,Royal Ontario Museum,dpz83mdcc,1.0
64,Royal Ontario Museum,dpz83mdcd,0.958
64,Royal Ontario Museum,dpz83mdd0,1.0
64,Royal Ontario Museum,dpz83mdd1,1.0
64,Royal Ontario Museum,dpz83mdd2,1.0
64,Royal Ontario Museum,dpz83mdd3,1.0
64,Royal Ontario Museum,dpz83mdd4,1.0
64,Royal Ontario Museum,dpz83mdd5,1.0
64,Royal Ontario Museum,dpz83mdd6,1.0
64,Royal Ontario Museum,dpz83mdd7,1.0
64,Royal Ontario Museum,dpz83mdd8,1.0
64,Royal Ontario Museum,dpz83mdd9,1.0
64,Royal Ontario Museum,dpz83mddb,1.0
64,Royal Ontario Museum,dpz83mddc,1.0
64,Royal Ontario Museum,dpz83mddd,1.0
64,Royal Ontario Museum,dpz83mdde,1.0
64,Royal Ontario Museum,dpz83mddf,1.0
64,Royal Ontario Museum,dpz83mddg,1.0
64,Royal Ontario Museum,dpz83mddh,1.0
64,Royal Ontario Museum,dpz83mddj,1.0
64,Royal Ontario Museum,dpz83mddk,1.0
64,Royal Ontario Museum,dpz83mddm,1.0
64,Royal Ontario Museum,dpz83mddn,1.0
64,Royal Ontario Museum,dpz83mddp,1.0
64,Royal Ontario Museum,dpz83mddq,1.0
64,Royal Ontario Museum,dpz83mddr,1.0
64,Royal Ontario Museum,dpz83mdds,1.0
64,Royal Ontario Museum,dpz83mddt,1.0
64,Royal Ontario Museum,dpz83mddu,0.9159
64,Royal Ontario Museum,dpz83mddw,1.0
64,Royal Ontario Museum,dpz83mddx,1.0
64,Royal Ontario Museum,dpz83mde0,1.0
64,Royal Ontario Museum,dpz83mde1,1.0
64,Royal Ontario Museum,dpz83mde4,1.0
64,Royal Ontario Museum,dpz83mde5,0.9889
64,Royal Ontario Museum,dpz83mdf0,1.0
64,Royal Ontario Museum,dpz83mdf1,0.9995
64,Royal Ontario Museum,dpz83mdf2,1.0
64,Royal Ontario Museum,dpz83mdf8,1.0
65,Bluffs Gallery,dpz8s6mrr,1.0
65,Bluffs Gallery,dpz8s6mx0,0.9602
65,Bluffs Gallery,dpz8s6mx2,1.0
65,Bluffs Gallery,dpz8s6mx3,1.0
65,Bluffs Gallery,dpz8s6mx8,0.9587
65,Bluffs Gallery,dpz8s6mx9,1.0
65,Bluffs Gallery,dpz8s6mxd,0.9824
66,Young Centre for the Performing Arts,dpz864mhv,0.9989
66,Young Centre for the Performing Arts,dpz864mhw,1.0
66,Young Centre for the Performing Arts,dpz864mhx,1.0
66,Young Centre for the Performing Arts,dpz864mhy,1.0
66,Young Centre for the Performing Arts,dpz864mhz,1.0
66,Young Centre for the Performing Arts,dpz864mjj,1.0
66,Young Centre for the Performing Arts,dpz864mjk,0.9544
66,Young Centre for the Performing Arts,dpz864mjm,1.0
66,Young Centre for the Performing Arts,dpz864mjn,1.0
66,Young Centre for the Performing Arts,dpz864mjp,1.0
66,Young Centre for the Performing Arts,dpz864mjq,1.0
66,Young Centre for the Performing Arts,dpz864mjr,1.0
66,Young Centre for the Performing Arts,dpz864mjs,1.0
66,Young Centre for the Performing Arts,dpz864mjt,1.0
66,Young Centre for the Performing Arts,dpz864mjw,1.0
66,Young Centre for the Performing Arts,dpz864mjx,1.0
66,Young Centre for the Performing Arts,dpz864mjz,0.9131
66,Young Centre for the Performing Arts,dpz864mk1,0.9685
66,Young Centre for the Performing Arts,dpz864mk3,1.0
66,Young Centre for the Performing Arts,dpz864mk4,1.0
66,Young Centre for the Performing Arts,dpz864mk5,1.0
66,Young Centre for the Performing Arts,dpz864mk6,1.0
66,Young Centre for the Performing Arts,dpz864mk7,1.0
66,Young Centre for the Performing Arts,dpz864mk8,0.9936
66,Young Centre for the Performing Arts,dpz864mk9,1.0
66,Young Centre for the Performing Arts,dpz864mkb,1.0
66,Young Centre for the Performing Arts,dpz864mkc,1.0
66,Young Centre for the Performing Arts,dpz864mkd,1.0
66,Young Centre for the Performing Arts,dpz864mke,1.0
66,Young Centre for the Performing Arts,dpz864mkf,1.0
66,Young Centre for the Performing Arts,dpz864mkg,1.0
66,Young Centre for the Performing Arts,dpz864mkh,0.9955
66,Young Centre for the Performing Arts,dpz864mkj,0.8387
66,Young Centre for the Performing Arts,dpz864mkk,1.0
66,Young Centre for the Performing Arts,dpz864mkm,1.0
66,Young Centre for the Performing Arts,dpz864mkq,1.0
66,Young Centre for the Performing Arts,dpz864mkr,1.0
66,Young Centre for the Performing Arts,dpz864mks,1.0
66,Young Centre for the Performing Arts,dpz864mkt,1.0
66,Young Centre for the Performing Arts,dpz864mku,1.0
66,Young Centre for the Performing Arts,dpz864mkv,1.0
66,Young Centre for the Performing Arts,dpz864mkw,1.0
66,Young Centre for the Performing Arts,dpz864mkx,1.0
66,Young Centre for the Performing Arts,dpz864mky,1.0
66,Young Centre for the Performing Arts,dpz864mkz,1.0
66,Young Centre for the Performing Arts,dpz864mm0,1.0
66,Young Centre for the Performing Arts,dpz864mm1,1.0
66,Young Centre for the Performing Arts,dpz864mm2,1.0
66,Young Centre for the Performing Arts,dpz864mm3,1.0
66,Young Centre for the Performing Arts,dpz864mm4,1.0
66,Young Centre for the Performing Arts,dpz864mm5,1.0
66,Young Centre for the Performing Arts,dpz864mm6,1.0
66,Young Centre for the Performing Arts,dpz864mm7,1.0
66,Young Centre for the Performing Arts,dpz864mm8,1.0
66,Young Centre for the Performing Arts,dpz864mm9,1.0
66,Young Centre for the Performing Arts,dpz864mmb,1.0
66,Young Centre for the Performing Arts,dpz864mmc,1.0
66,Young Centre for the Performing Arts,dpz864mmd,1.0
66,Young Centre for the Performing Arts,dpz864mme,1.0
66,Young Centre for the Performing Arts,dpz864mmf,1.0
66,Young Centre for the Performing Arts,dpz864mmg,1.0
66,Young Centre for the Performing Arts,dpz864mmh,1.0
66,Young Centre for the Performing Arts,dpz864mmj,1.0
66,Young Centre for the Performing Arts,dpz864mmk,1.0
66,Young Centre for the Performing Arts,dpz864mmm,1.0
66,Young Centre for the Performing Arts,dpz864mmn,1.0
66,Young Centre for the Performing Arts,dpz864mmp,1.0
66,Young Centre for the Performing Arts,dpz864mmq,1.0
66,Young Centre for the Performing Arts,dpz864mmr,1.0
66,Young Centre for the Performing Arts,dpz864mms,1.0
66,Young Centre for the Performing Arts,dpz864mmt,1.0
66,Young Centre for the Performing Arts,dpz864mmu,1.0
66,Young Centre for the Performing Arts,dpz864mmv,1.0
66,Young Centre for the Performing Arts,dpz864mmw,1.0
66,Young Centre for the Performing Arts,dpz864mmx,1.0
66,Young Centre for the Performing Arts,dpz864mmy,1.0
66,Young Centre for the Performing Arts,dpz864mmz,1.0
66,Young Centre for the Performing Arts,dpz864mq5,0.8495
66,Young Centre for the Performing Arts,dpz864mqh,1.0
66,Young Centre for the Performing Arts,dpz864mqj,1.0
66,Young Centre for the Performing Arts,dpz864mqn,1.0
66,Young Centre for the Performing Arts,dpz864mqp,1.0
66,Young Centre for the Performing Arts,dpz864mqr,0.9707
66,Young Centre for the Performing Arts,dpz864ms2,1.0
66,Young Centre for the Performing Arts,dpz864ms3,1.0
66,Young Centre for the Performing Arts,dpz864ms6,0.9609
66,Young Centre for the Performing Arts,dpz864ms8,1.0
66,Young Centre for the Performing Arts,dpz864ms9,1.0
66,Young Centre for the Performing Arts,dpz864msb,1.0
66,Young Centre for the Performing Arts,dpz864msc,1.0
66,Young Centre for the Performing Arts,dpz864msd,1.0
66,Young Centre for the Performing Arts,dpz864mse,1.0
66,Young Centre for the Performing Arts,dpz864msf,1.0
66,Young Centre for the Performing Arts,dpz864msg,1.0
66,Young Centre for the Performing Arts,dpz864mss,1.0
66,Young Centre for the Performing Arts,dpz864mst,0.9934
66,Young Centre for the Performing Arts,dpz864msu,1.0
66,Young Centre for the Performing Arts,dpz864msv,1.0
66,Young Centre for the Performing Arts,dpz864msw,0.8294
66,Young Centre for the Performing Arts,dpz864msy,1.0
66,Young Centre for the Performing Arts,dpz864msz,1.0
66,Young Centre for the Performing Arts,dpz864mt0,1.0
66,Young Centre for the Performing Arts,dpz864mt1,1.0
66,Young Centre for the Performing Arts,dpz864mt2,1.0
66,Young Centre for the Performing Arts,dpz864mt3,1.0
66,Young Centre for the Performing Arts,dpz864mt4,1.0
66,Young Centre for the Performing Arts,dpz864mt5,1.0
66,Young Centre for the Performing Arts,dpz864mt6,1.0
66,Young Centre for the Performing Arts,dpz864mt7,1.0
66,Young Centre for the Performing Arts,dpz864mt8,1.0
66,Young Centre for the Performing Arts,dpz864mt9,1.0
66,Young Centre for the Performing Arts,dpz864mtb,1.0
66,Young Centre for the Performing Arts,dpz864mtc,1.0
66,Young Centre for the Performing Arts,dpz864mtd,1.0
66,Young Centre for the Performing Arts,dpz864mte,1.0
66,Young Centre for the Performing Arts,dpz864mtf,1.0
66,Young Centre for the Performing Arts,dpz864mtg,1.0
66,Young Centre for the Performing Arts,dpz864mth,1.0
66,Young Centre for the Performing Arts,dpz864mtj,1.0
66,Young Centre for the Performing Arts,dpz864mtk,1.0
66,Young Centre for the Performing Arts,dpz864mtm,1.0
66,Young Centre for the Performing Arts,dpz864mtn,1.0
66,Young Centre for the Performing Arts,dpz864mtp,1.0
66,Young Centre for the Performing Arts,dpz864mtq,1.0
66,Young Centre for the Performing Arts,dpz864mtr,0.9684
66,Young Centre for the Performing Arts,dpz864mts,1.0
66,Young Centre for the Performing Arts,dpz864mtt,1.0
66,Young Centre for the Performing Arts,dpz864mtu,1.0
66,Young Centre for the Performing Arts,dpz864mtv,1.0
66,Young Centre for the Performing Arts,dpz864mtw,1.0
66,Young Centre for the Performing Arts,dpz864mty,0.9973
66,Young Centre for the Performing Arts,dpz864mub,0.9082
66,Young Centre for the Performing Arts,dpz864mw0,1.0
66,Young Centre for the Performing Arts,dpz864mw1,1.0
66,Young Centre for the Performing Arts,dpz864mw2,1.0
66,Young Centre for the Performing Arts,dpz864mw3,1.0
66,Young Centre for the Performing Arts,dpz864mw4,1.0
66,Young Centre for the Performing Arts,dpz864mw5,1.0
66,Young Centre for the Performing Arts,dpz864mw6,1.0
66,Young Centre for the Performing Arts,dpz864mw7,1.0
66,Young Centre for the Performing Arts,dpz864mwe,0.92
66,Young Centre for the Performing Arts,dpz864mwh,1.0
66,Young Centre for the Performing Arts,dpz864mwj,1.0
66,Young Centre for the Performing Arts,dpz864mwk,1.0
66,Young Centre for the Performing Arts,dpz864mwm,1.0
66,Young Centre for the Performing Arts,dpz864mws,1.0
66,Young Centre for the Performing Arts,dpz864mwt,0.8426
67,St. Lawrence Centre,dpz83c8we,0.9293
67,St. Lawrence Centre,dpz83c8wf,0.9745
67,St. Lawrence Centre,dpz83c8wg,1.0
67,St. Lawrence Centre,dpz83c8ws,1.0
67,St. Lawrence Centre,dpz83c8wt,0.9374
67,St. Lawrence Centre,dpz83c8wu,1.0
67,St. Lawrence Centre,dpz83c8wv,1.0
67,St. Lawrence Centre,dpz83c8wx,0.8437
67,St. Lawrence Centre,dpz83c8wy,1.0
67,St. Lawrence Centre,dpz83c8wz,1.0
67,St. Lawrence Centre,dpz83c8x3,0.9388
67,St. Lawrence Centre,dpz83c8x4,0.9782
67,St. Lawrence Centre,dpz83c8x5,1.0
67,St. Lawrence Centre,dpz83c8x6,1.0
67,St. Lawrence Centre,dpz83c8x7,1.0
67,St. Lawrence Centre,dpz83c8x9,1.0
67,St. Lawrence Centre,dpz83c8xb,0.8305
67,St. Lawrence Centre,dpz83c8xc,1.0
67,St. Lawrence Centre,dpz83c8xd,1.0
67,St. Lawrence Centre,dpz83c8xe,1.0
67,St. Lawrence Centre,dpz83c8xf,1.0
67,St. Lawrence Centre,dpz83c8xg,1.0
67,St. Lawrence Centre,dpz83c8xh,1.0
67,St. Lawrence Centre,dpz83c8xj,1.0
67,St. Lawrence Centre,dpz83c8xk,1.0
67,St. Lawrence Centre,dpz83c8xm,1.0
67,St. Lawrence Centre,dpz83c8xn,1.0
67,St. Lawrence Centre,dpz83c8xp,1.0
67,St. Lawrence Centre,dpz83c8xq,1.0
67,St. Lawrence Centre,dpz83c8xr,1.0
67,St. Lawrence Centre,dpz83c8xs,1.0
67,St. Lawrence Centre,dpz83c8xt,1.0
67,St. Lawrence Centre,dpz83c8xu,1.0
67,St. Lawrence Centre,dpz83c8xv,1.0
67,St. Lawrence Centre,dpz83c8xw,1.0
67,St. Lawrence Centre,dpz83c8xx,1.0
67,St. Lawrence Centre,dpz83c8xy,1.0
67,St. Lawrence Centre,dpz83c8xz,1.0
67,St. Lawrence Centre,dpz83c8yb,1.0
67,St. Lawrence Centre,dpz83c8yc,0.9288
67,St. Lawrence Centre,dpz83c8z0,1.0
67,St. Lawrence Centre,dpz83c8z1,1.0
67,St. Lawrence Centre,dpz83c8z2,1.0
67,St. Lawrence Centre,dpz83c8z3,1.0
67,St. Lawrence Centre,dpz83c8z4,1.0
67,St. Lawrence Centre,dpz83c8z5,0.9589
67,St. Lawrence Centre,dpz83c8z6,1.0
67,St. Lawrence Centre,dpz83c8z7,1.0
67,St. Lawrence Centre,dpz83c8z8,1.0
67,St. Lawrence Centre,dpz83c8z9,1.0
67,St. Lawrence Centre,dpz83c8zb,1.0
67,St. Lawrence Centre,dpz83c8zc,1.0
67,St. Lawrence Centre,dpz83c8zd,1.0
67,St. Lawrence Centre,dpz83c8ze,1.0
67,St. Lawrence Centre,dpz83c8zf,1.0
67,St. Lawrence Centre,dpz83c8zg,1.0
67,St. Lawrence Centre,dpz83c8zk,1.0
67,St. Lawrence Centre,dpz83c8zm,0.9808
67,St. Lawrence Centre,dpz83c8zs,1.0
67,St. Lawrence Centre,dpz83c8zt,1.0
67,St. Lawrence Centre,dpz83c8zu,1.0
67,St. Lawrence Centre,dpz83c8zv,1.0
67,St. Lawrence Centre,dpz83c8zw,1.0
67,St. Lawrence Centre,dpz83c8zx,0.9945
67,St. Lawrence Centre,dpz83c8zy,1.0
67,St. Lawrence Centre,dpz83c8zz,1.0
67,St. Lawrence Centre,dpz83c9pb,1.0
67,St. Lawrence Centre,dpz83c9pc,0.9399
67,St. Lawrence Centre,dpz83cb2x,0.9813
67,St. Lawrence Centre,dpz83cb80,1.0
67,St. Lawrence Centre,dpz83cb81,1.0
67,St. Lawrence Centre,dpz83cb82,1.0
67,St. Lawrence Centre,dpz83cb83,1.0
67,St. Lawrence Centre,dpz83cb84,1.0
67,St. Lawrence Centre,dpz83cb85,1.0
67,St. Lawrence Centre,dpz83cb86,1.0
67,St. Lawrence Centre,dpz83cb87,1.0
67,St. Lawrence Centre,dpz83cb88,1.0
67,St. Lawrence Centre,dpz83cb89,1.0
67,St. Lawrence Centre,dpz83cb8b,0.9138
67,St. Lawrence Centre,dpz83cb8c,1.0
67,St. Lawrence Centre,dpz83cb8d,1.0
67,St. Lawrence Centre,dpz83cb8e,1.0
67,St. Lawrence Centre,dpz83cb8f,1.0
67,St. Lawrence Centre,dpz83cb8g,1.0
67,St. Lawrence Centre,dpz83cb8h,1.0
67,St. Lawrence Centre,dpz83cb8j,1.0
67,St. Lawrence Centre,dpz83cb8k,1.0
67,St. Lawrence Centre,dpz83cb8m,1.0
67,St. Lawrence Centre,dpz83cb8n,1.0
67,St. Lawrence Centre,dpz83cb8p,1.0
67,St. Lawrence Centre,dpz83cb8q,1.0
67,St. Lawrence Centre,dpz83cb8r,1.0
67,St. Lawrence Centre,dpz83cb8s,1.0
67,St. Lawrence Centre,dpz83cb8t,1.0
67,St. Lawrence Centre,dpz83cb8u,1.0
67,St. Lawrence Centre,dpz83cb8v,1.0
67,St. Lawrence Centre,dpz83cb8w,1.0
67,St. Lawrence Centre,dpz83cb8x,1.0
67,St. Lawrence Centre,dpz83cb8y,1.0
67,St. Lawrence Centre,dpz83cb8z,1.0
67,St. Lawrence Centre,dpz83cb94,0.9039
67,St. Lawrence Centre,dpz83cb95,1.0
67,St. Lawrence Centre,dpz83cb9h,1.0
67,St. Lawrence Centre,dpz83cb9j,1.0
67,St. Lawrence Centre,dpz83cb9k,0.8935
67,St. Lawrence Centre,dpz83cb9m,1.0
67,St. Lawrence Centre,dpz83cb9n,1.0
67,St. Lawrence Centre,dpz83cb9p,1.0
67,St. Lawrence Centre,dpz83cb9q,1.0
67,St. Lawrence Centre,dpz83cb9r,1.0
67,St. Lawrence Centre,dpz83cb9w,0.8826
67,St. Lawrence Centre,dpz83cb9x,1.0
67,St. Lawrence Centre,dpz83cbb0,1.0
67,St. Lawrence Centre,dpz83cbb1,1.0
67,St. Lawrence Centre,dpz83cbb2,1.0
67,St. Lawrence Centre,dpz83cbb3,1.0
67,St. Lawrence Centre,dpz83cbb4,1.0
67,St. Lawrence Centre,dpz83cbb5,1.0
67,St. Lawrence Centre,dpz83cbb6,1.0
67,St. Lawrence Centre,dpz83cbb7,1.0
67,St. Lawrence Centre,dpz83cbb8,1.0
67,St. Lawrence Centre,dpz83cbb9,1.0
67,St. Lawrence Centre,dpz83cbbb,1.0
67,St. Lawrence Centre,dpz83cbbc,1.0
67,St. Lawrence Centre,dpz83cbbd,1.0
67,St. Lawrence Centre,dpz83cbbe,1.0
67,St. Lawrence Centre,dpz83cbbf,1.0
67,St. Lawrence Centre,dpz83cbbg,1.0
67,St. Lawrence Centre,dpz83cbbh,1.0
67,St. Lawrence Centre,dpz83cbbj,1.0
67,St. Lawrence Centre,dpz83cbbk,1.0
67,St. Lawrence Centre,dpz83cbbm,1.0
67,St. Lawrence Centre,dpz83cbbn,1.0
67,St. Lawrence Centre,dpz83cbbp,1.0
67,St. Lawrence Centre,dpz83cbbq,1.0
67,St. Lawrence Centre,dpz83cbbr,1.0
67,St. Lawrence Centre,dpz83cbbs,1.0
67,St. Lawrence Centre,dpz83cbbt,1.0
67,St. Lawrence Centre,dpz83cbbu,1.0
67,St. Lawrence Centre,dpz83cbbv,1.0
67,St. Lawrence Centre,dpz83cbbw,1.0
67,St. Lawrence Centre,dpz83cbbx,1.0
67,St. Lawrence Centre,dpz83cbby,1.0
67,St. Lawrence Centre,dpz83cbbz,0.994
67,St. Lawrence Centre,dpz83cbc0,1.0
67,St. Lawrence Centre,dpz83cbc1,1.0
67,St. Lawrence Centre,dpz83cbc2,1.0
67,St. Lawrence Centre,dpz83cbc3,1.0
67,St. Lawrence Centre,dpz83cbc4,1.0
67,St. Lawrence Centre,dpz83cbc5,1.0
67,St. Lawrence Centre,dpz83cbc6,1.0
67,St. Lawrence Centre,dpz83cbc7,1.0
67,St. Lawrence Centre,dpz83cbc8,1.0
67,St. Lawrence Centre,dpz83cbc9,1.0
67,St. Lawrence Centre,dpz83cbcb,0.8712
67,St. Lawrence Centre,dpz83cbcc,1.0
67,St. Lawrence Centre,dpz83cbcd,1.0
67,St. Lawrence Centre,dpz83cbce,1.0
67,St. Lawrence Centre,dpz83cbcf,1.0
67,St. Lawrence Centre,dpz83cbcg,1.0
67,St. Lawrence Centre,dpz83cbch,1.0
67,St. Lawrence Centre,dpz83cbcj,1.0
67,St. Lawrence Centre,dpz83cbck,1.0
67,St. Lawrence Centre,dpz83cbcm,1.0
67,St. Lawrence Centre,dpz83cbcn,1.0
67,St. Lawrence Centre,dpz83cbcq,1.0
67,St. Lawrence Centre,dpz83cbcs,1.0
67,St. Lawrence Centre,dpz83cbct,1.0
67,St. Lawrence Centre,dpz83cbcu,1.0
67,St. Lawrence Centre,dpz83cbcv,1.0
67,St. Lawrence Centre,dpz83cbf4,0.8592
67,St. Lawrence Centre,dpz83cbf5,1.0
67,St. Lawrence Centre,dpz83cbfh,1.0
67,St. Lawrence Centre,dpz83cbfj,0.8696
67,St. Lawrence Centre,dpz83cc00,1.0
67,St. Lawrence Centre,dpz83cc02,0.974
68,Tarragon Theatre,dpz82yv0m,1.0
68,Tarragon Theatre,dpz82yv0q,1.0
68,Tarragon Theatre,dpz82yv0r,0.9525
68,Tarragon Theatre,dpz82yv0s,0.8381
68,Tarragon Theatre,dpz82yv0t,1.0
68,Tarragon Theatre,dpz82yv0w,1.0
68,Tarragon Theatre,dpz82yv0x,1.0
68,Tarragon Theatre,dpz82yv0y,1.0
68,Tarragon Theatre,dpz82yv0z,1.0
68,Tarragon Theatre,dpz82yv16,0.974
68,Tarragon Theatre,dpz82yv1c,0.825
68,Tarragon Theatre,dpz82yv1d,1.0
68,Tarragon Theatre,dpz82yv1e,1.0
68,Tarragon Theatre,dpz82yv1f,0.9954
68,Tarragon Theatre,dpz82yv1g,1.0
68,Tarragon Theatre,dpz82yv1n,1.0
68,Tarragon Theatre,dpz82yv1p,1.0
68,Tarragon Theatre,dpz82yv1q,1.0
68,Tarragon Theatre,dpz82yv1r,1.0
68,Tarragon Theatre,dpz82yv1s,0.9759
68,Tarragon Theatre,dpz82yv1t,0.9513
68,Tarragon Theatre,dpz82yv1u,1.0
68,Tarragon Theatre,dpz82yv1v,1.0
68,Tarragon Theatre,dpz82yv1w,1.0
68,Tarragon Theatre,dpz82yv1x,1.0
68,Tarragon Theatre,dpz82yv1y,1.0
68,Tarragon Theatre,dpz82yv1z,1.0
68,Tarragon Theatre,dpz82yv28,1.0
68,Tarragon Theatre,dpz82yv29,1.0
68,Tarragon Theatre,dpz82yv2b,1.0
68,Tarragon Theatre,dpz82yv2c,1.0
68,Tarragon Theatre,dpz82yv2d,1.0
68,Tarragon Theatre,dpz82yv2e,1.0
68,Tarragon Theatre,dpz82yv2f,1.0
68,Tarragon Theatre,dpz82yv2g,1.0
68,Tarragon Theatre,dpz82yv30,1.0
68,Tarragon Theatre,dpz82yv31,1.0
68,Tarragon Theatre,dpz82yv32,1.0
68,Tarragon Theatre,dpz82yv33,1.0
68,Tarragon Theatre,dpz82yv34,1.0
68,Tarragon Theatre,dpz82yv35,0.8215
68,Tarragon Theatre,dpz82yv36,1.0
68,Tarragon Theatre,dpz82yv38,1.0
68,Tarragon Theatre,dpz82yv39,1.0
68,Tarragon Theatre,dpz82yv3b,1.0
68,Tarragon Theatre,dpz82yv3c,1.0
68,Tarragon Theatre,dpz82yv3d,0.9948
68,Tarragon Theatre,dpz82yv4n,0.8774
68,Tarragon Theatre,dpz82yv4p,0.999
68,Tarragon Theatre,dpz82yv60,1.0
69,The Aga Khan Museum,dpz8dxzux,0.9742
69,The Aga Khan Museum,dpz8dxzuy,0.9705
69,The Aga Khan Museum,dpz8dxzuz,1.0
69,The Aga Khan Museum,dpz8dxzv5,0.9978
69,The Aga Khan Museum,dpz8dxzv6,1.0
69,The Aga Khan Museum,dpz8dxzv7,1.0
69,The Aga Khan Museum,dpz8dxzvd,0.8077
69,The Aga Khan Museum,dpz8dxzve,1.0
69,The Aga Khan Museum,dpz8dxzvg,0.8651
69,The Aga Khan Museum,dpz8dxzvh,1.0
69,The Aga Khan Museum,dpz8dxzvj,1.0
69,The Aga Khan Museum,dpz8dxzvk,1.0
69,The Aga Khan Museum,dpz8dxzvm,1.0
69,The Aga Khan Museum,dpz8dxzvn,1.0
69,The Aga Khan Museum,dpz8dxzvp,1.0
69,The Aga Khan Museum,dpz8dxzvq,1.0
69,The Aga Khan Museum,dpz8dxzvr,1.0
69,The Aga Khan Museum,dpz8dxzvs,1.0
69,The Aga Khan Museum,dpz8dxzvt,1.0
69,The Aga Khan Museum,dpz8dxzvu,1.0
69,The Aga Khan Museum,dpz8dxzvv,1.0
69,The Aga Khan Museum,dpz8dxzvw,1.0
69,The Aga Khan Museum,dpz8dxzvx,1.0
69,The Aga Khan Museum,dpz8dxzvy,1.0
69,The Aga Khan Museum,dpz8dxzvz,1.0
69,The Aga Khan Museum,dpz8dxzyh,0.9124
69,The Aga Khan Museum,dpz8dxzyj,1.0
69,The Aga Khan Museum,dpz8dxzym,0.9495
69,The Aga Khan Museum,dpz8dxzyn,1.0
69,The Aga Khan Museum,dpz8dxzyp,1.0
69,The Aga Khan Museum,dpz8dxzyq,1.0
69,The Aga Khan Museum,dpz8dxzyr,1.0
69,The Aga Khan Museum,dpz8dxzyw,0.9764
69,The Aga Khan Museum,dpz8dxzyx,1.0
69,The Aga Khan Museum,dpz8dxzyz,0.9932
69,The Aga Khan Museum,dpz8dzb5v,0.8877
69,The Aga Khan Museum,dpz8dzb5y,1.0
69,The Aga Khan Museum,dpz8dzbh3,0.9521
69,The Aga Khan Museum,dpz8dzbh5,0.9233
69,The Aga Khan Museum,dpz8dzbh6,1.0
69,The Aga Khan Museum,dpz8dzbh7,1.0
69,The Aga Khan Museum,dpz8dzbh8,1.0
69,The Aga Khan Museum,dpz8dzbh9,1.0
69,The Aga Khan Museum,dpz8dzbhb,1.0
69,The Aga Khan Museum,dpz8dzbhc,1.0
69,The Aga Khan Museum,dpz8dzbhd,1.0
69,The Aga Khan Museum,dpz8dzbhe,1.0
69,The Aga Khan Museum,dpz8dzbhf,1.0
69,The Aga Khan Museum,dpz8dzbhg,1.0
69,The Aga Khan Museum,dpz8dzbhh,1.0
69,The Aga Khan Museum,dpz8dzbhj,1.0
69,The Aga Khan Museum,dpz8dzbhk,1.0
69,The Aga Khan Museum,dpz8dzbhm,1.0
69,The Aga Khan Museum,dpz8dzbhn,1.0
69,The Aga Khan Museum,dpz8dzbhp,0.9997
69,The Aga Khan Museum,dpz8dzbhq,1.0
69,The Aga Khan Museum,dpz8dzbhr,1.0
69,The Aga Khan Museum,dpz8dzbhs,1.0
69,The Aga Khan Museum,dpz8dzbht,1.0
69,The Aga Khan Museum,dpz8dzbhu,1.0
69,The Aga Khan Museum,dpz8dzbhv,1.0
69,The Aga Khan Museum,dpz8dzbhw,1.0
69,The Aga Khan Museum,dpz8dzbhx,1.0
69,The Aga Khan Museum,dpz8dzbhy,1.0
69,The Aga Khan Museum,dpz8dzbhz,1.0
69,The Aga Khan Museum,dpz8dzbj0,1.0
69,The Aga Khan Museum,dpz8dzbj1,1.0
69,The Aga Khan Museum,dpz8dzbj2,1.0
69,The Aga Khan Museum,dpz8dzbj3,1.0
69,The Aga Khan Museum,dpz8dzbj4,1.0
69,The Aga Khan Museum,dpz8dzbj5,1.0
69,The Aga Khan Museum,dpz8dzbj6,1.0
69,The Aga Khan Museum,dpz8dzbj7,1.0
69,The Aga Khan Museum,dpz8dzbj8,1.0
69,The Aga Khan Museum,dpz8dzbj9,1.0
69,The Aga Khan Museum,dpz8dzbjb,1.0
69,The Aga Khan Museum,dpz8dzbjc,1.0
69,The Aga Khan Museum,dpz8dzbjd,1.0
69,The Aga Khan Museum,dpz8dzbje,1.0
69,The Aga Khan Museum,dpz8dzbjf,1.0
69,The Aga Khan Museum,dpz8dzbjg,1.0
69,The Aga Khan Museum,dpz8dzbjh,1.0
69,The Aga Khan Museum,dpz8dzbjj,1.0
69,The Aga Khan Museum,dpz8dzbjk,1.0
69,The Aga Khan Museum,dpz8dzbjm,1.0
69,The Aga Khan Museum,dpz8dzbjn,1.0
69,The Aga Khan Museum,dpz8dzbjp,1.0
69,The Aga Khan Museum,dpz8dzbjq,1.0
69,The Aga Khan Museum,dpz8dzbjr,1.0
69,The Aga Khan Museum,dpz8dzbjs,1.0
69,The Aga Khan Museum,dpz8dzbjt,1.0
69,The Aga Khan Museum,dpz8dzbju,1.0
69,The Aga Khan Museum,dpz8dzbjv,1.0
69,The Aga Khan Museum,dpz8dzbjw,1.0
69,The Aga Khan Museum,dpz8dzbjx,1.0
69,The Aga Khan Museum,dpz8dzbjy,1.0
69,The Aga Khan Museum,dpz8dzbjz,1.0
69,The Aga Khan Museum,dpz8dzbk2,0.9922
69,The Aga Khan Museum,dpz8dzbk8,1.0
69,The Aga Khan Museum,dpz8dzbk9,0.9742
69,The Aga Khan Museum,dpz8dzbkb,1.0
69,The Aga Khan Museum,dpz8dzbkc,1.0
69,The Aga Khan Museum,dpz8dzbkf,0.9458
69,The Aga Khan Museum,dpz8dzbm0,1.0
69,The Aga Khan Museum,dpz8dzbm1,1.0
69,The Aga Khan Museum,dpz8dzbm2,1.0
69,The Aga Khan Museum,dpz8dzbm3,1.0
69,The Aga Khan Museum,dpz8dzbm4,1.0
69,The Aga Khan Museum,dpz8dzbm5,0.9083
69,The Aga Khan Museum,dpz8dzbm6,1.0
69,The Aga Khan Museum,dpz8dzbm7,1.0
69,The Aga Khan Museum,dpz8dzbm8,1.0
69,The Aga Khan Museum,dpz8dzbm9,1.0
69,The Aga Khan Museum,dpz8dzbmb,1.0
69,The Aga Khan Museum,dpz8dzbmc,1.0
69,The Aga Khan Museum,dpz8dzbmd,1.0
69,The Aga Khan Museum,dpz8dzbme,1.0
69,The Aga Khan Museum,dpz8dzbmf,1.0
69,The Aga Khan Museum,dpz8dzbmg,1.0
69,The Aga Khan Museum,dpz8dzbmk,0.8615
69,The Aga Khan Museum,dpz8dzbms,1.0
69,The Aga Khan Museum,dpz8dzbmt,0.8051
69,The Aga Khan Museum,dpz8dzbmu,1.0
69,The Aga Khan Museum,dpz8dzbmv,1.0
69,The Aga Khan Museum,dpz8dzbn0,1.0
69,The Aga Khan Museum,dpz8dzbn1,1.0
69,The Aga Khan Museum,dpz8dzbn2,1.0
69,The Aga Khan Museum,dpz8dzbn3,1.0
69,The Aga Khan Museum,dpz8dzbn4,1.0
69,The Aga Khan Museum,dpz8dzbn5,1.0
69,The Aga Khan Museum,dpz8dzbn6,1.0
69,The Aga Khan Museum,dpz8dzbn7,1.0
69,The Aga Khan Museum,dpz8dzbn8,1.0
69,The Aga Khan Museum,dpz8dzbn9,1.0
69,The Aga Khan Museum,dpz8dzbnb,1.0
69,The Aga Khan Museum,dpz8dzbnc,1.0
69,The Aga Khan Museum,dpz8dzbnd,1.0
69,The Aga Khan Museum,dpz8dzbne,1.0
69,The Aga Khan Museum,dpz8dzbnf,1.0
69,The Aga Khan Museum,dpz8dzbng,1.0
69,The Aga Khan Museum,dpz8dzbnh,1.0
69,The Aga Khan Museum,dpz8dzbnj,1.0
69,The Aga Khan Museum,dpz8dzbnk,1.0
69,The Aga Khan Museum,dpz8dzbnm,1.0
69,The Aga Khan Museum,dpz8dzbnn,1.0
69,The Aga Khan Museum,dpz8dzbnp,1.0
69,The Aga Khan Museum,dpz8dzbnq,1.0
69,The Aga Khan Museum,dpz8dzbnr,1.0
69,The Aga Khan Museum,dpz8dzbns,1.0
69,The Aga Khan Museum,dpz8dzbnt,1.0
69,The Aga Khan Museum,dpz8dzbnu,1.0
69,The Aga Khan Museum,dpz8dzbnv,1.0
69,The Aga Khan Museum,dpz8dzbnw,1.0
69,The Aga Khan Museum,dpz8dzbnx,1.0
69,The Aga Khan Museum,dpz8dzbny,1.0
69,The Aga Khan Museum,dpz8dzbnz,1.0
69,The Aga Khan Museum,dpz8dzbp0,0.9999
69,The Aga Khan Museum,dpz8dzbp1,1.0
69,The Aga Khan Museum,dpz8dzbp3,1.0
69,The Aga Khan Museum,dpz8dzbp4,1.0
69,The Aga Khan Museum,dpz8dzbp5,1.0
69,The Aga Khan Museum,dpz8dzbp6,1.0
69,The Aga Khan Museum,dpz8dzbp7,1.0
69,The Aga Khan Museum,dpz8dzbpd,1.0
69,The Aga Khan Museum,dpz8dzbpe,1.0
69,The Aga Khan Museum,dpz8dzbpg,1.0
69,The Aga Khan Museum,dpz8dzbph,1.0
69,The Aga Khan Museum,dpz8dzbpj,1.0
69,The Aga Khan Museum,dpz8dzbpk,1.0
69,The Aga Khan Museum,dpz8dzbpm,1.0
69,The Aga Khan Museum,dpz8dzbpn,1.0
69,The Aga Khan Museum,dpz8dzbpp,1.0
69,The Aga Khan Museum,dpz8dzbpq,1.0
69,The Aga Khan Museum,dpz8dzbpr,1.0
69,The Aga Khan Museum,dpz8dzbps,1.0
69,The Aga Khan Museum,dpz8dzbpt,1.0
69,The Aga Khan Museum,dpz8dzbpu,1.0
69,The Aga Khan Museum,dpz8dzbpv,1.0
69,The Aga Khan Museum,dpz8dzbpw,1.0
69,The Aga Khan Museum,dpz8dzbpx,1.0
69,The Aga Khan Museum,dpz8dzbpy,1.0
69,The Aga Khan Museum,dpz8dzbpz,1.0
69,The Aga Khan Museum,dpz8dzbq0,1.0
69,The Aga Khan Museum,dpz8dzbq1,1.0
69,The Aga Khan Museum,dpz8dzbq2,1.0
69,The Aga Khan Museum,dpz8dzbq3,1.0
69,The Aga Khan Museum,dpz8dzbq4,1.0
69,The Aga Khan Museum,dpz8dzbq5,1.0
69,The Aga Khan Museum,dpz8dzbq6,1.0
69,The Aga Khan Museum,dpz8dzbq7,1.0
69,The Aga Khan Museum,dpz8dzbq8,1.0
69,The Aga Khan Museum,dpz8dzbq9,1.0
69,The Aga Khan Museum,dpz8dzbqb,1.0
69,The Aga Khan Museum,dpz8dzbqc,1.0
69,The Aga Khan Museum,dpz8dzbqd,1.0
69,The Aga Khan Museum,dpz8dzbqe,1.0
69,The Aga Khan Museum,dpz8dzbqf,1.0
69,The Aga Khan Museum,dpz8dzbqg,1.0
69,The Aga Khan Museum,dpz8dzbqh,1.0
69,The Aga Khan Museum,dpz8dzbqj,1.0
69,The Aga Khan Museum,dpz8dzbqk,1.0
69,The Aga Khan Museum,dpz8dzbqm,1.0
69,The Aga Khan Museum,dpz8dzbqn,1.0
69,The Aga Khan Museum,dpz8dzbqq,1.0
69,The Aga Khan Museum,dpz8dzbqr,1.0
69,The Aga Khan Museum,dpz8dzbqs,1.0
69,The Aga Khan Museum,dpz8dzbqt,1.0
69,The Aga Khan Museum,dpz8dzbqu,1.0
69,The Aga Khan Museum,dpz8dzbqv,1.0
69,The Aga Khan Museum,dpz8dzbqw,1.0
69,The Aga Khan Museum,dpz8dzbqx,1.0
69,The Aga Khan Museum,dpz8dzbqy,1.0
69,The Aga Khan Museum,dpz8dzbqz,1.0
69,The Aga Khan Museum,dpz8dzbr0,1.0
69,The Aga Khan Museum,dpz8dzbr1,1.0
69,The Aga Khan Museum,dpz8dzbr2,1.0
69,The Aga Khan Museum,dpz8dzbr3,1.0
69,The Aga Khan Museum,dpz8dzbr4,1.0
69,The Aga Khan Museum,dpz8dzbr5,1.0
69,The Aga Khan Museum,dpz8dzbr6,1.0
69,The Aga Khan Museum,dpz8dzbr7,1.0
69,The Aga Khan Museum,dpz8dzbr8,1.0
69,The Aga Khan Museum,dpz8dzbr9,1.0
69,The Aga Khan Museum,dpz8dzbrb,1.0
69,The Aga Khan Museum,dpz8dzbrc,1.0
69,The Aga Khan Museum,dpz8dzbrd,1.0
69,The Aga Khan Museum,dpz8dzbre,1.0
69,The Aga Khan Museum,dpz8dzbrf,1.0
69,The Aga Khan Museum,dpz8dzbrg,1.0
69,The Aga Khan Museum,dpz8dzbrh,1.0
69,The Aga Khan Museum,dpz8dzbrj,1.0
69,The Aga Khan Museum,dpz8dzbrk,1.0
69,The Aga Khan Museum,dpz8dzbrm,1.0
69,The Aga Khan Museum,dpz8dzbrn,1.0
69,The Aga Khan Museum,dpz8dzbrp,1.0
69,The Aga Khan Museum,dpz8dzbrq,1.0
69,The Aga Khan Museum,dpz8dzbrr,1.0
69,The Aga Khan Museum,dpz8dzbrs,1.0
69,The Aga Khan Museum,dpz8dzbrt,1.0
69,The Aga Khan Museum,dpz8dzbru,1.0
69,The Aga Khan Museum,dpz8dzbrv,1.0
69,The Aga Khan Museum,dpz8dzbrw,1.0
69,The Aga Khan Museum,dpz8dzbrx,1.0
69,The Aga Khan Museum,dpz8dzbry,0.8673
69,The Aga Khan Museum,dpz8dzbw8,1.0
69,The Aga Khan Museum,dpz8dzbwb,1.0
69,The Aga Khan Museum,dpz8dzbwc,0.998
69,The Aga Khan Museum,dpz8dzbx0,1.0
69,The Aga Khan Museum,dpz8dzbx1,1.0
69,The Aga Khan Museum,dpz8dzbx2,1.0
69,The Aga Khan Museum,dpz8dzbx3,1.0
69,The Aga Khan Museum,dpz8dzbx4,0.9869
69,The Aga Khan Museum,dpz8dzbx6,0.934
69,The Aga Khan Museum,dpz8dzbx8,0.9036
69,The Aga Khan Museum,dpz8fb00h,1.0
69,The Aga Khan Museum,dpz8fb00j,1.0
69,The Aga Khan Museum,dpz8fb00k,0.8413
69,The Aga Khan Museum,dpz8fb00m,1.0
69,The Aga Khan Museum,dpz8fb00n,1.0
69,The Aga Khan Museum,dpz8fb00p,1.0
69,The Aga Khan Museum,dpz8fb00q,1.0
69,The Aga Khan Museum,dpz8fb00r,1.0
69,The Aga Khan Museum,dpz8fb00t,0.893
69,The Aga Khan Museum,dpz8fb00w,1.0
69,The Aga Khan Museum,dpz8fb00x,0.9985
69,The Aga Khan Museum,dpz8fb020,1.0
69,The Aga Khan Museum,dpz8fb021,1.0
69,The Aga Khan Museum,dpz8fb022,1.0
69,The Aga Khan Museum,dpz8fb023,1.0
69,The Aga Khan Museum,dpz8fb024,1.0
69,The Aga Khan Museum,dpz8fb025,1.0
69,The Aga Khan Museum,dpz8fb02h,0.8253
70,The Garrison,dpz82dn3u,1.0
70,The Garrison,dpz82dn3v,1.0
70,The Garrison,dpz82dn3y,0.8754
70,The Garrison,dpz82dn6h,1.0
70,The Garrison,dpz82dn6j,1.0
70,The Garrison,dpz82dn6k,1.0
70,The Garrison,dpz82dn6m,1.0
70,The Garrison,dpz82dn6n,0.9201
70,The Garrison,dpz82dn6q,0.9664
70,The Garrison,dpz82dn6s,1.0
70,The Garrison,dpz82dn6t,1.0
70,The Garrison,dpz82dn6u,1.0
70,The Garrison,dpz82dn6v,1.0
70,The Garrison,dpz82dn6w,0.9988
70,The Garrison,dpz82dn6y,1.0
70,The Garrison,dpz82dn7h,1.0
70,The Garrison,dpz82dn7j,1.0
70,The Garrison,dpz82dn7k,0.942
70,The Garrison,dpz82dn7m,0.9231
70,The Garrison,dpz82dn7n,1.0
70,The Garrison,dpz82dn7q,0.9042
71,The Great Hall,dpz828yxe,1.0
71,The Great Hall,dpz828yxf,0.8927
71,The Great Hall,dpz828yxg,1.0
71,The Great Hall,dpz828yxs,1.0
71,The Great Hall,dpz828yxt,0.9951
71,The Great Hall,dpz828yxu,1.0
71,The Great Hall,dpz828yxv,1.0
71,The Great Hall,dpz828yxw,0.851
71,The Great Hall,dpz828yxy,0.8341
71,The Great Hall,dpz829n84,1.0
71,The Great Hall,dpz829n85,1.0
71,The Great Hall,dpz829n86,1.0
71,The Great Hall,dpz829n87,1.0
71,The Great Hall,dpz829n89,0.9793
71,The Great Hall,dpz829n8c,1.0
71,The Great Hall,dpz829n8d,1.0
71,The Great Hall,dpz829n8e,1.0
71,The Great Hall,dpz829n8f,1.0
71,The Great Hall,dpz829n8g,1.0
71,The Great Hall,dpz829n8h,1.0
71,The Great Hall,dpz829n8j,1.0
71,The Great Hall,dpz829n8k,1.0
71,The Great Hall,dpz829n8m,0.9918
71,The Great Hall,dpz829n8s,1.0
71,The Great Hall,dpz829n8u,1.0
71,The Great Hall,dpz829n90,0.84
71,The Great Hall,dpz829n91,1.0
71,The Great Hall,dpz829n93,0.8456
71,The Great Hall,dpz829n94,1.0
71,The Great Hall,dpz829n95,1.0
71,The Great Hall,dpz829n96,0.991
71,The Great Hall,dpz829n97,1.0
71,The Great Hall,dpz829n9h,0.9598
72,The Opera House,dpz867ggp,0.9638
72,The Opera House,dpz867ggr,1.0
72,The Opera House,dpz867ggv,0.8254
72,The Opera House,dpz867ggw,0.9433
72,The Opera House,dpz867ggx,1.0
72,The Opera House,dpz867ggy,1.0
72,The Opera House,dpz867ggz,1.0
72,The Opera House,dpz867u41,0.8758
72,The Opera House,dpz867u42,0.8596
72,The Opera House,dpz867u43,1.0
72,The Opera House,dpz867u46,1.0
72,The Opera House,dpz867u47,1.0
72,The Opera House,dpz867u48,1.0
72,The Opera House,dpz867u49,1.0
72,The Opera House,dpz867u4b,1.0
72,The Opera House,dpz867u4c,1.0
72,The Opera House,dpz867u4d,1.0
72,The Opera House,dpz867u4e,0.9577
72,The Opera House,dpz867u4f,1.0
72,The Opera House,dpz867u50,1.0
72,The Opera House,dpz867u51,1.0
72,The Opera House,dpz867u52,1.0
72,The Opera House,dpz867u53,1.0
72,The Opera House,dpz867u54,0.9999
72,The Opera House,dpz867u58,1.0
72,The Opera House,dpz867u59,1.0
72,The Opera House,dpz867u5b,1.0
72,The Opera House,dpz867u5c,0.9266
73,The Power Plant,dpz8385dq,1.0
73,The Power Plant,dpz8385dr,1.0
73,The Power Plant,dpz8385dt,0.9964
73,The Power Plant,dpz8385dv,1.0
73,The Power Plant,dpz8385dw,1.0
73,The Power Plant,dpz8385dx,1.0
73,The Power Plant,dpz8385dy,1.0
73,The Power Plant,dpz8385dz,1.0
73,The Power Plant,dpz8385eh,0.9074
73,The Power Plant,dpz8385ej,1.0
73,The Power Plant,dpz8385ek,1.0
73,The Power Plant,dpz8385em,1.0
73,The Power Plant,dpz8385en,1.0
73,The Power Plant,dpz8385ep,1.0
73,The Power Plant,dpz8385eq,1.0
73,The Power Plant,dpz8385er,1.0
73,The Power Plant,dpz8385es,0.9969
73,The Power Plant,dpz8385et,1.0
73,The Power Plant,dpz8385ew,1.0
73,The Power Plant,dpz8385ex,1.0
73,The Power Plant,dpz8385f2,0.9775
73,The Power Plant,dpz8385f3,0.8753
73,The Power Plant,dpz8385f8,1.0
73,The Power Plant,dpz8385f9,1.0
73,The Power Plant,dpz8385fb,1.0
73,The Power Plant,dpz8385fc,1.0
73,The Power Plant,dpz8385fd,1.0
73,The Power Plant,dpz8385fe,1.0
73,The Power Plant,dpz8385ff,1.0
73,The Power Plant,dpz8385fg,1.0
73,The Power Plant,dpz8385fs,1.0
73,The Power Plant,dpz8385ft,1.0
73,The Power Plant,dpz8385fu,1.0
73,The Power Plant,dpz8385fv,1.0
73,The Power Plant,dpz8385fw,1.0
73,The Power Plant,dpz8385fx,0.9826
73,The Power Plant,dpz8385fy,1.0
73,The Power Plant,dpz8385g0,1.0
73,The Power Plant,dpz8385g1,1.0
73,The Power Plant,dpz8385g2,1.0
73,The Power Plant,dpz8385g3,1.0
73,The Power Plant,dpz8385g4,1.0
73,The Power Plant,dpz8385g5,1.0
73,The Power Plant,dpz8385g6,1.0
73,The Power Plant,dpz8385g7,1.0
73,The Power Plant,dpz8385g8,1.0
73,The Power Plant,dpz8385g9,1.0
73,The Power Plant,dpz8385gc,0.8831
73,The Power Plant,dpz8385gd,1.0
73,The Power Plant,dpz8385ge,1.0
73,The Power Plant,dpz8385gf,0.9966
73,The Power Plant,dpz8385gg,1.0
73,The Power Plant,dpz8385gh,1.0
73,The Power Plant,dpz8385gj,1.0
73,The Power Plant,dpz8385gk,1.0
73,The Power Plant,dpz8385gm,1.0
73,The Power Plant,dpz8385gn,1.0
73,The Power Plant,dpz8385gq,0.8432
73,The Power Plant,dpz8385gs,1.0
73,The Power Plant,dpz8385gt,1.0
73,The Power Plant,dpz8385gu,1.0
73,The Power Plant,dpz8385gv,0.8732
74,The Theatre Centre,dpz828vwq,1.0
74,The Theatre Centre,dpz828vwr,1.0
74,The Theatre Centre,dpz828vww,1.0
74,The Theatre Centre,dpz828vwx,1.0
74,The Theatre Centre,dpz828vwy,1.0
74,The Theatre Centre,dpz828vwz,1.0
74,The Theatre Centre,dpz828vxj,0.9953
74,The Theatre Centre,dpz828vxm,1.0
74,The Theatre Centre,dpz828vxn,1.0
74,The Theatre Centre,dpz828vxp,1.0
74,The Theatre Centre,dpz828vxq,1.0
74,The Theatre Centre,dpz828vxr,1.0
74,The Theatre Centre,dpz828vxs,0.935
74,The Theatre Centre,dpz828vxt,1.0
74,The Theatre Centre,dpz828vxw,1.0
74,The Theatre Centre,dpz828vxx,1.0
74,The Theatre Centre,dpz828vxz,0.8997
74,The Theatre Centre,dpz828vy2,0.9908
74,The Theatre Centre,dpz828vy8,1.0
74,The Theatre Centre,dpz828vy9,1.0
74,The Theatre Centre,dpz828vyb,1.0
74,The Theatre Centre,dpz828vyc,1.0
74,The Theatre Centre,dpz828vyd,0.8594
74,The Theatre Centre,dpz828vyf,1.0
74,The Theatre Centre,dpz828vyg,0.8755
74,The Theatre Centre,dpz828vz0,1.0
74,The Theatre Centre,dpz828vz1,1.0
74,The Theatre Centre,dpz828vz2,1.0
74,The Theatre Centre,dpz828vz3,1.0
74,The Theatre Centre,dpz828vz4,1.0
74,The Theatre Centre,dpz828vz5,0.9348
74,The Theatre Centre,dpz828vz6,0.9897
74,The Theatre Centre,dpz828vz8,1.0
74,The Theatre Centre,dpz828vz9,1.0
74,The Theatre Centre,dpz828vzd,0.9328
75,The Tranzac,dpz83hcpg,1.0
75,The Tranzac,dpz83hcpu,0.9973
75,The Tranzac,dpz83hcpv,0.8595
75,The Tranzac,dpz83j105,1.0
75,The Tranzac,dpz83j106,0.9851
75,The Tranzac,dpz83j107,1.0
75,The Tranzac,dpz83j10e,0.823
75,The Tranzac,dpz83j10h,1.0
75,The Tranzac,dpz83j10j,1.0
75,The Tranzac,dpz83j10k,1.0
75,The Tranzac,dpz83j10m,1.0
75,The Tranzac,dpz83j10n,1.0
75,The Tranzac,dpz83j10p,1.0
75,The Tranzac,dpz83j10q,1.0
75,The Tranzac,dpz83j10r,1.0
75,The Tranzac,dpz83j10s,0.9899
75,The Tranzac,dpz83j10t,1.0
75,The Tranzac,dpz83j10w,1.0
75,The Tranzac,dpz83j10x,1.0
75,The Tranzac,dpz83j120,1.0
75,The Tranzac,dpz83j121,0.9761
75,The Tranzac,dpz83j122,1.0
75,The Tranzac,dpz83j123,1.0
75,The Tranzac,dpz83j128,1.0
75,The Tranzac,dpz83j129,1.0
75,The Tranzac,dpz83j12b,0.9516
75,The Tranzac,dpz83j12c,0.8792
76,Theatre Passe Muraille,dpz831uwz,0.9181
76,Theatre Passe Muraille,dpz831uxp,1.0
76,Theatre Passe Muraille,dpz831uxr,1.0
76,Theatre Passe Muraille,dpz831uxw,0.9878
76,Theatre Passe Muraille,dpz831uxx,1.0
76,Theatre Passe Muraille,dpz831uxy,1.0
76,Theatre Passe Muraille,dpz831uxz,1.0
76,Theatre Passe Muraille,dpz831uyb,1.0
76,Theatre Passe Muraille,dpz831uyc,1.0
76,Theatre Passe Muraille,dpz831uyf,1.0
76,Theatre Passe Muraille,dpz831uyg,0.9802
76,Theatre Passe Muraille,dpz831uz0,1.0
76,Theatre Passe Muraille,dpz831uz1,1.0
76,Theatre Passe Muraille,dpz831uz2,1.0
76,Theatre Passe Muraille,dpz831uz3,1.0
76,Theatre Passe Muraille,dpz831uz4,1.0
76,Theatre Passe Muraille,dpz831uz5,1.0
76,Theatre Passe Muraille,dpz831uz6,1.0
76,Theatre Passe Muraille,dpz831uz7,0.8431
76,Theatre Passe Muraille,dpz831uz8,1.0
76,Theatre Passe Muraille,dpz831uz9,1.0
76,Theatre Passe Muraille,dpz831uzb,1.0
76,Theatre Passe Muraille,dpz831uzc,1.0
76,Theatre Passe Muraille,dpz831uzd,1.0
76,Theatre Passe Muraille,dpz831uzf,0.982
76,Theatre Passe Muraille,dpz834h8p,0.8789
76,Theatre Passe Muraille,dpz834hb0,0.999
76,Theatre Passe Muraille,dpz834hb1,1.0
77,TIFF Lightbox,dpz833t5x,0.9134
77,TIFF Lightbox,dpz833t5z,1.0
77,TIFF Lightbox,dpz833t70,0.9905
77,TIFF Lightbox,dpz833t71,1.0
77,TIFF Lightbox,dpz833t72,1.0
77,TIFF Lightbox,dpz833t73,1.0
77,TIFF Lightbox,dpz833t74,1.0
77,TIFF Lightbox,dpz833t75,0.8966
77,TIFF Lightbox,dpz833t76,1.0
77,TIFF Lightbox,dpz833t77,1.0
77,TIFF Lightbox,dpz833t78,1.0
77,TIFF Lightbox,dpz833t79,1.0
77,TIFF Lightbox,dpz833t7b,1.0
77,TIFF Lightbox,dpz833t7c,1.0
77,TIFF Lightbox,dpz833t7d,1.0
77,TIFF Lightbox,dpz833t7e,1.0
77,TIFF Lightbox,dpz833t7f,1.0
77,TIFF Lightbox,dpz833t7g,1.0
77,TIFF Lightbox,dpz833t7k,1.0
77,TIFF Lightbox,dpz833t7m,1.0
77,TIFF Lightbox,dpz833t7q,1.0
77,TIFF Lightbox,dpz833t7r,0.9793
77,TIFF Lightbox,dpz833t7s,1.0
77,TIFF Lightbox,dpz833t7t,1.0
77,TIFF Lightbox,dpz833t7u,1.0
77,TIFF Lightbox,dpz833t7v,1.0
77,TIFF Lightbox,dpz833t7w,1.0
77,TIFF Lightbox,dpz833t7x,1.0
77,TIFF Lightbox,dpz833t7y,1.0
77,TIFF Lightbox,dpz833t7z,1.0
77,TIFF Lightbox,dpz833te8,1.0
77,TIFF Lightbox,dpz833te9,1.0
77,TIFF Lightbox,dpz833teb,1.0
77,TIFF Lightbox,dpz833tec,1.0
77,TIFF Lightbox,dpz833ted,1.0
77,TIFF Lightbox,dpz833tee,1.0
77,TIFF Lightbox,dpz833tef,1.0
77,TIFF Lightbox,dpz833teg,1.0
77,TIFF Lightbox,dpz833tes,0.902
77,TIFF Lightbox,dpz833thp,1.0
77,TIFF Lightbox,dpz833thq,0.9986
77,TIFF Lightbox,dpz833thr,1.0
77,TIFF Lightbox,dpz833thv,0.9448
77,TIFF Lightbox,dpz833thw,1.0
77,TIFF Lightbox,dpz833thx,1.0
77,TIFF Lightbox,dpz833thy,1.0
77,TIFF Lightbox,dpz833thz,1.0
77,TIFF Lightbox,dpz833tk0,1.0
77,TIFF Lightbox,dpz833tk1,1.0
77,TIFF Lightbox,dpz833tk2,1.0
77,TIFF Lightbox,dpz833tk3,1.0
77,TIFF Lightbox,dpz833tk4,1.0
77,TIFF Lightbox,dpz833tk5,1.0
77,TIFF Lightbox,dpz833tk6,1.0
77,TIFF Lightbox,dpz833tk7,1.0
77,TIFF Lightbox,dpz833tk8,1.0
77,TIFF Lightbox,dpz833tk9,1.0
77,TIFF Lightbox,dpz833tkb,1.0
77,TIFF Lightbox,dpz833tkc,1.0
77,TIFF Lightbox,dpz833tkd,1.0
77,TIFF Lightbox,dpz833tke,1.0
77,TIFF Lightbox,dpz833tkf,1.0
77,TIFF Lightbox,dpz833tkg,1.0
77,TIFF Lightbox,dpz833tkh,1.0
77,TIFF Lightbox,dpz833tkj,1.0
77,TIFF Lightbox,dpz833tkk,1.0
77,TIFF Lightbox,dpz833tkm,1.0
77,TIFF Lightbox,dpz833tkn,1.0
77,TIFF Lightbox,dpz833tkp,1.0
77,TIFF Lightbox,dpz833tkq,1.0
77,TIFF Lightbox,dpz833tkr,1.0
77,TIFF Lightbox,dpz833tks,1.0
77,TIFF Lightbox,dpz833tkt,1.0
77,TIFF Lightbox,dpz833tku,1.0
77,TIFF Lightbox,dpz833tkv,1.0
77,TIFF Lightbox,dpz833tkw,1.0
77,TIFF Lightbox,dpz833tkx,1.0
77,TIFF Lightbox,dpz833tky,1.0
77,TIFF Lightbox,dpz833tkz,1.0
77,TIFF Lightbox,dpz833tm0,0.9755
77,TIFF Lightbox,dpz833tm1,1.0
77,TIFF Lightbox,dpz833tm4,1.0
77,TIFF Lightbox,dpz833tm5,1.0
77,TIFF Lightbox,dpz833tmh,1.0
77,TIFF Lightbox,dpz833tmj,1.0
77,TIFF Lightbox,dpz833tmk,0.8661
77,TIFF Lightbox,dpz833tmm,0.9984
77,TIFF Lightbox,dpz833tmn,1.0
77,TIFF Lightbox,dpz833tmp,1.0
77,TIFF Lightbox,dpz833tmq,1.0
77,TIFF Lightbox,dpz833tmr,1.0
77,TIFF Lightbox,dpz833ts0,1.0
77,TIFF Lightbox,dpz833ts1,1.0
77,TIFF Lightbox,dpz833ts2,1.0
77,TIFF Lightbox,dpz833ts3,1.0
77,TIFF Lightbox,dpz833ts4,1.0
77,TIFF Lightbox,dpz833ts5,1.0
77,TIFF Lightbox,dpz833ts6,1.0
77,TIFF Lightbox,dpz833ts7,0.9267
77,TIFF Lightbox,dpz833ts8,1.0
77,TIFF Lightbox,dpz833ts9,1.0
77,TIFF Lightbox,dpz833tsb,1.0
77,TIFF Lightbox,dpz833tsc,1.0
77,TIFF Lightbox,dpz833tsd,1.0
77,TIFF Lightbox,dpz833tsf,0.9999
77,TIFF Lightbox,dpz833tt0,1.0
77,TIFF Lightbox,dpz833tt1,1.0
77,TIFF Lightbox,dpz833tt2,1.0
77,TIFF Lightbox,dpz833tt3,1.0
77,TIFF Lightbox,dpz833tt4,0.8003
77,TIFF Lightbox,dpz833tt9,0.9026
78,Toronto Reference Library,dpz83qpyr,0.9819
78,Toronto Reference Library,dpz83qpyx,1.0
78,Toronto Reference Library,dpz83qpyy,0.8679
78,Toronto Reference Library,dpz83qpyz,1.0
78,Toronto Reference Library,dpz83qpzn,1.0
78,Toronto Reference Library,dpz83qpzp,1.0
78,Toronto Reference Library,dpz83qpzq,1.0
78,Toronto Reference Library,dpz83qpzr,1.0
78,Toronto Reference Library,dpz83qpzt,0.9786
78,Toronto Reference Library,dpz83qpzv,1.0
78,Toronto Reference Library,dpz83qpzw,1.0
78,Toronto Reference Library,dpz83qpzx,1.0
78,Toronto Reference Library,dpz83qpzy,1.0
78,Toronto Reference Library,dpz83qpzz,1.0
78,Toronto Reference Library,dpz83qrbh,0.8591
78,Toronto Reference Library,dpz83qrbj,1.0
78,Toronto Reference Library,dpz83qrbm,0.9788
78,Toronto Reference Library,dpz83qrbn,1.0
78,Toronto Reference Library,dpz83qrbp,1.0
78,Toronto Reference Library,dpz83qrbq,1.0
78,Toronto Reference Library,dpz83qrbr,1.0
78,Toronto Reference Library,dpz83qrbw,0.9783
78,Toronto Reference Library,dpz83qrbx,1.0
78,Toronto Reference Library,dpz83w0hd,0.9941
78,Toronto Reference Library,dpz83w0he,1.0
78,Toronto Reference Library,dpz83w0hf,0.9428
78,Toronto Reference Library,dpz83w0hg,1.0
78,Toronto Reference Library,dpz83w0hs,0.8599
78,Toronto Reference Library,dpz83w0hu,1.0
78,Toronto Reference Library,dpz83w0hv,1.0
78,Toronto Reference Library,dpz83w0hy,1.0
78,Toronto Reference Library,dpz83w0hz,1.0
78,Toronto Reference Library,dpz83w0j1,0.8958
78,Toronto Reference Library,dpz83w0j3,1.0
78,Toronto Reference Library,dpz83w0j4,1.0
78,Toronto Reference Library,dpz83w0j5,1.0
78,Toronto Reference Library,dpz83w0j6,1.0
78,Toronto Reference Library,dpz83w0j7,1.0
78,Toronto Reference Library,dpz83w0j8,0.8765
78,Toronto Reference Library,dpz83w0j9,1.0
78,Toronto Reference Library,dpz83w0jb,1.0
78,Toronto Reference Library,dpz83w0jc,1.0
78,Toronto Reference Library,dpz83w0jd,1.0
78,Toronto Reference Library,dpz83w0je,1.0
78,Toronto Reference Library,dpz83w0jf,1.0
78,Toronto Reference Library,dpz83w0jg,1.0
78,Toronto Reference Library,dpz83w0jh,1.0
78,Toronto Reference Library,dpz83w0jj,1.0
78,Toronto Reference Library,dpz83w0jk,1.0
78,Toronto Reference Library,dpz83w0jm,1.0
78,Toronto Reference Library,dpz83w0jn,1.0
78,Toronto Reference Library,dpz83w0jp,1.0
78,Toronto Reference Library,dpz83w0jq,1.0
78,Toronto Reference Library,dpz83w0jr,1.0
78,Toronto Reference Library,dpz83w0js,1.0
78,Toronto Reference Library,dpz83w0jt,1.0
78,Toronto Reference Library,dpz83w0ju,1.0
78,Toronto Reference Library,dpz83w0jv,1.0
78,Toronto Reference Library,dpz83w0jw,1.0
78,Toronto Reference Library,dpz83w0jx,1.0
78,Toronto Reference Library,dpz83w0jy,1.0
78,Toronto Reference Library,dpz83w0jz,1.0
78,Toronto Reference Library,dpz83w0kb,0.9474
78,Toronto Reference Library,dpz83w0m0,1.0
78,Toronto Reference Library,dpz83w0m1,1.0
78,Toronto Reference Library,dpz83w0m2,1.0
78,Toronto Reference Library,dpz83w0m3,1.0
78,Toronto Reference Library,dpz83w0m4,1.0
78,Toronto Reference Library,dpz83w0m5,1.0
78,Toronto Reference Library,dpz83w0m6,1.0
78,Toronto Reference Library,dpz83w0m7,1.0
78,Toronto Reference Library,dpz83w0m8,1.0
78,Toronto Reference Library,dpz83w0m9,1.0
78,Toronto Reference Library,dpz83w0mb,1.0
78,Toronto Reference Library,dpz83w0mc,1.0
78,Toronto Reference Library,dpz83w0md,1.0
78,Toronto Reference Library,dpz83w0me,1.0
78,Toronto Reference Library,dpz83w0mf,1.0
78,Toronto Reference Library,dpz83w0mg,1.0
78,Toronto Reference Library,dpz83w0mh,1.0
78,Toronto Reference Library,dpz83w0mj,0.9288
78,Toronto Reference Library,dpz83w0mk,1.0
78,Toronto Reference Library,dpz83w0mm,1.0
78,Toronto Reference Library,dpz83w0mq,1.0
78,Toronto Reference Library,dpz83w0mr,1.0
78,Toronto Reference Library,dpz83w0ms,1.0
78,Toronto Reference Library,dpz83w0mt,1.0
78,Toronto Reference Library,dpz83w0mu,1.0
78,Toronto Reference Library,dpz83w0mv,1.0
78,Toronto Reference Library,dpz83w0mw,1.0
78,Toronto Reference Library,dpz83w0mx,1.0
78,Toronto Reference Library,dpz83w0my,1.0
78,Toronto Reference Library,dpz83w0mz,1.0
78,Toronto Reference Library,dpz83w0n0,1.0
78,Toronto Reference Library,dpz83w0n1,1.0
78,Toronto Reference Library,dpz83w0n2,1.0
78,Toronto Reference Library,dpz83w0n3,1.0
78,Toronto Reference Library,dpz83w0n4,1.0
78,Toronto Reference Library,dpz83w0n5,1.0
78,Toronto Reference Library,dpz83w0n6,1.0
78,Toronto Reference Library,dpz83w0n7,1.0
78,Toronto Reference Library,dpz83w0n8,1.0
78,Toronto Reference Library,dpz83w0n9,1.0
78,Toronto Reference Library,dpz83w0nb,1.0
78,Toronto Reference Library,dpz83w0nc,1.0
78,Toronto Reference Library,dpz83w0nd,1.0
78,Toronto Reference Library,dpz83w0ne,1.0
78,Toronto Reference Library,dpz83w0nf,1.0
78,Toronto Reference Library,dpz83w0ng,1.0
78,Toronto Reference Library,dpz83w0nh,1.0
78,Toronto Reference Library,dpz83w0nj,1.0
78,Toronto Reference Library,dpz83w0nk,1.0
78,Toronto Reference Library,dpz83w0nm,1.0
78,Toronto Reference Library,dpz83w0nn,1.0
78,Toronto Reference Library,dpz83w0np,1.0
78,Toronto Reference Library,dpz83w0nq,1.0
78,Toronto Reference Library,dpz83w0nr,1.0
78,Toronto Reference Library,dpz83w0ns,1.0
78,Toronto Reference Library,dpz83w0nt,1.0
78,Toronto Reference Library,dpz83w0nu,1.0
78,Toronto Reference Library,dpz83w0nv,1.0
78,Toronto Reference Library,dpz83w0nw,1.0
78,Toronto Reference Library,dpz83w0nx,1.0
78,Toronto Reference Library,dpz83w0ny,1.0
78,Toronto Reference Library,dpz83w0nz,1.0
78,Toronto Reference Library,dpz83w0p0,1.0
78,Toronto Reference Library,dpz83w0p1,1.0
78,Toronto Reference Library,dpz83w0p2,1.0
78,Toronto Reference Library,dpz83w0p3,1.0
78,Toronto Reference Library,dpz83w0p4,1.0
78,Toronto Reference Library,dpz83w0p5,1.0
78,Toronto Reference Library,dpz83w0p6,1.0
78,Toronto Reference Library,dpz83w0p7,1.0
78,Toronto Reference Library,dpz83w0p8,1.0
78,Toronto Reference Library,dpz83w0p9,1.0
78,Toronto Reference Library,dpz83w0pb,1.0
78,Toronto Reference Library,dpz83w0pc,1.0
78,Toronto Reference Library,dpz83w0pd,1.0
78,Toronto Reference Library,dpz83w0pe,1.0
78,Toronto Reference Library,dpz83w0pf,1.0
78,Toronto Reference Library,dpz83w0pg,1.0
78,Toronto Reference Library,dpz83w0ph,1.0
78,Toronto Reference Library,dpz83w0pj,1.0
78,Toronto Reference Library,dpz83w0pk,1.0
78,Toronto Reference Library,dpz83w0pm,1.0
78,Toronto Reference Library,dpz83w0pn,1.0
78,Toronto Reference Library,dpz83w0pp,1.0
78,Toronto Reference Library,dpz83w0pq,1.0
78,Toronto Reference Library,dpz83w0pr,1.0
78,Toronto Reference Library,dpz83w0ps,1.0
78,Toronto Reference Library,dpz83w0pt,1.0
78,Toronto Reference Library,dpz83w0pu,1.0
78,Toronto Reference Library,dpz83w0pv,1.0
78,Toronto Reference Library,dpz83w0pw,1.0
78,Toronto Reference Library,dpz83w0px,1.0
78,Toronto Reference Library,dpz83w0py,1.0
78,Toronto Reference Library,dpz83w0pz,1.0
78,Toronto Reference Library,dpz83w0q0,1.0
78,Toronto Reference Library,dpz83w0q1,1.0
78,Toronto Reference Library,dpz83w0q2,1.0
78,Toronto Reference Library,dpz83w0q3,1.0
78,Toronto Reference Library,dpz83w0q4,1.0
78,Toronto Reference Library,dpz83w0q5,1.0
78,Toronto Reference Library,dpz83w0q6,1.0
78,Toronto Reference Library,dpz83w0q7,1.0
78,Toronto Reference Library,dpz83w0q8,1.0
78,Toronto Reference Library,dpz83w0q9,1.0
78,Toronto Reference Library,dpz83w0qb,1.0
78,Toronto Reference Library,dpz83w0qc,1.0
78,Toronto Reference Library,dpz83w0qd,1.0
78,Toronto Reference Library,dpz83w0qe,1.0
78,Toronto Reference Library,dpz83w0qf,1.0
78,Toronto Reference Library,dpz83w0qg,1.0
78,Toronto Reference Library,dpz83w0qh,1.0
78,Toronto Reference Library,dpz83w0qj,1.0
78,Toronto Reference Library,dpz83w0qk,1.0
78,Toronto Reference Library,dpz83w0qm,1.0
78,Toronto Reference Library,dpz83w0qn,1.0
78,Toronto Reference Library,dpz83w0qp,1.0
78,Toronto Reference Library,dpz83w0qq,1.0
78,Toronto Reference Library,dpz83w0qr,1.0
78,Toronto Reference Library,dpz83w0qs,1.0
78,Toronto Reference Library,dpz83w0qt,1.0
78,Toronto Reference Library,dpz83w0qu,1.0
78,Toronto Reference Library,dpz83w0qv,1.0
78,Toronto Reference Library,dpz83w0qw,1.0
78,Toronto Reference Library,dpz83w0qx,1.0
78,Toronto Reference Library,dpz83w0qy,1.0
78,Toronto Reference Library,dpz83w0qz,1.0
78,Toronto Reference Library,dpz83w0r0,1.0
78,Toronto Reference Library,dpz83w0r1,1.0
78,Toronto Reference Library,dpz83w0r2,1.0
78,Toronto Reference Library,dpz83w0r3,1.0
78,Toronto Reference Library,dpz83w0r4,1.0
78,Toronto Reference Library,dpz83w0r5,1.0
78,Toronto Reference Library,dpz83w0r6,1.0
78,Toronto Reference Library,dpz83w0r7,1.0
78,Toronto Reference Library,dpz83w0r8,1.0
78,Toronto Reference Library,dpz83w0r9,1.0
78,Toronto Reference Library,dpz83w0rb,1.0
78,Toronto Reference Library,dpz83w0rc,1.0
78,Toronto Reference Library,dpz83w0rd,1.0
78,Toronto Reference Library,dpz83w0re,1.0
78,Toronto Reference Library,dpz83w0rf,1.0
78,Toronto Reference Library,dpz83w0rg,1.0
78,Toronto Reference Library,dpz83w0rh,1.0
78,Toronto Reference Library,dpz83w0rj,1.0
78,Toronto Reference Library,dpz83w0rk,1.0
78,Toronto Reference Library,dpz83w0rm,1.0
78,Toronto Reference Library,dpz83w0rn,1.0
78,Toronto Reference Library,dpz83w0rp,1.0
78,Toronto Reference Library,dpz83w0rq,1.0
78,Toronto Reference Library,dpz83w0rr,1.0
78,Toronto Reference Library,dpz83w0rs,1.0
78,Toronto Reference Library,dpz83w0rt,1.0
78,Toronto Reference Library,dpz83w0ru,1.0
78,Toronto Reference Library,dpz83w0rv,1.0
78,Toronto Reference Library,dpz83w0rw,1.0
78,Toronto Reference Library,dpz83w0rx,1.0
78,Toronto Reference Library,dpz83w0ry,1.0
78,Toronto Reference Library,dpz83w0rz,1.0
78,Toronto Reference Library,dpz83w0t2,1.0
78,Toronto Reference Library,dpz83w0t3,1.0
78,Toronto Reference Library,dpz83w0t6,0.9074
78,Toronto Reference Library,dpz83w0t8,1.0
78,Toronto Reference Library,dpz83w0t9,1.0
78,Toronto Reference Library,dpz83w0tb,1.0
78,Toronto Reference Library,dpz83w0tc,1.0
78,Toronto Reference Library,dpz83w0td,1.0
78,Toronto Reference Library,dpz83w0te,1.0
78,Toronto Reference Library,dpz83w0tf,1.0
78,Toronto Reference Library,dpz83w0tg,1.0
78,Toronto Reference Library,dpz83w0ts,1.0
78,Toronto Reference Library,dpz83w0tt,1.0
78,Toronto Reference Library,dpz83w0tu,1.0
78,Toronto Reference Library,dpz83w0tv,1.0
78,Toronto Reference Library,dpz83w0tw,0.9995
78,Toronto Reference Library,dpz83w0tx,0.8837
78,Toronto Reference Library,dpz83w0ty,1.0
78,Toronto Reference Library,dpz83w0tz,1.0
78,Toronto Reference Library,dpz83w0vb,1.0
78,Toronto Reference Library,dpz83w0vc,1.0
78,Toronto Reference Library,dpz83w0vf,1.0
78,Toronto Reference Library,dpz83w0vg,0.9965
78,Toronto Reference Library,dpz83w0vu,0.8597
78,Toronto Reference Library,dpz83w0w0,1.0
78,Toronto Reference Library,dpz83w0w1,1.0
78,Toronto Reference Library,dpz83w0w2,1.0
78,Toronto Reference Library,dpz83w0w3,1.0
78,Toronto Reference Library,dpz83w0w4,1.0
78,Toronto Reference Library,dpz83w0w5,1.0
78,Toronto Reference Library,dpz83w0w6,1.0
78,Toronto Reference Library,dpz83w0w7,1.0
78,Toronto Reference Library,dpz83w0w8,1.0
78,Toronto Reference Library,dpz83w0w9,1.0
78,Toronto Reference Library,dpz83w0wb,1.0
78,Toronto Reference Library,dpz83w0wc,1.0
78,Toronto Reference Library,dpz83w0wd,1.0
78,Toronto Reference Library,dpz83w0we,1.0
78,Toronto Reference Library,dpz83w0wf,1.0
78,Toronto Reference Library,dpz83w0wg,1.0
78,Toronto Reference Library,dpz83w0wh,1.0
78,Toronto Reference Library,dpz83w0wj,1.0
78,Toronto Reference Library,dpz83w0wk,1.0
78,Toronto Reference Library,dpz83w0wm,1.0
78,Toronto Reference Library,dpz83w0wn,1.0
78,Toronto Reference Library,dpz83w0wp,1.0
78,Toronto Reference Library,dpz83w0wq,1.0
78,Toronto Reference Library,dpz83w0wr,1.0
78,Toronto Reference Library,dpz83w0ws,1.0
78,Toronto Reference Library,dpz83w0wt,1.0
78,Toronto Reference Library,dpz83w0wu,1.0
78,Toronto Reference Library,dpz83w0wv,1.0
78,Toronto Reference Library,dpz83w0ww,1.0
78,Toronto Reference Library,dpz83w0wx,1.0
78,Toronto Reference Library,dpz83w0wy,1.0
78,Toronto Reference Library,dpz83w0wz,1.0
78,Toronto Reference Library,dpz83w0x0,1.0
78,Toronto Reference Library,dpz83w0x1,1.0
78,Toronto Reference Library,dpz83w0x2,1.0
78,Toronto Reference Library,dpz83w0x3,1.0
78,Toronto Reference Library,dpz83w0x4,1.0
78,Toronto Reference Library,dpz83w0x5,1.0
78,Toronto Reference Library,dpz83w0x6,1.0
78,Toronto Reference Library,dpz83w0x7,1.0
78,Toronto Reference Library,dpz83w0x8,1.0
78,Toronto Reference Library,dpz83w0x9,1.0
78,Toronto Reference Library,dpz83w0xb,1.0
78,Toronto Reference Library,dpz83w0xc,1.0
78,Toronto Reference Library,dpz83w0xd,1.0
78,Toronto Reference Library,dpz83w0xe,1.0
78,Toronto Reference Library,dpz83w0xf,1.0
78,Toronto Reference Library,dpz83w0xg,1.0
78,Toronto Reference Library,dpz83w0xh,1.0
78,Toronto Reference Library,dpz83w0xj,1.0
78,Toronto Reference Library,dpz83w0xk,1.0
78,Toronto Reference Library,dpz83w0xm,1.0
78,Toronto Reference Library,dpz83w0xn,1.0
78,Toronto Reference Library,dpz83w0xp,1.0
78,Toronto Reference Library,dpz83w0xq,1.0
78,Toronto Reference Library,dpz83w0xr,1.0
78,Toronto Reference Library,dpz83w0xs,1.0
78,Toronto Reference Library,dpz83w0xt,1.0
78,Toronto Reference Library,dpz83w0xu,1.0
78,Toronto Reference Library,dpz83w0xv,1.0
78,Toronto Reference Library,dpz83w0xw,1.0
78,Toronto Reference Library,dpz83w0xx,1.0
78,Toronto Reference Library,dpz83w0xy,1.0
78,Toronto Reference Library,dpz83w0xz,1.0
78,Toronto Reference Library,dpz83w0y0,1.0
78,Toronto Reference Library,dpz83w0y1,1.0
78,Toronto Reference Library,dpz83w0y2,1.0
78,Toronto Reference Library,dpz83w0y3,1.0
78,Toronto Reference Library,dpz83w0y4,1.0
78,Toronto Reference Library,dpz83w0y5,1.0
78,Toronto Reference Library,dpz83w0y6,1.0
78,Toronto Reference Library,dpz83w0y7,1.0
78,Toronto Reference Library,dpz83w0y8,1.0
78,Toronto Reference Library,dpz83w0y9,1.0
78,Toronto Reference Library,dpz83w0yb,1.0
78,Toronto Reference Library,dpz83w0yc,1.0
78,Toronto Reference Library,dpz83w0yd,1.0
78,Toronto Reference Library,dpz83w0ye,1.0
78,Toronto Reference Library,dpz83w0yf,1.0
78,Toronto Reference Library,dpz83w0yg,0.8687
78,Toronto Reference Library,dpz83w0yh,0.9881
78,Toronto Reference Library,dpz83w0z0,1.0
78,Toronto Reference Library,dpz83w0z1,1.0
78,Toronto Reference Library,dpz83w0z2,1.0
78,Toronto Reference Library,dpz83w0z3,1.0
78,Toronto Reference Library,dpz83w0z4,1.0
78,Toronto Reference Library,dpz83w0z6,0.9735
78,Toronto Reference Library,dpz83w0z8,1.0
78,Toronto Reference Library,dpz83w0z9,1.0
78,Toronto Reference Library,dpz83w0zb,1.0
78,Toronto Reference Library,dpz83w0zc,1.0
78,Toronto Reference Library,dpz83w200,1.0
78,Toronto Reference Library,dpz83w201,1.0
78,Toronto Reference Library,dpz83w202,1.0
78,Toronto Reference Library,dpz83w203,1.0
78,Toronto Reference Library,dpz83w204,1.0
78,Toronto Reference Library,dpz83w205,1.0
78,Toronto Reference Library,dpz83w206,1.0
78,Toronto Reference Library,dpz83w207,1.0
78,Toronto Reference Library,dpz83w208,1.0
78,Toronto Reference Library,dpz83w209,1.0
78,Toronto Reference Library,dpz83w20d,1.0
78,Toronto Reference Library,dpz83w20e,1.0
78,Toronto Reference Library,dpz83w20h,1.0
78,Toronto Reference Library,dpz83w20j,1.0
78,Toronto Reference Library,dpz83w20k,1.0
78,Toronto Reference Library,dpz83w20m,1.0
78,Toronto Reference Library,dpz83w20n,1.0
78,Toronto Reference Library,dpz83w20p,1.0
78,Toronto Reference Library,dpz83w20q,1.0
78,Toronto Reference Library,dpz83w20r,1.0
78,Toronto Reference Library,dpz83w20s,1.0
78,Toronto Reference Library,dpz83w20t,1.0
78,Toronto Reference Library,dpz83w20w,1.0
78,Toronto Reference Library,dpz83w20x,1.0
78,Toronto Reference Library,dpz83w220,1.0
78,Toronto Reference Library,dpz83w221,1.0
78,Toronto Reference Library,dpz83w222,1.0
78,Toronto Reference Library,dpz83w223,1.0
78,Toronto Reference Library,dpz83w224,1.0
78,Toronto Reference Library,dpz83w225,1.0
78,Toronto Reference Library,dpz83w226,1.0
78,Toronto Reference Library,dpz83w227,1.0
78,Toronto Reference Library,dpz83w228,1.0
78,Toronto Reference Library,dpz83w229,1.0
78,Toronto Reference Library,dpz83w22d,1.0
78,Toronto Reference Library,dpz83w22e,1.0
78,Toronto Reference Library,dpz83w22f,0.9748
78,Toronto Reference Library,dpz83w22g,1.0
78,Toronto Reference Library,dpz83w22h,1.0
78,Toronto Reference Library,dpz83w22j,1.0
78,Toronto Reference Library,dpz83w22k,1.0
78,Toronto Reference Library,dpz83w22m,1.0
78,Toronto Reference Library,dpz83w22n,1.0
78,Toronto Reference Library,dpz83w22p,1.0
78,Toronto Reference Library,dpz83w22q,1.0
78,Toronto Reference Library,dpz83w22r,1.0
78,Toronto Reference Library,dpz83w22s,1.0
78,Toronto Reference Library,dpz83w22t,1.0
78,Toronto Reference Library,dpz83w22u,1.0
78,Toronto Reference Library,dpz83w22v,1.0
78,Toronto Reference Library,dpz83w22w,1.0
78,Toronto Reference Library,dpz83w22x,1.0
78,Toronto Reference Library,dpz83w22y,1.0
78,Toronto Reference Library,dpz83w22z,1.0
78,Toronto Reference Library,dpz83w23n,0.8442
78,Toronto Reference Library,dpz83w23p,0.9939
78,Toronto Reference Library,dpz83w280,1.0
78,Toronto Reference Library,dpz83w281,1.0
78,Toronto Reference Library,dpz83w282,1.0
78,Toronto Reference Library,dpz83w283,1.0
78,Toronto Reference Library,dpz83w284,1.0
78,Toronto Reference Library,dpz83w285,1.0
78,Toronto Reference Library,dpz83w286,1.0
78,Toronto Reference Library,dpz83w287,1.0
78,Toronto Reference Library,dpz83w288,1.0
78,Toronto Reference Library,dpz83w289,1.0
78,Toronto Reference Library,dpz83w28b,1.0
78,Toronto Reference Library,dpz83w28c,1.0
78,Toronto Reference Library,dpz83w28d,1.0
78,Toronto Reference Library,dpz83w28e,1.0
78,Toronto Reference Library,dpz83w28f,1.0
78,Toronto Reference Library,dpz83w28g,1.0
78,Toronto Reference Library,dpz83w28h,1.0
78,Toronto Reference Library,dpz83w28j,1.0
78,Toronto Reference Library,dpz83w28k,1.0
78,Toronto Reference Library,dpz83w28m,1.0
78,Toronto Reference Library,dpz83w28n,1.0
78,Toronto Reference Library,dpz83w28p,1.0
78,Toronto Reference Library,dpz83w28q,1.0
78,Toronto Reference Library,dpz83w28r,1.0
78,Toronto Reference Library,dpz83w28s,1.0
78,Toronto Reference Library,dpz83w28t,1.0
78,Toronto Reference Library,dpz83w28u,1.0
78,Toronto Reference Library,dpz83w28v,1.0
78,Toronto Reference Library,dpz83w28w,1.0
78,Toronto Reference Library,dpz83w28x,1.0
78,Toronto Reference Library,dpz83w28y,1.0
78,Toronto Reference Library,dpz83w28z,1.0
78,Toronto Reference Library,dpz83w290,1.0
78,Toronto Reference Library,dpz83w291,1.0
78,Toronto Reference Library,dpz83w294,1.0
78,Toronto Reference Library,dpz83w295,1.0
78,Toronto Reference Library,dpz83w297,0.8967
78,Toronto Reference Library,dpz83w29h,1.0
78,Toronto Reference Library,dpz83w29j,1.0
78,Toronto Reference Library,dpz83w29k,1.0
78,Toronto Reference Library,dpz83w29m,1.0
78,Toronto Reference Library,dpz83w29n,1.0
78,Toronto Reference Library,dpz83w29p,0.9997
78,Toronto Reference Library,dpz83w29q,1.0
78,Toronto Reference Library,dpz83w2b0,1.0
78,Toronto Reference Library,dpz83w2b1,0.8272
78,Toronto Reference Library,dpz83w2b2,1.0
78,Toronto Reference Library,dpz83w2b8,0.9533
79,Trinity St. Paul's United Church,dpz83j4k5,0.9804
79,Trinity St. Paul's United Church,dpz83j4k6,1.0
79,Trinity St. Paul's United Church,dpz83j4k7,1.0
79,Trinity St. Paul's United Church,dpz83j4k9,0.9809
79,Trinity St. Paul's United Church,dpz83j4kc,1.0
79,Trinity St. Paul's United Church,dpz83j4kd,1.0
79,Trinity St. Paul's United Church,dpz83j4ke,1.0
79,Trinity St. Paul's United Church,dpz83j4kf,1.0
79,Trinity St. Paul's United Church,dpz83j4kg,1.0
79,Trinity St. Paul's United Church,dpz83j4kh,1.0
79,Trinity St. Paul's United Church,dpz83j4kj,0.9781
79,Trinity St. Paul's United Church,dpz83j4kk,1.0
79,Trinity St. Paul's United Church,dpz83j4km,1.0
79,Trinity St. Paul's United Church,dpz83j4kn,0.8053
79,Trinity St. Paul's United Church,dpz83j4kq,1.0
79,Trinity St. Paul's United Church,dpz83j4kr,1.0
79,Trinity St. Paul's United Church,dpz83j4ks,1.0
79,Trinity St. Paul's United Church,dpz83j4kt,1.0
79,Trinity St. Paul's United Church,dpz83j4ku,1.0
79,Trinity St. Paul's United Church,dpz83j4kv,1.0
79,Trinity St. Paul's United Church,dpz83j4kw,1.0
79,Trinity St. Paul's United Church,dpz83j4kx,1.0
79,Trinity St. Paul's United Church,dpz83j4ky,1.0
79,Trinity St. Paul's United Church,dpz83j4kz,1.0
79,Trinity St. Paul's United Church,dpz83j4m1,0.9855
79,Trinity St. Paul's United Church,dpz83j4m4,1.0
79,Trinity St. Paul's United Church,dpz83j4m5,1.0
79,Trinity St. Paul's United Church,dpz83j4m6,0.9834
79,Trinity St. Paul's United Church,dpz83j4m7,1.0
79,Trinity St. Paul's United Church,dpz83j4mh,1.0
79,Trinity St. Paul's United Church,dpz83j4mj,1.0
79,Trinity St. Paul's United Church,dpz83j4mk,1.0
79,Trinity St. Paul's United Church,dpz83j4mm,1.0
79,Trinity St. Paul's United Church,dpz83j4mn,1.0
79,Trinity St. Paul's United Church,dpz83j4mp,1.0
79,Trinity St. Paul's United Church,dpz83j4mq,1.0
79,Trinity St. Paul's United Church,dpz83j4mr,1.0
79,Trinity St. Paul's United Church,dpz83j4s2,1.0
79,Trinity St. Paul's United Church,dpz83j4s3,0.9019
79,Trinity St. Paul's United Church,dpz83j4s8,1.0
79,Trinity St. Paul's United Church,dpz83j4s9,1.0
79,Trinity St. Paul's United Church,dpz83j4sb,1.0
79,Trinity St. Paul's United Church,dpz83j4sc,1.0
79,Trinity St. Paul's United Church,dpz83j4sd,1.0
79,Trinity St. Paul's United Church,dpz83j4se,1.0
79,Trinity St. Paul's United Church,dpz83j4sf,1.0
79,Trinity St. Paul's United Church,dpz83j4sg,1.0
79,Trinity St. Paul's United Church,dpz83j4ss,1.0
79,Trinity St. Paul's United Church,dpz83j4st,0.9572
79,Trinity St. Paul's United Church,dpz83j4su,1.0
79,Trinity St. Paul's United Church,dpz83j4sv,1.0
79,Trinity St. Paul's United Church,dpz83j4sy,1.0
79,Trinity St. Paul's United Church,dpz83j4sz,1.0
79,Trinity St. Paul's United Church,dpz83j4t0,1.0
79,Trinity St. Paul's United Church,dpz83j4t1,1.0
79,Trinity St. Paul's United Church,dpz83j4t2,1.0
79,Trinity St. Paul's United Church,dpz83j4t3,1.0
79,Trinity St. Paul's United Church,dpz83j4t4,1.0
79,Trinity St. Paul's United Church,dpz83j4t5,1.0
79,Trinity St. Paul's United Church,dpz83j4t6,1.0
79,Trinity St. Paul's United Church,dpz83j4t7,1.0
79,Trinity St. Paul's United Church,dpz83j4t9,1.0
79,Trinity St. Paul's United Church,dpz83j4td,1.0
79,Trinity St. Paul's United Church,dpz83j4te,1.0
79,Trinity St. Paul's United Church,dpz83j4th,1.0
79,Trinity St. Paul's United Church,dpz83j4tj,1.0
79,Trinity St. Paul's United Church,dpz83j4tk,1.0
79,Trinity St. Paul's United Church,dpz83j4tm,1.0
79,Trinity St. Paul's United Church,dpz83j4tn,1.0
79,Trinity St. Paul's United Church,dpz83j4tp,1.0
79,Trinity St. Paul's United Church,dpz83j4tq,1.0
79,Trinity St. Paul's United Church,dpz83j4tr,1.0
79,Trinity St. Paul's United Church,dpz83j4ts,1.0
79,Trinity St. Paul's United Church,dpz83j4tt,1.0
79,Trinity St. Paul's United Church,dpz83j4tv,0.8269
79,Trinity St. Paul's United Church,dpz83j4tw,1.0
79,Trinity St. Paul's United Church,dpz83j4tx,1.0
79,Trinity St. Paul's United Church,dpz83j4ty,0.986
79,Trinity St. Paul's United Church,dpz83j4tz,0.8836
79,Trinity St. Paul's United Church,dpz83j4ub,0.9998
79,Trinity St. Paul's United Church,dpz83j4v0,1.0
79,Trinity St. Paul's United Church,dpz83j4v2,0.8105
80,Urban Arts,dpz2x13su,0.8908
80,Urban Arts,dpz2x13sv,1.0
80,Urban Arts,dpz2x13sx,0.902
80,Urban Arts,dpz2x13sy,1.0
80,Urban Arts,dpz2x13sz,1.0
80,Urban Arts,dpz2x13t4,0.9951
80,Urban Arts,dpz2x13t5,1.0
80,Urban Arts,dpz2x13th,1.0
80,Urban Arts,dpz2x13tj,0.9618
80,Urban Arts,dpz2x13u8,1.0
80,Urban Arts,dpz2x13u9,1.0
80,Urban Arts,dpz2x13ub,0.9439
81,Winchester Street Theatre,dpz83vnwg,1.0
81,Winchester Street Theatre,dpz83vnwu,1.0
81,Winchester Street Theatre,dpz83vnwv,1.0
81,Winchester Street Theatre,dpz83vnwy,1.0
81,Winchester Street Theatre,dpz83vnwz,0.9025
81,Winchester Street Theatre,dpz83vnx4,0.8735
81,Winchester Street Theatre,dpz83vnx5,1.0
81,Winchester Street Theatre,dpz83vnx6,1.0
81,Winchester Street Theatre,dpz83vnx7,1.0
81,Winchester Street Theatre,dpz83vnxc,0.9151
81,Winchester Street Theatre,dpz83vnxd,0.9085
81,Winchester Street Theatre,dpz83vnxe,1.0
81,Winchester Street Theatre,dpz83vnxf,0.9983
81,Winchester Street Theatre,dpz83vnxg,1.0
81,Winchester Street Theatre,dpz83vnxh,1.0
81,Winchester Street Theatre,dpz83vnxj,1.0
81,Winchester Street Theatre,dpz83vnxk,1.0
81,Winchester Street Theatre,dpz83vnxm,1.0
81,Winchester Street Theatre,dpz83vnxn,1.0
81,Winchester Street Theatre,dpz83vnxp,1.0
81,Winchester Street Theatre,dpz83vnxq,1.0
81,Winchester Street Theatre,dpz83vnxr,1.0
81,Winchester Street Theatre,dpz83vnxs,1.0
81,Winchester Street Theatre,dpz83vnxt,1.0
81,Winchester Street Theatre,dpz83vnxu,1.0
81,Winchester Street Theatre,dpz83vnxv,1.0
81,Winchester Street Theatre,dpz83vnxw,1.0
81,Winchester Street Theatre,dpz83vnxx,1.0
81,Winchester Street Theatre,dpz83vnxy,0.812
81,Winchester Street Theatre,dpz83vnxz,0.824
81,Winchester Street Theatre,dpz83vnz0,1.0
81,Winchester Street Theatre,dpz83vnz1,1.0
81,Winchester Street Theatre,dpz83vnz2,1.0
81,Winchester Street Theatre,dpz83vnz3,1.0
81,Winchester Street Theatre,dpz83vnz4,0.9654
81,Winchester Street Theatre,dpz83vnz8,1.0
81,Winchester Street Theatre,dpz83vnz9,1.0
81,Winchester Street Theatre,dpz83vnzb,0.9883
81,Winchester Street Theatre,dpz83vnzc,0.831
81,Winchester Street Theatre,dpz83vq84,0.9036
81,Winchester Street Theatre,dpz83vq85,1.0
81,Winchester Street Theatre,dpz83vq8h,1.0
81,Winchester Street Theatre,dpz83vq8j,1.0
82,York Woods Library,dpz2yy02z,1.0
82,York Woods Library,dpz2yy03g,1.0
82,York Woods Library,dpz2yy03n,0.9815
82,York Woods Library,dpz2yy03p,1.0
82,York Woods Library,dpz2yy03q,0.9916
82,York Woods Library,dpz2yy03r,1.0
82,York Woods Library,dpz2yy03u,1.0
82,York Woods Library,dpz2yy03v,1.0
82,York Woods Library,dpz2yy03w,1.0
82,York Woods Library,dpz2yy03x,1.0
82,York Woods Library,dpz2yy03y,1.0
82,York Woods Library,dpz2yy03z,1.0
82,York Woods Library,dpz2yy065,1.0
82,York Woods Library,dpz2yy066,0.8379
82,York Woods Library,dpz2yy067,1.0
82,York Woods Library,dpz2yy06d,0.92
82,York Woods Library,dpz2yy06e,1.0
82,York Woods Library,dpz2yy06g,1.0
82,York Woods Library,dpz2yy06h,1.0
82,York Woods Library,dpz2yy06j,1.0
82,York Woods Library,dpz2yy06k,1.0
82,York Woods Library,dpz2yy06m,1.0
82,York Woods Library,dpz2yy06n,1.0
82,York Woods Library,dpz2yy06p,1.0
82,York Woods Library,dpz2yy06q,1.0
82,York Woods Library,dpz2yy06r,1.0
82,York Woods Library,dpz2yy06s,1.0
82,York Woods Library,dpz2yy06t,1.0
82,York Woods Library,dpz2yy06u,1.0
82,York Woods Library,dpz2yy06v,1.0
82,York Woods Library,dpz2yy06w,1.0
82,York Woods Library,dpz2yy06x,1.0
82,York Woods Library,dpz2yy06y,1.0
82,York Woods Library,dpz2yy06z,1.0
82,York Woods Library,dpz2yy075,0.9591
82,York Woods Library,dpz2yy07h,1.0
82,York Woods Library,dpz2yy07j,1.0
82,York Woods Library,dpz2yy07n,0.9998
82,York Woods Library,dpz2yy07p,0.814
82,York Woods Library,dpz2yy08b,1.0
82,York Woods Library,dpz2yy08c,1.0
82,York Woods Library,dpz2yy08d,0.983
82,York Woods Library,dpz2yy08e,0.9919
82,York Woods Library,dpz2yy08f,1.0
82,York Woods Library,dpz2yy08g,1.0
82,York Woods Library,dpz2yy08s,1.0
82,York Woods Library,dpz2yy08t,1.0
82,York Woods Library,dpz2yy08u,1.0
82,York Woods Library,dpz2yy08v,0.9989
82,York Woods Library,dpz2yy090,1.0
82,York Woods Library,dpz2yy091,1.0
82,York Woods Library,dpz2yy092,1.0
82,York Woods Library,dpz2yy093,1.0
82,York Woods Library,dpz2yy094,1.0
82,York Woods Library,dpz2yy095,1.0
82,York Woods Library,dpz2yy096,1.0
82,York Woods Library,dpz2yy097,1.0
82,York Woods Library,dpz2yy098,1.0
82,York Woods Library,dpz2yy099,1.0
82,York Woods Library,dpz2yy09b,1.0
82,York Woods Library,dpz2yy09c,1.0
82,York Woods Library,dpz2yy09d,1.0
82,York Woods Library,dpz2yy09e,1.0
82,York Woods Library,dpz2yy09f,1.0
82,York Woods Library,dpz2yy09g,1.0
82,York Woods Library,dpz2yy09h,1.0
82,York Woods Library,dpz2yy09j,1.0
82,York Woods Library,dpz2yy09k,1.0
82,York Woods Library,dpz2yy09m,1.0
82,York Woods Library,dpz2yy09n,1.0
82,York Woods Library,dpz2yy09p,0.9713
82,York Woods Library,dpz2yy09q,1.0
82,York Woods Library,dpz2yy09s,1.0
82,York Woods Library,dpz2yy09t,1.0
82,York Woods Library,dpz2yy09u,1.0
82,York Woods Library,dpz2yy09v,1.0
82,York Woods Library,dpz2yy09w,1.0
82,York Woods Library,dpz2yy09y,1.0
82,York Woods Library,dpz2yy0d0,1.0
82,York Woods Library,dpz2yy0d1,1.0
82,York Woods Library,dpz2yy0d2,1.0
82,York Woods Library,dpz2yy0d3,1.0
82,York Woods Library,dpz2yy0d4,1.0
82,York Woods Library,dpz2yy0d5,1.0
82,York Woods Library,dpz2yy0d6,1.0
82,York Woods Library,dpz2yy0d7,1.0
82,York Woods Library,dpz2yy0d8,1.0
82,York Woods Library,dpz2yy0d9,1.0
82,York Woods Library,dpz2yy0db,1.0
82,York Woods Library,dpz2yy0dc,1.0
82,York Woods Library,dpz2yy0dd,1.0
82,York Woods Library,dpz2yy0de,1.0
82,York Woods Library,dpz2yy0df,1.0
82,York Woods Library,dpz2yy0dg,1.0
82,York Woods Library,dpz2yy0dh,1.0
82,York Woods Library,dpz2yy0dj,1.0
82,York Woods Library,dpz2yy0dn,0.9994
82,York Woods Library,dpz2yy0du,1.0
82,York Woods Library,dpz2yy0e0,0.9792
82,York Woods Library,dpz2yy0e1,1.0
82,York Woods Library,dpz2yy0e4,1.0
82,York Woods Library,dpz2yy0e5,1.0
82,York Woods Library,dpz2yy0eh,1.0
83,Young People's Theatre,dpz83fjqn,0.9685
83,Young People's Theatre,dpz83fjqp,0.9618
83,Young People's Theatre,dpz83fjqq,1.0
83,Young People's Theatre,dpz83fjqr,1.0
83,Young People's Theatre,dpz83fjqt,0.8934
83,Young People's Theatre,dpz83fjqv,1.0
83,Young People's Theatre,dpz83fjqw,1.0
83,Young People's Theatre,dpz83fjqx,1.0
83,Young People's Theatre,dpz83fjqy,1.0
83,Young People's Theatre,dpz83fjqz,1.0
83,Young People's Theatre,dpz83fjrg,0.9744
83,Young People's Theatre,dpz83fjrj,1.0
83,Young People's Theatre,dpz83fjrk,0.9999
83,Young People's Theatre,dpz83fjrm,1.0
83,Young People's Theatre,dpz83fjrn,1.0
83,Young People's Theatre,dpz83fjrp,1.0
83,Young People's Theatre,dpz83fjrq,1.0
83,Young People's Theatre,dpz83fjrr,1.0
83,Young People's Theatre,dpz83fjrs,1.0
83,Young People's Theatre,dpz83fjrt,1.0
83,Young People's Theatre,dpz83fjru,1.0
83,Young People's Theatre,dpz83fjrv,1.0
83,Young People's Theatre,dpz83fjrw,1.0
83,Young People's Theatre,dpz83fjrx,1.0
83,Young People's Theatre,dpz83fjry,1.0
83,Young People's Theatre,dpz83fjrz,1.0
83,Young People's Theatre,dpz83fjw2,1.0
83,Young People's Theatre,dpz83fjw3,1.0
83,Young People's Theatre,dpz83fjw6,1.0
83,Young People's Theatre,dpz83fjw7,0.8919
83,Young People's Theatre,dpz83fjw8,1.0
83,Young People's Theatre,dpz83fjw9,1.0
83,Young People's Theatre,dpz83fjwb,1.0
83,Young People's Theatre,dpz83fjwc,1.0
83,Young People's Theatre,dpz83fjwd,1.0
83,Young People's Theatre,dpz83fjwf,0.9787
83,Young People's Theatre,dpz83fjx0,1.0
83,Young People's Theatre,dpz83fjx1,1.0
83,Young People's Theatre,dpz83fjx2,1.0
83,Young People's Theatre,dpz83fjx3,1.0
83,Young People's Theatre,dpz83fjx8,1.0
83,Young People's Theatre,dpz83fjx9,0.8225
83,Young People's Theatre,dpz83fjxb,1.0
83,Young People's Theatre,dpz83fm2n,0.9478
83,Young People's Theatre,dpz83fm2p,1.0
83,Young People's Theatre,dpz83fm80,0.9424
84,Palmerston Library,dpz82uupx,0.8886
84,Palmerston Library,dpz82uur1,0.8439
84,Palmerston Library,dpz82uur3,1.0
84,Palmerston Library,dpz82uur6,1.0
84,Palmerston Library,dpz82uur7,1.0
84,Palmerston Library,dpz82uur8,1.0
84,Palmerston Library,dpz82uur9,1.0
84,Palmerston Library,dpz82uurd,1.0
84,Palmerston Library,dpz82uure,1.0
84,Palmerston Library,dpz82uurk,1.0
84,Palmerston Library,dpz82uurm,0.9594
84,Palmerston Library,dpz82uurs,1.0
84,Palmerston Library,dpz82uurt,1.0
84,Palmerston Library,dpz82uuru,0.9603
84,Palmerston Library,dpz82uurv,1.0
84,Palmerston Library,dpz82uurw,1.0
84,Palmerston Library,dpz82uurx,1.0
84,Palmerston Library,dpz82uury,1.0
84,Palmerston Library,dpz82uurz,1.0
84,Palmerston Library,dpz82uux8,1.0
84,Palmerston Library,dpz82uuxb,0.8253
85,Scarborough Civic Centre Library,dpz9h2qxe,1.0
85,Scarborough Civic Centre Library,dpz9h2qxf,0.8106
85,Scarborough Civic Centre Library,dpz9h2qxg,1.0
85,Scarborough Civic Centre Library,dpz9h2qxs,1.0
85,Scarborough Civic Centre Library,dpz9h2qxt,1.0
85,Scarborough Civic Centre Library,dpz9h2qxu,1.0
85,Scarborough Civic Centre Library,dpz9h2qxv,1.0
85,Scarborough Civic Centre Library,dpz9h2qxw,1.0
85,Scarborough Civic Centre Library,dpz9h2qxx,1.0
85,Scarborough Civic Centre Library,dpz9h2qxy,1.0
85,Scarborough Civic Centre Library,dpz9h2qxz,1.0
85,Scarborough Civic Centre Library,dpz9h2qz8,1.0
85,Scarborough Civic Centre Library,dpz9h2qz9,0.9992
85,Scarborough Civic Centre Library,dpz9h2qzb,1.0
85,Scarborough Civic Centre Library,dpz9h2qzc,1.0
85,Scarborough Civic Centre Library,dpz9h2qzd,0.9225
85,Scarborough Civic Centre Library,dpz9h2qzf,1.0
85,Scarborough Civic Centre Library,dpz9h2qzg,1.0
85,Scarborough Civic Centre Library,dpz9h2qzu,1.0
85,Scarborough Civic Centre Library,dpz9h2qzv,1.0
85,Scarborough Civic Centre Library,dpz9h2qzy,1.0
85,Scarborough Civic Centre Library,dpz9h2qzz,1.0
85,Scarborough Civic Centre Library,dpz9h2rpb,1.0
85,Scarborough Civic Centre Library,dpz9h2rpc,0.9983
85,Scarborough Civic Centre Library,dpz9h2w84,0.9313
85,Scarborough Civic Centre Library,dpz9h2w85,1.0
85,Scarborough Civic Centre Library,dpz9h2w86,1.0
85,Scarborough Civic Centre Library,dpz9h2w87,1.0
85,Scarborough Civic Centre Library,dpz9h2w8d,1.0
85,Scarborough Civic Centre Library,dpz9h2w8e,1.0
85,Scarborough Civic Centre Library,dpz9h2w8h,1.0
85,Scarborough Civic Centre Library,dpz9h2w8j,1.0
85,Scarborough Civic Centre Library,dpz9h2w8k,1.0
85,Scarborough Civic Centre Library,dpz9h2w8m,1.0
85,Scarborough Civic Centre Library,dpz9h2w8n,1.0
85,Scarborough Civic Centre Library,dpz9h2w8p,1.0
85,Scarborough Civic Centre Library,dpz9h2w8q,1.0
85,Scarborough Civic Centre Library,dpz9h2w8r,1.0
85,Scarborough Civic Centre Library,dpz9h2w8s,1.0
85,Scarborough Civic Centre Library,dpz9h2w8t,1.0
85,Scarborough Civic Centre Library,dpz9h2w8v,0.9737
85,Scarborough Civic Centre Library,dpz9h2w8w,1.0
85,Scarborough Civic Centre Library,dpz9h2w8x,1.0
85,Scarborough Civic Centre Library,dpz9h2w8y,1.0
85,Scarborough Civic Centre Library,dpz9h2w8z,1.0
85,Scarborough Civic Centre Library,dpz9h2w9p,0.924
85,Scarborough Civic Centre Library,dpz9h2wb0,1.0
85,Scarborough Civic Centre Library,dpz9h2wb1,1.0
85,Scarborough Civic Centre Library,dpz9h2wb2,1.0
85,Scarborough Civic Centre Library,dpz9h2wb3,1.0
85,Scarborough Civic Centre Library,dpz9h2wb4,1.0
85,Scarborough Civic Centre Library,dpz9h2wb5,1.0
85,Scarborough Civic Centre Library,dpz9h2wb6,1.0
85,Scarborough Civic Centre Library,dpz9h2wb7,1.0
85,Scarborough Civic Centre Library,dpz9h2wb8,1.0
85,Scarborough Civic Centre Library,dpz9h2wb9,1.0
85,Scarborough Civic Centre Library,dpz9h2wbb,1.0
85,Scarborough Civic Centre Library,dpz9h2wbc,1.0
85,Scarborough Civic Centre Library,dpz9h2wbd,1.0
85,Scarborough Civic Centre Library,dpz9h2wbe,1.0
85,Scarborough Civic Centre Library,dpz9h2wbf,1.0
85,Scarborough Civic Centre Library,dpz9h2wbg,1.0
85,Scarborough Civic Centre Library,dpz9h2wbh,1.0
85,Scarborough Civic Centre Library,dpz9h2wbj,1.0
85,Scarborough Civic Centre Library,dpz9h2wbk,1.0
85,Scarborough Civic Centre Library,dpz9h2wbm,1.0
85,Scarborough Civic Centre Library,dpz9h2wbn,1.0
85,Scarborough Civic Centre Library,dpz9h2wbp,1.0
85,Scarborough Civic Centre Library,dpz9h2wbs,1.0
85,Scarborough Civic Centre Library,dpz9h2wbt,0.9507
85,Scarborough Civic Centre Library,dpz9h2wbu,1.0
85,Scarborough Civic Centre Library,dpz9h2wc0,1.0
85,Scarborough Civic Centre Library,dpz9h2wc1,1.0
85,Scarborough Civic Centre Library,dpz9h2wc3,1.0
85,Scarborough Civic Centre Library,dpz9h2wc4,1.0
85,Scarborough Civic Centre Library,dpz9h2wc5,1.0
85,Scarborough Civic Centre Library,dpz9h2wc6,1.0
85,Scarborough Civic Centre Library,dpz9h2wc7,1.0
85,Scarborough Civic Centre Library,dpz9h2wcd,0.9654
85,Scarborough Civic Centre Library,dpz9h2wce,1.0
85,Scarborough Civic Centre Library,dpz9h2wcg,0.9584
85,Scarborough Civic Centre Library,dpz9h2wch,1.0
85,Scarborough Civic Centre Library,dpz9h2wcj,1.0
85,Scarborough Civic Centre Library,dpz9h2wck,1.0
85,Scarborough Civic Centre Library,dpz9h2wcm,1.0
85,Scarborough Civic Centre Library,dpz9h2wcn,0.99
85,Scarborough Civic Centre Library,dpz9h2wcq,1.0
85,Scarborough Civic Centre Library,dpz9h2wcr,1.0
85,Scarborough Civic Centre Library,dpz9h2wcs,1.0
85,Scarborough Civic Centre Library,dpz9h2wct,1.0
85,Scarborough Civic Centre Library,dpz9h2wcu,1.0
85,Scarborough Civic Centre Library,dpz9h2wcw,1.0
85,Scarborough Civic Centre Library,dpz9h2wcx,0.8852
85,Scarborough Civic Centre Library,dpz9h2x00,1.0
85,Scarborough Civic Centre Library,dpz9h2x01,0.8995
85,Scarborough Civic Centre Library,dpz9h2x12,0.9657
86,Children's Peace Theatre,dpz8ee49u,0.9011
86,Children's Peace Theatre,dpz8ee49v,1.0
86,Children's Peace Theatre,dpz8ee49y,1.0
86,Children's Peace Theatre,dpz8ee49z,1.0
86,Children's Peace Theatre,dpz8ee4cb,1.0
86,Children's Peace Theatre,dpz8ee4cc,1.0
86,Children's Peace Theatre,dpz8ee4cf,1.0
86,Children's Peace Theatre,dpz8ee4cg,1.0
86,Children's Peace Theatre,dpz8ee4cu,1.0
86,Children's Peace Theatre,dpz8ee4cv,1.0
86,Children's Peace Theatre,dpz8ee4cy,1.0
86,Children's Peace Theatre,dpz8ee4cz,1.0
86,Children's Peace Theatre,dpz8ee4dj,1.0
86,Children's Peace Theatre,dpz8ee4dm,1.0
86,Children's Peace Theatre,dpz8ee4dn,1.0
86,Children's Peace Theatre,dpz8ee4dp,1.0
86,Children's Peace Theatre,dpz8ee4dq,1.0
86,Children's Peace Theatre,dpz8ee4dr,1.0
86,Children's Peace Theatre,dpz8ee4dt,1.0
86,Children's Peace Theatre,dpz8ee4dv,0.8493
86,Children's Peace Theatre,dpz8ee4dw,1.0
86,Children's Peace Theatre,dpz8ee4dx,1.0
86,Children's Peace Theatre,dpz8ee4dy,1.0
86,Children's Peace Theatre,dpz8ee4dz,1.0
86,Children's Peace Theatre,dpz8ee4en,1.0
86,Children's Peace Theatre,dpz8ee4ep,1.0
86,Children's Peace Theatre,dpz8ee4eq,1.0
86,Children's Peace Theatre,dpz8ee4er,1.0
86,Children's Peace Theatre,dpz8ee4ew,0.9899
86,Children's Peace Theatre,dpz8ee4ex,1.0
86,Children's Peace Theatre,dpz8ee4ez,1.0
86,Children's Peace Theatre,dpz8ee4f0,1.0
86,Children's Peace Theatre,dpz8ee4f1,1.0
86,Children's Peace Theatre,dpz8ee4f2,1.0
86,Children's Peace Theatre,dpz8ee4f3,1.0
86,Children's Peace Theatre,dpz8ee4f4,1.0
86,Children's Peace Theatre,dpz8ee4f5,1.0
86,Children's Peace Theatre,dpz8ee4f6,1.0
86,Children's Peace Theatre,dpz8ee4f7,1.0
86,Children's Peace Theatre,dpz8ee4f8,1.0
86,Children's Peace Theatre,dpz8ee4f9,1.0
86,Children's Peace Theatre,dpz8ee4fb,1.0
86,Children's Peace Theatre,dpz8ee4fc,1.0
86,Children's Peace Theatre,dpz8ee4fd,1.0
86,Children's Peace Theatre,dpz8ee4fe,1.0
86,Children's Peace Theatre,dpz8ee4ff,1.0
86,Children's Peace Theatre,dpz8ee4fg,1.0
86,Children's Peace Theatre,dpz8ee4fh,1.0
86,Children's Peace Theatre,dpz8ee4fj,1.0
86,Children's Peace Theatre,dpz8ee4fk,1.0
86,Children's Peace Theatre,dpz8ee4fm,1.0
86,Children's Peace Theatre,dpz8ee4fn,1.0
86,Children's Peace Theatre,dpz8ee4fp,1.0
86,Children's Peace Theatre,dpz8ee4fq,1.0
86,Children's Peace Theatre,dpz8ee4fr,1.0
86,Children's Peace Theatre,dpz8ee4fs,1.0
86,Children's Peace Theatre,dpz8ee4ft,1.0
86,Children's Peace Theatre,dpz8ee4fu,1.0
86,Children's Peace Theatre,dpz8ee4fv,1.0
86,Children's Peace Theatre,dpz8ee4fw,1.0
86,Children's Peace Theatre,dpz8ee4fx,1.0
86,Children's Peace Theatre,dpz8ee4fy,1.0
86,Children's Peace Theatre,dpz8ee4fz,1.0
86,Children's Peace Theatre,dpz8ee4g0,1.0
86,Children's Peace Theatre,dpz8ee4g1,1.0
86,Children's Peace Theatre,dpz8ee4g2,1.0
86,Children's Peace Theatre,dpz8ee4g3,1.0
86,Children's Peace Theatre,dpz8ee4g4,1.0
86,Children's Peace Theatre,dpz8ee4g5,1.0
86,Children's Peace Theatre,dpz8ee4g6,1.0
86,Children's Peace Theatre,dpz8ee4g7,1.0
86,Children's Peace Theatre,dpz8ee4g8,1.0
86,Children's Peace Theatre,dpz8ee4g9,1.0
86,Children's Peace Theatre,dpz8ee4gb,1.0
86,Children's Peace Theatre,dpz8ee4gc,1.0
86,Children's Peace Theatre,dpz8ee4gd,1.0
86,Children's Peace Theatre,dpz8ee4ge,1.0
86,Children's Peace Theatre,dpz8ee4gf,1.0
86,Children's Peace Theatre,dpz8ee4gg,1.0
86,Children's Peace Theatre,dpz8ee4gh,1.0
86,Children's Peace Theatre,dpz8ee4gj,1.0
86,Children's Peace Theatre,dpz8ee4gk,1.0
86,Children's Peace Theatre,dpz8ee4gm,1.0
86,Children's Peace Theatre,dpz8ee4gn,1.0
86,Children's Peace Theatre,dpz8ee4gp,1.0
86,Children's Peace Theatre,dpz8ee4gq,1.0
86,Children's Peace Theatre,dpz8ee4gr,1.0
86,Children's Peace Theatre,dpz8ee4gs,1.0
86,Children's Peace Theatre,dpz8ee4gt,1.0
86,Children's Peace Theatre,dpz8ee4gu,1.0
86,Children's Peace Theatre,dpz8ee4gv,1.0
86,Children's Peace Theatre,dpz8ee4gw,1.0
86,Children's Peace Theatre,dpz8ee4gx,1.0
86,Children's Peace Theatre,dpz8ee4gy,1.0
86,Children's Peace Theatre,dpz8ee4gz,1.0
86,Children's Peace Theatre,dpz8ee4sp,1.0
86,Children's Peace Theatre,dpz8ee4sr,1.0
86,Children's Peace Theatre,dpz8ee4sx,0.9693
86,Children's Peace Theatre,dpz8ee4u0,1.0
86,Children's Peace Theatre,dpz8ee4u1,1.0
86,Children's Peace Theatre,dpz8ee4u2,1.0
86,Children's Peace Theatre,dpz8ee4u3,1.0
86,Children's Peace Theatre,dpz8ee4u4,1.0
86,Children's Peace Theatre,dpz8ee4u5,1.0
86,Children's Peace Theatre,dpz8ee4u6,1.0
86,Children's Peace Theatre,dpz8ee4u7,1.0
86,Children's Peace Theatre,dpz8ee4u8,1.0
86,Children's Peace Theatre,dpz8ee4u9,1.0
86,Children's Peace Theatre,dpz8ee4ub,1.0
86,Children's Peace Theatre,dpz8ee4uc,1.0
86,Children's Peace Theatre,dpz8ee4ud,1.0
86,Children's Peace Theatre,dpz8ee4ue,1.0
86,Children's Peace Theatre,dpz8ee4uf,1.0
86,Children's Peace Theatre,dpz8ee4ug,1.0
86,Children's Peace Theatre,dpz8ee4uh,1.0
86,Children's Peace Theatre,dpz8ee4uj,1.0
86,Children's Peace Theatre,dpz8ee4uk,1.0
86,Children's Peace Theatre,dpz8ee4um,1.0
86,Children's Peace Theatre,dpz8ee4un,1.0
86,Children's Peace Theatre,dpz8ee4up,1.0
86,Children's Peace Theatre,dpz8ee4uq,1.0
86,Children's Peace Theatre,dpz8ee4ur,1.0
86,Children's Peace Theatre,dpz8ee4us,1.0
86,Children's Peace Theatre,dpz8ee4ut,1.0
86,Children's Peace Theatre,dpz8ee4uu,1.0
86,Children's Peace Theatre,dpz8ee4uv,1.0
86,Children's Peace Theatre,dpz8ee4uw,1.0
86,Children's Peace Theatre,dpz8ee4ux,1.0
86,Children's Peace Theatre,dpz8ee4uy,1.0
86,Children's Peace Theatre,dpz8ee4uz,1.0
86,Children's Peace Theatre,dpz8ee4v0,1.0
86,Children's Peace Theatre,dpz8ee4v1,1.0
86,Children's Peace Theatre,dpz8ee4v2,1.0
86,Children's Peace Theatre,dpz8ee4v3,1.0
86,Children's Peace Theatre,dpz8ee4v4,1.0
86,Children's Peace Theatre,dpz8ee4v5,1.0
86,Children's Peace Theatre,dpz8ee4v6,1.0
86,Children's Peace Theatre,dpz8ee4v7,1.0
86,Children's Peace Theatre,dpz8ee4v8,0.9375
86,Children's Peace Theatre,dpz8ee4v9,1.0
86,Children's Peace Theatre,dpz8ee4vd,1.0
86,Children's Peace Theatre,dpz8ee4ve,1.0
86,Children's Peace Theatre,dpz8ee4vh,1.0
86,Children's Peace Theatre,dpz8ee4vj,1.0
86,Children's Peace Theatre,dpz8ee4vk,1.0
86,Children's Peace Theatre,dpz8ee4vm,1.0
86,Children's Peace Theatre,dpz8ee4vn,1.0
86,Children's Peace Theatre,dpz8ee4vp,1.0
86,Children's Peace Theatre,dpz8ee4vq,1.0
86,Children's Peace Theatre,dpz8ee4vr,1.0
86,Children's Peace Theatre,dpz8ee4vs,1.0
86,Children's Peace Theatre,dpz8ee4vt,1.0
86,Children's Peace Theatre,dpz8ee4vw,1.0
86,Children's Peace Theatre,dpz8ee4vx,1.0
86,Children's Peace Theatre,dpz8ee4vz,0.8176
86,Children's Peace Theatre,dpz8ee51b,1.0
86,Children's Peace Theatre,dpz8ee51c,1.0
86,Children's Peace Theatre,dpz8ee51f,1.0
86,Children's Peace Theatre,dpz8ee51g,1.0
86,Children's Peace Theatre,dpz8ee51u,1.0
86,Children's Peace Theatre,dpz8ee51v,1.0
86,Children's Peace Theatre,dpz8ee51y,1.0
86,Children's Peace Theatre,dpz8ee51z,1.0
86,Children's Peace Theatre,dpz8ee53b,1.0
86,Children's Peace Theatre,dpz8ee540,1.0
86,Children's Peace Theatre,dpz8ee541,1.0
86,Children's Peace Theatre,dpz8ee542,1.0
86,Children's Peace Theatre,dpz8ee543,1.0
86,Children's Peace Theatre,dpz8ee544,1.0
86,Children's Peace Theatre,dpz8ee545,1.0
86,Children's Peace Theatre,dpz8ee546,1.0
86,Children's Peace Theatre,dpz8ee547,1.0
86,Children's Peace Theatre,dpz8ee548,1.0
86,Children's Peace Theatre,dpz8ee549,1.0
86,Children's Peace Theatre,dpz8ee54b,1.0
86,Children's Peace Theatre,dpz8ee54c,1.0
86,Children's Peace Theatre,dpz8ee54d,1.0
86,Children's Peace Theatre,dpz8ee54e,1.0
86,Children's Peace Theatre,dpz8ee54f,1.0
86,Children's Peace Theatre,dpz8ee54g,1.0
86,Children's Peace Theatre,dpz8ee54h,1.0
86,Children's Peace Theatre,dpz8ee54j,1.0
86,Children's Peace Theatre,dpz8ee54k,1.0
86,Children's Peace Theatre,dpz8ee54m,1.0
86,Children's Peace Theatre,dpz8ee54n,1.0
86,Children's Peace Theatre,dpz8ee54p,1.0
86,Children's Peace Theatre,dpz8ee54q,1.0
86,Children's Peace Theatre,dpz8ee54r,1.0
86,Children's Peace Theatre,dpz8ee54s,1.0
86,Children's Peace Theatre,dpz8ee54t,1.0
86,Children's Peace Theatre,dpz8ee54u,1.0
86,Children's Peace Theatre,dpz8ee54v,1.0
86,Children's Peace Theatre,dpz8ee54w,1.0
86,Children's Peace Theatre,dpz8ee54x,1.0
86,Children's Peace Theatre,dpz8ee54y,1.0
86,Children's Peace Theatre,dpz8ee54z,1.0
86,Children's Peace Theatre,dpz8ee550,1.0
86,Children's Peace Theatre,dpz8ee551,1.0
86,Children's Peace Theatre,dpz8ee552,1.0
86,Children's Peace Theatre,dpz8ee553,1.0
86,Children's Peace Theatre,dpz8ee554,1.0
86,Children's Peace Theatre,dpz8ee555,1.0
86,Children's Peace Theatre,dpz8ee556,1.0
86,Children's Peace Theatre,dpz8ee557,1.0
86,Children's Peace Theatre,dpz8ee558,1.0
86,Children's Peace Theatre,dpz8ee559,1.0
86,Children's Peace Theatre,dpz8ee55b,1.0
86,Children's Peace Theatre,dpz8ee55c,1.0
86,Children's Peace Theatre,dpz8ee55d,1.0
86,Children's Peace Theatre,dpz8ee55e,1.0
86,Children's Peace Theatre,dpz8ee55f,1.0
86,Children's Peace Theatre,dpz8ee55g,1.0
86,Children's Peace Theatre,dpz8ee55h,1.0
86,Children's Peace Theatre,dpz8ee55j,1.0
86,Children's Peace Theatre,dpz8ee55k,1.0
86,Children's Peace Theatre,dpz8ee55m,1.0
86,Children's Peace Theatre,dpz8ee55n,1.0
86,Children's Peace Theatre,dpz8ee55p,1.0
86,Children's Peace Theatre,dpz8ee55q,1.0
86,Children's Peace Theatre,dpz8ee55r,1.0
86,Children's Peace Theatre,dpz8ee55s,1.0
86,Children's Peace Theatre,dpz8ee55t,1.0
86,Children's Peace Theatre,dpz8ee55u,1.0
86,Children's Peace Theatre,dpz8ee55v,1.0
86,Children's Peace Theatre,dpz8ee55w,1.0
86,Children's Peace Theatre,dpz8ee55x,1.0
86,Children's Peace Theatre,dpz8ee55y,1.0
86,Children's Peace Theatre,dpz8ee55z,1.0
86,Children's Peace Theatre,dpz8ee560,1.0
86,Children's Peace Theatre,dpz8ee562,1.0
86,Children's Peace Theatre,dpz8ee568,0.9991
86,Children's Peace Theatre,dpz8ee56b,0.9471
86,Children's Peace Theatre,dpz8ee570,0.866
86,Children's Peace Theatre,dpz8ee5h0,1.0
86,Children's Peace Theatre,dpz8ee5h1,1.0
86,Children's Peace Theatre,dpz8ee5h2,1.0
86,Children's Peace Theatre,dpz8ee5h3,1.0
86,Children's Peace Theatre,dpz8ee5h4,1.0
86,Children's Peace Theatre,dpz8ee5h5,1.0
86,Children's Peace Theatre,dpz8ee5h6,1.0
86,Children's Peace Theatre,dpz8ee5h7,1.0
86,Children's Peace Theatre,dpz8ee5h8,1.0
86,Children's Peace Theatre,dpz8ee5h9,1.0
86,Children's Peace Theatre,dpz8ee5hb,1.0
86,Children's Peace Theatre,dpz8ee5hc,1.0
86,Children's Peace Theatre,dpz8ee5hd,1.0
86,Children's Peace Theatre,dpz8ee5he,1.0
86,Children's Peace Theatre,dpz8ee5hf,1.0
86,Children's Peace Theatre,dpz8ee5hg,1.0
86,Children's Peace Theatre,dpz8ee5hh,1.0
86,Children's Peace Theatre,dpz8ee5hj,1.0
86,Children's Peace Theatre,dpz8ee5hk,1.0
86,Children's Peace Theatre,dpz8ee5hm,1.0
86,Children's Peace Theatre,dpz8ee5hn,1.0
86,Children's Peace Theatre,dpz8ee5hp,1.0
86,Children's Peace Theatre,dpz8ee5hq,1.0
86,Children's Peace Theatre,dpz8ee5hr,1.0
86,Children's Peace Theatre,dpz8ee5hs,1.0
86,Children's Peace Theatre,dpz8ee5ht,1.0
86,Children's Peace Theatre,dpz8ee5hu,1.0
86,Children's Peace Theatre,dpz8ee5hv,1.0
86,Children's Peace Theatre,dpz8ee5hw,1.0
86,Children's Peace Theatre,dpz8ee5hx,1.0
86,Children's Peace Theatre,dpz8ee5hy,1.0
86,Children's Peace Theatre,dpz8ee5hz,1.0
86,Children's Peace Theatre,dpz8ee5j0,1.0
86,Children's Peace Theatre,dpz8ee5j1,1.0
86,Children's Peace Theatre,dpz8ee5j2,1.0
86,Children's Peace Theatre,dpz8ee5j3,1.0
86,Children's Peace Theatre,dpz8ee5j4,1.0
86,Children's Peace Theatre,dpz8ee5j5,1.0
86,Children's Peace Theatre,dpz8ee5j6,1.0
86,Children's Peace Theatre,dpz8ee5j7,1.0
86,Children's Peace Theatre,dpz8ee5j8,1.0
86,Children's Peace Theatre,dpz8ee5j9,1.0
86,Children's Peace Theatre,dpz8ee5jb,0.9047
86,Children's Peace Theatre,dpz8ee5jc,0.9846
86,Children's Peace Theatre,dpz8ee5jd,1.0
86,Children's Peace Theatre,dpz8ee5je,1.0
86,Children's Peace Theatre,dpz8ee5jf,1.0
86,Children's Peace Theatre,dpz8ee5jg,1.0
86,Children's Peace Theatre,dpz8ee5jh,1.0
86,Children's Peace Theatre,dpz8ee5jj,1.0
86,Children's Peace Theatre,dpz8ee5jk,1.0
86,Children's Peace Theatre,dpz8ee5jm,1.0
86,Children's Peace Theatre,dpz8ee5jn,1.0
86,Children's Peace Theatre,dpz8ee5jp,1.0
86,Children's Peace Theatre,dpz8ee5jq,1.0
86,Children's Peace Theatre,dpz8ee5jr,1.0
86,Children's Peace Theatre,dpz8ee5js,1.0
86,Children's Peace Theatre,dpz8ee5jt,1.0
86,Children's Peace Theatre,dpz8ee5ju,1.0
86,Children's Peace Theatre,dpz8ee5jv,1.0
86,Children's Peace Theatre,dpz8ee5jw,1.0
86,Children's Peace Theatre,dpz8ee5jx,1.0
86,Children's Peace Theatre,dpz8ee5jy,1.0
86,Children's Peace Theatre,dpz8ee5jz,0.9722
88,The Village at Black Creek,dpz3n2yxu,0.933129092153016
88,The Village at Black Creek,dpz3n2yxv,1.0
88,The Village at Black Creek,dpz3n2yxw,0.9792270272488952
88,The Village at Black Creek,dpz3n2yxx,1.0
88,The Village at Black Creek,dpz3n2yxy,1.0
88,The Village at Black Creek,dpz3n2yxz,1.0
88,The Village at Black Creek,dpz3n2yyg,0.890999972475919
88,The Village at Black Creek,dpz3n2yyr,0.9897592627771956
88,The Village at Black Creek,dpz3n2yyt,0.9534841182120096
88,The Village at Black Creek,dpz3n2yyu,0.9999999999999998
88,The Village at Black Creek,dpz3n2yyv,1.0
88,The Village at Black Creek,dpz3n2yyw,1.0
88,The Village at Black Creek,dpz3n2yyx,1.0
88,The Village at Black Creek,dpz3n2yyy,1.0
88,The Village at Black Creek,dpz3n2yyz,1.0
88,The Village at Black Creek,dpz3n2yz1,0.8023087265132393
88,The Village at Black Creek,dpz3n2yz2,0.9991202977813696
88,The Village at Black Creek,dpz3n2yz3,0.9999999999999998
88,The Village at Black Creek,dpz3n2yz4,0.9999999999999998
88,The Village at Black Creek,dpz3n2yz5,1.0
88,The Village at Black Creek,dpz3n2yz6,1.0
88,The Village at Black Creek,dpz3n2yz7,1.0
88,The Village at Black Creek,dpz3n2yz8,1.0
88,The Village at Black Creek,dpz3n2yz9,1.0
88,The Village at Black Creek,dpz3n2yzb,1.0
88,The Village at Black Creek,dpz3n2yzc,1.0
88,The Village at Black Creek,dpz3n2yzd,1.0
88,The Village at Black Creek,dpz3n2yze,1.0
88,The Village at Black Creek,dpz3n2yzf,1.0
88,The Village at Black Creek,dpz3n2yzg,1.0
88,The Village at Black Creek,dpz3n2yzh,1.0
88,The Village at Black Creek,dpz3n2yzj,1.0
88,The Village at Black Creek,dpz3n2yzk,1.0
88,The Village at Black Creek,dpz3n2yzm,1.0
88,The Village at Black Creek,dpz3n2yzn,1.0
88,The Village at Black Creek,dpz3n2yzp,1.0
88,The Village at Black Creek,dpz3n2yzq,1.0
88,The Village at Black Creek,dpz3n2yzr,1.0
88,The Village at Black Creek,dpz3n2yzs,1.0
88,The Village at Black Creek,dpz3n2yzt,1.0
88,The Village at Black Creek,dpz3n2yzu,1.0
88,The Village at Black Creek,dpz3n2yzv,1.0
88,The Village at Black Creek,dpz3n2yzw,1.0
88,The Village at Black Creek,dpz3n2yzx,1.0
88,The Village at Black Creek,dpz3n2yzy,1.0
88,The Village at Black Creek,dpz3n2yzz,1.0
88,The Village at Black Creek,dpz3n2zcv,0.9999999999999998
88,The Village at Black Creek,dpz3n2zcw,0.9337336579582012
88,The Village at Black Creek,dpz3n2zcx,1.0
88,The Village at Black Creek,dpz3n2zcy,1.0
88,The Village at Black Creek,dpz3n2zcz,1.0
88,The Village at Black Creek,dpz3n2zdz,1.0
88,The Village at Black Creek,dpz3n2zec,1.0
88,The Village at Black Creek,dpz3n2zed,0.9699840020942204
88,The Village at Black Creek,dpz3n2zee,1.0
88,The Village at Black Creek,dpz3n2zef,1.0
88,The Village at Black Creek,dpz3n2zeg,1.0
88,The Village at Black Creek,dpz3n2zej,0.9622452479098114
88,The Village at Black Creek,dpz3n2zek,1.0
88,The Village at Black Creek,dpz3n2zem,1.0
88,The Village at Black Creek,dpz3n2zen,1.0
88,The Village at Black Creek,dpz3n2zep,1.0
88,The Village at Black Creek,dpz3n2zeq,0.9999999999999998
88,The Village at Black Creek,dpz3n2zer,1.0
88,The Village at Black Creek,dpz3n2zes,1.0
88,The Village at Black Creek,dpz3n2zet,1.0
88,The Village at Black Creek,dpz3n2zeu,0.9999999999999998
88,The Village at Black Creek,dpz3n2zev,1.0
88,The Village at Black Creek,dpz3n2zew,1.0
88,The Village at Black Creek,dpz3n2zex,1.0
88,The Village at Black Creek,dpz3n2zey,1.0
88,The Village at Black Creek,dpz3n2zez,1.0
88,The Village at Black Creek,dpz3n2zf5,0.9441190865474391
88,The Village at Black Creek,dpz3n2zf6,1.0
88,The Village at Black Creek,dpz3n2zf7,1.0
88,The Village at Black Creek,dpz3n2zf8,0.9536232794498296
88,The Village at Black Creek,dpz3n2zf9,1.0
88,The Village at Black Creek,dpz3n2zfb,0.9999999999999998
88,The Village at Black Creek,dpz3n2zfc,1.0
88,The Village at Black Creek,dpz3n2zfd,1.0
88,The Village at Black Creek,dpz3n2zfe,1.0
88,The Village at Black Creek,dpz3n2zff,1.0
88,The Village at Black Creek,dpz3n2zfg,1.0
88,The Village at Black Creek,dpz3n2zfh,1.0
88,The Village at Black Creek,dpz3n2zfj,1.0
88,The Village at Black Creek,dpz3n2zfk,1.0
88,The Village at Black Creek,dpz3n2zfm,0.9999999999999998
88,The Village at Black Creek,dpz3n2zfn,1.0
88,The Village at Black Creek,dpz3n2zfp,1.0
88,The Village at Black Creek,dpz3n2zfq,1.0
88,The Village at Black Creek,dpz3n2zfr,1.0
88,The Village at Black Creek,dpz3n2zfs,1.0
88,The Village at Black Creek,dpz3n2zft,1.0
88,The Village at Black Creek,dpz3n2zfu,1.0
88,The Village at Black Creek,dpz3n2zfv,1.0
88,The Village at Black Creek,dpz3n2zfw,1.0
88,The Village at Black Creek,dpz3n2zfx,1.0
88,The Village at Black Creek,dpz3n2zfy,1.0
88,The Village at Black Creek,dpz3n2zfz,1.0
88,The Village at Black Creek,dpz3n2zg0,0.9999999999999998
88,The Village at Black Creek,dpz3n2zg1,1.0
88,The Village at Black Creek,dpz3n2zg2,1.0
88,The Village at Black Creek,dpz3n2zg3,1.0
88,The Village at Black Creek,dpz3n2zg4,0.9999999999999998
88,The Village at Black Creek,dpz3n2zg5,1.0
88,The Village at Black Creek,dpz3n2zg6,1.0
88,The Village at Black Creek,dpz3n2zg7,1.0
88,The Village at Black Creek,dpz3n2zg8,1.0
88,The Village at Black Creek,dpz3n2zg9,1.0
88,The Village at Black Creek,dpz3n2zgb,1.0
88,The Village at Black Creek,dpz3n2zgc,1.0
88,The Village at Black Creek,dpz3n2zgd,1.0
88,The Village at Black Creek,dpz3n2zge,1.0
88,The Village at Black Creek,dpz3n2zgf,1.0
88,The Village at Black Creek,dpz3n2zgg,1.0
88,The Village at Black Creek,dpz3n2zgh,1.0
88,The Village at Black Creek,dpz3n2zgj,1.0
88,The Village at Black Creek,dpz3n2zgk,1.0
88,The Village at Black Creek,dpz3n2zgm,1.0
88,The Village at Black Creek,dpz3n2zgn,1.0
88,The Village at Black Creek,dpz3n2zgp,1.0
88,The Village at Black Creek,dpz3n2zgq,1.0
88,The Village at Black Creek,dpz3n2zgr,1.0
88,The Village at Black Creek,dpz3n2zgs,1.0
88,The Village at Black Creek,dpz3n2zgt,1.0
88,The Village at Black Creek,dpz3n2zgu,1.0
88,The Village at Black Creek,dpz3n2zgv,1.0
88,The Village at Black Creek,dpz3n2zgw,1.0
88,The Village at Black Creek,dpz3n2zgx,1.0
88,The Village at Black Creek,dpz3n2zgy,1.0
88,The Village at Black Creek,dpz3n2zgz,1.0
88,The Village at Black Creek,dpz3n2zjf,0.8386609429242353
88,The Village at Black Creek,dpz3n2zjg,1.0
88,The Village at Black Creek,dpz3n2zjq,0.970176551315126
88,The Village at Black Creek,dpz3n2zjr,1.0
88,The Village at Black Creek,dpz3n2zjs,0.9175254162160784
88,The Village at Black Creek,dpz3n2zjt,1.0
88,The Village at Black Creek,dpz3n2zju,1.0
88,The Village at Black Creek,dpz3n2zjv,1.0
88,The Village at Black Creek,dpz3n2zjw,1.0
88,The Village at Black Creek,dpz3n2zjx,1.0
88,The Village at Black Creek,dpz3n2zjy,1.0
88,The Village at Black Creek,dpz3n2zjz,1.0
88,The Village at Black Creek,dpz3n2zke,0.871367486958192
88,The Village at Black Creek,dpz3n2zkf,1.0
88,The Village at Black Creek,dpz3n2zkg,1.0
88,The Village at Black Creek,dpz3n2zkm,0.940388726793991
88,The Village at Black Creek,dpz3n2zkp,0.9831903897482154
88,The Village at Black Creek,dpz3n2zkq,1.0
88,The Village at Black Creek,dpz3n2zkr,1.0
88,The Village at Black Creek,dpz3n2zks,1.0
88,The Village at Black Creek,dpz3n2zkt,1.0
88,The Village at Black Creek,dpz3n2zku,1.0
88,The Village at Black Creek,dpz3n2zkv,1.0
88,The Village at Black Creek,dpz3n2zkw,1.0
88,The Village at Black Creek,dpz3n2zkx,1.0
88,The Village at Black Creek,dpz3n2zky,1.0
88,The Village at Black Creek,dpz3n2zkz,1.0
88,The Village at Black Creek,dpz3n2zm0,0.9966124474445072
88,The Village at Black Creek,dpz3n2zm1,1.0
88,The Village at Black Creek,dpz3n2zm2,1.0
88,The Village at Black Creek,dpz3n2zm3,1.0
88,The Village at Black Creek,dpz3n2zm4,1.0
88,The Village at Black Creek,dpz3n2zm5,1.0
88,The Village at Black Creek,dpz3n2zm6,0.9999999999999998
88,The Village at Black Creek,dpz3n2zm7,1.0
88,The Village at Black Creek,dpz3n2zm8,0.9999999999999998
88,The Village at Black Creek,dpz3n2zm9,1.0
88,The Village at Black Creek,dpz3n2zmb,1.0
88,The Village at Black Creek,dpz3n2zmc,0.9999999999999998
88,The Village at Black Creek,dpz3n2zmd,1.0
88,The Village at Black Creek,dpz3n2zme,1.0
88,The Village at Black Creek,dpz3n2zmf,1.0
88,The Village at Black Creek,dpz3n2zmg,1.0
88,The Village at Black Creek,dpz3n2zmh,1.0
88,The Village at Black Creek,dpz3n2zmj,1.0
88,The Village at Black Creek,dpz3n2zmk,1.0
88,The Village at Black Creek,dpz3n2zmm,1.0
88,The Village at Black Creek,dpz3n2zmn,0.9999999999999998
88,The Village at Black Creek,dpz3n2zmp,1.0
88,The Village at Black Creek,dpz3n2zmq,0.9999999999999998
88,The Village at Black Creek,dpz3n2zmr,1.0
88,The Village at Black Creek,dpz3n2zms,1.0
88,The Village at Black Creek,dpz3n2zmt,1.0
88,The Village at Black Creek,dpz3n2zmu,1.0
88,The Village at Black Creek,dpz3n2zmv,1.0
88,The Village at Black Creek,dpz3n2zmw,1.0
88,The Village at Black Creek,dpz3n2zmx,1.0
88,The Village at Black Creek,dpz3n2zmy,1.0
88,The Village at Black Creek,dpz3n2zmz,1.0
88,The Village at Black Creek,dpz3n2zn1,1.0
88,The Village at Black Creek,dpz3n2zn2,1.0
88,The Village at Black Creek,dpz3n2zn3,0.9999999999999998
88,The Village at Black Creek,dpz3n2zn4,1.0
88,The Village at Black Creek,dpz3n2zn5,1.0
88,The Village at Black Creek,dpz3n2zn6,1.0
88,The Village at Black Creek,dpz3n2zn7,1.0
88,The Village at Black Creek,dpz3n2zn8,1.0
88,The Village at Black Creek,dpz3n2zn9,0.9999999999999998
88,The Village at Black Creek,dpz3n2znb,1.0
88,The Village at Black Creek,dpz3n2znc,1.0
88,The Village at Black Creek,dpz3n2znd,1.0
88,The Village at Black Creek,dpz3n2zne,1.0
88,The Village at Black Creek,dpz3n2znf,1.0
88,The Village at Black Creek,dpz3n2zng,1.0
88,The Village at Black Creek,dpz3n2znh,1.0
88,The Village at Black Creek,dpz3n2znj,1.0
88,The Village at Black Creek,dpz3n2znk,1.0
88,The Village at Black Creek,dpz3n2znm,0.9999999999999998
88,The Village at Black Creek,dpz3n2znn,1.0
88,The Village at Black Creek,dpz3n2znp,1.0
88,The Village at Black Creek,dpz3n2znq,0.9999999999999998
88,The Village at Black Creek,dpz3n2znr,1.0
88,The Village at Black Creek,dpz3n2zns,1.0
88,The Village at Black Creek,dpz3n2znt,1.0
88,The Village at Black Creek,dpz3n2znu,1.0
88,The Village at Black Creek,dpz3n2znv,0.9999999999999998
88,The Village at Black Creek,dpz3n2znw,1.0
88,The Village at Black Creek,dpz3n2znx,1.0
88,The Village at Black Creek,dpz3n2zny,1.0
88,The Village at Black Creek,dpz3n2znz,1.0
88,The Village at Black Creek,dpz3n2zp0,1.0
88,The Village at Black Creek,dpz3n2zp1,1.0
88,The Village at Black Creek,dpz3n2zp2,1.0
88,The Village at Black Creek,dpz3n2zp3,1.0
88,The Village at Black Creek,dpz3n2zp4,1.0
88,The Village at Black Creek,dpz3n2zp5,1.0
88,The Village at Black Creek,dpz3n2zp6,1.0
88,The Village at Black Creek,dpz3n2zp7,1.0
88,The Village at Black Creek,dpz3n2zp8,1.0
88,The Village at Black Creek,dpz3n2zp9,1.0
88,The Village at Black Creek,dpz3n2zpb,0.9999999999999998
88,The Village at Black Creek,dpz3n2zpc,1.0
88,The Village at Black Creek,dpz3n2zpd,1.0
88,The Village at Black Creek,dpz3n2zpe,1.0
88,The Village at Black Creek,dpz3n2zpf,1.0
88,The Village at Black Creek,dpz3n2zpg,1.0
88,The Village at Black Creek,dpz3n2zph,1.0
88,The Village at Black Creek,dpz3n2zpj,1.0
88,The Village at Black Creek,dpz3n2zpk,1.0
88,The Village at Black Creek,dpz3n2zpm,1.0
88,The Village at Black Creek,dpz3n2zpn,1.0
88,The Village at Black Creek,dpz3n2zpp,1.0
88,The Village at Black Creek,dpz3n2zpq,1.0
88,The Village at Black Creek,dpz3n2zpr,1.0
88,The Village at Black Creek,dpz3n2zps,1.0
88,The Village at Black Creek,dpz3n2zpt,1.0
88,The Village at Black Creek,dpz3n2zpu,1.0
88,The Village at Black Creek,dpz3n2zpv,1.0
88,The Village at Black Creek,dpz3n2zpw,1.0
88,The Village at Black Creek,dpz3n2zpx,1.0
88,The Village at Black Creek,dpz3n2zpy,1.0
88,The Village at Black Creek,dpz3n2zpz,1.0
88,The Village at Black Creek,dpz3n2zq0,1.0
88,The Village at Black Creek,dpz3n2zq1,1.0
88,The Village at Black Creek,dpz3n2zq2,0.9999999999999998
88,The Village at Black Creek,dpz3n2zq3,1.0
88,The Village at Black Creek,dpz3n2zq4,1.0
88,The Village at Black Creek,dpz3n2zq5,1.0
88,The Village at Black Creek,dpz3n2zq6,1.0
88,The Village at Black Creek,dpz3n2zq7,1.0
88,The Village at Black Creek,dpz3n2zq8,1.0
88,The Village at Black Creek,dpz3n2zq9,1.0
88,The Village at Black Creek,dpz3n2zqb,1.0
88,The Village at Black Creek,dpz3n2zqc,1.0
88,The Village at Black Creek,dpz3n2zqd,1.0
88,The Village at Black Creek,dpz3n2zqe,0.9999999999999998
88,The Village at Black Creek,dpz3n2zqf,1.0
88,The Village at Black Creek,dpz3n2zqg,0.9999999999999998
88,The Village at Black Creek,dpz3n2zqh,1.0
88,The Village at Black Creek,dpz3n2zqj,0.9999999999999998
88,The Village at Black Creek,dpz3n2zqk,1.0
88,The Village at Black Creek,dpz3n2zqm,1.0
88,The Village at Black Creek,dpz3n2zqn,1.0
88,The Village at Black Creek,dpz3n2zqp,1.0
88,The Village at Black Creek,dpz3n2zqq,1.0
88,The Village at Black Creek,dpz3n2zqr,1.0
88,The Village at Black Creek,dpz3n2zqs,1.0
88,The Village at Black Creek,dpz3n2zqt,1.0
88,The Village at Black Creek,dpz3n2zqu,1.0
88,The Village at Black Creek,dpz3n2zqv,1.0
88,The Village at Black Creek,dpz3n2zqw,1.0
88,The Village at Black Creek,dpz3n2zqx,1.0
88,The Village at Black Creek,dpz3n2zqy,1.0
88,The Village at Black Creek,dpz3n2zqz,1.0
88,The Village at Black Creek,dpz3n2zr0,1.0
88,The Village at Black Creek,dpz3n2zr1,1.0
88,The Village at Black Creek,dpz3n2zr2,1.0
88,The Village at Black Creek,dpz3n2zr3,1.0
88,The Village at Black Creek,dpz3n2zr4,1.0
88,The Village at Black Creek,dpz3n2zr5,1.0
88,The Village at Black Creek,dpz3n2zr6,1.0
88,The Village at Black Creek,dpz3n2zr7,1.0
88,The Village at Black Creek,dpz3n2zr8,1.0
88,The Village at Black Creek,dpz3n2zr9,1.0
88,The Village at Black Creek,dpz3n2zrb,0.9999999999999998
88,The Village at Black Creek,dpz3n2zrc,1.0
88,The Village at Black Creek,dpz3n2zrd,1.0
88,The Village at Black Creek,dpz3n2zre,1.0
88,The Village at Black Creek,dpz3n2zrf,1.0
88,The Village at Black Creek,dpz3n2zrg,0.9999999999999998
88,The Village at Black Creek,dpz3n2zrh,1.0
88,The Village at Black Creek,dpz3n2zrj,0.9999999999999998
88,The Village at Black Creek,dpz3n2zrk,1.0
88,The Village at Black Creek,dpz3n2zrm,1.0
88,The Village at Black Creek,dpz3n2zrn,1.0
88,The Village at Black Creek,dpz3n2zrp,1.0
88,The Village at Black Creek,dpz3n2zrq,0.9999999999999998
88,The Village at Black Creek,dpz3n2zrr,1.0
88,The Village at Black Creek,dpz3n2zrs,0.9999999999999998
88,The Village at Black Creek,dpz3n2zrt,1.0
88,The Village at Black Creek,dpz3n2zru,1.0
88,The Village at Black Creek,dpz3n2zrv,1.0
88,The Village at Black Creek,dpz3n2zrw,0.9999999999999998
88,The Village at Black Creek,dpz3n2zrx,1.0
88,The Village at Black Creek,dpz3n2zry,1.0
88,The Village at Black Creek,dpz3n2zrz,1.0
88,The Village at Black Creek,dpz3n2zs0,1.0
88,The Village at Black Creek,dpz3n2zs1,1.0
88,The Village at Black Creek,dpz3n2zs2,1.0
88,The Village at Black Creek,dpz3n2zs3,1.0
88,The Village at Black Creek,dpz3n2zs4,1.0
88,The Village at Black Creek,dpz3n2zs5,1.0
88,The Village at Black Creek,dpz3n2zs6,1.0
88,The Village at Black Creek,dpz3n2zs7,1.0
88,The Village at Black Creek,dpz3n2zs8,1.0
88,The Village at Black Creek,dpz3n2zs9,1.0
88,The Village at Black Creek,dpz3n2zsb,1.0
88,The Village at Black Creek,dpz3n2zsc,1.0
88,The Village at Black Creek,dpz3n2zsd,1.0
88,The Village at Black Creek,dpz3n2zse,1.0
88,The Village at Black Creek,dpz3n2zsf,0.9999999999999998
88,The Village at Black Creek,dpz3n2zsg,1.0
88,The Village at Black Creek,dpz3n2zsh,1.0
88,The Village at Black Creek,dpz3n2zsj,1.0
88,The Village at Black Creek,dpz3n2zsk,1.0
88,The Village at Black Creek,dpz3n2zsm,1.0
88,The Village at Black Creek,dpz3n2zsn,1.0
88,The Village at Black Creek,dpz3n2zsp,1.0
88,The Village at Black Creek,dpz3n2zsq,1.0
88,The Village at Black Creek,dpz3n2zsr,1.0
88,The Village at Black Creek,dpz3n2zss,1.0
88,The Village at Black Creek,dpz3n2zst,1.0
88,The Village at Black Creek,dpz3n2zsu,1.0
88,The Village at Black Creek,dpz3n2zsv,1.0
88,The Village at Black Creek,dpz3n2zsw,1.0
88,The Village at Black Creek,dpz3n2zsx,0.9999999999999998
88,The Village at Black Creek,dpz3n2zsy,1.0
88,The Village at Black Creek,dpz3n2zsz,0.9999999999999998
88,The Village at Black Creek,dpz3n2zt0,1.0
88,The Village at Black Creek,dpz3n2zt1,0.9999999999999998
88,The Village at Black Creek,dpz3n2zt2,1.0
88,The Village at Black Creek,dpz3n2zt3,1.0
88,The Village at Black Creek,dpz3n2zt4,1.0
88,The Village at Black Creek,dpz3n2zt5,1.0
88,The Village at Black Creek,dpz3n2zt6,1.0
88,The Village at Black Creek,dpz3n2zt7,0.9999999999999998
88,The Village at Black Creek,dpz3n2zt8,1.0
88,The Village at Black Creek,dpz3n2zt9,0.9999999999999998
88,The Village at Black Creek,dpz3n2ztb,1.0
88,The Village at Black Creek,dpz3n2ztc,1.0
88,The Village at Black Creek,dpz3n2ztd,1.0
88,The Village at Black Creek,dpz3n2zte,1.0
88,The Village at Black Creek,dpz3n2ztf,1.0
88,The Village at Black Creek,dpz3n2ztg,1.0
88,The Village at Black Creek,dpz3n2zth,1.0
88,The Village at Black Creek,dpz3n2ztj,1.0
88,The Village at Black Creek,dpz3n2ztk,1.0
88,The Village at Black Creek,dpz3n2ztm,1.0
88,The Village at Black Creek,dpz3n2ztn,1.0
88,The Village at Black Creek,dpz3n2ztp,1.0
88,The Village at Black Creek,dpz3n2ztq,1.0
88,The Village at Black Creek,dpz3n2ztr,1.0
88,The Village at Black Creek,dpz3n2zts,1.0
88,The Village at Black Creek,dpz3n2ztt,1.0
88,The Village at Black Creek,dpz3n2ztu,1.0
88,The Village at Black Creek,dpz3n2ztv,1.0
88,The Village at Black Creek,dpz3n2ztw,1.0
88,The Village at Black Creek,dpz3n2ztx,1.0
88,The Village at Black Creek,dpz3n2zty,1.0
88,The Village at Black Creek,dpz3n2ztz,1.0
88,The Village at Black Creek,dpz3n2zu0,1.0
88,The Village at Black Creek,dpz3n2zu1,1.0
88,The Village at Black Creek,dpz3n2zu2,1.0
88,The Village at Black Creek,dpz3n2zu3,1.0
88,The Village at Black Creek,dpz3n2zu4,1.0
88,The Village at Black Creek,dpz3n2zu5,0.9999999999999998
88,The Village at Black Creek,dpz3n2zu6,1.0
88,The Village at Black Creek,dpz3n2zu7,1.0
88,The Village at Black Creek,dpz3n2zu8,1.0
88,The Village at Black Creek,dpz3n2zu9,1.0
88,The Village at Black Creek,dpz3n2zub,1.0
88,The Village at Black Creek,dpz3n2zuc,1.0
88,The Village at Black Creek,dpz3n2zud,1.0
88,The Village at Black Creek,dpz3n2zue,1.0
88,The Village at Black Creek,dpz3n2zuf,1.0
88,The Village at Black Creek,dpz3n2zug,1.0
88,The Village at Black Creek,dpz3n2zuh,0.9999999999999998
88,The Village at Black Creek,dpz3n2zuj,1.0
88,The Village at Black Creek,dpz3n2zuk,1.0
88,The Village at Black Creek,dpz3n2zum,0.9999999999999998
88,The Village at Black Creek,dpz3n2zun,1.0
88,The Village at Black Creek,dpz3n2zup,0.9999999999999998
88,The Village at Black Creek,dpz3n2zuq,1.0
88,The Village at Black Creek,dpz3n2zur,1.0
88,The Village at Black Creek,dpz3n2zus,1.0
88,The Village at Black Creek,dpz3n2zut,1.0
88,The Village at Black Creek,dpz3n2zuu,1.0
88,The Village at Black Creek,dpz3n2zuv,1.0
88,The Village at Black Creek,dpz3n2zuw,1.0
88,The Village at Black Creek,dpz3n2zux,1.0
88,The Village at Black Creek,dpz3n2zuy,0.9999999999999998
88,The Village at Black Creek,dpz3n2zuz,1.0
88,The Village at Black Creek,dpz3n2zv0,1.0
88,The Village at Black Creek,dpz3n2zv1,1.0
88,The Village at Black Creek,dpz3n2zv2,1.0
88,The Village at Black Creek,dpz3n2zv3,1.0
88,The Village at Black Creek,dpz3n2zv4,1.0
88,The Village at Black Creek,dpz3n2zv5,1.0
88,The Village at Black Creek,dpz3n2zv6,1.0
88,The Village at Black Creek,dpz3n2zv7,1.0
88,The Village at Black Creek,dpz3n2zv8,0.9999999999999998
88,The Village at Black Creek,dpz3n2zv9,1.0
88,The Village at Black Creek,dpz3n2zvb,1.0
88,The Village at Black Creek,dpz3n2zvc,1.0
88,The Village at Black Creek,dpz3n2zvd,1.0
88,The Village at Black Creek,dpz3n2zve,1.0
88,The Village at Black Creek,dpz3n2zvf,1.0
88,The Village at Black Creek,dpz3n2zvg,1.0
88,The Village at Black Creek,dpz3n2zvh,1.0
88,The Village at Black Creek,dpz3n2zvj,1.0
88,The Village at Black Creek,dpz3n2zvk,1.0
88,The Village at Black Creek,dpz3n2zvm,1.0
88,The Village at Black Creek,dpz3n2zvn,1.0
88,The Village at Black Creek,dpz3n2zvp,0.9999999999999998
88,The Village at Black Creek,dpz3n2zvq,1.0
88,The Village at Black Creek,dpz3n2zvr,1.0
88,The Village at Black Creek,dpz3n2zvs,1.0
88,The Village at Black Creek,dpz3n2zvt,1.0
88,The Village at Black Creek,dpz3n2zvu,1.0
88,The Village at Black Creek,dpz3n2zvv,1.0
88,The Village at Black Creek,dpz3n2zvw,1.0
88,The Village at Black Creek,dpz3n2zvx,1.0
88,The Village at Black Creek,dpz3n2zvy,1.0
88,The Village at Black Creek,dpz3n2zvz,0.9999999999999998
88,The Village at Black Creek,dpz3n2zw0,1.0
88,The Village at Black Creek,dpz3n2zw1,1.0
88,The Village at Black Creek,dpz3n2zw2,1.0
88,The Village at Black Creek,dpz3n2zw3,1.0
88,The Village at Black Creek,dpz3n2zw4,1.0
88,The Village at Black Creek,dpz3n2zw5,1.0
88,The Village at Black Creek,dpz3n2zw6,0.9999999999999998
88,The Village at Black Creek,dpz3n2zw7,1.0
88,The Village at Black Creek,dpz3n2zw8,1.0
88,The Village at Black Creek,dpz3n2zw9,1.0
88,The Village at Black Creek,dpz3n2zwb,1.0
88,The Village at Black Creek,dpz3n2zwc,1.0
88,The Village at Black Creek,dpz3n2zwd,0.9999999999999998
88,The Village at Black Creek,dpz3n2zwe,1.0
88,The Village at Black Creek,dpz3n2zwf,1.0
88,The Village at Black Creek,dpz3n2zwg,1.0
88,The Village at Black Creek,dpz3n2zwh,1.0
88,The Village at Black Creek,dpz3n2zwj,1.0
88,The Village at Black Creek,dpz3n2zwk,1.0
88,The Village at Black Creek,dpz3n2zwm,1.0
88,The Village at Black Creek,dpz3n2zwn,1.0
88,The Village at Black Creek,dpz3n2zwp,1.0
88,The Village at Black Creek,dpz3n2zwq,1.0
88,The Village at Black Creek,dpz3n2zwr,1.0
88,The Village at Black Creek,dpz3n2zws,1.0
88,The Village at Black Creek,dpz3n2zwt,1.0
88,The Village at Black Creek,dpz3n2zwu,1.0
88,The Village at Black Creek,dpz3n2zwv,1.0
88,The Village at Black Creek,dpz3n2zww,1.0
88,The Village at Black Creek,dpz3n2zwx,1.0
88,The Village at Black Creek,dpz3n2zwy,1.0
88,The Village at Black Creek,dpz3n2zwz,1.0
88,The Village at Black Creek,dpz3n2zx0,1.0
88,The Village at Black Creek,dpz3n2zx1,1.0
88,The Village at Black Creek,dpz3n2zx2,1.0
88,The Village at Black Creek,dpz3n2zx3,1.0
88,The Village at Black Creek,dpz3n2zx4,1.0
88,The Village at Black Creek,dpz3n2zx5,1.0
88,The Village at Black Creek,dpz3n2zx6,1.0
88,The Village at Black Creek,dpz3n2zx7,1.0
88,The Village at Black Creek,dpz3n2zx8,1.0
88,The Village at Black Creek,dpz3n2zx9,1.0
88,The Village at Black Creek,dpz3n2zxb,1.0
88,The Village at Black Creek,dpz3n2zxc,1.0
88,The Village at Black Creek,dpz3n2zxd,1.0
88,The Village at Black Creek,dpz3n2zxe,1.0
88,The Village at Black Creek,dpz3n2zxf,1.0
88,The Village at Black Creek,dpz3n2zxg,1.0
88,The Village at Black Creek,dpz3n2zxh,1.0
88,The Village at Black Creek,dpz3n2zxj,1.0
88,The Village at Black Creek,dpz3n2zxk,1.0
88,The Village at Black Creek,dpz3n2zxm,1.0
88,The Village at Black Creek,dpz3n2zxn,1.0
88,The Village at Black Creek,dpz3n2zxp,1.0
88,The Village at Black Creek,dpz3n2zxq,1.0
88,The Village at Black Creek,dpz3n2zxr,0.9999999999999996
88,The Village at Black Creek,dpz3n2zxs,1.0
88,The Village at Black Creek,dpz3n2zxt,1.0
88,The Village at Black Creek,dpz3n2zxu,1.0
88,The Village at Black Creek,dpz3n2zxv,1.0
88,The Village at Black Creek,dpz3n2zxw,1.0
88,The Village at Black Creek,dpz3n2zxx,1.0
88,The Village at Black Creek,dpz3n2zxy,1.0
88,The Village at Black Creek,dpz3n2zxz,1.0
88,The Village at Black Creek,dpz3n2zy0,1.0
88,The Village at Black Creek,dpz3n2zy1,1.0
88,The Village at Black Creek,dpz3n2zy2,0.9999999999999998
88,The Village at Black Creek,dpz3n2zy3,0.9999999999999998
88,The Village at Black Creek,dpz3n2zy4,1.0
88,The Village at Black Creek,dpz3n2zy5,1.0
88,The Village at Black Creek,dpz3n2zy6,1.0
88,The Village at Black Creek,dpz3n2zy7,1.0
88,The Village at Black Creek,dpz3n2zy8,1.0
88,The Village at Black Creek,dpz3n2zy9,1.0
88,The Village at Black Creek,dpz3n2zyb,1.0
88,The Village at Black Creek,dpz3n2zyc,1.0
88,The Village at Black Creek,dpz3n2zyd,1.0
88,The Village at Black Creek,dpz3n2zye,1.0
88,The Village at Black Creek,dpz3n2zyf,1.0
88,The Village at Black Creek,dpz3n2zyg,1.0
88,The Village at Black Creek,dpz3n2zyh,1.0
88,The Village at Black Creek,dpz3n2zyj,1.0
88,The Village at Black Creek,dpz3n2zyk,1.0
88,The Village at Black Creek,dpz3n2zym,1.0
88,The Village at Black Creek,dpz3n2zyn,1.0
88,The Village at Black Creek,dpz3n2zyp,1.0
88,The Village at Black Creek,dpz3n2zyq,1.0
88,The Village at Black Creek,dpz3n2zyr,1.0
88,The Village at Black Creek,dpz3n2zys,1.0
88,The Village at Black Creek,dpz3n2zyt,1.0
88,The Village at Black Creek,dpz3n2zyu,1.0
88,The Village at Black Creek,dpz3n2zyv,1.0
88,The Village at Black Creek,dpz3n2zyw,1.0
88,The Village at Black Creek,dpz3n2zyx,1.0
88,The Village at Black Creek,dpz3n2zyy,1.0
88,The Village at Black Creek,dpz3n2zyz,1.0
88,The Village at Black Creek,dpz3n2zz0,1.0
88,The Village at Black Creek,dpz3n2zz1,1.0
88,The Village at Black Creek,dpz3n2zz2,1.0
88,The Village at Black Creek,dpz3n2zz3,1.0
88,The Village at Black Creek,dpz3n2zz4,0.9999999999999998
88,The Village at Black Creek,dpz3n2zz5,1.0
88,The Village at Black Creek,dpz3n2zz6,1.0
88,The Village at Black Creek,dpz3n2zz7,1.0
88,The Village at Black Creek,dpz3n2zz8,1.0
88,The Village at Black Creek,dpz3n2zz9,1.0
88,The Village at Black Creek,dpz3n2zzb,1.0
88,The Village at Black Creek,dpz3n2zzc,1.0
88,The Village at Black Creek,dpz3n2zzd,1.0
88,The Village at Black Creek,dpz3n2zze,1.0
88,The Village at Black Creek,dpz3n2zzf,1.0
88,The Village at Black Creek,dpz3n2zzg,1.0
88,The Village at Black Creek,dpz3n2zzh,1.0
88,The Village at Black Creek,dpz3n2zzj,1.0
88,The Village at Black Creek,dpz3n2zzk,1.0
88,The Village at Black Creek,dpz3n2zzm,1.0
88,The Village at Black Creek,dpz3n2zzn,1.0
88,The Village at Black Creek,dpz3n2zzp,1.0
88,The Village at Black Creek,dpz3n2zzq,1.0
88,The Village at Black Creek,dpz3n2zzr,1.0
88,The Village at Black Creek,dpz3n2zzs,1.0
88,The Village at Black Creek,dpz3n2zzt,1.0
88,The Village at Black Creek,dpz3n2zzu,1.0
88,The Village at Black Creek,dpz3n2zzv,1.0
88,The Village at Black Creek,dpz3n2zzw,1.0
88,The Village at Black Creek,dpz3n2zzx,0.9999999999999998
88,The Village at Black Creek,dpz3n2zzy,1.0
88,The Village at Black Creek,dpz3n2zzz,0.9999999999999998
88,The Village at Black Creek,dpz3n3n2x,0.9947375681777214
88,The Village at Black Creek,dpz3n3n2z,0.8366649784299561
88,The Village at Black Creek,dpz3n3n83,1.0
88,The Village at Black Creek,dpz3n3n84,0.8608283930559653
88,The Village at Black Creek,dpz3n3n85,1.0
88,The Village at Black Creek,dpz3n3n86,1.0
88,The Village at Black Creek,dpz3n3n87,1.0
88,The Village at Black Creek,dpz3n3n88,1.0
88,The Village at Black Creek,dpz3n3n89,1.0
88,The Village at Black Creek,dpz3n3n8b,1.0
88,The Village at Black Creek,dpz3n3n8c,1.0
88,The Village at Black Creek,dpz3n3n8d,1.0
88,The Village at Black Creek,dpz3n3n8e,1.0
88,The Village at Black Creek,dpz3n3n8f,1.0
88,The Village at Black Creek,dpz3n3n8g,1.0
88,The Village at Black Creek,dpz3n3n8h,1.0
88,The Village at Black Creek,dpz3n3n8j,1.0
88,The Village at Black Creek,dpz3n3n8k,1.0
88,The Village at Black Creek,dpz3n3n8m,1.0
88,The Village at Black Creek,dpz3n3n8n,1.0
88,The Village at Black Creek,dpz3n3n8p,1.0
88,The Village at Black Creek,dpz3n3n8q,1.0
88,The Village at Black Creek,dpz3n3n8r,1.0
88,The Village at Black Creek,dpz3n3n8s,1.0
88,The Village at Black Creek,dpz3n3n8t,1.0
88,The Village at Black Creek,dpz3n3n8u,1.0
88,The Village at Black Creek,dpz3n3n8v,1.0
88,The Village at Black Creek,dpz3n3n8w,1.0
88,The Village at Black Creek,dpz3n3n8x,1.0
88,The Village at Black Creek,dpz3n3n8y,1.0
88,The Village at Black Creek,dpz3n3n8z,1.0
88,The Village at Black Creek,dpz3n3n94,0.9698936772466382
88,The Village at Black Creek,dpz3n3n95,1.0
88,The Village at Black Creek,dpz3n3n9h,1.0
88,The Village at Black Creek,dpz3n3n9j,1.0
88,The Village at Black Creek,dpz3n3n9k,0.8468269952195968
88,The Village at Black Creek,dpz3n3n9m,1.0
88,The Village at Black Creek,dpz3n3n9n,1.0
88,The Village at Black Creek,dpz3n3n9p,1.0
88,The Village at Black Creek,dpz3n3n9q,1.0
88,The Village at Black Creek,dpz3n3n9r,1.0
88,The Village at Black Creek,dpz3n3n9x,0.9741603876657589
88,The Village at Black Creek,dpz3n3nb0,1.0
88,The Village at Black Creek,dpz3n3nb1,1.0
88,The Village at Black Creek,dpz3n3nb2,1.0
88,The Village at Black Creek,dpz3n3nb3,1.0
88,The Village at Black Creek,dpz3n3nb4,1.0
88,The Village at Black Creek,dpz3n3nb5,1.0
88,The Village at Black Creek,dpz3n3nb6,1.0
88,The Village at Black Creek,dpz3n3nb7,1.0
88,The Village at Black Creek,dpz3n3nb8,1.0
88,The Village at Black Creek,dpz3n3nb9,1.0
88,The Village at Black Creek,dpz3n3nbb,0.9999999999999998
88,The Village at Black Creek,dpz3n3nbc,1.0
88,The Village at Black Creek,dpz3n3nbd,1.0
88,The Village at Black Creek,dpz3n3nbe,1.0
88,The Village at Black Creek,dpz3n3nbf,1.0
88,The Village at Black Creek,dpz3n3nbg,1.0
88,The Village at Black Creek,dpz3n3nbh,1.0
88,The Village at Black Creek,dpz3n3nbj,1.0
88,The Village at Black Creek,dpz3n3nbk,0.9999999999999998
88,The Village at Black Creek,dpz3n3nbm,1.0
88,The Village at Black Creek,dpz3n3nbn,0.9999999999999998
88,The Village at Black Creek,dpz3n3nbp,1.0
88,The Village at Black Creek,dpz3n3nbq,1.0
88,The Village at Black Creek,dpz3n3nbr,1.0
88,The Village at Black Creek,dpz3n3nbs,1.0
88,The Village at Black Creek,dpz3n3nbt,1.0
88,The Village at Black Creek,dpz3n3nbu,1.0
88,The Village at Black Creek,dpz3n3nbv,1.0
88,The Village at Black Creek,dpz3n3nbw,1.0
88,The Village at Black Creek,dpz3n3nbx,1.0
88,The Village at Black Creek,dpz3n3nby,0.9999999999999998
88,The Village at Black Creek,dpz3n3nbz,1.0
88,The Village at Black Creek,dpz3n3nc0,1.0
88,The Village at Black Creek,dpz3n3nc1,1.0
88,The Village at Black Creek,dpz3n3nc2,1.0
88,The Village at Black Creek,dpz3n3nc3,1.0
88,The Village at Black Creek,dpz3n3nc4,1.0
88,The Village at Black Creek,dpz3n3nc5,1.0
88,The Village at Black Creek,dpz3n3nc6,1.0
88,The Village at Black Creek,dpz3n3nc7,1.0
88,The Village at Black Creek,dpz3n3nc8,1.0
88,The Village at Black Creek,dpz3n3nc9,0.9999999999999998
88,The Village at Black Creek,dpz3n3ncc,0.8566497816453583
88,The Village at Black Creek,dpz3n3ncd,1.0
88,The Village at Black Creek,dpz3n3nce,1.0
88,The Village at Black Creek,dpz3n3ncf,0.9999999999999998
88,The Village at Black Creek,dpz3n3ncg,1.0
88,The Village at Black Creek,dpz3n3nch,1.0
88,The Village at Black Creek,dpz3n3ncj,1.0
88,The Village at Black Creek,dpz3n3nck,1.0
88,The Village at Black Creek,dpz3n3ncm,1.0
88,The Village at Black Creek,dpz3n3ncn,1.0
88,The Village at Black Creek,dpz3n3ncp,1.0
88,The Village at Black Creek,dpz3n3ncq,1.0
88,The Village at Black Creek,dpz3n3ncr,1.0
88,The Village at Black Creek,dpz3n3ncs,0.9999999999999998
88,The Village at Black Creek,dpz3n3nct,1.0
88,The Village at Black Creek,dpz3n3ncu,1.0
88,The Village at Black Creek,dpz3n3ncv,1.0
88,The Village at Black Creek,dpz3n3ncw,1.0
88,The Village at Black Creek,dpz3n3ncx,1.0
88,The Village at Black Creek,dpz3n3ncy,1.0
88,The Village at Black Creek,dpz3n3ncz,1.0
88,The Village at Black Creek,dpz3n3nfh,0.9725196018056804
88,The Village at Black Creek,dpz3n3nfj,1.0
88,The Village at Black Creek,dpz3n3nfn,1.0
88,The Village at Black Creek,dpz3n3nfp,1.0
88,The Village at Black Creek,dpz3n3p00,1.0
88,The Village at Black Creek,dpz3n3p01,1.0
88,The Village at Black Creek,dpz3n3p02,1.0
88,The Village at Black Creek,dpz3n3p03,1.0
88,The Village at Black Creek,dpz3n3p04,1.0
88,The Village at Black Creek,dpz3n3p05,1.0
88,The Village at Black Creek,dpz3n3p06,1.0
88,The Village at Black Creek,dpz3n3p07,1.0
88,The Village at Black Creek,dpz3n3p08,1.0
88,The Village at Black Creek,dpz3n3p09,1.0
88,The Village at Black Creek,dpz3n3p0b,1.0
88,The Village at Black Creek,dpz3n3p0c,1.0
88,The Village at Black Creek,dpz3n3p0d,1.0
88,The Village at Black Creek,dpz3n3p0e,1.0
88,The Village at Black Creek,dpz3n3p0f,1.0
88,The Village at Black Creek,dpz3n3p0g,1.0
88,The Village at Black Creek,dpz3n3p0h,1.0
88,The Village at Black Creek,dpz3n3p0j,1.0
88,The Village at Black Creek,dpz3n3p0k,0.9999999999999998
88,The Village at Black Creek,dpz3n3p0m,1.0
88,The Village at Black Creek,dpz3n3p0n,1.0
88,The Village at Black Creek,dpz3n3p0p,1.0
88,The Village at Black Creek,dpz3n3p0q,1.0
88,The Village at Black Creek,dpz3n3p0r,1.0
88,The Village at Black Creek,dpz3n3p0s,1.0
88,The Village at Black Creek,dpz3n3p0t,1.0
88,The Village at Black Creek,dpz3n3p0u,1.0
88,The Village at Black Creek,dpz3n3p0v,1.0
88,The Village at Black Creek,dpz3n3p0w,1.0
88,The Village at Black Creek,dpz3n3p0x,0.9999999999999998
88,The Village at Black Creek,dpz3n3p0y,1.0
88,The Village at Black Creek,dpz3n3p0z,0.9999999999999998
88,The Village at Black Creek,dpz3n3p10,1.0
88,The Village at Black Creek,dpz3n3p11,1.0
88,The Village at Black Creek,dpz3n3p12,1.0
88,The Village at Black Creek,dpz3n3p13,1.0
88,The Village at Black Creek,dpz3n3p14,1.0
88,The Village at Black Creek,dpz3n3p15,1.0
88,The Village at Black Creek,dpz3n3p16,1.0
88,The Village at Black Creek,dpz3n3p17,0.9999999999999998
88,The Village at Black Creek,dpz3n3p18,1.0
88,The Village at Black Creek,dpz3n3p19,1.0
88,The Village at Black Creek,dpz3n3p1b,1.0
88,The Village at Black Creek,dpz3n3p1c,1.0
88,The Village at Black Creek,dpz3n3p1d,1.0
88,The Village at Black Creek,dpz3n3p1e,1.0
88,The Village at Black Creek,dpz3n3p1f,1.0
88,The Village at Black Creek,dpz3n3p1g,1.0
88,The Village at Black Creek,dpz3n3p1h,1.0
88,The Village at Black Creek,dpz3n3p1j,1.0
88,The Village at Black Creek,dpz3n3p1k,1.0
88,The Village at Black Creek,dpz3n3p1m,0.9999999999999998
88,The Village at Black Creek,dpz3n3p1n,1.0
88,The Village at Black Creek,dpz3n3p1p,1.0
88,The Village at Black Creek,dpz3n3p1q,1.0
88,The Village at Black Creek,dpz3n3p1r,1.0
88,The Village at Black Creek,dpz3n3p1s,1.0
88,The Village at Black Creek,dpz3n3p1t,1.0
88,The Village at Black Creek,dpz3n3p1u,1.0
88,The Village at Black Creek,dpz3n3p1v,1.0
88,The Village at Black Creek,dpz3n3p1w,0.9999999999999998
88,The Village at Black Creek,dpz3n3p1x,1.0
88,The Village at Black Creek,dpz3n3p1y,1.0
88,The Village at Black Creek,dpz3n3p1z,1.0
88,The Village at Black Creek,dpz3n3p20,1.0
88,The Village at Black Creek,dpz3n3p21,1.0
88,The Village at Black Creek,dpz3n3p22,1.0
88,The Village at Black Creek,dpz3n3p23,1.0
88,The Village at Black Creek,dpz3n3p24,1.0
88,The Village at Black Creek,dpz3n3p25,1.0
88,The Village at Black Creek,dpz3n3p26,1.0
88,The Village at Black Creek,dpz3n3p27,1.0
88,The Village at Black Creek,dpz3n3p28,1.0
88,The Village at Black Creek,dpz3n3p29,1.0
88,The Village at Black Creek,dpz3n3p2b,0.9999999999999996
88,The Village at Black Creek,dpz3n3p2c,1.0
88,The Village at Black Creek,dpz3n3p2d,1.0
88,The Village at Black Creek,dpz3n3p2e,1.0
88,The Village at Black Creek,dpz3n3p2f,1.0
88,The Village at Black Creek,dpz3n3p2g,1.0
88,The Village at Black Creek,dpz3n3p2h,1.0
88,The Village at Black Creek,dpz3n3p2j,1.0
88,The Village at Black Creek,dpz3n3p2k,1.0
88,The Village at Black Creek,dpz3n3p2m,1.0
88,The Village at Black Creek,dpz3n3p2n,1.0
88,The Village at Black Creek,dpz3n3p2p,1.0
88,The Village at Black Creek,dpz3n3p2q,1.0
88,The Village at Black Creek,dpz3n3p2r,1.0
88,The Village at Black Creek,dpz3n3p2s,1.0
88,The Village at Black Creek,dpz3n3p2t,1.0
88,The Village at Black Creek,dpz3n3p2u,1.0
88,The Village at Black Creek,dpz3n3p2v,1.0
88,The Village at Black Creek,dpz3n3p2w,1.0
88,The Village at Black Creek,dpz3n3p2x,1.0
88,The Village at Black Creek,dpz3n3p2y,1.0
88,The Village at Black Creek,dpz3n3p2z,1.0
88,The Village at Black Creek,dpz3n3p30,1.0
88,The Village at Black Creek,dpz3n3p31,1.0
88,The Village at Black Creek,dpz3n3p32,1.0
88,The Village at Black Creek,dpz3n3p33,1.0
88,The Village at Black Creek,dpz3n3p34,1.0
88,The Village at Black Creek,dpz3n3p35,1.0
88,The Village at Black Creek,dpz3n3p36,1.0
88,The Village at Black Creek,dpz3n3p37,1.0
88,The Village at Black Creek,dpz3n3p38,1.0
88,The Village at Black Creek,dpz3n3p39,0.9999999999999998
88,The Village at Black Creek,dpz3n3p3b,1.0
88,The Village at Black Creek,dpz3n3p3c,0.9999999999999998
88,The Village at Black Creek,dpz3n3p3d,1.0
88,The Village at Black Creek,dpz3n3p3e,1.0
88,The Village at Black Creek,dpz3n3p3f,1.0
88,The Village at Black Creek,dpz3n3p3g,0.9999999999999998
88,The Village at Black Creek,dpz3n3p3h,1.0
88,The Village at Black Creek,dpz3n3p3j,1.0
88,The Village at Black Creek,dpz3n3p3k,1.0
88,The Village at Black Creek,dpz3n3p3m,1.0
88,The Village at Black Creek,dpz3n3p3n,1.0
88,The Village at Black Creek,dpz3n3p3p,1.0
88,The Village at Black Creek,dpz3n3p3q,1.0
88,The Village at Black Creek,dpz3n3p3r,1.0
88,The Village at Black Creek,dpz3n3p3s,0.9999999999999998
88,The Village at Black Creek,dpz3n3p3t,1.0
88,The Village at Black Creek,dpz3n3p3u,1.0
88,The Village at Black Creek,dpz3n3p3v,1.0
88,The Village at Black Creek,dpz3n3p3w,1.0
88,The Village at Black Creek,dpz3n3p3x,1.0
88,The Village at Black Creek,dpz3n3p3y,1.0
88,The Village at Black Creek,dpz3n3p3z,1.0
88,The Village at Black Creek,dpz3n3p40,1.0
88,The Village at Black Creek,dpz3n3p41,0.9999999999999998
88,The Village at Black Creek,dpz3n3p42,0.8087629741352366
88,The Village at Black Creek,dpz3n3p43,0.9798376792894976
88,The Village at Black Creek,dpz3n3p44,0.9999999999999998
88,The Village at Black Creek,dpz3n3p45,1.0
88,The Village at Black Creek,dpz3n3p46,1.0
88,The Village at Black Creek,dpz3n3p47,1.0
88,The Village at Black Creek,dpz3n3p4h,1.0
88,The Village at Black Creek,dpz3n3p4j,1.0
88,The Village at Black Creek,dpz3n3p4k,1.0
88,The Village at Black Creek,dpz3n3p4m,1.0
88,The Village at Black Creek,dpz3n3p4n,1.0
88,The Village at Black Creek,dpz3n3p4p,1.0
88,The Village at Black Creek,dpz3n3p4q,1.0
88,The Village at Black Creek,dpz3n3p4r,1.0
88,The Village at Black Creek,dpz3n3p4t,0.8186490610970889
88,The Village at Black Creek,dpz3n3p4w,0.9840124374679692
88,The Village at Black Creek,dpz3n3p4x,1.0
88,The Village at Black Creek,dpz3n3p60,1.0
88,The Village at Black Creek,dpz3n3p61,1.0
88,The Village at Black Creek,dpz3n3p62,1.0
88,The Village at Black Creek,dpz3n3p63,0.9999999999999998
88,The Village at Black Creek,dpz3n3p64,1.0
88,The Village at Black Creek,dpz3n3p65,1.0
88,The Village at Black Creek,dpz3n3p66,1.0
88,The Village at Black Creek,dpz3n3p67,1.0
88,The Village at Black Creek,dpz3n3p68,1.0
88,The Village at Black Creek,dpz3n3p69,1.0
88,The Village at Black Creek,dpz3n3p6d,1.0
88,The Village at Black Creek,dpz3n3p6e,1.0
88,The Village at Black Creek,dpz3n3p6f,0.8285242358689533
88,The Village at Black Creek,dpz3n3p6g,0.9876996858914132
88,The Village at Black Creek,dpz3n3p6h,1.0
88,The Village at Black Creek,dpz3n3p6j,1.0
88,The Village at Black Creek,dpz3n3p6k,1.0
88,The Village at Black Creek,dpz3n3p6m,1.0
88,The Village at Black Creek,dpz3n3p6n,1.0
88,The Village at Black Creek,dpz3n3p6p,1.0
88,The Village at Black Creek,dpz3n3p6q,1.0
88,The Village at Black Creek,dpz3n3p6r,1.0
88,The Village at Black Creek,dpz3n3p6s,1.0
88,The Village at Black Creek,dpz3n3p6t,1.0
88,The Village at Black Creek,dpz3n3p6u,1.0
88,The Village at Black Creek,dpz3n3p6v,1.0
88,The Village at Black Creek,dpz3n3p6w,1.0
88,The Village at Black Creek,dpz3n3p6x,1.0
88,The Village at Black Creek,dpz3n3p6y,1.0
88,The Village at Black Creek,dpz3n3p6z,1.0
88,The Village at Black Creek,dpz3n3p7p,0.8383884988745415
88,The Village at Black Creek,dpz3n3p80,1.0
88,The Village at Black Creek,dpz3n3p81,1.0
88,The Village at Black Creek,dpz3n3p82,1.0
88,The Village at Black Creek,dpz3n3p83,1.0
88,The Village at Black Creek,dpz3n3p84,1.0
88,The Village at Black Creek,dpz3n3p85,1.0
88,The Village at Black Creek,dpz3n3p86,0.9999999999999998
88,The Village at Black Creek,dpz3n3p87,1.0
88,The Village at Black Creek,dpz3n3p88,1.0
88,The Village at Black Creek,dpz3n3p89,0.9999999999999998
88,The Village at Black Creek,dpz3n3p8b,1.0
88,The Village at Black Creek,dpz3n3p8c,1.0
88,The Village at Black Creek,dpz3n3p8d,0.9999999999999998
88,The Village at Black Creek,dpz3n3p8e,1.0
88,The Village at Black Creek,dpz3n3p8f,1.0
88,The Village at Black Creek,dpz3n3p8g,1.0
88,The Village at Black Creek,dpz3n3p8h,0.9999999999999998
88,The Village at Black Creek,dpz3n3p8j,1.0
88,The Village at Black Creek,dpz3n3p8k,1.0
88,The Village at Black Creek,dpz3n3p8m,1.0
88,The Village at Black Creek,dpz3n3p8n,1.0
88,The Village at Black Creek,dpz3n3p8p,1.0
88,The Village at Black Creek,dpz3n3p8q,1.0
88,The Village at Black Creek,dpz3n3p8r,1.0
88,The Village at Black Creek,dpz3n3p8s,1.0
88,The Village at Black Creek,dpz3n3p8t,1.0
88,The Village at Black Creek,dpz3n3p8u,1.0
88,The Village at Black Creek,dpz3n3p8v,1.0
88,The Village at Black Creek,dpz3n3p8w,1.0
88,The Village at Black Creek,dpz3n3p8x,1.0
88,The Village at Black Creek,dpz3n3p8y,1.0
88,The Village at Black Creek,dpz3n3p8z,1.0
88,The Village at Black Creek,dpz3n3p90,1.0
88,The Village at Black Creek,dpz3n3p91,1.0
88,The Village at Black Creek,dpz3n3p92,1.0
88,The Village at Black Creek,dpz3n3p93,1.0
88,The Village at Black Creek,dpz3n3p94,1.0
88,The Village at Black Creek,dpz3n3p95,0.9999999999999998
88,The Village at Black Creek,dpz3n3p96,1.0
88,The Village at Black Creek,dpz3n3p97,1.0
88,The Village at Black Creek,dpz3n3p98,1.0
88,The Village at Black Creek,dpz3n3p99,1.0
88,The Village at Black Creek,dpz3n3p9b,1.0
88,The Village at Black Creek,dpz3n3p9c,1.0
88,The Village at Black Creek,dpz3n3p9d,1.0
88,The Village at Black Creek,dpz3n3p9e,1.0
88,The Village at Black Creek,dpz3n3p9f,1.0
88,The Village at Black Creek,dpz3n3p9g,1.0
88,The Village at Black Creek,dpz3n3p9h,1.0
88,The Village at Black Creek,dpz3n3p9j,1.0
88,The Village at Black Creek,dpz3n3p9k,1.0
88,The Village at Black Creek,dpz3n3p9m,1.0
88,The Village at Black Creek,dpz3n3p9n,1.0
88,The Village at Black Creek,dpz3n3p9p,0.9999999999999998
88,The Village at Black Creek,dpz3n3p9q,1.0
88,The Village at Black Creek,dpz3n3p9r,1.0
88,The Village at Black Creek,dpz3n3p9s,1.0
88,The Village at Black Creek,dpz3n3p9t,1.0
88,The Village at Black Creek,dpz3n3p9u,1.0
88,The Village at Black Creek,dpz3n3p9v,1.0
88,The Village at Black Creek,dpz3n3p9w,1.0
88,The Village at Black Creek,dpz3n3p9x,1.0
88,The Village at Black Creek,dpz3n3p9y,1.0
88,The Village at Black Creek,dpz3n3p9z,1.0
88,The Village at Black Creek,dpz3n3pb0,1.0
88,The Village at Black Creek,dpz3n3pb1,1.0
88,The Village at Black Creek,dpz3n3pb2,1.0
88,The Village at Black Creek,dpz3n3pb3,0.9999999999999998
88,The Village at Black Creek,dpz3n3pb4,1.0
88,The Village at Black Creek,dpz3n3pb5,1.0
88,The Village at Black Creek,dpz3n3pb6,1.0
88,The Village at Black Creek,dpz3n3pb7,1.0
88,The Village at Black Creek,dpz3n3pb8,1.0
88,The Village at Black Creek,dpz3n3pb9,1.0
88,The Village at Black Creek,dpz3n3pbb,1.0
88,The Village at Black Creek,dpz3n3pbc,1.0
88,The Village at Black Creek,dpz3n3pbd,1.0
88,The Village at Black Creek,dpz3n3pbe,1.0
88,The Village at Black Creek,dpz3n3pbf,1.0
88,The Village at Black Creek,dpz3n3pbg,1.0
88,The Village at Black Creek,dpz3n3pbh,1.0
88,The Village at Black Creek,dpz3n3pbj,1.0
88,The Village at Black Creek,dpz3n3pbk,1.0
88,The Village at Black Creek,dpz3n3pbm,1.0
88,The Village at Black Creek,dpz3n3pbn,0.9999999999999998
88,The Village at Black Creek,dpz3n3pbp,1.0
88,The Village at Black Creek,dpz3n3pbq,1.0
88,The Village at Black Creek,dpz3n3pbr,0.9999999999999998
88,The Village at Black Creek,dpz3n3pbs,1.0
88,The Village at Black Creek,dpz3n3pbt,1.0
88,The Village at Black Creek,dpz3n3pbu,1.0
88,The Village at Black Creek,dpz3n3pbv,1.0
88,The Village at Black Creek,dpz3n3pbw,1.0
88,The Village at Black Creek,dpz3n3pbx,1.0
88,The Village at Black Creek,dpz3n3pby,0.9999999999999998
88,The Village at Black Creek,dpz3n3pbz,1.0
88,The Village at Black Creek,dpz3n3pc0,1.0
88,The Village at Black Creek,dpz3n3pc1,1.0
88,The Village at Black Creek,dpz3n3pc2,1.0
88,The Village at Black Creek,dpz3n3pc3,1.0
88,The Village at Black Creek,dpz3n3pc4,0.9999999999999998
88,The Village at Black Creek,dpz3n3pc5,1.0
88,The Village at Black Creek,dpz3n3pc6,0.9999999999999998
88,The Village at Black Creek,dpz3n3pc7,1.0
88,The Village at Black Creek,dpz3n3pc8,1.0
88,The Village at Black Creek,dpz3n3pc9,1.0
88,The Village at Black Creek,dpz3n3pcb,1.0
88,The Village at Black Creek,dpz3n3pcc,1.0
88,The Village at Black Creek,dpz3n3pcd,1.0
88,The Village at Black Creek,dpz3n3pce,1.0
88,The Village at Black Creek,dpz3n3pcf,1.0
88,The Village at Black Creek,dpz3n3pcg,0.9999999999999998
88,The Village at Black Creek,dpz3n3pch,1.0
88,The Village at Black Creek,dpz3n3pcj,1.0
88,The Village at Black Creek,dpz3n3pck,1.0
88,The Village at Black Creek,dpz3n3pcm,1.0
88,The Village at Black Creek,dpz3n3pcn,1.0
88,The Village at Black Creek,dpz3n3pcp,1.0
88,The Village at Black Creek,dpz3n3pcq,1.0
88,The Village at Black Creek,dpz3n3pcr,1.0
88,The Village at Black Creek,dpz3n3pcs,1.0
88,The Village at Black Creek,dpz3n3pct,1.0
88,The Village at Black Creek,dpz3n3pcu,1.0
88,The Village at Black Creek,dpz3n3pcv,1.0
88,The Village at Black Creek,dpz3n3pcw,1.0
88,The Village at Black Creek,dpz3n3pcx,1.0
88,The Village at Black Creek,dpz3n3pcy,1.0
88,The Village at Black Creek,dpz3n3pcz,0.9999999999999998
88,The Village at Black Creek,dpz3n3pd0,1.0
88,The Village at Black Creek,dpz3n3pd1,1.0
88,The Village at Black Creek,dpz3n3pd2,1.0
88,The Village at Black Creek,dpz3n3pd3,0.9999999999999998
88,The Village at Black Creek,dpz3n3pd4,1.0
88,The Village at Black Creek,dpz3n3pd5,1.0
88,The Village at Black Creek,dpz3n3pd6,1.0
88,The Village at Black Creek,dpz3n3pd7,1.0
88,The Village at Black Creek,dpz3n3pd8,1.0
88,The Village at Black Creek,dpz3n3pd9,1.0
88,The Village at Black Creek,dpz3n3pdb,1.0
88,The Village at Black Creek,dpz3n3pdc,1.0
88,The Village at Black Creek,dpz3n3pdd,1.0
88,The Village at Black Creek,dpz3n3pde,1.0
88,The Village at Black Creek,dpz3n3pdf,1.0
88,The Village at Black Creek,dpz3n3pdg,1.0
88,The Village at Black Creek,dpz3n3pdh,1.0
88,The Village at Black Creek,dpz3n3pdj,1.0
88,The Village at Black Creek,dpz3n3pdk,1.0
88,The Village at Black Creek,dpz3n3pdm,1.0
88,The Village at Black Creek,dpz3n3pdn,1.0
88,The Village at Black Creek,dpz3n3pdp,1.0
88,The Village at Black Creek,dpz3n3pdq,1.0
88,The Village at Black Creek,dpz3n3pdr,1.0
88,The Village at Black Creek,dpz3n3pds,1.0
88,The Village at Black Creek,dpz3n3pdt,1.0
88,The Village at Black Creek,dpz3n3pdu,1.0
88,The Village at Black Creek,dpz3n3pdv,1.0
88,The Village at Black Creek,dpz3n3pdw,1.0
88,The Village at Black Creek,dpz3n3pdx,1.0
88,The Village at Black Creek,dpz3n3pdy,1.0
88,The Village at Black Creek,dpz3n3pdz,1.0
88,The Village at Black Creek,dpz3n3pe0,0.9909010093494156
88,The Village at Black Creek,dpz3n3pe1,1.0
88,The Village at Black Creek,dpz3n3pe4,1.0
88,The Village at Black Creek,dpz3n3pe5,1.0
88,The Village at Black Creek,dpz3n3peh,1.0
88,The Village at Black Creek,dpz3n3pej,1.0
88,The Village at Black Creek,dpz3n3pek,0.8482418497564993
88,The Village at Black Creek,dpz3n3pem,0.9936179905307446
88,The Village at Black Creek,dpz3n3pen,1.0
88,The Village at Black Creek,dpz3n3pep,1.0
88,The Village at Black Creek,dpz3n3peq,1.0
88,The Village at Black Creek,dpz3n3per,1.0
88,The Village at Black Creek,dpz3n3pf0,1.0
88,The Village at Black Creek,dpz3n3pf1,1.0
88,The Village at Black Creek,dpz3n3pf2,1.0
88,The Village at Black Creek,dpz3n3pf3,1.0
88,The Village at Black Creek,dpz3n3pf4,1.0
88,The Village at Black Creek,dpz3n3pf5,1.0
88,The Village at Black Creek,dpz3n3pf6,1.0
88,The Village at Black Creek,dpz3n3pf7,1.0
88,The Village at Black Creek,dpz3n3pf8,1.0
88,The Village at Black Creek,dpz3n3pf9,1.0
88,The Village at Black Creek,dpz3n3pfb,1.0
88,The Village at Black Creek,dpz3n3pfc,1.0
88,The Village at Black Creek,dpz3n3pfd,1.0
88,The Village at Black Creek,dpz3n3pfe,1.0
88,The Village at Black Creek,dpz3n3pff,1.0
88,The Village at Black Creek,dpz3n3pfg,1.0
88,The Village at Black Creek,dpz3n3pfh,1.0
88,The Village at Black Creek,dpz3n3pfj,1.0
88,The Village at Black Creek,dpz3n3pfk,1.0
88,The Village at Black Creek,dpz3n3pfm,1.0
88,The Village at Black Creek,dpz3n3pfn,0.9999999999999998
88,The Village at Black Creek,dpz3n3pfp,1.0
88,The Village at Black Creek,dpz3n3pfq,1.0
88,The Village at Black Creek,dpz3n3pfr,1.0
88,The Village at Black Creek,dpz3n3pfs,1.0
88,The Village at Black Creek,dpz3n3pft,1.0
88,The Village at Black Creek,dpz3n3pfu,1.0
88,The Village at Black Creek,dpz3n3pfv,1.0
88,The Village at Black Creek,dpz3n3pfw,1.0
88,The Village at Black Creek,dpz3n3pfx,1.0
88,The Village at Black Creek,dpz3n3pfy,0.9999999999999998
88,The Village at Black Creek,dpz3n3pfz,1.0
88,The Village at Black Creek,dpz3n3pg0,1.0
88,The Village at Black Creek,dpz3n3pg1,1.0
88,The Village at Black Creek,dpz3n3pg2,1.0
88,The Village at Black Creek,dpz3n3pg3,1.0
88,The Village at Black Creek,dpz3n3pg4,1.0
88,The Village at Black Creek,dpz3n3pg5,1.0
88,The Village at Black Creek,dpz3n3pg6,1.0
88,The Village at Black Creek,dpz3n3pg7,1.0
88,The Village at Black Creek,dpz3n3pg9,0.8580842884813118
88,The Village at Black Creek,dpz3n3pgd,0.9958522108596776
88,The Village at Black Creek,dpz3n3pge,1.0
88,The Village at Black Creek,dpz3n3pgh,1.0
88,The Village at Black Creek,dpz3n3pgj,1.0
88,The Village at Black Creek,dpz3n3pgk,1.0
88,The Village at Black Creek,dpz3n3pgm,1.0
88,The Village at Black Creek,dpz3n3pgn,1.0
88,The Village at Black Creek,dpz3n3pgp,1.0
88,The Village at Black Creek,dpz3n3pgq,0.9999999999999998
88,The Village at Black Creek,dpz3n3pgr,1.0
88,The Village at Black Creek,dpz3n3pgs,1.0
88,The Village at Black Creek,dpz3n3pgt,1.0
88,The Village at Black Creek,dpz3n3pgw,1.0
88,The Village at Black Creek,dpz3n3pgx,1.0
88,The Village at Black Creek,dpz3n3pgz,0.9499151555767226
88,The Village at Black Creek,dpz3n88qz,0.992600311590482
88,The Village at Black Creek,dpz3n88rc,0.9980605673990988
88,The Village at Black Creek,dpz3n88rd,0.8833993617053891
88,The Village at Black Creek,dpz3n88re,0.9999999999999998
88,The Village at Black Creek,dpz3n88rf,1.0
88,The Village at Black Creek,dpz3n88rg,0.9999999999999998
88,The Village at Black Creek,dpz3n88rj,0.8686225813693271
88,The Village at Black Creek,dpz3n88rk,0.995770561453024
88,The Village at Black Creek,dpz3n88rm,1.0
88,The Village at Black Creek,dpz3n88rn,1.0
88,The Village at Black Creek,dpz3n88rp,1.0
88,The Village at Black Creek,dpz3n88rq,1.0
88,The Village at Black Creek,dpz3n88rr,1.0
88,The Village at Black Creek,dpz3n88rs,1.0
88,The Village at Black Creek,dpz3n88rt,0.9999999999999998
88,The Village at Black Creek,dpz3n88ru,1.0
88,The Village at Black Creek,dpz3n88rv,0.9999999999999998
88,The Village at Black Creek,dpz3n88rw,1.0
88,The Village at Black Creek,dpz3n88rx,1.0
88,The Village at Black Creek,dpz3n88ry,0.9999999999999998
88,The Village at Black Creek,dpz3n88rz,0.9999999999999998
88,The Village at Black Creek,dpz3n88tv,0.983623026647276
88,The Village at Black Creek,dpz3n88tw,0.8190443380859879
88,The Village at Black Creek,dpz3n88tx,0.9999999999999998
88,The Village at Black Creek,dpz3n88ty,1.0
88,The Village at Black Creek,dpz3n88tz,1.0
88,The Village at Black Creek,dpz3n88ug,0.9711366022658904
88,The Village at Black Creek,dpz3n88uq,0.9635799265834046
88,The Village at Black Creek,dpz3n88ur,1.0
88,The Village at Black Creek,dpz3n88ut,0.9999999999999998
88,The Village at Black Creek,dpz3n88uu,0.9999999999999998
88,The Village at Black Creek,dpz3n88uv,1.0
88,The Village at Black Creek,dpz3n88uw,1.0
88,The Village at Black Creek,dpz3n88ux,1.0
88,The Village at Black Creek,dpz3n88uy,1.0
88,The Village at Black Creek,dpz3n88uz,0.9999999999999998
88,The Village at Black Creek,dpz3n88v1,0.8007722434987719
88,The Village at Black Creek,dpz3n88v2,0.9778179640208042
88,The Village at Black Creek,dpz3n88v3,0.9999999999999998
88,The Village at Black Creek,dpz3n88v4,1.0
88,The Village at Black Creek,dpz3n88v5,1.0
88,The Village at Black Creek,dpz3n88v6,1.0
88,The Village at Black Creek,dpz3n88v7,1.0
88,The Village at Black Creek,dpz3n88v8,1.0
88,The Village at Black Creek,dpz3n88v9,1.0
88,The Village at Black Creek,dpz3n88vb,1.0
88,The Village at Black Creek,dpz3n88vc,1.0
88,The Village at Black Creek,dpz3n88vd,1.0
88,The Village at Black Creek,dpz3n88ve,1.0
88,The Village at Black Creek,dpz3n88vf,1.0
88,The Village at Black Creek,dpz3n88vg,0.9999999999999998
88,The Village at Black Creek,dpz3n88vh,0.9999999999999998
88,The Village at Black Creek,dpz3n88vj,1.0
88,The Village at Black Creek,dpz3n88vk,1.0
88,The Village at Black Creek,dpz3n88vm,1.0
88,The Village at Black Creek,dpz3n88vn,1.0
88,The Village at Black Creek,dpz3n88vp,1.0
88,The Village at Black Creek,dpz3n88vq,1.0
88,The Village at Black Creek,dpz3n88vr,1.0
88,The Village at Black Creek,dpz3n88vs,1.0
88,The Village at Black Creek,dpz3n88vt,0.9999999999999998
88,The Village at Black Creek,dpz3n88vu,1.0
88,The Village at Black Creek,dpz3n88vv,1.0
88,The Village at Black Creek,dpz3n88vw,1.0
88,The Village at Black Creek,dpz3n88vx,1.0
88,The Village at Black Creek,dpz3n88vy,1.0
88,The Village at Black Creek,dpz3n88vz,0.9999999999999998
88,The Village at Black Creek,dpz3n88w5,0.8364440831531094
88,The Village at Black Creek,dpz3n88w6,0.9885508045731
88,The Village at Black Creek,dpz3n88w7,1.0
88,The Village at Black Creek,dpz3n88w8,0.8529704929508354
88,The Village at Black Creek,dpz3n88w9,1.0
88,The Village at Black Creek,dpz3n88wb,0.9999999999999998
88,The Village at Black Creek,dpz3n88wc,1.0
88,The Village at Black Creek,dpz3n88wd,1.0
88,The Village at Black Creek,dpz3n88we,1.0
88,The Village at Black Creek,dpz3n88wf,1.0
88,The Village at Black Creek,dpz3n88wg,1.0
88,The Village at Black Creek,dpz3n88wh,1.0
88,The Village at Black Creek,dpz3n88wj,1.0
88,The Village at Black Creek,dpz3n88wk,0.9999999999999998
88,The Village at Black Creek,dpz3n88wm,1.0
88,The Village at Black Creek,dpz3n88wn,1.0
88,The Village at Black Creek,dpz3n88wp,1.0
88,The Village at Black Creek,dpz3n88wq,1.0
88,The Village at Black Creek,dpz3n88wr,1.0
88,The Village at Black Creek,dpz3n88ws,1.0
88,The Village at Black Creek,dpz3n88wt,0.9999999999999998
88,The Village at Black Creek,dpz3n88wu,1.0
88,The Village at Black Creek,dpz3n88wv,0.9999999999999998
88,The Village at Black Creek,dpz3n88ww,1.0
88,The Village at Black Creek,dpz3n88wx,1.0
88,The Village at Black Creek,dpz3n88wy,1.0
88,The Village at Black Creek,dpz3n88wz,1.0
88,The Village at Black Creek,dpz3n88x0,1.0
88,The Village at Black Creek,dpz3n88x1,0.9999999999999998
88,The Village at Black Creek,dpz3n88x2,0.9999999999999998
88,The Village at Black Creek,dpz3n88x3,1.0
88,The Village at Black Creek,dpz3n88x4,1.0
88,The Village at Black Creek,dpz3n88x5,1.0
88,The Village at Black Creek,dpz3n88x6,1.0
88,The Village at Black Creek,dpz3n88x7,1.0
88,The Village at Black Creek,dpz3n88x8,1.0
88,The Village at Black Creek,dpz3n88x9,1.0
88,The Village at Black Creek,dpz3n88xb,1.0
88,The Village at Black Creek,dpz3n88xc,1.0
88,The Village at Black Creek,dpz3n88xd,1.0
88,The Village at Black Creek,dpz3n88xe,1.0
88,The Village at Black Creek,dpz3n88xf,1.0
88,The Village at Black Creek,dpz3n88xg,0.9999999999999998
88,The Village at Black Creek,dpz3n88xh,1.0
88,The Village at Black Creek,dpz3n88xj,1.0
88,The Village at Black Creek,dpz3n88xk,1.0
88,The Village at Black Creek,dpz3n88xm,1.0
88,The Village at Black Creek,dpz3n88xn,0.9999999999999998
88,The Village at Black Creek,dpz3n88xp,1.0
88,The Village at Black Creek,dpz3n88xq,1.0
88,The Village at Black Creek,dpz3n88xr,1.0
88,The Village at Black Creek,dpz3n88xs,1.0
88,The Village at Black Creek,dpz3n88xt,1.0
88,The Village at Black Creek,dpz3n88xu,1.0
88,The Village at Black Creek,dpz3n88xv,1.0
88,The Village at Black Creek,dpz3n88xw,1.0
88,The Village at Black Creek,dpz3n88xx,1.0
88,The Village at Black Creek,dpz3n88xy,1.0
88,The Village at Black Creek,dpz3n88xz,0.9999999999999998
88,The Village at Black Creek,dpz3n88y0,1.0
88,The Village at Black Creek,dpz3n88y1,1.0
88,The Village at Black Creek,dpz3n88y2,1.0
88,The Village at Black Creek,dpz3n88y3,1.0
88,The Village at Black Creek,dpz3n88y4,1.0
88,The Village at Black Creek,dpz3n88y5,1.0
88,The Village at Black Creek,dpz3n88y6,1.0
88,The Village at Black Creek,dpz3n88y7,0.9999999999999998
88,The Village at Black Creek,dpz3n88y8,1.0
88,The Village at Black Creek,dpz3n88y9,1.0
88,The Village at Black Creek,dpz3n88yb,1.0
88,The Village at Black Creek,dpz3n88yc,1.0
88,The Village at Black Creek,dpz3n88yd,1.0
88,The Village at Black Creek,dpz3n88ye,1.0
88,The Village at Black Creek,dpz3n88yf,1.0
88,The Village at Black Creek,dpz3n88yg,1.0
88,The Village at Black Creek,dpz3n88yh,1.0
88,The Village at Black Creek,dpz3n88yj,1.0
88,The Village at Black Creek,dpz3n88yk,1.0
88,The Village at Black Creek,dpz3n88ym,1.0
88,The Village at Black Creek,dpz3n88yn,1.0
88,The Village at Black Creek,dpz3n88yp,1.0
88,The Village at Black Creek,dpz3n88yq,1.0
88,The Village at Black Creek,dpz3n88yr,1.0
88,The Village at Black Creek,dpz3n88ys,1.0
88,The Village at Black Creek,dpz3n88yt,1.0
88,The Village at Black Creek,dpz3n88yu,1.0
88,The Village at Black Creek,dpz3n88yv,0.9999999999999998
88,The Village at Black Creek,dpz3n88yw,1.0
88,The Village at Black Creek,dpz3n88yx,1.0
88,The Village at Black Creek,dpz3n88yy,1.0
88,The Village at Black Creek,dpz3n88yz,1.0
88,The Village at Black Creek,dpz3n88z0,1.0
88,The Village at Black Creek,dpz3n88z1,1.0
88,The Village at Black Creek,dpz3n88z2,1.0
88,The Village at Black Creek,dpz3n88z3,1.0
88,The Village at Black Creek,dpz3n88z4,1.0
88,The Village at Black Creek,dpz3n88z5,1.0
88,The Village at Black Creek,dpz3n88z6,1.0
88,The Village at Black Creek,dpz3n88z7,1.0
88,The Village at Black Creek,dpz3n88z8,1.0
88,The Village at Black Creek,dpz3n88z9,1.0
88,The Village at Black Creek,dpz3n88zb,1.0
88,The Village at Black Creek,dpz3n88zc,1.0
88,The Village at Black Creek,dpz3n88zd,1.0
88,The Village at Black Creek,dpz3n88ze,0.9999999999999998
88,The Village at Black Creek,dpz3n88zf,1.0
88,The Village at Black Creek,dpz3n88zg,1.0
88,The Village at Black Creek,dpz3n88zh,1.0
88,The Village at Black Creek,dpz3n88zj,1.0
88,The Village at Black Creek,dpz3n88zk,1.0
88,The Village at Black Creek,dpz3n88zm,1.0
88,The Village at Black Creek,dpz3n88zn,0.9999999999999998
88,The Village at Black Creek,dpz3n88zp,1.0
88,The Village at Black Creek,dpz3n88zq,1.0
88,The Village at Black Creek,dpz3n88zr,1.0
88,The Village at Black Creek,dpz3n88zs,1.0
88,The Village at Black Creek,dpz3n88zt,1.0
88,The Village at Black Creek,dpz3n88zu,1.0
88,The Village at Black Creek,dpz3n88zv,1.0
88,The Village at Black Creek,dpz3n88zw,1.0
88,The Village at Black Creek,dpz3n88zx,1.0
88,The Village at Black Creek,dpz3n88zy,1.0
88,The Village at Black Creek,dpz3n88zz,1.0
88,The Village at Black Creek,dpz3n895c,0.9551489219899596
88,The Village at Black Creek,dpz3n895f,1.0
88,The Village at Black Creek,dpz3n895g,0.9698837749582244
88,The Village at Black Creek,dpz3n89h0,1.0
88,The Village at Black Creek,dpz3n89h1,1.0
88,The Village at Black Creek,dpz3n89h2,1.0
88,The Village at Black Creek,dpz3n89h3,1.0
88,The Village at Black Creek,dpz3n89h4,1.0
88,The Village at Black Creek,dpz3n89h5,1.0
88,The Village at Black Creek,dpz3n89h6,1.0
88,The Village at Black Creek,dpz3n89h7,1.0
88,The Village at Black Creek,dpz3n89h8,1.0
88,The Village at Black Creek,dpz3n89h9,1.0
88,The Village at Black Creek,dpz3n89hb,1.0
88,The Village at Black Creek,dpz3n89hc,1.0
88,The Village at Black Creek,dpz3n89hd,1.0
88,The Village at Black Creek,dpz3n89he,1.0
88,The Village at Black Creek,dpz3n89hf,1.0
88,The Village at Black Creek,dpz3n89hg,1.0
88,The Village at Black Creek,dpz3n89hh,1.0
88,The Village at Black Creek,dpz3n89hj,1.0
88,The Village at Black Creek,dpz3n89hk,1.0
88,The Village at Black Creek,dpz3n89hm,1.0
88,The Village at Black Creek,dpz3n89hn,1.0
88,The Village at Black Creek,dpz3n89hp,1.0
88,The Village at Black Creek,dpz3n89hq,1.0
88,The Village at Black Creek,dpz3n89hr,1.0
88,The Village at Black Creek,dpz3n89hs,1.0
88,The Village at Black Creek,dpz3n89ht,1.0
88,The Village at Black Creek,dpz3n89hu,0.9999999999999998
88,The Village at Black Creek,dpz3n89hv,1.0
88,The Village at Black Creek,dpz3n89hw,1.0
88,The Village at Black Creek,dpz3n89hx,1.0
88,The Village at Black Creek,dpz3n89hy,1.0
88,The Village at Black Creek,dpz3n89hz,1.0
88,The Village at Black Creek,dpz3n89j0,0.9999999999999998
88,The Village at Black Creek,dpz3n89j1,1.0
88,The Village at Black Creek,dpz3n89j2,0.9999999999999998
88,The Village at Black Creek,dpz3n89j3,1.0
88,The Village at Black Creek,dpz3n89j4,1.0
88,The Village at Black Creek,dpz3n89j5,1.0
88,The Village at Black Creek,dpz3n89j6,1.0
88,The Village at Black Creek,dpz3n89j7,1.0
88,The Village at Black Creek,dpz3n89j8,1.0
88,The Village at Black Creek,dpz3n89j9,1.0
88,The Village at Black Creek,dpz3n89jb,1.0
88,The Village at Black Creek,dpz3n89jc,1.0
88,The Village at Black Creek,dpz3n89jd,1.0
88,The Village at Black Creek,dpz3n89je,1.0
88,The Village at Black Creek,dpz3n89jf,1.0
88,The Village at Black Creek,dpz3n89jg,1.0
88,The Village at Black Creek,dpz3n89jh,1.0
88,The Village at Black Creek,dpz3n89jj,1.0
88,The Village at Black Creek,dpz3n89jk,1.0
88,The Village at Black Creek,dpz3n89jm,1.0
88,The Village at Black Creek,dpz3n89jn,1.0
88,The Village at Black Creek,dpz3n89jp,1.0
88,The Village at Black Creek,dpz3n89jq,1.0
88,The Village at Black Creek,dpz3n89jr,1.0
88,The Village at Black Creek,dpz3n89js,1.0
88,The Village at Black Creek,dpz3n89jt,1.0
88,The Village at Black Creek,dpz3n89ju,1.0
88,The Village at Black Creek,dpz3n89jv,0.9999999999999998
88,The Village at Black Creek,dpz3n89jw,0.9999999999999998
88,The Village at Black Creek,dpz3n89jx,1.0
88,The Village at Black Creek,dpz3n89jy,1.0
88,The Village at Black Creek,dpz3n89jz,1.0
88,The Village at Black Creek,dpz3n89k0,0.9660675960060102
88,The Village at Black Creek,dpz3n89k2,1.0
88,The Village at Black Creek,dpz3n89k3,1.0
88,The Village at Black Creek,dpz3n89k6,1.0
88,The Village at Black Creek,dpz3n89k7,1.0
88,The Village at Black Creek,dpz3n89k8,1.0
88,The Village at Black Creek,dpz3n89k9,1.0
88,The Village at Black Creek,dpz3n89kb,1.0
88,The Village at Black Creek,dpz3n89kc,1.0
88,The Village at Black Creek,dpz3n89kd,1.0
88,The Village at Black Creek,dpz3n89ke,1.0
88,The Village at Black Creek,dpz3n89kf,1.0
88,The Village at Black Creek,dpz3n89kg,1.0
88,The Village at Black Creek,dpz3n89kk,1.0
88,The Village at Black Creek,dpz3n89km,0.962030488314204
88,The Village at Black Creek,dpz3n89ks,1.0
88,The Village at Black Creek,dpz3n89kt,1.0
88,The Village at Black Creek,dpz3n89ku,1.0
88,The Village at Black Creek,dpz3n89kv,1.0
88,The Village at Black Creek,dpz3n89kw,1.0
88,The Village at Black Creek,dpz3n89kx,1.0
88,The Village at Black Creek,dpz3n89ky,0.9999999999999998
88,The Village at Black Creek,dpz3n89kz,0.9999999999999998
88,The Village at Black Creek,dpz3n89m0,1.0
88,The Village at Black Creek,dpz3n89m1,0.9999999999999998
88,The Village at Black Creek,dpz3n89m2,1.0
88,The Village at Black Creek,dpz3n89m3,1.0
88,The Village at Black Creek,dpz3n89m4,1.0
88,The Village at Black Creek,dpz3n89m5,1.0
88,The Village at Black Creek,dpz3n89m6,1.0
88,The Village at Black Creek,dpz3n89m7,1.0
88,The Village at Black Creek,dpz3n89m8,1.0
88,The Village at Black Creek,dpz3n89m9,1.0
88,The Village at Black Creek,dpz3n89mb,1.0
88,The Village at Black Creek,dpz3n89mc,1.0
88,The Village at Black Creek,dpz3n89md,1.0
88,The Village at Black Creek,dpz3n89me,1.0
88,The Village at Black Creek,dpz3n89mf,1.0
88,The Village at Black Creek,dpz3n89mg,1.0
88,The Village at Black Creek,dpz3n89mh,0.9999999999999998
88,The Village at Black Creek,dpz3n89mj,1.0
88,The Village at Black Creek,dpz3n89mk,1.0
88,The Village at Black Creek,dpz3n89mm,1.0
88,The Village at Black Creek,dpz3n89mn,0.9999999999999998
88,The Village at Black Creek,dpz3n89mp,1.0
88,The Village at Black Creek,dpz3n89mq,1.0
88,The Village at Black Creek,dpz3n89mr,1.0
88,The Village at Black Creek,dpz3n89ms,1.0
88,The Village at Black Creek,dpz3n89mt,1.0
88,The Village at Black Creek,dpz3n89mu,1.0
88,The Village at Black Creek,dpz3n89mv,1.0
88,The Village at Black Creek,dpz3n89mw,0.9999999999999998
88,The Village at Black Creek,dpz3n89mx,1.0
88,The Village at Black Creek,dpz3n89my,1.0
88,The Village at Black Creek,dpz3n89mz,1.0
88,The Village at Black Creek,dpz3n89n0,1.0
88,The Village at Black Creek,dpz3n89n1,0.9999999999999998
88,The Village at Black Creek,dpz3n89n2,1.0
88,The Village at Black Creek,dpz3n89n3,1.0
88,The Village at Black Creek,dpz3n89n4,1.0
88,The Village at Black Creek,dpz3n89n5,1.0
88,The Village at Black Creek,dpz3n89n6,1.0
88,The Village at Black Creek,dpz3n89n7,1.0
88,The Village at Black Creek,dpz3n89n8,1.0
88,The Village at Black Creek,dpz3n89n9,1.0
88,The Village at Black Creek,dpz3n89nb,1.0
88,The Village at Black Creek,dpz3n89nc,1.0
88,The Village at Black Creek,dpz3n89nd,1.0
88,The Village at Black Creek,dpz3n89ne,0.9999999999999998
88,The Village at Black Creek,dpz3n89nf,0.9999999999999998
88,The Village at Black Creek,dpz3n89ng,1.0
88,The Village at Black Creek,dpz3n89nh,1.0
88,The Village at Black Creek,dpz3n89nj,1.0
88,The Village at Black Creek,dpz3n89nk,1.0
88,The Village at Black Creek,dpz3n89nm,0.9999999999999998
88,The Village at Black Creek,dpz3n89nn,1.0
88,The Village at Black Creek,dpz3n89np,1.0
88,The Village at Black Creek,dpz3n89nq,1.0
88,The Village at Black Creek,dpz3n89nr,0.9999999999999998
88,The Village at Black Creek,dpz3n89ns,1.0
88,The Village at Black Creek,dpz3n89nt,1.0
88,The Village at Black Creek,dpz3n89nu,1.0
88,The Village at Black Creek,dpz3n89nv,1.0
88,The Village at Black Creek,dpz3n89nw,1.0
88,The Village at Black Creek,dpz3n89nx,1.0
88,The Village at Black Creek,dpz3n89ny,1.0
88,The Village at Black Creek,dpz3n89nz,1.0
88,The Village at Black Creek,dpz3n89p0,1.0
88,The Village at Black Creek,dpz3n89p1,0.9999999999999998
88,The Village at Black Creek,dpz3n89p2,1.0
88,The Village at Black Creek,dpz3n89p3,1.0
88,The Village at Black Creek,dpz3n89p4,1.0
88,The Village at Black Creek,dpz3n89p5,1.0
88,The Village at Black Creek,dpz3n89p6,1.0
88,The Village at Black Creek,dpz3n89p7,1.0
88,The Village at Black Creek,dpz3n89p8,1.0
88,The Village at Black Creek,dpz3n89p9,1.0
88,The Village at Black Creek,dpz3n89pb,1.0
88,The Village at Black Creek,dpz3n89pc,1.0
88,The Village at Black Creek,dpz3n89pd,1.0
88,The Village at Black Creek,dpz3n89pe,1.0
88,The Village at Black Creek,dpz3n89pf,1.0
88,The Village at Black Creek,dpz3n89pg,1.0
88,The Village at Black Creek,dpz3n89ph,1.0
88,The Village at Black Creek,dpz3n89pj,1.0
88,The Village at Black Creek,dpz3n89pk,1.0
88,The Village at Black Creek,dpz3n89pm,1.0
88,The Village at Black Creek,dpz3n89pn,0.9999999999999998
88,The Village at Black Creek,dpz3n89pp,1.0
88,The Village at Black Creek,dpz3n89pq,1.0
88,The Village at Black Creek,dpz3n89pr,0.9999999999999998
88,The Village at Black Creek,dpz3n89ps,1.0
88,The Village at Black Creek,dpz3n89pt,1.0
88,The Village at Black Creek,dpz3n89pu,1.0
88,The Village at Black Creek,dpz3n89pv,1.0
88,The Village at Black Creek,dpz3n89pw,1.0
88,The Village at Black Creek,dpz3n89px,0.9999999999999998
88,The Village at Black Creek,dpz3n89py,1.0
88,The Village at Black Creek,dpz3n89pz,1.0
88,The Village at Black Creek,dpz3n89q0,0.9999999999999998
88,The Village at Black Creek,dpz3n89q1,1.0
88,The Village at Black Creek,dpz3n89q2,1.0
88,The Village at Black Creek,dpz3n89q3,1.0
88,The Village at Black Creek,dpz3n89q4,1.0
88,The Village at Black Creek,dpz3n89q5,1.0
88,The Village at Black Creek,dpz3n89q6,1.0
88,The Village at Black Creek,dpz3n89q7,1.0
88,The Village at Black Creek,dpz3n89q8,0.9999999999999998
88,The Village at Black Creek,dpz3n89q9,1.0
88,The Village at Black Creek,dpz3n89qb,1.0
88,The Village at Black Creek,dpz3n89qc,1.0
88,The Village at Black Creek,dpz3n89qd,1.0
88,The Village at Black Creek,dpz3n89qe,1.0
88,The Village at Black Creek,dpz3n89qf,1.0
88,The Village at Black Creek,dpz3n89qg,1.0
88,The Village at Black Creek,dpz3n89qh,1.0
88,The Village at Black Creek,dpz3n89qj,1.0
88,The Village at Black Creek,dpz3n89qk,0.9999999999999998
88,The Village at Black Creek,dpz3n89qm,1.0
88,The Village at Black Creek,dpz3n89qn,1.0
88,The Village at Black Creek,dpz3n89qp,0.9999999999999998
88,The Village at Black Creek,dpz3n89qq,1.0
88,The Village at Black Creek,dpz3n89qr,1.0
88,The Village at Black Creek,dpz3n89qs,1.0
88,The Village at Black Creek,dpz3n89qt,1.0
88,The Village at Black Creek,dpz3n89qu,1.0
88,The Village at Black Creek,dpz3n89qv,0.9999999999999998
88,The Village at Black Creek,dpz3n89qw,1.0
88,The Village at Black Creek,dpz3n89qx,1.0
88,The Village at Black Creek,dpz3n89qy,1.0
88,The Village at Black Creek,dpz3n89qz,1.0
88,The Village at Black Creek,dpz3n89r0,1.0
88,The Village at Black Creek,dpz3n89r1,1.0
88,The Village at Black Creek,dpz3n89r2,1.0
88,The Village at Black Creek,dpz3n89r3,1.0
88,The Village at Black Creek,dpz3n89r4,1.0
88,The Village at Black Creek,dpz3n89r5,1.0
88,The Village at Black Creek,dpz3n89r6,1.0
88,The Village at Black Creek,dpz3n89r7,1.0
88,The Village at Black Creek,dpz3n89r8,1.0
88,The Village at Black Creek,dpz3n89r9,1.0
88,The Village at Black Creek,dpz3n89rb,1.0
88,The Village at Black Creek,dpz3n89rc,1.0
88,The Village at Black Creek,dpz3n89rd,1.0
88,The Village at Black Creek,dpz3n89re,1.0
88,The Village at Black Creek,dpz3n89rf,1.0
88,The Village at Black Creek,dpz3n89rg,1.0
88,The Village at Black Creek,dpz3n89rh,0.9999999999999998
88,The Village at Black Creek,dpz3n89rj,1.0
88,The Village at Black Creek,dpz3n89rk,0.9999999999999998
88,The Village at Black Creek,dpz3n89rm,1.0
88,The Village at Black Creek,dpz3n89rn,1.0
88,The Village at Black Creek,dpz3n89rp,1.0
88,The Village at Black Creek,dpz3n89rq,1.0
88,The Village at Black Creek,dpz3n89rr,1.0
88,The Village at Black Creek,dpz3n89rs,1.0
88,The Village at Black Creek,dpz3n89rt,1.0
88,The Village at Black Creek,dpz3n89ru,1.0
88,The Village at Black Creek,dpz3n89rv,1.0
88,The Village at Black Creek,dpz3n89rw,1.0
88,The Village at Black Creek,dpz3n89rx,1.0
88,The Village at Black Creek,dpz3n89ry,1.0
88,The Village at Black Creek,dpz3n89rz,1.0
88,The Village at Black Creek,dpz3n89s8,1.0
88,The Village at Black Creek,dpz3n89s9,1.0
88,The Village at Black Creek,dpz3n89sb,1.0
88,The Village at Black Creek,dpz3n89sc,1.0
88,The Village at Black Creek,dpz3n89sd,0.9577735421762352
88,The Village at Black Creek,dpz3n89sf,1.0
88,The Village at Black Creek,dpz3n89sg,1.0
88,The Village at Black Creek,dpz3n89su,1.0
88,The Village at Black Creek,dpz3n89sv,1.0
88,The Village at Black Creek,dpz3n89sy,1.0
88,The Village at Black Creek,dpz3n89sz,0.9072689634005896
88,The Village at Black Creek,dpz3n89t0,1.0
88,The Village at Black Creek,dpz3n89t1,1.0
88,The Village at Black Creek,dpz3n89t2,0.9999999999999998
88,The Village at Black Creek,dpz3n89t3,0.9999999999999998
88,The Village at Black Creek,dpz3n89t4,1.0
88,The Village at Black Creek,dpz3n89t5,1.0
88,The Village at Black Creek,dpz3n89t6,1.0
88,The Village at Black Creek,dpz3n89t7,1.0
88,The Village at Black Creek,dpz3n89t8,1.0
88,The Village at Black Creek,dpz3n89t9,1.0
88,The Village at Black Creek,dpz3n89tb,1.0
88,The Village at Black Creek,dpz3n89tc,1.0
88,The Village at Black Creek,dpz3n89td,1.0
88,The Village at Black Creek,dpz3n89te,1.0
88,The Village at Black Creek,dpz3n89tf,1.0
88,The Village at Black Creek,dpz3n89tg,1.0
88,The Village at Black Creek,dpz3n89th,1.0
88,The Village at Black Creek,dpz3n89tj,1.0
88,The Village at Black Creek,dpz3n89tk,1.0
88,The Village at Black Creek,dpz3n89tm,1.0
88,The Village at Black Creek,dpz3n89tn,1.0
88,The Village at Black Creek,dpz3n89tp,1.0
88,The Village at Black Creek,dpz3n89tq,1.0
88,The Village at Black Creek,dpz3n89tr,1.0
88,The Village at Black Creek,dpz3n89ts,1.0
88,The Village at Black Creek,dpz3n89tt,1.0
88,The Village at Black Creek,dpz3n89tu,1.0
88,The Village at Black Creek,dpz3n89tv,0.9999999999999998
88,The Village at Black Creek,dpz3n89tw,1.0
88,The Village at Black Creek,dpz3n89tx,0.9999999999999998
88,The Village at Black Creek,dpz3n89ty,1.0
88,The Village at Black Creek,dpz3n89tz,1.0
88,The Village at Black Creek,dpz3n89v8,0.9128265403735436
88,The Village at Black Creek,dpz3n89vb,1.0
88,The Village at Black Creek,dpz3n89w0,0.9999999999999998
88,The Village at Black Creek,dpz3n89w1,1.0
88,The Village at Black Creek,dpz3n89w2,1.0
88,The Village at Black Creek,dpz3n89w3,1.0
88,The Village at Black Creek,dpz3n89w4,1.0
88,The Village at Black Creek,dpz3n89w5,1.0
88,The Village at Black Creek,dpz3n89w6,1.0
88,The Village at Black Creek,dpz3n89w7,0.9999999999999998
88,The Village at Black Creek,dpz3n89w8,1.0
88,The Village at Black Creek,dpz3n89w9,1.0
88,The Village at Black Creek,dpz3n89wb,0.9999999999999998
88,The Village at Black Creek,dpz3n89wc,1.0
88,The Village at Black Creek,dpz3n89wd,1.0
88,The Village at Black Creek,dpz3n89we,1.0
88,The Village at Black Creek,dpz3n89wf,1.0
88,The Village at Black Creek,dpz3n89wg,1.0
88,The Village at Black Creek,dpz3n89wh,1.0
88,The Village at Black Creek,dpz3n89wj,1.0
88,The Village at Black Creek,dpz3n89wk,1.0
88,The Village at Black Creek,dpz3n89wm,0.9999999999999998
88,The Village at Black Creek,dpz3n89wn,1.0
88,The Village at Black Creek,dpz3n89wp,1.0
88,The Village at Black Creek,dpz3n89wq,1.0
88,The Village at Black Creek,dpz3n89wr,0.9999999999999998
88,The Village at Black Creek,dpz3n89ws,1.0
88,The Village at Black Creek,dpz3n89wt,1.0
88,The Village at Black Creek,dpz3n89wu,1.0
88,The Village at Black Creek,dpz3n89wv,1.0
88,The Village at Black Creek,dpz3n89ww,1.0
88,The Village at Black Creek,dpz3n89wx,1.0
88,The Village at Black Creek,dpz3n89wy,1.0
88,The Village at Black Creek,dpz3n89wz,1.0
88,The Village at Black Creek,dpz3n89x0,1.0
88,The Village at Black Creek,dpz3n89x1,1.0
88,The Village at Black Creek,dpz3n89x2,1.0
88,The Village at Black Creek,dpz3n89x3,1.0
88,The Village at Black Creek,dpz3n89x4,1.0
88,The Village at Black Creek,dpz3n89x5,1.0
88,The Village at Black Creek,dpz3n89x6,1.0
88,The Village at Black Creek,dpz3n89x7,1.0
88,The Village at Black Creek,dpz3n89x8,1.0
88,The Village at Black Creek,dpz3n89x9,1.0
88,The Village at Black Creek,dpz3n89xb,1.0
88,The Village at Black Creek,dpz3n89xc,1.0
88,The Village at Black Creek,dpz3n89xd,1.0
88,The Village at Black Creek,dpz3n89xe,1.0
88,The Village at Black Creek,dpz3n89xf,1.0
88,The Village at Black Creek,dpz3n89xg,1.0
88,The Village at Black Creek,dpz3n89xh,1.0
88,The Village at Black Creek,dpz3n89xj,1.0
88,The Village at Black Creek,dpz3n89xk,0.9999999999999998
88,The Village at Black Creek,dpz3n89xm,1.0
88,The Village at Black Creek,dpz3n89xn,0.9999999999999998
88,The Village at Black Creek,dpz3n89xp,1.0
88,The Village at Black Creek,dpz3n89xq,1.0
88,The Village at Black Creek,dpz3n89xr,1.0
88,The Village at Black Creek,dpz3n89xs,1.0
88,The Village at Black Creek,dpz3n89xt,1.0
88,The Village at Black Creek,dpz3n89xu,1.0
88,The Village at Black Creek,dpz3n89xv,1.0
88,The Village at Black Creek,dpz3n89xw,1.0
88,The Village at Black Creek,dpz3n89xx,1.0
88,The Village at Black Creek,dpz3n89xy,1.0
88,The Village at Black Creek,dpz3n89xz,1.0
88,The Village at Black Creek,dpz3n89y0,1.0
88,The Village at Black Creek,dpz3n89y2,0.9999999999999998
88,The Village at Black Creek,dpz3n89y3,0.8925230192629428
88,The Village at Black Creek,dpz3n89y8,1.0
88,The Village at Black Creek,dpz3n89y9,0.9999999999999998
88,The Village at Black Creek,dpz3n89yb,1.0
88,The Village at Black Creek,dpz3n89yc,1.0
88,The Village at Black Creek,dpz3n89z0,1.0
88,The Village at Black Creek,dpz3n89z1,1.0
88,The Village at Black Creek,dpz3n89z2,1.0
88,The Village at Black Creek,dpz3n89z3,1.0
88,The Village at Black Creek,dpz3n89z4,0.865256948938587
88,The Village at Black Creek,dpz3n89z8,1.0
88,The Village at Black Creek,dpz3n89z9,1.0
88,The Village at Black Creek,dpz3n89zb,1.0
88,The Village at Black Creek,dpz3n89zc,0.993050633109261
88,The Village at Black Creek,dpz3n8b0g,0.999995898631289
88,The Village at Black Creek,dpz3n8b0p,0.8972998471500958
88,The Village at Black Creek,dpz3n8b0q,0.9994693422590682
88,The Village at Black Creek,dpz3n8b0r,1.0
88,The Village at Black Creek,dpz3n8b0s,0.910323050087198
88,The Village at Black Creek,dpz3n8b0t,0.9999999999999998
88,The Village at Black Creek,dpz3n8b0u,1.0
88,The Village at Black Creek,dpz3n8b0v,1.0
88,The Village at Black Creek,dpz3n8b0w,1.0
88,The Village at Black Creek,dpz3n8b0x,1.0
88,The Village at Black Creek,dpz3n8b0y,1.0
88,The Village at Black Creek,dpz3n8b0z,1.0
88,The Village at Black Creek,dpz3n8b11,0.9224679830517162
88,The Village at Black Creek,dpz3n8b12,1.0
88,The Village at Black Creek,dpz3n8b13,0.9999999999999998
88,The Village at Black Creek,dpz3n8b14,1.0
88,The Village at Black Creek,dpz3n8b15,1.0
88,The Village at Black Creek,dpz3n8b16,1.0
88,The Village at Black Creek,dpz3n8b17,1.0
88,The Village at Black Creek,dpz3n8b18,1.0
88,The Village at Black Creek,dpz3n8b19,1.0
88,The Village at Black Creek,dpz3n8b1b,1.0
88,The Village at Black Creek,dpz3n8b1c,1.0
88,The Village at Black Creek,dpz3n8b1d,1.0
88,The Village at Black Creek,dpz3n8b1e,1.0
88,The Village at Black Creek,dpz3n8b1f,0.9999999999999998
88,The Village at Black Creek,dpz3n8b1g,1.0
88,The Village at Black Creek,dpz3n8b1h,1.0
88,The Village at Black Creek,dpz3n8b1j,1.0
88,The Village at Black Creek,dpz3n8b1k,1.0
88,The Village at Black Creek,dpz3n8b1m,1.0
88,The Village at Black Creek,dpz3n8b1n,1.0
88,The Village at Black Creek,dpz3n8b1p,1.0
88,The Village at Black Creek,dpz3n8b1q,1.0
88,The Village at Black Creek,dpz3n8b1r,0.9999999999999998
88,The Village at Black Creek,dpz3n8b1s,1.0
88,The Village at Black Creek,dpz3n8b1t,1.0
88,The Village at Black Creek,dpz3n8b1u,0.9999999999999998
88,The Village at Black Creek,dpz3n8b1v,1.0
88,The Village at Black Creek,dpz3n8b1w,1.0
88,The Village at Black Creek,dpz3n8b1x,0.9999999999999998
88,The Village at Black Creek,dpz3n8b1y,1.0
88,The Village at Black Creek,dpz3n8b1z,1.0
88,The Village at Black Creek,dpz3n8b20,1.0
88,The Village at Black Creek,dpz3n8b21,1.0
88,The Village at Black Creek,dpz3n8b22,1.0
88,The Village at Black Creek,dpz3n8b23,0.9999999999999998
88,The Village at Black Creek,dpz3n8b24,0.9999999999999998
88,The Village at Black Creek,dpz3n8b25,1.0
88,The Village at Black Creek,dpz3n8b26,1.0
88,The Village at Black Creek,dpz3n8b27,1.0
88,The Village at Black Creek,dpz3n8b28,1.0
88,The Village at Black Creek,dpz3n8b29,1.0
88,The Village at Black Creek,dpz3n8b2b,1.0
88,The Village at Black Creek,dpz3n8b2c,1.0
88,The Village at Black Creek,dpz3n8b2d,1.0
88,The Village at Black Creek,dpz3n8b2e,1.0
88,The Village at Black Creek,dpz3n8b2f,1.0
88,The Village at Black Creek,dpz3n8b2g,1.0
88,The Village at Black Creek,dpz3n8b2h,0.9999999999999998
88,The Village at Black Creek,dpz3n8b2j,1.0
88,The Village at Black Creek,dpz3n8b2k,1.0
88,The Village at Black Creek,dpz3n8b2m,1.0
88,The Village at Black Creek,dpz3n8b2n,1.0
88,The Village at Black Creek,dpz3n8b2p,1.0
88,The Village at Black Creek,dpz3n8b2q,0.9999999999999998
88,The Village at Black Creek,dpz3n8b2r,1.0
88,The Village at Black Creek,dpz3n8b2s,1.0
88,The Village at Black Creek,dpz3n8b2t,1.0
88,The Village at Black Creek,dpz3n8b2u,1.0
88,The Village at Black Creek,dpz3n8b2v,0.9999999999999998
88,The Village at Black Creek,dpz3n8b2w,1.0
88,The Village at Black Creek,dpz3n8b2x,1.0
88,The Village at Black Creek,dpz3n8b2y,1.0
88,The Village at Black Creek,dpz3n8b2z,1.0
88,The Village at Black Creek,dpz3n8b30,1.0
88,The Village at Black Creek,dpz3n8b31,1.0
88,The Village at Black Creek,dpz3n8b32,1.0
88,The Village at Black Creek,dpz3n8b33,1.0
88,The Village at Black Creek,dpz3n8b34,1.0
88,The Village at Black Creek,dpz3n8b35,1.0
88,The Village at Black Creek,dpz3n8b36,1.0
88,The Village at Black Creek,dpz3n8b37,1.0
88,The Village at Black Creek,dpz3n8b38,1.0
88,The Village at Black Creek,dpz3n8b39,1.0
88,The Village at Black Creek,dpz3n8b3b,1.0
88,The Village at Black Creek,dpz3n8b3c,0.9999999999999998
88,The Village at Black Creek,dpz3n8b3d,1.0
88,The Village at Black Creek,dpz3n8b3e,1.0
88,The Village at Black Creek,dpz3n8b3f,1.0
88,The Village at Black Creek,dpz3n8b3g,1.0
88,The Village at Black Creek,dpz3n8b3h,1.0
88,The Village at Black Creek,dpz3n8b3j,1.0
88,The Village at Black Creek,dpz3n8b3k,1.0
88,The Village at Black Creek,dpz3n8b3m,1.0
88,The Village at Black Creek,dpz3n8b3n,1.0
88,The Village at Black Creek,dpz3n8b3p,1.0
88,The Village at Black Creek,dpz3n8b3q,1.0
88,The Village at Black Creek,dpz3n8b3r,1.0
88,The Village at Black Creek,dpz3n8b3s,0.9999999999999998
88,The Village at Black Creek,dpz3n8b3t,1.0
88,The Village at Black Creek,dpz3n8b3u,1.0
88,The Village at Black Creek,dpz3n8b3v,1.0
88,The Village at Black Creek,dpz3n8b3w,1.0
88,The Village at Black Creek,dpz3n8b3x,1.0
88,The Village at Black Creek,dpz3n8b3y,1.0
88,The Village at Black Creek,dpz3n8b3z,1.0
88,The Village at Black Creek,dpz3n8b40,1.0
88,The Village at Black Creek,dpz3n8b41,1.0
88,The Village at Black Creek,dpz3n8b42,1.0
88,The Village at Black Creek,dpz3n8b43,1.0
88,The Village at Black Creek,dpz3n8b44,1.0
88,The Village at Black Creek,dpz3n8b45,1.0
88,The Village at Black Creek,dpz3n8b46,1.0
88,The Village at Black Creek,dpz3n8b47,1.0
88,The Village at Black Creek,dpz3n8b48,0.9999999999999998
88,The Village at Black Creek,dpz3n8b49,1.0
88,The Village at Black Creek,dpz3n8b4b,1.0
88,The Village at Black Creek,dpz3n8b4c,1.0
88,The Village at Black Creek,dpz3n8b4d,1.0
88,The Village at Black Creek,dpz3n8b4e,1.0
88,The Village at Black Creek,dpz3n8b4f,1.0
88,The Village at Black Creek,dpz3n8b4g,1.0
88,The Village at Black Creek,dpz3n8b4h,1.0
88,The Village at Black Creek,dpz3n8b4j,1.0
88,The Village at Black Creek,dpz3n8b4k,1.0
88,The Village at Black Creek,dpz3n8b4m,1.0
88,The Village at Black Creek,dpz3n8b4n,1.0
88,The Village at Black Creek,dpz3n8b4p,1.0
88,The Village at Black Creek,dpz3n8b4q,0.9999999999999998
88,The Village at Black Creek,dpz3n8b4r,1.0
88,The Village at Black Creek,dpz3n8b4s,1.0
88,The Village at Black Creek,dpz3n8b4t,1.0
88,The Village at Black Creek,dpz3n8b4u,1.0
88,The Village at Black Creek,dpz3n8b4v,1.0
88,The Village at Black Creek,dpz3n8b4w,1.0
88,The Village at Black Creek,dpz3n8b4x,1.0
88,The Village at Black Creek,dpz3n8b4y,1.0
88,The Village at Black Creek,dpz3n8b4z,1.0
88,The Village at Black Creek,dpz3n8b50,1.0
88,The Village at Black Creek,dpz3n8b51,0.9999999999999998
88,The Village at Black Creek,dpz3n8b52,1.0
88,The Village at Black Creek,dpz3n8b53,1.0
88,The Village at Black Creek,dpz3n8b54,1.0
88,The Village at Black Creek,dpz3n8b55,1.0
88,The Village at Black Creek,dpz3n8b56,1.0
88,The Village at Black Creek,dpz3n8b57,1.0
88,The Village at Black Creek,dpz3n8b58,1.0
88,The Village at Black Creek,dpz3n8b59,1.0
88,The Village at Black Creek,dpz3n8b5b,1.0
88,The Village at Black Creek,dpz3n8b5c,1.0
88,The Village at Black Creek,dpz3n8b5d,1.0
88,The Village at Black Creek,dpz3n8b5e,1.0
88,The Village at Black Creek,dpz3n8b5f,1.0
88,The Village at Black Creek,dpz3n8b5g,1.0
88,The Village at Black Creek,dpz3n8b5h,1.0
88,The Village at Black Creek,dpz3n8b5j,1.0
88,The Village at Black Creek,dpz3n8b5k,1.0
88,The Village at Black Creek,dpz3n8b5m,1.0
88,The Village at Black Creek,dpz3n8b5n,1.0
88,The Village at Black Creek,dpz3n8b5p,1.0
88,The Village at Black Creek,dpz3n8b5q,1.0
88,The Village at Black Creek,dpz3n8b5r,1.0
88,The Village at Black Creek,dpz3n8b5s,1.0
88,The Village at Black Creek,dpz3n8b5t,1.0
88,The Village at Black Creek,dpz3n8b5u,1.0
88,The Village at Black Creek,dpz3n8b5v,1.0
88,The Village at Black Creek,dpz3n8b5w,0.9999999999999998
88,The Village at Black Creek,dpz3n8b5x,1.0
88,The Village at Black Creek,dpz3n8b5y,1.0
88,The Village at Black Creek,dpz3n8b5z,1.0
88,The Village at Black Creek,dpz3n8b60,1.0
88,The Village at Black Creek,dpz3n8b61,1.0
88,The Village at Black Creek,dpz3n8b62,1.0
88,The Village at Black Creek,dpz3n8b63,1.0
88,The Village at Black Creek,dpz3n8b64,1.0
88,The Village at Black Creek,dpz3n8b65,1.0
88,The Village at Black Creek,dpz3n8b66,1.0
88,The Village at Black Creek,dpz3n8b67,1.0
88,The Village at Black Creek,dpz3n8b68,1.0
88,The Village at Black Creek,dpz3n8b69,0.9999999999999998
88,The Village at Black Creek,dpz3n8b6b,0.9999999999999998
88,The Village at Black Creek,dpz3n8b6c,1.0
88,The Village at Black Creek,dpz3n8b6d,1.0
88,The Village at Black Creek,dpz3n8b6e,1.0
88,The Village at Black Creek,dpz3n8b6f,1.0
88,The Village at Black Creek,dpz3n8b6g,1.0
88,The Village at Black Creek,dpz3n8b6h,1.0
88,The Village at Black Creek,dpz3n8b6j,1.0
88,The Village at Black Creek,dpz3n8b6k,1.0
88,The Village at Black Creek,dpz3n8b6m,0.9999999999999998
88,The Village at Black Creek,dpz3n8b6n,1.0
88,The Village at Black Creek,dpz3n8b6p,1.0
88,The Village at Black Creek,dpz3n8b6q,1.0
88,The Village at Black Creek,dpz3n8b6r,1.0
88,The Village at Black Creek,dpz3n8b6s,0.9999999999999998
88,The Village at Black Creek,dpz3n8b6t,0.9999999999999998
88,The Village at Black Creek,dpz3n8b6u,0.9999999999999998
88,The Village at Black Creek,dpz3n8b6v,1.0
88,The Village at Black Creek,dpz3n8b6w,1.0
88,The Village at Black Creek,dpz3n8b6x,1.0
88,The Village at Black Creek,dpz3n8b6y,1.0
88,The Village at Black Creek,dpz3n8b6z,1.0
88,The Village at Black Creek,dpz3n8b70,1.0
88,The Village at Black Creek,dpz3n8b71,1.0
88,The Village at Black Creek,dpz3n8b72,1.0
88,The Village at Black Creek,dpz3n8b73,1.0
88,The Village at Black Creek,dpz3n8b74,1.0
88,The Village at Black Creek,dpz3n8b75,1.0
88,The Village at Black Creek,dpz3n8b76,1.0
88,The Village at Black Creek,dpz3n8b77,1.0
88,The Village at Black Creek,dpz3n8b78,1.0
88,The Village at Black Creek,dpz3n8b79,1.0
88,The Village at Black Creek,dpz3n8b7b,1.0
88,The Village at Black Creek,dpz3n8b7c,1.0
88,The Village at Black Creek,dpz3n8b7d,1.0
88,The Village at Black Creek,dpz3n8b7e,1.0
88,The Village at Black Creek,dpz3n8b7f,1.0
88,The Village at Black Creek,dpz3n8b7g,1.0
88,The Village at Black Creek,dpz3n8b7h,1.0
88,The Village at Black Creek,dpz3n8b7j,1.0
88,The Village at Black Creek,dpz3n8b7k,1.0
88,The Village at Black Creek,dpz3n8b7m,1.0
88,The Village at Black Creek,dpz3n8b7n,1.0
88,The Village at Black Creek,dpz3n8b7p,1.0
88,The Village at Black Creek,dpz3n8b7q,1.0
88,The Village at Black Creek,dpz3n8b7r,1.0
88,The Village at Black Creek,dpz3n8b7s,1.0
88,The Village at Black Creek,dpz3n8b7t,1.0
88,The Village at Black Creek,dpz3n8b7u,1.0
88,The Village at Black Creek,dpz3n8b7v,1.0
88,The Village at Black Creek,dpz3n8b7w,1.0
88,The Village at Black Creek,dpz3n8b7x,1.0
88,The Village at Black Creek,dpz3n8b7y,1.0
88,The Village at Black Creek,dpz3n8b7z,1.0
88,The Village at Black Creek,dpz3n8b80,0.9999999999999998
88,The Village at Black Creek,dpz3n8b81,1.0
88,The Village at Black Creek,dpz3n8b82,1.0
88,The Village at Black Creek,dpz3n8b83,1.0
88,The Village at Black Creek,dpz3n8b84,1.0
88,The Village at Black Creek,dpz3n8b85,1.0
88,The Village at Black Creek,dpz3n8b86,1.0
88,The Village at Black Creek,dpz3n8b87,1.0
88,The Village at Black Creek,dpz3n8b88,1.0
88,The Village at Black Creek,dpz3n8b89,1.0
88,The Village at Black Creek,dpz3n8b8b,1.0
88,The Village at Black Creek,dpz3n8b8c,1.0
88,The Village at Black Creek,dpz3n8b8d,1.0
88,The Village at Black Creek,dpz3n8b8e,1.0
88,The Village at Black Creek,dpz3n8b8f,1.0
88,The Village at Black Creek,dpz3n8b8g,1.0
88,The Village at Black Creek,dpz3n8b8h,1.0
88,The Village at Black Creek,dpz3n8b8j,1.0
88,The Village at Black Creek,dpz3n8b8k,1.0
88,The Village at Black Creek,dpz3n8b8m,1.0
88,The Village at Black Creek,dpz3n8b8n,1.0
88,The Village at Black Creek,dpz3n8b8p,1.0
88,The Village at Black Creek,dpz3n8b8q,1.0
88,The Village at Black Creek,dpz3n8b8r,1.0
88,The Village at Black Creek,dpz3n8b8s,1.0
88,The Village at Black Creek,dpz3n8b8t,1.0
88,The Village at Black Creek,dpz3n8b8u,1.0
88,The Village at Black Creek,dpz3n8b8v,1.0
88,The Village at Black Creek,dpz3n8b8w,1.0
88,The Village at Black Creek,dpz3n8b8x,1.0
88,The Village at Black Creek,dpz3n8b8y,1.0
88,The Village at Black Creek,dpz3n8b8z,1.0
88,The Village at Black Creek,dpz3n8b90,1.0
88,The Village at Black Creek,dpz3n8b91,1.0
88,The Village at Black Creek,dpz3n8b92,0.9999999999999998
88,The Village at Black Creek,dpz3n8b93,1.0
88,The Village at Black Creek,dpz3n8b94,1.0
88,The Village at Black Creek,dpz3n8b95,1.0
88,The Village at Black Creek,dpz3n8b96,1.0
88,The Village at Black Creek,dpz3n8b97,0.9999999999999998
88,The Village at Black Creek,dpz3n8b98,0.9999999999999998
88,The Village at Black Creek,dpz3n8b99,1.0
88,The Village at Black Creek,dpz3n8b9b,1.0
88,The Village at Black Creek,dpz3n8b9c,1.0
88,The Village at Black Creek,dpz3n8b9d,1.0
88,The Village at Black Creek,dpz3n8b9e,1.0
88,The Village at Black Creek,dpz3n8b9f,1.0
88,The Village at Black Creek,dpz3n8b9g,1.0
88,The Village at Black Creek,dpz3n8b9h,0.9999999999999998
88,The Village at Black Creek,dpz3n8b9j,1.0
88,The Village at Black Creek,dpz3n8b9k,1.0
88,The Village at Black Creek,dpz3n8b9m,0.9999999999999998
88,The Village at Black Creek,dpz3n8b9n,0.9999999999999998
88,The Village at Black Creek,dpz3n8b9p,1.0
88,The Village at Black Creek,dpz3n8b9q,1.0
88,The Village at Black Creek,dpz3n8b9r,1.0
88,The Village at Black Creek,dpz3n8b9s,0.9999999999999998
88,The Village at Black Creek,dpz3n8b9t,0.9999999999999998
88,The Village at Black Creek,dpz3n8b9u,1.0
88,The Village at Black Creek,dpz3n8b9v,1.0
88,The Village at Black Creek,dpz3n8b9w,1.0
88,The Village at Black Creek,dpz3n8b9x,1.0
88,The Village at Black Creek,dpz3n8b9y,1.0
88,The Village at Black Creek,dpz3n8b9z,1.0
88,The Village at Black Creek,dpz3n8bb0,1.0
88,The Village at Black Creek,dpz3n8bb1,1.0
88,The Village at Black Creek,dpz3n8bb2,1.0
88,The Village at Black Creek,dpz3n8bb3,1.0
88,The Village at Black Creek,dpz3n8bb4,1.0
88,The Village at Black Creek,dpz3n8bb5,1.0
88,The Village at Black Creek,dpz3n8bb6,1.0
88,The Village at Black Creek,dpz3n8bb7,1.0
88,The Village at Black Creek,dpz3n8bb8,1.0
88,The Village at Black Creek,dpz3n8bb9,0.9999999999999998
88,The Village at Black Creek,dpz3n8bbb,1.0
88,The Village at Black Creek,dpz3n8bbc,0.9999999999999998
88,The Village at Black Creek,dpz3n8bbd,1.0
88,The Village at Black Creek,dpz3n8bbe,0.9999999999999998
88,The Village at Black Creek,dpz3n8bbf,1.0
88,The Village at Black Creek,dpz3n8bbg,1.0
88,The Village at Black Creek,dpz3n8bbh,1.0
88,The Village at Black Creek,dpz3n8bbj,1.0
88,The Village at Black Creek,dpz3n8bbk,1.0
88,The Village at Black Creek,dpz3n8bbm,1.0
88,The Village at Black Creek,dpz3n8bbn,1.0
88,The Village at Black Creek,dpz3n8bbp,1.0
88,The Village at Black Creek,dpz3n8bbq,0.9999999999999998
88,The Village at Black Creek,dpz3n8bbr,1.0
88,The Village at Black Creek,dpz3n8bbs,1.0
88,The Village at Black Creek,dpz3n8bbt,1.0
88,The Village at Black Creek,dpz3n8bbu,1.0
88,The Village at Black Creek,dpz3n8bbv,1.0
88,The Village at Black Creek,dpz3n8bbw,1.0
88,The Village at Black Creek,dpz3n8bbx,1.0
88,The Village at Black Creek,dpz3n8bby,1.0
88,The Village at Black Creek,dpz3n8bbz,1.0
88,The Village at Black Creek,dpz3n8bc0,1.0
88,The Village at Black Creek,dpz3n8bc1,1.0
88,The Village at Black Creek,dpz3n8bc2,1.0
88,The Village at Black Creek,dpz3n8bc3,1.0
88,The Village at Black Creek,dpz3n8bc4,1.0
88,The Village at Black Creek,dpz3n8bc5,1.0
88,The Village at Black Creek,dpz3n8bc6,1.0
88,The Village at Black Creek,dpz3n8bc7,1.0
88,The Village at Black Creek,dpz3n8bc8,1.0
88,The Village at Black Creek,dpz3n8bc9,1.0
88,The Village at Black Creek,dpz3n8bcb,1.0
88,The Village at Black Creek,dpz3n8bcc,1.0
88,The Village at Black Creek,dpz3n8bcd,1.0
88,The Village at Black Creek,dpz3n8bce,1.0
88,The Village at Black Creek,dpz3n8bcf,1.0
88,The Village at Black Creek,dpz3n8bcg,1.0
88,The Village at Black Creek,dpz3n8bch,1.0
88,The Village at Black Creek,dpz3n8bcj,1.0
88,The Village at Black Creek,dpz3n8bck,0.9999999999999998
88,The Village at Black Creek,dpz3n8bcm,1.0
88,The Village at Black Creek,dpz3n8bcn,1.0
88,The Village at Black Creek,dpz3n8bcp,1.0
88,The Village at Black Creek,dpz3n8bcq,1.0
88,The Village at Black Creek,dpz3n8bcr,1.0
88,The Village at Black Creek,dpz3n8bcs,1.0
88,The Village at Black Creek,dpz3n8bct,0.9999999999999998
88,The Village at Black Creek,dpz3n8bcu,1.0
88,The Village at Black Creek,dpz3n8bcv,1.0
88,The Village at Black Creek,dpz3n8bcw,1.0
88,The Village at Black Creek,dpz3n8bcx,1.0
88,The Village at Black Creek,dpz3n8bcy,1.0
88,The Village at Black Creek,dpz3n8bcz,1.0
88,The Village at Black Creek,dpz3n8bd0,1.0
88,The Village at Black Creek,dpz3n8bd1,1.0
88,The Village at Black Creek,dpz3n8bd2,1.0
88,The Village at Black Creek,dpz3n8bd3,1.0
88,The Village at Black Creek,dpz3n8bd4,1.0
88,The Village at Black Creek,dpz3n8bd5,1.0
88,The Village at Black Creek,dpz3n8bd6,1.0
88,The Village at Black Creek,dpz3n8bd7,1.0
88,The Village at Black Creek,dpz3n8bd8,1.0
88,The Village at Black Creek,dpz3n8bd9,1.0
88,The Village at Black Creek,dpz3n8bdb,1.0
88,The Village at Black Creek,dpz3n8bdc,0.9999999999999998
88,The Village at Black Creek,dpz3n8bdd,1.0
88,The Village at Black Creek,dpz3n8bde,1.0
88,The Village at Black Creek,dpz3n8bdf,0.9999999999999998
88,The Village at Black Creek,dpz3n8bdg,0.9999999999999998
88,The Village at Black Creek,dpz3n8bdh,1.0
88,The Village at Black Creek,dpz3n8bdj,1.0
88,The Village at Black Creek,dpz3n8bdk,1.0
88,The Village at Black Creek,dpz3n8bdm,1.0
88,The Village at Black Creek,dpz3n8bdn,1.0
88,The Village at Black Creek,dpz3n8bdp,1.0
88,The Village at Black Creek,dpz3n8bdq,1.0
88,The Village at Black Creek,dpz3n8bdr,1.0
88,The Village at Black Creek,dpz3n8bds,1.0
88,The Village at Black Creek,dpz3n8bdt,1.0
88,The Village at Black Creek,dpz3n8bdu,1.0
88,The Village at Black Creek,dpz3n8bdv,1.0
88,The Village at Black Creek,dpz3n8bdw,1.0
88,The Village at Black Creek,dpz3n8bdx,1.0
88,The Village at Black Creek,dpz3n8bdy,1.0
88,The Village at Black Creek,dpz3n8bdz,1.0
88,The Village at Black Creek,dpz3n8be0,1.0
88,The Village at Black Creek,dpz3n8be1,1.0
88,The Village at Black Creek,dpz3n8be2,1.0
88,The Village at Black Creek,dpz3n8be3,1.0
88,The Village at Black Creek,dpz3n8be4,1.0
88,The Village at Black Creek,dpz3n8be5,0.9999999999999998
88,The Village at Black Creek,dpz3n8be6,1.0
88,The Village at Black Creek,dpz3n8be7,1.0
88,The Village at Black Creek,dpz3n8be8,0.9999999999999998
88,The Village at Black Creek,dpz3n8be9,1.0
88,The Village at Black Creek,dpz3n8beb,1.0
88,The Village at Black Creek,dpz3n8bec,1.0
88,The Village at Black Creek,dpz3n8bed,1.0
88,The Village at Black Creek,dpz3n8bee,1.0
88,The Village at Black Creek,dpz3n8bef,1.0
88,The Village at Black Creek,dpz3n8beg,1.0
88,The Village at Black Creek,dpz3n8beh,1.0
88,The Village at Black Creek,dpz3n8bej,1.0
88,The Village at Black Creek,dpz3n8bek,1.0
88,The Village at Black Creek,dpz3n8bem,1.0
88,The Village at Black Creek,dpz3n8ben,1.0
88,The Village at Black Creek,dpz3n8bep,1.0
88,The Village at Black Creek,dpz3n8beq,1.0
88,The Village at Black Creek,dpz3n8ber,1.0
88,The Village at Black Creek,dpz3n8bes,1.0
88,The Village at Black Creek,dpz3n8bet,1.0
88,The Village at Black Creek,dpz3n8beu,1.0
88,The Village at Black Creek,dpz3n8bev,1.0
88,The Village at Black Creek,dpz3n8bew,1.0
88,The Village at Black Creek,dpz3n8bex,1.0
88,The Village at Black Creek,dpz3n8bey,1.0
88,The Village at Black Creek,dpz3n8bez,1.0
88,The Village at Black Creek,dpz3n8bf0,1.0
88,The Village at Black Creek,dpz3n8bf1,1.0
88,The Village at Black Creek,dpz3n8bf2,1.0
88,The Village at Black Creek,dpz3n8bf3,1.0
88,The Village at Black Creek,dpz3n8bf4,1.0
88,The Village at Black Creek,dpz3n8bf5,1.0
88,The Village at Black Creek,dpz3n8bf6,1.0
88,The Village at Black Creek,dpz3n8bf7,1.0
88,The Village at Black Creek,dpz3n8bf8,1.0
88,The Village at Black Creek,dpz3n8bf9,1.0
88,The Village at Black Creek,dpz3n8bfb,1.0
88,The Village at Black Creek,dpz3n8bfc,0.9999999999999998
88,The Village at Black Creek,dpz3n8bfd,1.0
88,The Village at Black Creek,dpz3n8bfe,1.0
88,The Village at Black Creek,dpz3n8bff,0.9999999999999998
88,The Village at Black Creek,dpz3n8bfg,1.0
88,The Village at Black Creek,dpz3n8bfh,1.0
88,The Village at Black Creek,dpz3n8bfj,1.0
88,The Village at Black Creek,dpz3n8bfk,0.9999999999999998
88,The Village at Black Creek,dpz3n8bfm,1.0
88,The Village at Black Creek,dpz3n8bfn,1.0
88,The Village at Black Creek,dpz3n8bfp,1.0
88,The Village at Black Creek,dpz3n8bfq,1.0
88,The Village at Black Creek,dpz3n8bfr,1.0
88,The Village at Black Creek,dpz3n8bfs,1.0
88,The Village at Black Creek,dpz3n8bft,1.0
88,The Village at Black Creek,dpz3n8bfu,1.0
88,The Village at Black Creek,dpz3n8bfv,1.0
88,The Village at Black Creek,dpz3n8bfw,1.0
88,The Village at Black Creek,dpz3n8bfx,1.0
88,The Village at Black Creek,dpz3n8bfy,1.0
88,The Village at Black Creek,dpz3n8bfz,1.0
88,The Village at Black Creek,dpz3n8bg0,1.0
88,The Village at Black Creek,dpz3n8bg1,1.0
88,The Village at Black Creek,dpz3n8bg2,1.0
88,The Village at Black Creek,dpz3n8bg3,1.0
88,The Village at Black Creek,dpz3n8bg4,1.0
88,The Village at Black Creek,dpz3n8bg5,1.0
88,The Village at Black Creek,dpz3n8bg6,1.0
88,The Village at Black Creek,dpz3n8bg7,1.0
88,The Village at Black Creek,dpz3n8bg8,1.0
88,The Village at Black Creek,dpz3n8bg9,1.0
88,The Village at Black Creek,dpz3n8bgb,1.0
88,The Village at Black Creek,dpz3n8bgc,1.0
88,The Village at Black Creek,dpz3n8bgd,1.0
88,The Village at Black Creek,dpz3n8bge,1.0
88,The Village at Black Creek,dpz3n8bgf,1.0
88,The Village at Black Creek,dpz3n8bgg,1.0
88,The Village at Black Creek,dpz3n8bgh,1.0
88,The Village at Black Creek,dpz3n8bgj,1.0
88,The Village at Black Creek,dpz3n8bgk,1.0
88,The Village at Black Creek,dpz3n8bgm,1.0
88,The Village at Black Creek,dpz3n8bgn,1.0
88,The Village at Black Creek,dpz3n8bgp,1.0
88,The Village at Black Creek,dpz3n8bgq,1.0
88,The Village at Black Creek,dpz3n8bgr,1.0
88,The Village at Black Creek,dpz3n8bgs,1.0
88,The Village at Black Creek,dpz3n8bgt,1.0
88,The Village at Black Creek,dpz3n8bgu,1.0
88,The Village at Black Creek,dpz3n8bgv,1.0
88,The Village at Black Creek,dpz3n8bgw,1.0
88,The Village at Black Creek,dpz3n8bgx,1.0
88,The Village at Black Creek,dpz3n8bgy,1.0
88,The Village at Black Creek,dpz3n8bgz,1.0
88,The Village at Black Creek,dpz3n8bh0,0.9999999999999998
88,The Village at Black Creek,dpz3n8bh1,1.0
88,The Village at Black Creek,dpz3n8bh2,1.0
88,The Village at Black Creek,dpz3n8bh3,1.0
88,The Village at Black Creek,dpz3n8bh4,1.0
88,The Village at Black Creek,dpz3n8bh5,1.0
88,The Village at Black Creek,dpz3n8bh6,1.0
88,The Village at Black Creek,dpz3n8bh7,1.0
88,The Village at Black Creek,dpz3n8bh8,1.0
88,The Village at Black Creek,dpz3n8bh9,1.0
88,The Village at Black Creek,dpz3n8bhb,1.0
88,The Village at Black Creek,dpz3n8bhc,1.0
88,The Village at Black Creek,dpz3n8bhd,1.0
88,The Village at Black Creek,dpz3n8bhe,1.0
88,The Village at Black Creek,dpz3n8bhf,1.0
88,The Village at Black Creek,dpz3n8bhg,1.0
88,The Village at Black Creek,dpz3n8bhh,1.0
88,The Village at Black Creek,dpz3n8bhj,1.0
88,The Village at Black Creek,dpz3n8bhk,0.9999999999999998
88,The Village at Black Creek,dpz3n8bhm,1.0
88,The Village at Black Creek,dpz3n8bhn,1.0
88,The Village at Black Creek,dpz3n8bhp,1.0
88,The Village at Black Creek,dpz3n8bhq,0.9999999999999998
88,The Village at Black Creek,dpz3n8bhr,1.0
88,The Village at Black Creek,dpz3n8bhs,1.0
88,The Village at Black Creek,dpz3n8bht,1.0
88,The Village at Black Creek,dpz3n8bhu,1.0
88,The Village at Black Creek,dpz3n8bhv,0.9999999999999998
88,The Village at Black Creek,dpz3n8bhw,1.0
88,The Village at Black Creek,dpz3n8bhx,1.0
88,The Village at Black Creek,dpz3n8bhy,1.0
88,The Village at Black Creek,dpz3n8bhz,1.0
88,The Village at Black Creek,dpz3n8bj0,1.0
88,The Village at Black Creek,dpz3n8bj1,0.9999999999999998
88,The Village at Black Creek,dpz3n8bj2,1.0
88,The Village at Black Creek,dpz3n8bj3,1.0
88,The Village at Black Creek,dpz3n8bj4,1.0
88,The Village at Black Creek,dpz3n8bj5,1.0
88,The Village at Black Creek,dpz3n8bj6,1.0
88,The Village at Black Creek,dpz3n8bj7,1.0
88,The Village at Black Creek,dpz3n8bj8,1.0
88,The Village at Black Creek,dpz3n8bj9,1.0
88,The Village at Black Creek,dpz3n8bjb,1.0
88,The Village at Black Creek,dpz3n8bjc,1.0
88,The Village at Black Creek,dpz3n8bjd,1.0
88,The Village at Black Creek,dpz3n8bje,1.0
88,The Village at Black Creek,dpz3n8bjf,1.0
88,The Village at Black Creek,dpz3n8bjg,1.0
88,The Village at Black Creek,dpz3n8bjh,1.0
88,The Village at Black Creek,dpz3n8bjj,0.9999999999999998
88,The Village at Black Creek,dpz3n8bjk,1.0
88,The Village at Black Creek,dpz3n8bjm,1.0
88,The Village at Black Creek,dpz3n8bjn,1.0
88,The Village at Black Creek,dpz3n8bjp,1.0
88,The Village at Black Creek,dpz3n8bjq,1.0
88,The Village at Black Creek,dpz3n8bjr,1.0
88,The Village at Black Creek,dpz3n8bjs,1.0
88,The Village at Black Creek,dpz3n8bjt,1.0
88,The Village at Black Creek,dpz3n8bju,1.0
88,The Village at Black Creek,dpz3n8bjv,1.0
88,The Village at Black Creek,dpz3n8bjw,1.0
88,The Village at Black Creek,dpz3n8bjx,1.0
88,The Village at Black Creek,dpz3n8bjy,0.9999999999999998
88,The Village at Black Creek,dpz3n8bjz,1.0
88,The Village at Black Creek,dpz3n8bk0,1.0
88,The Village at Black Creek,dpz3n8bk1,1.0
88,The Village at Black Creek,dpz3n8bk2,1.0
88,The Village at Black Creek,dpz3n8bk3,1.0
88,The Village at Black Creek,dpz3n8bk4,1.0
88,The Village at Black Creek,dpz3n8bk5,1.0
88,The Village at Black Creek,dpz3n8bk6,1.0
88,The Village at Black Creek,dpz3n8bk7,1.0
88,The Village at Black Creek,dpz3n8bk8,1.0
88,The Village at Black Creek,dpz3n8bk9,1.0
88,The Village at Black Creek,dpz3n8bkb,1.0
88,The Village at Black Creek,dpz3n8bkc,1.0
88,The Village at Black Creek,dpz3n8bkd,1.0
88,The Village at Black Creek,dpz3n8bke,1.0
88,The Village at Black Creek,dpz3n8bkf,1.0
88,The Village at Black Creek,dpz3n8bkg,0.9999999999999998
88,The Village at Black Creek,dpz3n8bkh,1.0
88,The Village at Black Creek,dpz3n8bkj,1.0
88,The Village at Black Creek,dpz3n8bkk,1.0
88,The Village at Black Creek,dpz3n8bkm,1.0
88,The Village at Black Creek,dpz3n8bkn,1.0
88,The Village at Black Creek,dpz3n8bkp,1.0
88,The Village at Black Creek,dpz3n8bkq,1.0
88,The Village at Black Creek,dpz3n8bkr,1.0
88,The Village at Black Creek,dpz3n8bks,1.0
88,The Village at Black Creek,dpz3n8bkt,1.0
88,The Village at Black Creek,dpz3n8bku,1.0
88,The Village at Black Creek,dpz3n8bkv,0.9999999999999998
88,The Village at Black Creek,dpz3n8bkw,0.9999999999999998
88,The Village at Black Creek,dpz3n8bkx,0.9999999999999998
88,The Village at Black Creek,dpz3n8bky,1.0
88,The Village at Black Creek,dpz3n8bkz,1.0
88,The Village at Black Creek,dpz3n8bm0,0.9999999999999998
88,The Village at Black Creek,dpz3n8bm1,1.0
88,The Village at Black Creek,dpz3n8bm2,1.0
88,The Village at Black Creek,dpz3n8bm3,1.0
88,The Village at Black Creek,dpz3n8bm4,1.0
88,The Village at Black Creek,dpz3n8bm5,1.0
88,The Village at Black Creek,dpz3n8bm6,1.0
88,The Village at Black Creek,dpz3n8bm7,1.0
88,The Village at Black Creek,dpz3n8bm8,1.0
88,The Village at Black Creek,dpz3n8bm9,1.0
88,The Village at Black Creek,dpz3n8bmb,1.0
88,The Village at Black Creek,dpz3n8bmc,1.0
88,The Village at Black Creek,dpz3n8bmd,0.9999999999999998
88,The Village at Black Creek,dpz3n8bme,1.0
88,The Village at Black Creek,dpz3n8bmf,1.0
88,The Village at Black Creek,dpz3n8bmg,1.0
88,The Village at Black Creek,dpz3n8bmh,1.0
88,The Village at Black Creek,dpz3n8bmj,1.0
88,The Village at Black Creek,dpz3n8bmk,0.9999999999999998
88,The Village at Black Creek,dpz3n8bmm,1.0
88,The Village at Black Creek,dpz3n8bmn,1.0
88,The Village at Black Creek,dpz3n8bmp,1.0
88,The Village at Black Creek,dpz3n8bmq,1.0
88,The Village at Black Creek,dpz3n8bmr,1.0
88,The Village at Black Creek,dpz3n8bms,1.0
88,The Village at Black Creek,dpz3n8bmt,1.0
88,The Village at Black Creek,dpz3n8bmu,1.0
88,The Village at Black Creek,dpz3n8bmv,1.0
88,The Village at Black Creek,dpz3n8bmw,0.9999999999999998
88,The Village at Black Creek,dpz3n8bmx,1.0
88,The Village at Black Creek,dpz3n8bmy,1.0
88,The Village at Black Creek,dpz3n8bmz,1.0
88,The Village at Black Creek,dpz3n8bn0,1.0
88,The Village at Black Creek,dpz3n8bn1,1.0
88,The Village at Black Creek,dpz3n8bn2,1.0
88,The Village at Black Creek,dpz3n8bn3,1.0
88,The Village at Black Creek,dpz3n8bn4,0.9999999999999998
88,The Village at Black Creek,dpz3n8bn5,1.0
88,The Village at Black Creek,dpz3n8bn6,1.0
88,The Village at Black Creek,dpz3n8bn7,1.0
88,The Village at Black Creek,dpz3n8bn8,1.0
88,The Village at Black Creek,dpz3n8bn9,1.0
88,The Village at Black Creek,dpz3n8bnb,1.0
88,The Village at Black Creek,dpz3n8bnc,1.0
88,The Village at Black Creek,dpz3n8bnd,1.0
88,The Village at Black Creek,dpz3n8bne,0.9999999999999998
88,The Village at Black Creek,dpz3n8bnf,1.0
88,The Village at Black Creek,dpz3n8bng,1.0
88,The Village at Black Creek,dpz3n8bnh,1.0
88,The Village at Black Creek,dpz3n8bnj,0.9999999999999998
88,The Village at Black Creek,dpz3n8bnk,1.0
88,The Village at Black Creek,dpz3n8bnm,1.0
88,The Village at Black Creek,dpz3n8bnn,0.9999999999999998
88,The Village at Black Creek,dpz3n8bnp,1.0
88,The Village at Black Creek,dpz3n8bnq,1.0
88,The Village at Black Creek,dpz3n8bnr,1.0
88,The Village at Black Creek,dpz3n8bns,1.0
88,The Village at Black Creek,dpz3n8bnt,1.0
88,The Village at Black Creek,dpz3n8bnu,1.0
88,The Village at Black Creek,dpz3n8bnv,1.0
88,The Village at Black Creek,dpz3n8bnw,1.0
88,The Village at Black Creek,dpz3n8bnx,1.0
88,The Village at Black Creek,dpz3n8bny,1.0
88,The Village at Black Creek,dpz3n8bnz,1.0
88,The Village at Black Creek,dpz3n8bp0,1.0
88,The Village at Black Creek,dpz3n8bp1,1.0
88,The Village at Black Creek,dpz3n8bp2,1.0
88,The Village at Black Creek,dpz3n8bp3,0.9999999999999998
88,The Village at Black Creek,dpz3n8bp4,1.0
88,The Village at Black Creek,dpz3n8bp5,1.0
88,The Village at Black Creek,dpz3n8bp6,1.0
88,The Village at Black Creek,dpz3n8bp7,1.0
88,The Village at Black Creek,dpz3n8bp8,1.0
88,The Village at Black Creek,dpz3n8bp9,0.9999999999999998
88,The Village at Black Creek,dpz3n8bpb,1.0
88,The Village at Black Creek,dpz3n8bpc,1.0
88,The Village at Black Creek,dpz3n8bpd,1.0
88,The Village at Black Creek,dpz3n8bpe,1.0
88,The Village at Black Creek,dpz3n8bpf,1.0
88,The Village at Black Creek,dpz3n8bpg,1.0
88,The Village at Black Creek,dpz3n8bph,1.0
88,The Village at Black Creek,dpz3n8bpj,1.0
88,The Village at Black Creek,dpz3n8bpk,1.0
88,The Village at Black Creek,dpz3n8bpm,1.0
88,The Village at Black Creek,dpz3n8bpn,1.0
88,The Village at Black Creek,dpz3n8bpp,1.0
88,The Village at Black Creek,dpz3n8bpq,1.0
88,The Village at Black Creek,dpz3n8bpr,1.0
88,The Village at Black Creek,dpz3n8bps,0.9999999999999998
88,The Village at Black Creek,dpz3n8bpt,1.0
88,The Village at Black Creek,dpz3n8bpu,1.0
88,The Village at Black Creek,dpz3n8bpv,0.9999999999999998
88,The Village at Black Creek,dpz3n8bpw,1.0
88,The Village at Black Creek,dpz3n8bpx,1.0
88,The Village at Black Creek,dpz3n8bpy,0.9999999999999998
88,The Village at Black Creek,dpz3n8bpz,0.9999999999999998
88,The Village at Black Creek,dpz3n8bq0,1.0
88,The Village at Black Creek,dpz3n8bq1,1.0
88,The Village at Black Creek,dpz3n8bq2,1.0
88,The Village at Black Creek,dpz3n8bq3,1.0
88,The Village at Black Creek,dpz3n8bq4,1.0
88,The Village at Black Creek,dpz3n8bq5,1.0
88,The Village at Black Creek,dpz3n8bq6,0.9999999999999998
88,The Village at Black Creek,dpz3n8bq7,1.0
88,The Village at Black Creek,dpz3n8bq8,1.0
88,The Village at Black Creek,dpz3n8bq9,1.0
88,The Village at Black Creek,dpz3n8bqb,1.0
88,The Village at Black Creek,dpz3n8bqc,1.0
88,The Village at Black Creek,dpz3n8bqd,1.0
88,The Village at Black Creek,dpz3n8bqe,1.0
88,The Village at Black Creek,dpz3n8bqf,1.0
88,The Village at Black Creek,dpz3n8bqg,0.9999999999999998
88,The Village at Black Creek,dpz3n8bqh,1.0
88,The Village at Black Creek,dpz3n8bqj,1.0
88,The Village at Black Creek,dpz3n8bqk,0.9999999999999998
88,The Village at Black Creek,dpz3n8bqm,1.0
88,The Village at Black Creek,dpz3n8bqn,1.0
88,The Village at Black Creek,dpz3n8bqp,1.0
88,The Village at Black Creek,dpz3n8bqq,0.9999999999999998
88,The Village at Black Creek,dpz3n8bqr,1.0
88,The Village at Black Creek,dpz3n8bqs,1.0
88,The Village at Black Creek,dpz3n8bqt,1.0
88,The Village at Black Creek,dpz3n8bqu,1.0
88,The Village at Black Creek,dpz3n8bqv,1.0
88,The Village at Black Creek,dpz3n8bqw,1.0
88,The Village at Black Creek,dpz3n8bqx,1.0
88,The Village at Black Creek,dpz3n8bqy,1.0
88,The Village at Black Creek,dpz3n8bqz,1.0
88,The Village at Black Creek,dpz3n8br0,1.0
88,The Village at Black Creek,dpz3n8br1,1.0
88,The Village at Black Creek,dpz3n8br2,1.0
88,The Village at Black Creek,dpz3n8br3,1.0
88,The Village at Black Creek,dpz3n8br4,1.0
88,The Village at Black Creek,dpz3n8br5,1.0
88,The Village at Black Creek,dpz3n8br6,1.0
88,The Village at Black Creek,dpz3n8br7,1.0
88,The Village at Black Creek,dpz3n8br8,1.0
88,The Village at Black Creek,dpz3n8br9,1.0
88,The Village at Black Creek,dpz3n8brb,1.0
88,The Village at Black Creek,dpz3n8brc,1.0
88,The Village at Black Creek,dpz3n8brd,1.0
88,The Village at Black Creek,dpz3n8bre,1.0
88,The Village at Black Creek,dpz3n8brf,1.0
88,The Village at Black Creek,dpz3n8brg,1.0
88,The Village at Black Creek,dpz3n8brh,1.0
88,The Village at Black Creek,dpz3n8brj,1.0
88,The Village at Black Creek,dpz3n8brk,1.0
88,The Village at Black Creek,dpz3n8brm,1.0
88,The Village at Black Creek,dpz3n8brn,1.0
88,The Village at Black Creek,dpz3n8brp,1.0
88,The Village at Black Creek,dpz3n8brq,1.0
88,The Village at Black Creek,dpz3n8brr,1.0
88,The Village at Black Creek,dpz3n8brs,1.0
88,The Village at Black Creek,dpz3n8brt,1.0
88,The Village at Black Creek,dpz3n8bru,1.0
88,The Village at Black Creek,dpz3n8brv,1.0
88,The Village at Black Creek,dpz3n8brw,1.0
88,The Village at Black Creek,dpz3n8brx,1.0
88,The Village at Black Creek,dpz3n8bry,1.0
88,The Village at Black Creek,dpz3n8brz,1.0
88,The Village at Black Creek,dpz3n8bs0,1.0
88,The Village at Black Creek,dpz3n8bs1,1.0
88,The Village at Black Creek,dpz3n8bs2,1.0
88,The Village at Black Creek,dpz3n8bs3,1.0
88,The Village at Black Creek,dpz3n8bs4,1.0
88,The Village at Black Creek,dpz3n8bs5,1.0
88,The Village at Black Creek,dpz3n8bs6,1.0
88,The Village at Black Creek,dpz3n8bs7,1.0
88,The Village at Black Creek,dpz3n8bs8,1.0
88,The Village at Black Creek,dpz3n8bs9,1.0
88,The Village at Black Creek,dpz3n8bsb,1.0
88,The Village at Black Creek,dpz3n8bsc,1.0
88,The Village at Black Creek,dpz3n8bsd,1.0
88,The Village at Black Creek,dpz3n8bse,1.0
88,The Village at Black Creek,dpz3n8bsf,1.0
88,The Village at Black Creek,dpz3n8bsg,1.0
88,The Village at Black Creek,dpz3n8bsh,1.0
88,The Village at Black Creek,dpz3n8bsj,1.0
88,The Village at Black Creek,dpz3n8bsk,1.0
88,The Village at Black Creek,dpz3n8bsm,1.0
88,The Village at Black Creek,dpz3n8bsn,0.9999999999999998
88,The Village at Black Creek,dpz3n8bsp,1.0
88,The Village at Black Creek,dpz3n8bsq,1.0
88,The Village at Black Creek,dpz3n8bsr,1.0
88,The Village at Black Creek,dpz3n8bss,1.0
88,The Village at Black Creek,dpz3n8bst,0.9999999999999998
88,The Village at Black Creek,dpz3n8bsu,1.0
88,The Village at Black Creek,dpz3n8bsv,1.0
88,The Village at Black Creek,dpz3n8bsw,1.0
88,The Village at Black Creek,dpz3n8bsx,1.0
88,The Village at Black Creek,dpz3n8bsy,1.0
88,The Village at Black Creek,dpz3n8bsz,1.0
88,The Village at Black Creek,dpz3n8bt0,1.0
88,The Village at Black Creek,dpz3n8bt1,1.0
88,The Village at Black Creek,dpz3n8bt2,0.9999999999999998
88,The Village at Black Creek,dpz3n8bt3,0.9999999999999998
88,The Village at Black Creek,dpz3n8bt4,1.0
88,The Village at Black Creek,dpz3n8bt5,1.0
88,The Village at Black Creek,dpz3n8bt6,1.0
88,The Village at Black Creek,dpz3n8bt7,1.0
88,The Village at Black Creek,dpz3n8bt8,1.0
88,The Village at Black Creek,dpz3n8bt9,1.0
88,The Village at Black Creek,dpz3n8btb,0.9999999999999998
88,The Village at Black Creek,dpz3n8btc,1.0
88,The Village at Black Creek,dpz3n8btd,1.0
88,The Village at Black Creek,dpz3n8bte,1.0
88,The Village at Black Creek,dpz3n8btf,1.0
88,The Village at Black Creek,dpz3n8btg,1.0
88,The Village at Black Creek,dpz3n8bth,1.0
88,The Village at Black Creek,dpz3n8btj,1.0
88,The Village at Black Creek,dpz3n8btk,0.9999999999999998
88,The Village at Black Creek,dpz3n8btm,1.0
88,The Village at Black Creek,dpz3n8btn,1.0
88,The Village at Black Creek,dpz3n8btp,1.0
88,The Village at Black Creek,dpz3n8btq,1.0
88,The Village at Black Creek,dpz3n8btr,1.0
88,The Village at Black Creek,dpz3n8bts,1.0
88,The Village at Black Creek,dpz3n8btt,1.0
88,The Village at Black Creek,dpz3n8btu,1.0
88,The Village at Black Creek,dpz3n8btv,1.0
88,The Village at Black Creek,dpz3n8btw,1.0
88,The Village at Black Creek,dpz3n8btx,1.0
88,The Village at Black Creek,dpz3n8bty,1.0
88,The Village at Black Creek,dpz3n8btz,1.0
88,The Village at Black Creek,dpz3n8bu0,1.0
88,The Village at Black Creek,dpz3n8bu1,1.0
88,The Village at Black Creek,dpz3n8bu2,1.0
88,The Village at Black Creek,dpz3n8bu3,1.0
88,The Village at Black Creek,dpz3n8bu4,1.0
88,The Village at Black Creek,dpz3n8bu5,1.0
88,The Village at Black Creek,dpz3n8bu6,1.0
88,The Village at Black Creek,dpz3n8bu7,1.0
88,The Village at Black Creek,dpz3n8bu8,1.0
88,The Village at Black Creek,dpz3n8bu9,1.0
88,The Village at Black Creek,dpz3n8bub,1.0
88,The Village at Black Creek,dpz3n8buc,1.0
88,The Village at Black Creek,dpz3n8bud,1.0
88,The Village at Black Creek,dpz3n8bue,1.0
88,The Village at Black Creek,dpz3n8buf,1.0
88,The Village at Black Creek,dpz3n8bug,1.0
88,The Village at Black Creek,dpz3n8buh,1.0
88,The Village at Black Creek,dpz3n8buj,1.0
88,The Village at Black Creek,dpz3n8buk,1.0
88,The Village at Black Creek,dpz3n8bum,1.0
88,The Village at Black Creek,dpz3n8bun,1.0
88,The Village at Black Creek,dpz3n8bup,1.0
88,The Village at Black Creek,dpz3n8buq,1.0
88,The Village at Black Creek,dpz3n8bur,0.9999999999999998
88,The Village at Black Creek,dpz3n8bus,1.0
88,The Village at Black Creek,dpz3n8but,1.0
88,The Village at Black Creek,dpz3n8buu,1.0
88,The Village at Black Creek,dpz3n8buv,1.0
88,The Village at Black Creek,dpz3n8buw,1.0
88,The Village at Black Creek,dpz3n8bux,1.0
88,The Village at Black Creek,dpz3n8buy,1.0
88,The Village at Black Creek,dpz3n8buz,1.0
88,The Village at Black Creek,dpz3n8bv0,1.0
88,The Village at Black Creek,dpz3n8bv1,1.0
88,The Village at Black Creek,dpz3n8bv2,1.0
88,The Village at Black Creek,dpz3n8bv3,0.9999999999999998
88,The Village at Black Creek,dpz3n8bv4,1.0
88,The Village at Black Creek,dpz3n8bv5,1.0
88,The Village at Black Creek,dpz3n8bv6,1.0
88,The Village at Black Creek,dpz3n8bv7,1.0
88,The Village at Black Creek,dpz3n8bv8,1.0
88,The Village at Black Creek,dpz3n8bv9,1.0
88,The Village at Black Creek,dpz3n8bvb,1.0
88,The Village at Black Creek,dpz3n8bvc,1.0
88,The Village at Black Creek,dpz3n8bvd,0.9999999999999998
88,The Village at Black Creek,dpz3n8bve,1.0
88,The Village at Black Creek,dpz3n8bvf,1.0
88,The Village at Black Creek,dpz3n8bvg,1.0
88,The Village at Black Creek,dpz3n8bvh,1.0
88,The Village at Black Creek,dpz3n8bvj,1.0
88,The Village at Black Creek,dpz3n8bvk,1.0
88,The Village at Black Creek,dpz3n8bvm,1.0
88,The Village at Black Creek,dpz3n8bvn,1.0
88,The Village at Black Creek,dpz3n8bvp,1.0
88,The Village at Black Creek,dpz3n8bvq,1.0
88,The Village at Black Creek,dpz3n8bvr,1.0
88,The Village at Black Creek,dpz3n8bvs,1.0
88,The Village at Black Creek,dpz3n8bvt,1.0
88,The Village at Black Creek,dpz3n8bvu,1.0
88,The Village at Black Creek,dpz3n8bvv,0.9999999999999998
88,The Village at Black Creek,dpz3n8bvw,0.9999999999999998
88,The Village at Black Creek,dpz3n8bvx,0.9999999999999998
88,The Village at Black Creek,dpz3n8bvy,1.0
88,The Village at Black Creek,dpz3n8bvz,1.0
88,The Village at Black Creek,dpz3n8bw0,1.0
88,The Village at Black Creek,dpz3n8bw1,1.0
88,The Village at Black Creek,dpz3n8bw2,1.0
88,The Village at Black Creek,dpz3n8bw3,1.0
88,The Village at Black Creek,dpz3n8bw4,1.0
88,The Village at Black Creek,dpz3n8bw5,1.0
88,The Village at Black Creek,dpz3n8bw6,1.0
88,The Village at Black Creek,dpz3n8bw7,1.0
88,The Village at Black Creek,dpz3n8bw8,0.9999999999999998
88,The Village at Black Creek,dpz3n8bw9,0.9999999999999998
88,The Village at Black Creek,dpz3n8bwb,1.0
88,The Village at Black Creek,dpz3n8bwc,1.0
88,The Village at Black Creek,dpz3n8bwd,1.0
88,The Village at Black Creek,dpz3n8bwe,1.0
88,The Village at Black Creek,dpz3n8bwf,1.0
88,The Village at Black Creek,dpz3n8bwg,1.0
88,The Village at Black Creek,dpz3n8bwh,1.0
88,The Village at Black Creek,dpz3n8bwj,1.0
88,The Village at Black Creek,dpz3n8bwk,0.9999999999999998
88,The Village at Black Creek,dpz3n8bwm,0.9999999999999998
88,The Village at Black Creek,dpz3n8bwn,1.0
88,The Village at Black Creek,dpz3n8bwp,1.0
88,The Village at Black Creek,dpz3n8bwq,1.0
88,The Village at Black Creek,dpz3n8bwr,1.0
88,The Village at Black Creek,dpz3n8bws,1.0
88,The Village at Black Creek,dpz3n8bwt,1.0
88,The Village at Black Creek,dpz3n8bwu,1.0
88,The Village at Black Creek,dpz3n8bwv,1.0
88,The Village at Black Creek,dpz3n8bww,1.0
88,The Village at Black Creek,dpz3n8bwx,1.0
88,The Village at Black Creek,dpz3n8bwy,1.0
88,The Village at Black Creek,dpz3n8bwz,1.0
88,The Village at Black Creek,dpz3n8bx0,1.0
88,The Village at Black Creek,dpz3n8bx1,0.9999999999999998
88,The Village at Black Creek,dpz3n8bx2,1.0
88,The Village at Black Creek,dpz3n8bx3,1.0
88,The Village at Black Creek,dpz3n8bx4,1.0
88,The Village at Black Creek,dpz3n8bx5,1.0
88,The Village at Black Creek,dpz3n8bx6,1.0
88,The Village at Black Creek,dpz3n8bx7,1.0
88,The Village at Black Creek,dpz3n8bx8,1.0
88,The Village at Black Creek,dpz3n8bx9,1.0
88,The Village at Black Creek,dpz3n8bxb,1.0
88,The Village at Black Creek,dpz3n8bxc,1.0
88,The Village at Black Creek,dpz3n8bxd,1.0
88,The Village at Black Creek,dpz3n8bxe,1.0
88,The Village at Black Creek,dpz3n8bxf,1.0
88,The Village at Black Creek,dpz3n8bxg,1.0
88,The Village at Black Creek,dpz3n8bxh,0.9999999999999998
88,The Village at Black Creek,dpz3n8bxj,1.0
88,The Village at Black Creek,dpz3n8bxk,1.0
88,The Village at Black Creek,dpz3n8bxm,1.0
88,The Village at Black Creek,dpz3n8bxn,1.0
88,The Village at Black Creek,dpz3n8bxp,1.0
88,The Village at Black Creek,dpz3n8bxq,1.0
88,The Village at Black Creek,dpz3n8bxr,1.0
88,The Village at Black Creek,dpz3n8bxs,1.0
88,The Village at Black Creek,dpz3n8bxt,1.0
88,The Village at Black Creek,dpz3n8bxu,1.0
88,The Village at Black Creek,dpz3n8bxv,1.0
88,The Village at Black Creek,dpz3n8bxw,1.0
88,The Village at Black Creek,dpz3n8bxx,0.9999999999999998
88,The Village at Black Creek,dpz3n8bxy,1.0
88,The Village at Black Creek,dpz3n8bxz,1.0
88,The Village at Black Creek,dpz3n8by0,1.0
88,The Village at Black Creek,dpz3n8by1,1.0
88,The Village at Black Creek,dpz3n8by2,1.0
88,The Village at Black Creek,dpz3n8by3,1.0
88,The Village at Black Creek,dpz3n8by4,1.0
88,The Village at Black Creek,dpz3n8by5,1.0
88,The Village at Black Creek,dpz3n8by6,1.0
88,The Village at Black Creek,dpz3n8by7,1.0
88,The Village at Black Creek,dpz3n8by8,1.0
88,The Village at Black Creek,dpz3n8by9,1.0
88,The Village at Black Creek,dpz3n8byb,1.0
88,The Village at Black Creek,dpz3n8byc,1.0
88,The Village at Black Creek,dpz3n8byd,1.0
88,The Village at Black Creek,dpz3n8bye,1.0
88,The Village at Black Creek,dpz3n8byf,1.0
88,The Village at Black Creek,dpz3n8byg,0.9999999999999998
88,The Village at Black Creek,dpz3n8byh,1.0
88,The Village at Black Creek,dpz3n8byj,1.0
88,The Village at Black Creek,dpz3n8byk,1.0
88,The Village at Black Creek,dpz3n8bym,1.0
88,The Village at Black Creek,dpz3n8byn,1.0
88,The Village at Black Creek,dpz3n8byp,1.0
88,The Village at Black Creek,dpz3n8byq,1.0
88,The Village at Black Creek,dpz3n8byr,1.0
88,The Village at Black Creek,dpz3n8bys,1.0
88,The Village at Black Creek,dpz3n8byt,1.0
88,The Village at Black Creek,dpz3n8byu,1.0
88,The Village at Black Creek,dpz3n8byv,1.0
88,The Village at Black Creek,dpz3n8byw,1.0
88,The Village at Black Creek,dpz3n8byx,0.9999999999999998
88,The Village at Black Creek,dpz3n8byy,1.0
88,The Village at Black Creek,dpz3n8byz,1.0
88,The Village at Black Creek,dpz3n8bz0,1.0
88,The Village at Black Creek,dpz3n8bz1,1.0
88,The Village at Black Creek,dpz3n8bz2,1.0
88,The Village at Black Creek,dpz3n8bz3,0.9999999999999998
88,The Village at Black Creek,dpz3n8bz4,1.0
88,The Village at Black Creek,dpz3n8bz5,0.9999999999999998
88,The Village at Black Creek,dpz3n8bz6,1.0
88,The Village at Black Creek,dpz3n8bz7,1.0
88,The Village at Black Creek,dpz3n8bz8,0.9999999999999998
88,The Village at Black Creek,dpz3n8bz9,1.0
88,The Village at Black Creek,dpz3n8bzb,1.0
88,The Village at Black Creek,dpz3n8bzc,1.0
88,The Village at Black Creek,dpz3n8bzd,1.0
88,The Village at Black Creek,dpz3n8bze,1.0
88,The Village at Black Creek,dpz3n8bzf,1.0
88,The Village at Black Creek,dpz3n8bzg,1.0
88,The Village at Black Creek,dpz3n8bzh,1.0
88,The Village at Black Creek,dpz3n8bzj,1.0
88,The Village at Black Creek,dpz3n8bzk,1.0
88,The Village at Black Creek,dpz3n8bzm,1.0
88,The Village at Black Creek,dpz3n8bzn,1.0
88,The Village at Black Creek,dpz3n8bzp,1.0
88,The Village at Black Creek,dpz3n8bzq,1.0
88,The Village at Black Creek,dpz3n8bzr,1.0
88,The Village at Black Creek,dpz3n8bzs,1.0
88,The Village at Black Creek,dpz3n8bzt,1.0
88,The Village at Black Creek,dpz3n8bzu,1.0
88,The Village at Black Creek,dpz3n8bzv,1.0
88,The Village at Black Creek,dpz3n8bzw,1.0
88,The Village at Black Creek,dpz3n8bzx,1.0
88,The Village at Black Creek,dpz3n8bzy,1.0
88,The Village at Black Creek,dpz3n8bzz,1.0
88,The Village at Black Creek,dpz3n8c00,1.0
88,The Village at Black Creek,dpz3n8c01,1.0
88,The Village at Black Creek,dpz3n8c02,1.0
88,The Village at Black Creek,dpz3n8c03,1.0
88,The Village at Black Creek,dpz3n8c04,1.0
88,The Village at Black Creek,dpz3n8c05,1.0
88,The Village at Black Creek,dpz3n8c06,1.0
88,The Village at Black Creek,dpz3n8c07,1.0
88,The Village at Black Creek,dpz3n8c08,0.9999999999999998
88,The Village at Black Creek,dpz3n8c09,1.0
88,The Village at Black Creek,dpz3n8c0b,1.0
88,The Village at Black Creek,dpz3n8c0c,1.0
88,The Village at Black Creek,dpz3n8c0d,1.0
88,The Village at Black Creek,dpz3n8c0e,1.0
88,The Village at Black Creek,dpz3n8c0f,1.0
88,The Village at Black Creek,dpz3n8c0g,1.0
88,The Village at Black Creek,dpz3n8c0h,1.0
88,The Village at Black Creek,dpz3n8c0j,1.0
88,The Village at Black Creek,dpz3n8c0k,1.0
88,The Village at Black Creek,dpz3n8c0m,1.0
88,The Village at Black Creek,dpz3n8c0n,0.9999999999999998
88,The Village at Black Creek,dpz3n8c0p,1.0
88,The Village at Black Creek,dpz3n8c0q,0.9999999999999998
88,The Village at Black Creek,dpz3n8c0r,1.0
88,The Village at Black Creek,dpz3n8c0s,1.0
88,The Village at Black Creek,dpz3n8c0t,1.0
88,The Village at Black Creek,dpz3n8c0u,0.9999999999999998
88,The Village at Black Creek,dpz3n8c0v,1.0
88,The Village at Black Creek,dpz3n8c0w,1.0
88,The Village at Black Creek,dpz3n8c0x,1.0
88,The Village at Black Creek,dpz3n8c0y,1.0
88,The Village at Black Creek,dpz3n8c0z,1.0
88,The Village at Black Creek,dpz3n8c10,1.0
88,The Village at Black Creek,dpz3n8c11,1.0
88,The Village at Black Creek,dpz3n8c12,1.0
88,The Village at Black Creek,dpz3n8c13,1.0
88,The Village at Black Creek,dpz3n8c14,1.0
88,The Village at Black Creek,dpz3n8c15,0.9999999999999998
88,The Village at Black Creek,dpz3n8c16,1.0
88,The Village at Black Creek,dpz3n8c17,1.0
88,The Village at Black Creek,dpz3n8c18,1.0
88,The Village at Black Creek,dpz3n8c19,1.0
88,The Village at Black Creek,dpz3n8c1b,1.0
88,The Village at Black Creek,dpz3n8c1c,1.0
88,The Village at Black Creek,dpz3n8c1d,1.0
88,The Village at Black Creek,dpz3n8c1e,1.0
88,The Village at Black Creek,dpz3n8c1f,1.0
88,The Village at Black Creek,dpz3n8c1g,1.0
88,The Village at Black Creek,dpz3n8c1h,1.0
88,The Village at Black Creek,dpz3n8c1j,0.9999999999999998
88,The Village at Black Creek,dpz3n8c1k,1.0
88,The Village at Black Creek,dpz3n8c1m,1.0
88,The Village at Black Creek,dpz3n8c1n,1.0
88,The Village at Black Creek,dpz3n8c1p,1.0
88,The Village at Black Creek,dpz3n8c1q,1.0
88,The Village at Black Creek,dpz3n8c1r,1.0
88,The Village at Black Creek,dpz3n8c1s,1.0
88,The Village at Black Creek,dpz3n8c1t,1.0
88,The Village at Black Creek,dpz3n8c1u,1.0
88,The Village at Black Creek,dpz3n8c1v,1.0
88,The Village at Black Creek,dpz3n8c1w,1.0
88,The Village at Black Creek,dpz3n8c1x,1.0
88,The Village at Black Creek,dpz3n8c1y,1.0
88,The Village at Black Creek,dpz3n8c1z,1.0
88,The Village at Black Creek,dpz3n8c20,0.9999999999999998
88,The Village at Black Creek,dpz3n8c21,1.0
88,The Village at Black Creek,dpz3n8c22,1.0
88,The Village at Black Creek,dpz3n8c23,1.0
88,The Village at Black Creek,dpz3n8c24,1.0
88,The Village at Black Creek,dpz3n8c25,1.0
88,The Village at Black Creek,dpz3n8c26,1.0
88,The Village at Black Creek,dpz3n8c27,1.0
88,The Village at Black Creek,dpz3n8c28,1.0
88,The Village at Black Creek,dpz3n8c29,0.9999999999999998
88,The Village at Black Creek,dpz3n8c2b,1.0
88,The Village at Black Creek,dpz3n8c2c,1.0
88,The Village at Black Creek,dpz3n8c2d,1.0
88,The Village at Black Creek,dpz3n8c2e,1.0
88,The Village at Black Creek,dpz3n8c2f,1.0
88,The Village at Black Creek,dpz3n8c2g,1.0
88,The Village at Black Creek,dpz3n8c2h,1.0
88,The Village at Black Creek,dpz3n8c2j,1.0
88,The Village at Black Creek,dpz3n8c2k,1.0
88,The Village at Black Creek,dpz3n8c2m,1.0
88,The Village at Black Creek,dpz3n8c2n,1.0
88,The Village at Black Creek,dpz3n8c2p,0.9999999999999998
88,The Village at Black Creek,dpz3n8c2q,1.0
88,The Village at Black Creek,dpz3n8c2r,1.0
88,The Village at Black Creek,dpz3n8c2s,1.0
88,The Village at Black Creek,dpz3n8c2t,1.0
88,The Village at Black Creek,dpz3n8c2u,1.0
88,The Village at Black Creek,dpz3n8c2v,1.0
88,The Village at Black Creek,dpz3n8c2w,1.0
88,The Village at Black Creek,dpz3n8c2x,1.0
88,The Village at Black Creek,dpz3n8c2y,1.0
88,The Village at Black Creek,dpz3n8c2z,0.9999999999999998
88,The Village at Black Creek,dpz3n8c30,1.0
88,The Village at Black Creek,dpz3n8c31,1.0
88,The Village at Black Creek,dpz3n8c32,1.0
88,The Village at Black Creek,dpz3n8c33,1.0
88,The Village at Black Creek,dpz3n8c34,1.0
88,The Village at Black Creek,dpz3n8c35,1.0
88,The Village at Black Creek,dpz3n8c36,1.0
88,The Village at Black Creek,dpz3n8c37,0.9999999999999996
88,The Village at Black Creek,dpz3n8c38,1.0
88,The Village at Black Creek,dpz3n8c39,1.0
88,The Village at Black Creek,dpz3n8c3b,1.0
88,The Village at Black Creek,dpz3n8c3c,1.0
88,The Village at Black Creek,dpz3n8c3d,1.0
88,The Village at Black Creek,dpz3n8c3e,0.9999999999999998
88,The Village at Black Creek,dpz3n8c3f,1.0
88,The Village at Black Creek,dpz3n8c3g,1.0
88,The Village at Black Creek,dpz3n8c3h,1.0
88,The Village at Black Creek,dpz3n8c3j,1.0
88,The Village at Black Creek,dpz3n8c3k,1.0
88,The Village at Black Creek,dpz3n8c3m,1.0
88,The Village at Black Creek,dpz3n8c3n,1.0
88,The Village at Black Creek,dpz3n8c3p,1.0
88,The Village at Black Creek,dpz3n8c3q,1.0
88,The Village at Black Creek,dpz3n8c3r,1.0
88,The Village at Black Creek,dpz3n8c3s,1.0
88,The Village at Black Creek,dpz3n8c3t,1.0
88,The Village at Black Creek,dpz3n8c3u,1.0
88,The Village at Black Creek,dpz3n8c3v,1.0
88,The Village at Black Creek,dpz3n8c3w,1.0
88,The Village at Black Creek,dpz3n8c3x,0.9999999999999998
88,The Village at Black Creek,dpz3n8c3y,1.0
88,The Village at Black Creek,dpz3n8c3z,1.0
88,The Village at Black Creek,dpz3n8c40,1.0
88,The Village at Black Creek,dpz3n8c41,1.0
88,The Village at Black Creek,dpz3n8c42,1.0
88,The Village at Black Creek,dpz3n8c43,1.0
88,The Village at Black Creek,dpz3n8c44,1.0
88,The Village at Black Creek,dpz3n8c45,1.0
88,The Village at Black Creek,dpz3n8c46,1.0
88,The Village at Black Creek,dpz3n8c47,1.0
88,The Village at Black Creek,dpz3n8c48,1.0
88,The Village at Black Creek,dpz3n8c49,1.0
88,The Village at Black Creek,dpz3n8c4b,1.0
88,The Village at Black Creek,dpz3n8c4c,1.0
88,The Village at Black Creek,dpz3n8c4d,1.0
88,The Village at Black Creek,dpz3n8c4e,1.0
88,The Village at Black Creek,dpz3n8c4f,1.0
88,The Village at Black Creek,dpz3n8c4g,1.0
88,The Village at Black Creek,dpz3n8c4h,1.0
88,The Village at Black Creek,dpz3n8c4j,1.0
88,The Village at Black Creek,dpz3n8c4k,1.0
88,The Village at Black Creek,dpz3n8c4m,1.0
88,The Village at Black Creek,dpz3n8c4n,1.0
88,The Village at Black Creek,dpz3n8c4p,1.0
88,The Village at Black Creek,dpz3n8c4q,1.0
88,The Village at Black Creek,dpz3n8c4r,1.0
88,The Village at Black Creek,dpz3n8c4s,1.0
88,The Village at Black Creek,dpz3n8c4t,1.0
88,The Village at Black Creek,dpz3n8c4u,1.0
88,The Village at Black Creek,dpz3n8c4v,1.0
88,The Village at Black Creek,dpz3n8c4w,1.0
88,The Village at Black Creek,dpz3n8c4x,1.0
88,The Village at Black Creek,dpz3n8c4y,1.0
88,The Village at Black Creek,dpz3n8c4z,1.0
88,The Village at Black Creek,dpz3n8c50,1.0
88,The Village at Black Creek,dpz3n8c51,1.0
88,The Village at Black Creek,dpz3n8c52,1.0
88,The Village at Black Creek,dpz3n8c53,1.0
88,The Village at Black Creek,dpz3n8c54,1.0
88,The Village at Black Creek,dpz3n8c55,1.0
88,The Village at Black Creek,dpz3n8c56,1.0
88,The Village at Black Creek,dpz3n8c57,0.9999999999999998
88,The Village at Black Creek,dpz3n8c58,1.0
88,The Village at Black Creek,dpz3n8c59,1.0
88,The Village at Black Creek,dpz3n8c5b,1.0
88,The Village at Black Creek,dpz3n8c5c,1.0
88,The Village at Black Creek,dpz3n8c5d,1.0
88,The Village at Black Creek,dpz3n8c5e,1.0
88,The Village at Black Creek,dpz3n8c5f,1.0
88,The Village at Black Creek,dpz3n8c5g,1.0
88,The Village at Black Creek,dpz3n8c5h,1.0
88,The Village at Black Creek,dpz3n8c5j,1.0
88,The Village at Black Creek,dpz3n8c5k,1.0
88,The Village at Black Creek,dpz3n8c5m,1.0
88,The Village at Black Creek,dpz3n8c5n,1.0
88,The Village at Black Creek,dpz3n8c5p,0.9999999999999998
88,The Village at Black Creek,dpz3n8c5q,1.0
88,The Village at Black Creek,dpz3n8c5r,1.0
88,The Village at Black Creek,dpz3n8c5s,0.9999999999999998
88,The Village at Black Creek,dpz3n8c5t,1.0
88,The Village at Black Creek,dpz3n8c5u,1.0
88,The Village at Black Creek,dpz3n8c5v,0.9999999999999998
88,The Village at Black Creek,dpz3n8c5w,0.9999999999999998
88,The Village at Black Creek,dpz3n8c5x,1.0
88,The Village at Black Creek,dpz3n8c5y,1.0
88,The Village at Black Creek,dpz3n8c5z,1.0
88,The Village at Black Creek,dpz3n8c60,1.0
88,The Village at Black Creek,dpz3n8c61,0.9999999999999998
88,The Village at Black Creek,dpz3n8c62,1.0
88,The Village at Black Creek,dpz3n8c63,1.0
88,The Village at Black Creek,dpz3n8c64,0.9999999999999998
88,The Village at Black Creek,dpz3n8c65,1.0
88,The Village at Black Creek,dpz3n8c66,1.0
88,The Village at Black Creek,dpz3n8c67,1.0
88,The Village at Black Creek,dpz3n8c68,1.0
88,The Village at Black Creek,dpz3n8c69,1.0
88,The Village at Black Creek,dpz3n8c6b,1.0
88,The Village at Black Creek,dpz3n8c6c,0.9999999999999998
88,The Village at Black Creek,dpz3n8c6d,1.0
88,The Village at Black Creek,dpz3n8c6e,0.9999999999999998
88,The Village at Black Creek,dpz3n8c6f,1.0
88,The Village at Black Creek,dpz3n8c6g,1.0
88,The Village at Black Creek,dpz3n8c6h,0.9999999999999998
88,The Village at Black Creek,dpz3n8c6j,1.0
88,The Village at Black Creek,dpz3n8c6k,1.0
88,The Village at Black Creek,dpz3n8c6m,0.9999999999999998
88,The Village at Black Creek,dpz3n8c6n,1.0
88,The Village at Black Creek,dpz3n8c6p,0.9999999999999998
88,The Village at Black Creek,dpz3n8c6q,1.0
88,The Village at Black Creek,dpz3n8c6r,1.0
88,The Village at Black Creek,dpz3n8c6s,1.0
88,The Village at Black Creek,dpz3n8c6t,1.0
88,The Village at Black Creek,dpz3n8c6u,1.0
88,The Village at Black Creek,dpz3n8c6v,1.0
88,The Village at Black Creek,dpz3n8c6w,1.0
88,The Village at Black Creek,dpz3n8c6x,1.0
88,The Village at Black Creek,dpz3n8c6y,1.0
88,The Village at Black Creek,dpz3n8c6z,1.0
88,The Village at Black Creek,dpz3n8c70,1.0
88,The Village at Black Creek,dpz3n8c71,1.0
88,The Village at Black Creek,dpz3n8c72,1.0
88,The Village at Black Creek,dpz3n8c73,1.0
88,The Village at Black Creek,dpz3n8c74,1.0
88,The Village at Black Creek,dpz3n8c75,1.0
88,The Village at Black Creek,dpz3n8c76,1.0
88,The Village at Black Creek,dpz3n8c77,1.0
88,The Village at Black Creek,dpz3n8c78,1.0
88,The Village at Black Creek,dpz3n8c79,1.0
88,The Village at Black Creek,dpz3n8c7b,1.0
88,The Village at Black Creek,dpz3n8c7c,1.0
88,The Village at Black Creek,dpz3n8c7d,1.0
88,The Village at Black Creek,dpz3n8c7e,1.0
88,The Village at Black Creek,dpz3n8c7f,1.0
88,The Village at Black Creek,dpz3n8c7g,1.0
88,The Village at Black Creek,dpz3n8c7h,1.0
88,The Village at Black Creek,dpz3n8c7j,1.0
88,The Village at Black Creek,dpz3n8c7k,1.0
88,The Village at Black Creek,dpz3n8c7m,1.0
88,The Village at Black Creek,dpz3n8c7n,1.0
88,The Village at Black Creek,dpz3n8c7p,1.0
88,The Village at Black Creek,dpz3n8c7q,0.9999999999999998
88,The Village at Black Creek,dpz3n8c7r,1.0
88,The Village at Black Creek,dpz3n8c7s,1.0
88,The Village at Black Creek,dpz3n8c7t,1.0
88,The Village at Black Creek,dpz3n8c7u,1.0
88,The Village at Black Creek,dpz3n8c7v,1.0
88,The Village at Black Creek,dpz3n8c7w,1.0
88,The Village at Black Creek,dpz3n8c7x,1.0
88,The Village at Black Creek,dpz3n8c7y,1.0
88,The Village at Black Creek,dpz3n8c7z,1.0
88,The Village at Black Creek,dpz3n8c80,1.0
88,The Village at Black Creek,dpz3n8c81,1.0
88,The Village at Black Creek,dpz3n8c82,1.0
88,The Village at Black Creek,dpz3n8c83,1.0
88,The Village at Black Creek,dpz3n8c84,1.0
88,The Village at Black Creek,dpz3n8c85,1.0
88,The Village at Black Creek,dpz3n8c86,1.0
88,The Village at Black Creek,dpz3n8c87,1.0
88,The Village at Black Creek,dpz3n8c88,1.0
88,The Village at Black Creek,dpz3n8c89,1.0
88,The Village at Black Creek,dpz3n8c8b,1.0
88,The Village at Black Creek,dpz3n8c8c,1.0
88,The Village at Black Creek,dpz3n8c8d,1.0
88,The Village at Black Creek,dpz3n8c8e,1.0
88,The Village at Black Creek,dpz3n8c8f,0.9999999999999998
88,The Village at Black Creek,dpz3n8c8g,1.0
88,The Village at Black Creek,dpz3n8c8h,1.0
88,The Village at Black Creek,dpz3n8c8j,1.0
88,The Village at Black Creek,dpz3n8c8k,1.0
88,The Village at Black Creek,dpz3n8c8m,1.0
88,The Village at Black Creek,dpz3n8c8n,1.0
88,The Village at Black Creek,dpz3n8c8p,1.0
88,The Village at Black Creek,dpz3n8c8q,1.0
88,The Village at Black Creek,dpz3n8c8r,1.0
88,The Village at Black Creek,dpz3n8c8s,1.0
88,The Village at Black Creek,dpz3n8c8t,1.0
88,The Village at Black Creek,dpz3n8c8u,1.0
88,The Village at Black Creek,dpz3n8c8v,1.0
88,The Village at Black Creek,dpz3n8c8w,1.0
88,The Village at Black Creek,dpz3n8c8x,1.0
88,The Village at Black Creek,dpz3n8c8y,1.0
88,The Village at Black Creek,dpz3n8c8z,1.0
88,The Village at Black Creek,dpz3n8c90,1.0
88,The Village at Black Creek,dpz3n8c91,1.0
88,The Village at Black Creek,dpz3n8c92,1.0
88,The Village at Black Creek,dpz3n8c93,1.0
88,The Village at Black Creek,dpz3n8c94,1.0
88,The Village at Black Creek,dpz3n8c95,0.9999999999999998
88,The Village at Black Creek,dpz3n8c96,1.0
88,The Village at Black Creek,dpz3n8c97,1.0
88,The Village at Black Creek,dpz3n8c98,1.0
88,The Village at Black Creek,dpz3n8c99,1.0
88,The Village at Black Creek,dpz3n8c9b,1.0
88,The Village at Black Creek,dpz3n8c9c,1.0
88,The Village at Black Creek,dpz3n8c9d,1.0
88,The Village at Black Creek,dpz3n8c9e,1.0
88,The Village at Black Creek,dpz3n8c9f,1.0
88,The Village at Black Creek,dpz3n8c9g,1.0
88,The Village at Black Creek,dpz3n8c9h,1.0
88,The Village at Black Creek,dpz3n8c9j,1.0
88,The Village at Black Creek,dpz3n8c9k,0.9999999999999998
88,The Village at Black Creek,dpz3n8c9m,1.0
88,The Village at Black Creek,dpz3n8c9n,0.9999999999999998
88,The Village at Black Creek,dpz3n8c9p,1.0
88,The Village at Black Creek,dpz3n8c9q,1.0
88,The Village at Black Creek,dpz3n8c9r,1.0
88,The Village at Black Creek,dpz3n8c9s,1.0
88,The Village at Black Creek,dpz3n8c9t,1.0
88,The Village at Black Creek,dpz3n8c9u,1.0
88,The Village at Black Creek,dpz3n8c9v,1.0
88,The Village at Black Creek,dpz3n8c9w,0.9999999999999998
88,The Village at Black Creek,dpz3n8c9x,0.9999999999999998
88,The Village at Black Creek,dpz3n8c9y,1.0
88,The Village at Black Creek,dpz3n8c9z,1.0
88,The Village at Black Creek,dpz3n8cb0,1.0
88,The Village at Black Creek,dpz3n8cb1,1.0
88,The Village at Black Creek,dpz3n8cb2,1.0
88,The Village at Black Creek,dpz3n8cb3,1.0
88,The Village at Black Creek,dpz3n8cb4,0.9697320623860084
88,The Village at Black Creek,dpz3n8cb6,1.0
88,The Village at Black Creek,dpz3n8cb7,1.0
88,The Village at Black Creek,dpz3n8cb8,1.0
88,The Village at Black Creek,dpz3n8cb9,1.0
88,The Village at Black Creek,dpz3n8cbb,1.0
88,The Village at Black Creek,dpz3n8cbc,0.9999999999999998
88,The Village at Black Creek,dpz3n8cbd,0.9999999999999998
88,The Village at Black Creek,dpz3n8cbe,0.9999999999999998
88,The Village at Black Creek,dpz3n8cbf,1.0
88,The Village at Black Creek,dpz3n8cbg,1.0
88,The Village at Black Creek,dpz3n8cbk,1.0
88,The Village at Black Creek,dpz3n8cbm,0.9172760098312835
88,The Village at Black Creek,dpz3n8cbs,1.0
88,The Village at Black Creek,dpz3n8cbt,1.0
88,The Village at Black Creek,dpz3n8cbu,1.0
88,The Village at Black Creek,dpz3n8cbv,1.0
88,The Village at Black Creek,dpz3n8cbw,1.0
88,The Village at Black Creek,dpz3n8cbx,1.0
88,The Village at Black Creek,dpz3n8cby,0.9999999999999998
88,The Village at Black Creek,dpz3n8cbz,1.0
88,The Village at Black Creek,dpz3n8cc0,1.0
88,The Village at Black Creek,dpz3n8cc1,1.0
88,The Village at Black Creek,dpz3n8cc2,0.9999999999999998
88,The Village at Black Creek,dpz3n8cc3,1.0
88,The Village at Black Creek,dpz3n8cc4,1.0
88,The Village at Black Creek,dpz3n8cc5,1.0
88,The Village at Black Creek,dpz3n8cc6,1.0
88,The Village at Black Creek,dpz3n8cc7,1.0
88,The Village at Black Creek,dpz3n8cc8,1.0
88,The Village at Black Creek,dpz3n8cc9,1.0
88,The Village at Black Creek,dpz3n8ccb,1.0
88,The Village at Black Creek,dpz3n8ccc,1.0
88,The Village at Black Creek,dpz3n8ccd,1.0
88,The Village at Black Creek,dpz3n8cce,1.0
88,The Village at Black Creek,dpz3n8ccf,1.0
88,The Village at Black Creek,dpz3n8ccg,1.0
88,The Village at Black Creek,dpz3n8cch,1.0
88,The Village at Black Creek,dpz3n8ccj,1.0
88,The Village at Black Creek,dpz3n8cck,1.0
88,The Village at Black Creek,dpz3n8ccm,1.0
88,The Village at Black Creek,dpz3n8ccn,1.0
88,The Village at Black Creek,dpz3n8ccp,1.0
88,The Village at Black Creek,dpz3n8ccq,1.0
88,The Village at Black Creek,dpz3n8ccr,1.0
88,The Village at Black Creek,dpz3n8ccs,1.0
88,The Village at Black Creek,dpz3n8cct,1.0
88,The Village at Black Creek,dpz3n8ccu,1.0
88,The Village at Black Creek,dpz3n8ccv,1.0
88,The Village at Black Creek,dpz3n8ccw,0.9999999999999998
88,The Village at Black Creek,dpz3n8ccx,1.0
88,The Village at Black Creek,dpz3n8ccy,1.0
88,The Village at Black Creek,dpz3n8ccz,1.0
88,The Village at Black Creek,dpz3n8cd0,1.0
88,The Village at Black Creek,dpz3n8cd1,1.0
88,The Village at Black Creek,dpz3n8cd2,1.0
88,The Village at Black Creek,dpz3n8cd3,1.0
88,The Village at Black Creek,dpz3n8cd4,1.0
88,The Village at Black Creek,dpz3n8cd5,1.0
88,The Village at Black Creek,dpz3n8cd6,1.0
88,The Village at Black Creek,dpz3n8cd7,1.0
88,The Village at Black Creek,dpz3n8cd8,1.0
88,The Village at Black Creek,dpz3n8cd9,1.0
88,The Village at Black Creek,dpz3n8cdb,1.0
88,The Village at Black Creek,dpz3n8cdc,0.9999999999999998
88,The Village at Black Creek,dpz3n8cdd,1.0
88,The Village at Black Creek,dpz3n8cde,1.0
88,The Village at Black Creek,dpz3n8cdf,1.0
88,The Village at Black Creek,dpz3n8cdg,1.0
88,The Village at Black Creek,dpz3n8cdh,1.0
88,The Village at Black Creek,dpz3n8cdj,1.0
88,The Village at Black Creek,dpz3n8cdk,1.0
88,The Village at Black Creek,dpz3n8cdm,1.0
88,The Village at Black Creek,dpz3n8cdn,1.0
88,The Village at Black Creek,dpz3n8cdp,1.0
88,The Village at Black Creek,dpz3n8cdq,1.0
88,The Village at Black Creek,dpz3n8cdr,1.0
88,The Village at Black Creek,dpz3n8cds,1.0
88,The Village at Black Creek,dpz3n8cdt,1.0
88,The Village at Black Creek,dpz3n8cdu,1.0
88,The Village at Black Creek,dpz3n8cdv,1.0
88,The Village at Black Creek,dpz3n8cdw,1.0
88,The Village at Black Creek,dpz3n8cdx,1.0
88,The Village at Black Creek,dpz3n8cdy,1.0
88,The Village at Black Creek,dpz3n8cdz,1.0
88,The Village at Black Creek,dpz3n8ce0,1.0
88,The Village at Black Creek,dpz3n8ce1,0.9999999999999998
88,The Village at Black Creek,dpz3n8ce2,1.0
88,The Village at Black Creek,dpz3n8ce3,0.9999999999999998
88,The Village at Black Creek,dpz3n8ce4,0.9999999999999998
88,The Village at Black Creek,dpz3n8ce5,1.0
88,The Village at Black Creek,dpz3n8ce6,1.0
88,The Village at Black Creek,dpz3n8ce7,0.9999999999999998
88,The Village at Black Creek,dpz3n8ce8,1.0
88,The Village at Black Creek,dpz3n8ce9,1.0
88,The Village at Black Creek,dpz3n8ceb,1.0
88,The Village at Black Creek,dpz3n8cec,1.0
88,The Village at Black Creek,dpz3n8ced,1.0
88,The Village at Black Creek,dpz3n8cee,1.0
88,The Village at Black Creek,dpz3n8cef,1.0
88,The Village at Black Creek,dpz3n8ceg,1.0
88,The Village at Black Creek,dpz3n8ceh,1.0
88,The Village at Black Creek,dpz3n8cej,1.0
88,The Village at Black Creek,dpz3n8cek,1.0
88,The Village at Black Creek,dpz3n8cem,1.0
88,The Village at Black Creek,dpz3n8cen,1.0
88,The Village at Black Creek,dpz3n8cep,1.0
88,The Village at Black Creek,dpz3n8ceq,1.0
88,The Village at Black Creek,dpz3n8cer,1.0
88,The Village at Black Creek,dpz3n8ces,1.0
88,The Village at Black Creek,dpz3n8cet,1.0
88,The Village at Black Creek,dpz3n8ceu,1.0
88,The Village at Black Creek,dpz3n8cev,1.0
88,The Village at Black Creek,dpz3n8cew,1.0
88,The Village at Black Creek,dpz3n8cex,1.0
88,The Village at Black Creek,dpz3n8cey,1.0
88,The Village at Black Creek,dpz3n8cez,1.0
88,The Village at Black Creek,dpz3n8cf0,1.0
88,The Village at Black Creek,dpz3n8cf1,1.0
88,The Village at Black Creek,dpz3n8cf2,1.0
88,The Village at Black Creek,dpz3n8cf3,1.0
88,The Village at Black Creek,dpz3n8cf4,1.0
88,The Village at Black Creek,dpz3n8cf5,1.0
88,The Village at Black Creek,dpz3n8cf6,1.0
88,The Village at Black Creek,dpz3n8cf7,1.0
88,The Village at Black Creek,dpz3n8cf8,1.0
88,The Village at Black Creek,dpz3n8cf9,1.0
88,The Village at Black Creek,dpz3n8cfb,1.0
88,The Village at Black Creek,dpz3n8cfc,1.0
88,The Village at Black Creek,dpz3n8cfd,1.0
88,The Village at Black Creek,dpz3n8cfe,0.9999999999999998
88,The Village at Black Creek,dpz3n8cff,1.0
88,The Village at Black Creek,dpz3n8cfg,1.0
88,The Village at Black Creek,dpz3n8cfh,1.0
88,The Village at Black Creek,dpz3n8cfj,1.0
88,The Village at Black Creek,dpz3n8cfk,1.0
88,The Village at Black Creek,dpz3n8cfm,1.0
88,The Village at Black Creek,dpz3n8cfn,1.0
88,The Village at Black Creek,dpz3n8cfp,1.0
88,The Village at Black Creek,dpz3n8cfq,1.0
88,The Village at Black Creek,dpz3n8cfr,1.0
88,The Village at Black Creek,dpz3n8cfs,1.0
88,The Village at Black Creek,dpz3n8cft,1.0
88,The Village at Black Creek,dpz3n8cfu,1.0
88,The Village at Black Creek,dpz3n8cfv,1.0
88,The Village at Black Creek,dpz3n8cfw,1.0
88,The Village at Black Creek,dpz3n8cfx,1.0
88,The Village at Black Creek,dpz3n8cfy,1.0
88,The Village at Black Creek,dpz3n8cfz,1.0
88,The Village at Black Creek,dpz3n8cg0,1.0
88,The Village at Black Creek,dpz3n8cg1,0.9999999999999998
88,The Village at Black Creek,dpz3n8cg2,1.0
88,The Village at Black Creek,dpz3n8cg3,1.0
88,The Village at Black Creek,dpz3n8cg4,1.0
88,The Village at Black Creek,dpz3n8cg5,1.0
88,The Village at Black Creek,dpz3n8cg6,1.0
88,The Village at Black Creek,dpz3n8cg7,1.0
88,The Village at Black Creek,dpz3n8cg8,1.0
88,The Village at Black Creek,dpz3n8cg9,1.0
88,The Village at Black Creek,dpz3n8cgb,1.0
88,The Village at Black Creek,dpz3n8cgc,1.0
88,The Village at Black Creek,dpz3n8cgd,1.0
88,The Village at Black Creek,dpz3n8cge,1.0
88,The Village at Black Creek,dpz3n8cgf,1.0
88,The Village at Black Creek,dpz3n8cgg,1.0
88,The Village at Black Creek,dpz3n8cgh,1.0
88,The Village at Black Creek,dpz3n8cgj,1.0
88,The Village at Black Creek,dpz3n8cgk,1.0
88,The Village at Black Creek,dpz3n8cgm,1.0
88,The Village at Black Creek,dpz3n8cgn,1.0
88,The Village at Black Creek,dpz3n8cgp,1.0
88,The Village at Black Creek,dpz3n8cgq,1.0
88,The Village at Black Creek,dpz3n8cgr,1.0
88,The Village at Black Creek,dpz3n8cgs,1.0
88,The Village at Black Creek,dpz3n8cgt,1.0
88,The Village at Black Creek,dpz3n8cgu,1.0
88,The Village at Black Creek,dpz3n8cgv,1.0
88,The Village at Black Creek,dpz3n8cgw,0.9999999999999998
88,The Village at Black Creek,dpz3n8cgx,1.0
88,The Village at Black Creek,dpz3n8cgy,1.0
88,The Village at Black Creek,dpz3n8cgz,1.0
88,The Village at Black Creek,dpz3n8ch0,1.0
88,The Village at Black Creek,dpz3n8ch1,1.0
88,The Village at Black Creek,dpz3n8ch2,1.0
88,The Village at Black Creek,dpz3n8ch3,1.0
88,The Village at Black Creek,dpz3n8ch4,1.0
88,The Village at Black Creek,dpz3n8ch5,1.0
88,The Village at Black Creek,dpz3n8ch6,1.0
88,The Village at Black Creek,dpz3n8ch7,1.0
88,The Village at Black Creek,dpz3n8ch8,1.0
88,The Village at Black Creek,dpz3n8ch9,0.9999999999999998
88,The Village at Black Creek,dpz3n8chb,1.0
88,The Village at Black Creek,dpz3n8chc,1.0
88,The Village at Black Creek,dpz3n8chd,1.0
88,The Village at Black Creek,dpz3n8che,0.9999999999999998
88,The Village at Black Creek,dpz3n8chf,1.0
88,The Village at Black Creek,dpz3n8chg,1.0
88,The Village at Black Creek,dpz3n8chh,1.0
88,The Village at Black Creek,dpz3n8chj,1.0
88,The Village at Black Creek,dpz3n8chk,1.0
88,The Village at Black Creek,dpz3n8chm,0.9999999999999998
88,The Village at Black Creek,dpz3n8chn,1.0
88,The Village at Black Creek,dpz3n8chp,1.0
88,The Village at Black Creek,dpz3n8chq,1.0
88,The Village at Black Creek,dpz3n8chr,1.0
88,The Village at Black Creek,dpz3n8chs,1.0
88,The Village at Black Creek,dpz3n8cht,1.0
88,The Village at Black Creek,dpz3n8chu,0.9999999999999998
88,The Village at Black Creek,dpz3n8chv,1.0
88,The Village at Black Creek,dpz3n8chw,1.0
88,The Village at Black Creek,dpz3n8chx,1.0
88,The Village at Black Creek,dpz3n8chy,1.0
88,The Village at Black Creek,dpz3n8chz,1.0
88,The Village at Black Creek,dpz3n8cj0,0.9999999999999998
88,The Village at Black Creek,dpz3n8cj1,1.0
88,The Village at Black Creek,dpz3n8cj2,1.0
88,The Village at Black Creek,dpz3n8cj3,1.0
88,The Village at Black Creek,dpz3n8cj4,1.0
88,The Village at Black Creek,dpz3n8cj5,1.0
88,The Village at Black Creek,dpz3n8cj6,1.0
88,The Village at Black Creek,dpz3n8cj7,0.9999999999999998
88,The Village at Black Creek,dpz3n8cj8,1.0
88,The Village at Black Creek,dpz3n8cj9,1.0
88,The Village at Black Creek,dpz3n8cjb,1.0
88,The Village at Black Creek,dpz3n8cjc,1.0
88,The Village at Black Creek,dpz3n8cjd,1.0
88,The Village at Black Creek,dpz3n8cje,1.0
88,The Village at Black Creek,dpz3n8cjf,1.0
88,The Village at Black Creek,dpz3n8cjg,1.0
88,The Village at Black Creek,dpz3n8cjh,1.0
88,The Village at Black Creek,dpz3n8cjj,1.0
88,The Village at Black Creek,dpz3n8cjk,1.0
88,The Village at Black Creek,dpz3n8cjm,1.0
88,The Village at Black Creek,dpz3n8cjn,1.0
88,The Village at Black Creek,dpz3n8cjp,1.0
88,The Village at Black Creek,dpz3n8cjq,1.0
88,The Village at Black Creek,dpz3n8cjr,1.0
88,The Village at Black Creek,dpz3n8cjs,1.0
88,The Village at Black Creek,dpz3n8cjt,1.0
88,The Village at Black Creek,dpz3n8cju,1.0
88,The Village at Black Creek,dpz3n8cjv,1.0
88,The Village at Black Creek,dpz3n8cjw,0.9999999999999998
88,The Village at Black Creek,dpz3n8cjx,1.0
88,The Village at Black Creek,dpz3n8cjy,1.0
88,The Village at Black Creek,dpz3n8cjz,0.9999999999999998
88,The Village at Black Creek,dpz3n8ck0,1.0
88,The Village at Black Creek,dpz3n8ck1,0.9999999999999998
88,The Village at Black Creek,dpz3n8ck2,1.0
88,The Village at Black Creek,dpz3n8ck3,1.0
88,The Village at Black Creek,dpz3n8ck4,1.0
88,The Village at Black Creek,dpz3n8ck5,1.0
88,The Village at Black Creek,dpz3n8ck6,1.0
88,The Village at Black Creek,dpz3n8ck7,1.0
88,The Village at Black Creek,dpz3n8ck8,1.0
88,The Village at Black Creek,dpz3n8ck9,1.0
88,The Village at Black Creek,dpz3n8ckb,1.0
88,The Village at Black Creek,dpz3n8ckc,1.0
88,The Village at Black Creek,dpz3n8ckd,1.0
88,The Village at Black Creek,dpz3n8cke,1.0
88,The Village at Black Creek,dpz3n8ckf,1.0
88,The Village at Black Creek,dpz3n8ckg,1.0
88,The Village at Black Creek,dpz3n8ckh,1.0
88,The Village at Black Creek,dpz3n8ckj,0.9999999999999998
88,The Village at Black Creek,dpz3n8ckk,1.0
88,The Village at Black Creek,dpz3n8ckm,1.0
88,The Village at Black Creek,dpz3n8ckn,1.0
88,The Village at Black Creek,dpz3n8ckp,1.0
88,The Village at Black Creek,dpz3n8ckq,1.0
88,The Village at Black Creek,dpz3n8ckr,1.0
88,The Village at Black Creek,dpz3n8cks,1.0
88,The Village at Black Creek,dpz3n8ckt,1.0
88,The Village at Black Creek,dpz3n8cku,1.0
88,The Village at Black Creek,dpz3n8ckv,1.0
88,The Village at Black Creek,dpz3n8ckw,1.0
88,The Village at Black Creek,dpz3n8ckx,1.0
88,The Village at Black Creek,dpz3n8cky,1.0
88,The Village at Black Creek,dpz3n8ckz,1.0
88,The Village at Black Creek,dpz3n8cm0,1.0
88,The Village at Black Creek,dpz3n8cm1,1.0
88,The Village at Black Creek,dpz3n8cm2,1.0
88,The Village at Black Creek,dpz3n8cm3,1.0
88,The Village at Black Creek,dpz3n8cm4,1.0
88,The Village at Black Creek,dpz3n8cm5,1.0
88,The Village at Black Creek,dpz3n8cm6,1.0
88,The Village at Black Creek,dpz3n8cm7,1.0
88,The Village at Black Creek,dpz3n8cm8,1.0
88,The Village at Black Creek,dpz3n8cm9,1.0
88,The Village at Black Creek,dpz3n8cmb,1.0
88,The Village at Black Creek,dpz3n8cmc,1.0
88,The Village at Black Creek,dpz3n8cmd,1.0
88,The Village at Black Creek,dpz3n8cme,1.0
88,The Village at Black Creek,dpz3n8cmf,1.0
88,The Village at Black Creek,dpz3n8cmg,1.0
88,The Village at Black Creek,dpz3n8cmh,1.0
88,The Village at Black Creek,dpz3n8cmj,1.0
88,The Village at Black Creek,dpz3n8cmk,0.9999999999999998
88,The Village at Black Creek,dpz3n8cmm,0.9999999999999998
88,The Village at Black Creek,dpz3n8cmn,1.0
88,The Village at Black Creek,dpz3n8cmp,1.0
88,The Village at Black Creek,dpz3n8cmq,1.0
88,The Village at Black Creek,dpz3n8cmr,1.0
88,The Village at Black Creek,dpz3n8cms,1.0
88,The Village at Black Creek,dpz3n8cmt,1.0
88,The Village at Black Creek,dpz3n8cmu,1.0
88,The Village at Black Creek,dpz3n8cmv,1.0
88,The Village at Black Creek,dpz3n8cmw,1.0
88,The Village at Black Creek,dpz3n8cmx,1.0
88,The Village at Black Creek,dpz3n8cmy,1.0
88,The Village at Black Creek,dpz3n8cmz,1.0
88,The Village at Black Creek,dpz3n8cn0,1.0
88,The Village at Black Creek,dpz3n8cn1,1.0
88,The Village at Black Creek,dpz3n8cn2,1.0
88,The Village at Black Creek,dpz3n8cn3,1.0
88,The Village at Black Creek,dpz3n8cn4,1.0
88,The Village at Black Creek,dpz3n8cn5,1.0
88,The Village at Black Creek,dpz3n8cn6,1.0
88,The Village at Black Creek,dpz3n8cn7,1.0
88,The Village at Black Creek,dpz3n8cn8,1.0
88,The Village at Black Creek,dpz3n8cn9,1.0
88,The Village at Black Creek,dpz3n8cnb,1.0
88,The Village at Black Creek,dpz3n8cnc,1.0
88,The Village at Black Creek,dpz3n8cnd,1.0
88,The Village at Black Creek,dpz3n8cne,1.0
88,The Village at Black Creek,dpz3n8cnf,1.0
88,The Village at Black Creek,dpz3n8cng,1.0
88,The Village at Black Creek,dpz3n8cnh,1.0
88,The Village at Black Creek,dpz3n8cnj,1.0
88,The Village at Black Creek,dpz3n8cnk,1.0
88,The Village at Black Creek,dpz3n8cnm,1.0
88,The Village at Black Creek,dpz3n8cnn,1.0
88,The Village at Black Creek,dpz3n8cnp,1.0
88,The Village at Black Creek,dpz3n8cnq,1.0
88,The Village at Black Creek,dpz3n8cnr,1.0
88,The Village at Black Creek,dpz3n8cns,1.0
88,The Village at Black Creek,dpz3n8cnt,1.0
88,The Village at Black Creek,dpz3n8cnu,1.0
88,The Village at Black Creek,dpz3n8cnv,1.0
88,The Village at Black Creek,dpz3n8cnw,1.0
88,The Village at Black Creek,dpz3n8cnx,1.0
88,The Village at Black Creek,dpz3n8cny,1.0
88,The Village at Black Creek,dpz3n8cnz,1.0
88,The Village at Black Creek,dpz3n8cp0,1.0
88,The Village at Black Creek,dpz3n8cp1,1.0
88,The Village at Black Creek,dpz3n8cp2,1.0
88,The Village at Black Creek,dpz3n8cp3,1.0
88,The Village at Black Creek,dpz3n8cp4,0.9999999999999998
88,The Village at Black Creek,dpz3n8cp5,1.0
88,The Village at Black Creek,dpz3n8cp6,1.0
88,The Village at Black Creek,dpz3n8cp7,0.9999999999999998
88,The Village at Black Creek,dpz3n8cp8,1.0
88,The Village at Black Creek,dpz3n8cp9,1.0
88,The Village at Black Creek,dpz3n8cpb,1.0
88,The Village at Black Creek,dpz3n8cpc,1.0
88,The Village at Black Creek,dpz3n8cpd,1.0
88,The Village at Black Creek,dpz3n8cpe,1.0
88,The Village at Black Creek,dpz3n8cpf,1.0
88,The Village at Black Creek,dpz3n8cpg,1.0
88,The Village at Black Creek,dpz3n8cph,1.0
88,The Village at Black Creek,dpz3n8cpj,1.0
88,The Village at Black Creek,dpz3n8cpk,1.0
88,The Village at Black Creek,dpz3n8cpm,1.0
88,The Village at Black Creek,dpz3n8cpn,1.0
88,The Village at Black Creek,dpz3n8cpp,1.0
88,The Village at Black Creek,dpz3n8cpq,0.9999999999999998
88,The Village at Black Creek,dpz3n8cpr,1.0
88,The Village at Black Creek,dpz3n8cps,1.0
88,The Village at Black Creek,dpz3n8cpt,1.0
88,The Village at Black Creek,dpz3n8cpu,1.0
88,The Village at Black Creek,dpz3n8cpv,1.0
88,The Village at Black Creek,dpz3n8cpw,1.0
88,The Village at Black Creek,dpz3n8cpx,1.0
88,The Village at Black Creek,dpz3n8cpy,1.0
88,The Village at Black Creek,dpz3n8cpz,1.0
88,The Village at Black Creek,dpz3n8cq0,1.0
88,The Village at Black Creek,dpz3n8cq1,1.0
88,The Village at Black Creek,dpz3n8cq2,1.0
88,The Village at Black Creek,dpz3n8cq3,1.0
88,The Village at Black Creek,dpz3n8cq4,1.0
88,The Village at Black Creek,dpz3n8cq5,1.0
88,The Village at Black Creek,dpz3n8cq6,1.0
88,The Village at Black Creek,dpz3n8cq7,1.0
88,The Village at Black Creek,dpz3n8cq8,1.0
88,The Village at Black Creek,dpz3n8cq9,1.0
88,The Village at Black Creek,dpz3n8cqb,1.0
88,The Village at Black Creek,dpz3n8cqc,1.0
88,The Village at Black Creek,dpz3n8cqd,1.0
88,The Village at Black Creek,dpz3n8cqe,1.0
88,The Village at Black Creek,dpz3n8cqf,1.0
88,The Village at Black Creek,dpz3n8cqg,1.0
88,The Village at Black Creek,dpz3n8cqh,1.0
88,The Village at Black Creek,dpz3n8cqj,1.0
88,The Village at Black Creek,dpz3n8cqk,1.0
88,The Village at Black Creek,dpz3n8cqm,1.0
88,The Village at Black Creek,dpz3n8cqn,1.0
88,The Village at Black Creek,dpz3n8cqp,1.0
88,The Village at Black Creek,dpz3n8cqq,1.0
88,The Village at Black Creek,dpz3n8cqr,1.0
88,The Village at Black Creek,dpz3n8cqs,1.0
88,The Village at Black Creek,dpz3n8cqt,1.0
88,The Village at Black Creek,dpz3n8cqu,1.0
88,The Village at Black Creek,dpz3n8cqv,1.0
88,The Village at Black Creek,dpz3n8cqw,1.0
88,The Village at Black Creek,dpz3n8cqx,1.0
88,The Village at Black Creek,dpz3n8cqy,1.0
88,The Village at Black Creek,dpz3n8cqz,1.0
88,The Village at Black Creek,dpz3n8cr0,1.0
88,The Village at Black Creek,dpz3n8cr1,1.0
88,The Village at Black Creek,dpz3n8cr2,1.0
88,The Village at Black Creek,dpz3n8cr3,1.0
88,The Village at Black Creek,dpz3n8cr4,1.0
88,The Village at Black Creek,dpz3n8cr5,1.0
88,The Village at Black Creek,dpz3n8cr6,1.0
88,The Village at Black Creek,dpz3n8cr7,1.0
88,The Village at Black Creek,dpz3n8cr8,1.0
88,The Village at Black Creek,dpz3n8cr9,1.0
88,The Village at Black Creek,dpz3n8crb,1.0
88,The Village at Black Creek,dpz3n8crc,1.0
88,The Village at Black Creek,dpz3n8crd,1.0
88,The Village at Black Creek,dpz3n8cre,1.0
88,The Village at Black Creek,dpz3n8crf,1.0
88,The Village at Black Creek,dpz3n8crg,1.0
88,The Village at Black Creek,dpz3n8crh,1.0
88,The Village at Black Creek,dpz3n8crj,1.0
88,The Village at Black Creek,dpz3n8crk,1.0
88,The Village at Black Creek,dpz3n8crm,1.0
88,The Village at Black Creek,dpz3n8crn,1.0
88,The Village at Black Creek,dpz3n8crp,1.0
88,The Village at Black Creek,dpz3n8crq,1.0
88,The Village at Black Creek,dpz3n8crr,1.0
88,The Village at Black Creek,dpz3n8crs,0.9999999999999998
88,The Village at Black Creek,dpz3n8crt,1.0
88,The Village at Black Creek,dpz3n8cru,1.0
88,The Village at Black Creek,dpz3n8crv,1.0
88,The Village at Black Creek,dpz3n8crw,1.0
88,The Village at Black Creek,dpz3n8crx,1.0
88,The Village at Black Creek,dpz3n8cry,1.0
88,The Village at Black Creek,dpz3n8crz,1.0
88,The Village at Black Creek,dpz3n8cs0,1.0
88,The Village at Black Creek,dpz3n8cs1,1.0
88,The Village at Black Creek,dpz3n8cs2,1.0
88,The Village at Black Creek,dpz3n8cs3,1.0
88,The Village at Black Creek,dpz3n8cs4,1.0
88,The Village at Black Creek,dpz3n8cs5,1.0
88,The Village at Black Creek,dpz3n8cs6,1.0
88,The Village at Black Creek,dpz3n8cs7,1.0
88,The Village at Black Creek,dpz3n8cs8,1.0
88,The Village at Black Creek,dpz3n8cs9,1.0
88,The Village at Black Creek,dpz3n8csb,1.0
88,The Village at Black Creek,dpz3n8csc,1.0
88,The Village at Black Creek,dpz3n8csd,1.0
88,The Village at Black Creek,dpz3n8cse,1.0
88,The Village at Black Creek,dpz3n8csf,1.0
88,The Village at Black Creek,dpz3n8csg,1.0
88,The Village at Black Creek,dpz3n8csh,1.0
88,The Village at Black Creek,dpz3n8csj,1.0
88,The Village at Black Creek,dpz3n8csk,1.0
88,The Village at Black Creek,dpz3n8csm,1.0
88,The Village at Black Creek,dpz3n8csn,1.0
88,The Village at Black Creek,dpz3n8csp,1.0
88,The Village at Black Creek,dpz3n8csq,1.0
88,The Village at Black Creek,dpz3n8csr,1.0
88,The Village at Black Creek,dpz3n8css,1.0
88,The Village at Black Creek,dpz3n8cst,1.0
88,The Village at Black Creek,dpz3n8csu,1.0
88,The Village at Black Creek,dpz3n8csv,1.0
88,The Village at Black Creek,dpz3n8csw,1.0
88,The Village at Black Creek,dpz3n8csx,1.0
88,The Village at Black Creek,dpz3n8csy,1.0
88,The Village at Black Creek,dpz3n8csz,1.0
88,The Village at Black Creek,dpz3n8ct0,0.9999999999999998
88,The Village at Black Creek,dpz3n8ct1,1.0
88,The Village at Black Creek,dpz3n8ct2,1.0
88,The Village at Black Creek,dpz3n8ct3,1.0
88,The Village at Black Creek,dpz3n8ct4,1.0
88,The Village at Black Creek,dpz3n8ct5,0.9999999999999998
88,The Village at Black Creek,dpz3n8ct6,0.9999999999999998
88,The Village at Black Creek,dpz3n8ct7,1.0
88,The Village at Black Creek,dpz3n8ct8,1.0
88,The Village at Black Creek,dpz3n8ct9,1.0
88,The Village at Black Creek,dpz3n8ctb,1.0
88,The Village at Black Creek,dpz3n8ctc,1.0
88,The Village at Black Creek,dpz3n8ctd,1.0
88,The Village at Black Creek,dpz3n8cte,1.0
88,The Village at Black Creek,dpz3n8ctf,0.9999999999999998
88,The Village at Black Creek,dpz3n8ctg,1.0
88,The Village at Black Creek,dpz3n8cth,1.0
88,The Village at Black Creek,dpz3n8ctj,1.0
88,The Village at Black Creek,dpz3n8ctk,1.0
88,The Village at Black Creek,dpz3n8ctm,0.9999999999999998
88,The Village at Black Creek,dpz3n8ctn,0.9999999999999998
88,The Village at Black Creek,dpz3n8ctp,1.0
88,The Village at Black Creek,dpz3n8ctq,1.0
88,The Village at Black Creek,dpz3n8ctr,1.0
88,The Village at Black Creek,dpz3n8cts,1.0
88,The Village at Black Creek,dpz3n8ctt,1.0
88,The Village at Black Creek,dpz3n8ctu,1.0
88,The Village at Black Creek,dpz3n8ctv,1.0
88,The Village at Black Creek,dpz3n8ctw,1.0
88,The Village at Black Creek,dpz3n8ctx,1.0
88,The Village at Black Creek,dpz3n8cty,1.0
88,The Village at Black Creek,dpz3n8ctz,0.9999999999999998
88,The Village at Black Creek,dpz3n8cu0,1.0
88,The Village at Black Creek,dpz3n8cu1,0.9999999999999998
88,The Village at Black Creek,dpz3n8cu2,1.0
88,The Village at Black Creek,dpz3n8cu3,1.0
88,The Village at Black Creek,dpz3n8cu4,1.0
88,The Village at Black Creek,dpz3n8cu5,1.0
88,The Village at Black Creek,dpz3n8cu6,1.0
88,The Village at Black Creek,dpz3n8cu7,1.0
88,The Village at Black Creek,dpz3n8cu8,1.0
88,The Village at Black Creek,dpz3n8cu9,1.0
88,The Village at Black Creek,dpz3n8cub,1.0
88,The Village at Black Creek,dpz3n8cuc,1.0
88,The Village at Black Creek,dpz3n8cud,1.0
88,The Village at Black Creek,dpz3n8cue,1.0
88,The Village at Black Creek,dpz3n8cuf,1.0
88,The Village at Black Creek,dpz3n8cug,1.0
88,The Village at Black Creek,dpz3n8cuh,1.0
88,The Village at Black Creek,dpz3n8cuj,1.0
88,The Village at Black Creek,dpz3n8cuk,1.0
88,The Village at Black Creek,dpz3n8cum,1.0
88,The Village at Black Creek,dpz3n8cun,1.0
88,The Village at Black Creek,dpz3n8cup,1.0
88,The Village at Black Creek,dpz3n8cuq,1.0
88,The Village at Black Creek,dpz3n8cur,1.0
88,The Village at Black Creek,dpz3n8cus,1.0
88,The Village at Black Creek,dpz3n8cut,1.0
88,The Village at Black Creek,dpz3n8cuu,1.0
88,The Village at Black Creek,dpz3n8cuv,1.0
88,The Village at Black Creek,dpz3n8cuw,1.0
88,The Village at Black Creek,dpz3n8cux,0.9999999999999998
88,The Village at Black Creek,dpz3n8cuy,1.0
88,The Village at Black Creek,dpz3n8cuz,1.0
88,The Village at Black Creek,dpz3n8cv0,1.0
88,The Village at Black Creek,dpz3n8cv1,1.0
88,The Village at Black Creek,dpz3n8cv2,1.0
88,The Village at Black Creek,dpz3n8cv3,1.0
88,The Village at Black Creek,dpz3n8cv4,1.0
88,The Village at Black Creek,dpz3n8cv5,1.0
88,The Village at Black Creek,dpz3n8cv6,1.0
88,The Village at Black Creek,dpz3n8cv7,1.0
88,The Village at Black Creek,dpz3n8cv8,1.0
88,The Village at Black Creek,dpz3n8cv9,1.0
88,The Village at Black Creek,dpz3n8cvb,1.0
88,The Village at Black Creek,dpz3n8cvc,1.0
88,The Village at Black Creek,dpz3n8cvd,1.0
88,The Village at Black Creek,dpz3n8cve,1.0
88,The Village at Black Creek,dpz3n8cvf,1.0
88,The Village at Black Creek,dpz3n8cvg,1.0
88,The Village at Black Creek,dpz3n8cvh,1.0
88,The Village at Black Creek,dpz3n8cvj,1.0
88,The Village at Black Creek,dpz3n8cvk,1.0
88,The Village at Black Creek,dpz3n8cvm,1.0
88,The Village at Black Creek,dpz3n8cvn,1.0
88,The Village at Black Creek,dpz3n8cvp,0.9005618407218295
88,The Village at Black Creek,dpz3n8cvq,0.8810097518845857
88,The Village at Black Creek,dpz3n8cvs,1.0
88,The Village at Black Creek,dpz3n8cvt,0.860597569659037
88,The Village at Black Creek,dpz3n8cvu,0.99366581581137
88,The Village at Black Creek,dpz3n8cw0,1.0
88,The Village at Black Creek,dpz3n8cw1,1.0
88,The Village at Black Creek,dpz3n8cw2,0.9999999999999998
88,The Village at Black Creek,dpz3n8cw3,1.0
88,The Village at Black Creek,dpz3n8cw4,1.0
88,The Village at Black Creek,dpz3n8cw5,1.0
88,The Village at Black Creek,dpz3n8cw6,1.0
88,The Village at Black Creek,dpz3n8cw7,1.0
88,The Village at Black Creek,dpz3n8cw8,1.0
88,The Village at Black Creek,dpz3n8cw9,1.0
88,The Village at Black Creek,dpz3n8cwb,1.0
88,The Village at Black Creek,dpz3n8cwc,0.9999999999999998
88,The Village at Black Creek,dpz3n8cwd,0.9999999999999998
88,The Village at Black Creek,dpz3n8cwe,1.0
88,The Village at Black Creek,dpz3n8cwf,1.0
88,The Village at Black Creek,dpz3n8cwg,1.0
88,The Village at Black Creek,dpz3n8cwh,1.0
88,The Village at Black Creek,dpz3n8cwj,1.0
88,The Village at Black Creek,dpz3n8cwk,1.0
88,The Village at Black Creek,dpz3n8cwm,1.0
88,The Village at Black Creek,dpz3n8cwn,1.0
88,The Village at Black Creek,dpz3n8cwp,1.0
88,The Village at Black Creek,dpz3n8cwq,1.0
88,The Village at Black Creek,dpz3n8cwr,0.9999999999999998
88,The Village at Black Creek,dpz3n8cws,1.0
88,The Village at Black Creek,dpz3n8cwt,1.0
88,The Village at Black Creek,dpz3n8cwu,1.0
88,The Village at Black Creek,dpz3n8cwv,1.0
88,The Village at Black Creek,dpz3n8cww,1.0
88,The Village at Black Creek,dpz3n8cwx,1.0
88,The Village at Black Creek,dpz3n8cwy,1.0
88,The Village at Black Creek,dpz3n8cwz,1.0
88,The Village at Black Creek,dpz3n8cx0,1.0
88,The Village at Black Creek,dpz3n8cx1,0.9999999999999998
88,The Village at Black Creek,dpz3n8cx2,1.0
88,The Village at Black Creek,dpz3n8cx3,1.0
88,The Village at Black Creek,dpz3n8cx4,1.0
88,The Village at Black Creek,dpz3n8cx5,1.0
88,The Village at Black Creek,dpz3n8cx6,1.0
88,The Village at Black Creek,dpz3n8cx7,1.0
88,The Village at Black Creek,dpz3n8cx8,0.9999999999999998
88,The Village at Black Creek,dpz3n8cx9,1.0
88,The Village at Black Creek,dpz3n8cxb,1.0
88,The Village at Black Creek,dpz3n8cxc,1.0
88,The Village at Black Creek,dpz3n8cxd,1.0
88,The Village at Black Creek,dpz3n8cxe,1.0
88,The Village at Black Creek,dpz3n8cxf,1.0
88,The Village at Black Creek,dpz3n8cxg,1.0
88,The Village at Black Creek,dpz3n8cxh,1.0
88,The Village at Black Creek,dpz3n8cxj,1.0
88,The Village at Black Creek,dpz3n8cxk,1.0
88,The Village at Black Creek,dpz3n8cxm,1.0
88,The Village at Black Creek,dpz3n8cxn,1.0
88,The Village at Black Creek,dpz3n8cxp,1.0
88,The Village at Black Creek,dpz3n8cxq,1.0
88,The Village at Black Creek,dpz3n8cxr,1.0
88,The Village at Black Creek,dpz3n8cxs,1.0
88,The Village at Black Creek,dpz3n8cxt,0.9999999999999998
88,The Village at Black Creek,dpz3n8cxu,1.0
88,The Village at Black Creek,dpz3n8cxv,1.0
88,The Village at Black Creek,dpz3n8cxw,1.0
88,The Village at Black Creek,dpz3n8cxx,1.0
88,The Village at Black Creek,dpz3n8cxy,1.0
88,The Village at Black Creek,dpz3n8cxz,1.0
88,The Village at Black Creek,dpz3n8cy0,1.0
88,The Village at Black Creek,dpz3n8cy1,1.0
88,The Village at Black Creek,dpz3n8cy2,1.0
88,The Village at Black Creek,dpz3n8cy3,1.0
88,The Village at Black Creek,dpz3n8cy4,1.0
88,The Village at Black Creek,dpz3n8cy5,1.0
88,The Village at Black Creek,dpz3n8cy6,1.0
88,The Village at Black Creek,dpz3n8cy7,0.9531418519169168
88,The Village at Black Creek,dpz3n8cy8,1.0
88,The Village at Black Creek,dpz3n8cy9,1.0
88,The Village at Black Creek,dpz3n8cyb,1.0
88,The Village at Black Creek,dpz3n8cyc,1.0
88,The Village at Black Creek,dpz3n8cyd,0.9999999999999998
88,The Village at Black Creek,dpz3n8cyf,0.8751436791710514
88,The Village at Black Creek,dpz3n8cz0,1.0
88,The Village at Black Creek,dpz3n8cz1,1.0
88,The Village at Black Creek,dpz3n8cz2,1.0
88,The Village at Black Creek,dpz3n8cz8,0.9915852506458755
88,The Village at Black Creek,dpz3n8f08,0.838995838408773
88,The Village at Black Creek,dpz3n8f0b,1.0
88,The Village at Black Creek,dpz3n8f0c,1.0
88,The Village at Black Creek,dpz3n8f0f,0.9923860521234592
88,The Village at Black Creek,dpz3n8f10,1.0
88,The Village at Black Creek,dpz3n8f11,1.0
88,The Village at Black Creek,dpz3n8f12,0.9999999999999998
88,The Village at Black Creek,dpz3n8f13,1.0
88,The Village at Black Creek,dpz3n8f14,1.0
88,The Village at Black Creek,dpz3n8f15,1.0
88,The Village at Black Creek,dpz3n8f16,1.0
88,The Village at Black Creek,dpz3n8f17,1.0
88,The Village at Black Creek,dpz3n8f18,1.0
88,The Village at Black Creek,dpz3n8f19,1.0
88,The Village at Black Creek,dpz3n8f1b,1.0
88,The Village at Black Creek,dpz3n8f1c,0.9999999999999998
88,The Village at Black Creek,dpz3n8f1d,1.0
88,The Village at Black Creek,dpz3n8f1e,1.0
88,The Village at Black Creek,dpz3n8f1f,1.0
88,The Village at Black Creek,dpz3n8f1g,1.0
88,The Village at Black Creek,dpz3n8f1h,1.0
88,The Village at Black Creek,dpz3n8f1j,0.959645884428242
88,The Village at Black Creek,dpz3n8f1k,1.0
88,The Village at Black Creek,dpz3n8f1m,1.0
88,The Village at Black Creek,dpz3n8f1q,1.0
88,The Village at Black Creek,dpz3n8f1r,1.0
88,The Village at Black Creek,dpz3n8f1s,1.0
88,The Village at Black Creek,dpz3n8f1t,1.0
88,The Village at Black Creek,dpz3n8f1u,1.0
88,The Village at Black Creek,dpz3n8f1v,1.0
88,The Village at Black Creek,dpz3n8f1w,1.0
88,The Village at Black Creek,dpz3n8f1x,1.0
88,The Village at Black Creek,dpz3n8f1y,1.0
88,The Village at Black Creek,dpz3n8f1z,1.0
88,The Village at Black Creek,dpz3n8f32,0.9010877134509598
88,The Village at Black Creek,dpz3n8f38,0.9999999999999998
88,The Village at Black Creek,dpz3n8f39,1.0
88,The Village at Black Creek,dpz3n8f3b,1.0
88,The Village at Black Creek,dpz3n8f3c,1.0
88,The Village at Black Creek,dpz3n8f40,1.0
88,The Village at Black Creek,dpz3n8f41,1.0
88,The Village at Black Creek,dpz3n8f42,1.0
88,The Village at Black Creek,dpz3n8f43,1.0
88,The Village at Black Creek,dpz3n8f44,1.0
88,The Village at Black Creek,dpz3n8f45,1.0
88,The Village at Black Creek,dpz3n8f46,1.0
88,The Village at Black Creek,dpz3n8f47,1.0
88,The Village at Black Creek,dpz3n8f48,1.0
88,The Village at Black Creek,dpz3n8f49,1.0
88,The Village at Black Creek,dpz3n8f4b,1.0
88,The Village at Black Creek,dpz3n8f4c,1.0
88,The Village at Black Creek,dpz3n8f4d,1.0
88,The Village at Black Creek,dpz3n8f4e,0.9999999999999998
88,The Village at Black Creek,dpz3n8f4f,1.0
88,The Village at Black Creek,dpz3n8f4g,1.0
88,The Village at Black Creek,dpz3n8f4h,1.0
88,The Village at Black Creek,dpz3n8f4j,1.0
88,The Village at Black Creek,dpz3n8f4k,1.0
88,The Village at Black Creek,dpz3n8f4m,1.0
88,The Village at Black Creek,dpz3n8f4n,1.0
88,The Village at Black Creek,dpz3n8f4p,1.0
88,The Village at Black Creek,dpz3n8f4q,1.0
88,The Village at Black Creek,dpz3n8f4r,1.0
88,The Village at Black Creek,dpz3n8f4s,1.0
88,The Village at Black Creek,dpz3n8f4t,1.0
88,The Village at Black Creek,dpz3n8f4u,1.0
88,The Village at Black Creek,dpz3n8f4v,1.0
88,The Village at Black Creek,dpz3n8f4w,1.0
88,The Village at Black Creek,dpz3n8f4x,1.0
88,The Village at Black Creek,dpz3n8f4y,1.0
88,The Village at Black Creek,dpz3n8f4z,1.0
88,The Village at Black Creek,dpz3n8f50,1.0
88,The Village at Black Creek,dpz3n8f51,1.0
88,The Village at Black Creek,dpz3n8f52,1.0
88,The Village at Black Creek,dpz3n8f53,1.0
88,The Village at Black Creek,dpz3n8f54,1.0
88,The Village at Black Creek,dpz3n8f55,1.0
88,The Village at Black Creek,dpz3n8f56,0.9999999999999998
88,The Village at Black Creek,dpz3n8f57,1.0
88,The Village at Black Creek,dpz3n8f58,1.0
88,The Village at Black Creek,dpz3n8f59,1.0
88,The Village at Black Creek,dpz3n8f5b,1.0
88,The Village at Black Creek,dpz3n8f5c,1.0
88,The Village at Black Creek,dpz3n8f5d,0.9999999999999998
88,The Village at Black Creek,dpz3n8f5e,1.0
88,The Village at Black Creek,dpz3n8f5f,1.0
88,The Village at Black Creek,dpz3n8f5g,1.0
88,The Village at Black Creek,dpz3n8f5h,1.0
88,The Village at Black Creek,dpz3n8f5j,1.0
88,The Village at Black Creek,dpz3n8f5k,0.9999999999999998
88,The Village at Black Creek,dpz3n8f5m,1.0
88,The Village at Black Creek,dpz3n8f5n,1.0
88,The Village at Black Creek,dpz3n8f5p,0.9938390401074632
88,The Village at Black Creek,dpz3n8f5q,0.9883158660268194
88,The Village at Black Creek,dpz3n8f5s,1.0
88,The Village at Black Creek,dpz3n8f5t,0.981039860507416
88,The Village at Black Creek,dpz3n8f5u,0.9720107998187238
88,The Village at Black Creek,dpz3n8f60,1.0
88,The Village at Black Creek,dpz3n8f61,1.0
88,The Village at Black Creek,dpz3n8f62,1.0
88,The Village at Black Creek,dpz3n8f63,1.0
88,The Village at Black Creek,dpz3n8f66,0.9406860358530702
88,The Village at Black Creek,dpz3n8f68,1.0
88,The Village at Black Creek,dpz3n8f69,0.9996277886616112
88,The Village at Black Creek,dpz3n8f6b,0.9976096064997269
88,The Village at Black Creek,dpz3n8fh0,1.0
88,The Village at Black Creek,dpz3n8fh1,1.0
88,The Village at Black Creek,dpz3n8fh2,1.0
88,The Village at Black Creek,dpz3n8fh3,1.0
88,The Village at Black Creek,dpz3n8fh4,1.0
88,The Village at Black Creek,dpz3n8fh5,0.9612284603788848
88,The Village at Black Creek,dpz3n8fh6,0.9486926184194562
88,The Village at Black Creek,dpz3n8fh8,1.0
88,The Village at Black Creek,dpz3n8fh9,0.9344030502868927
88,The Village at Black Creek,dpz3n8fhb,0.9183595322288808
88,The Village at Black Creek,dpz3n9000,1.0
88,The Village at Black Creek,dpz3n9001,1.0
88,The Village at Black Creek,dpz3n9002,1.0
88,The Village at Black Creek,dpz3n9003,1.0
88,The Village at Black Creek,dpz3n9004,1.0
88,The Village at Black Creek,dpz3n9005,1.0
88,The Village at Black Creek,dpz3n9006,1.0
88,The Village at Black Creek,dpz3n9007,1.0
88,The Village at Black Creek,dpz3n9008,1.0
88,The Village at Black Creek,dpz3n9009,1.0
88,The Village at Black Creek,dpz3n900b,1.0
88,The Village at Black Creek,dpz3n900c,1.0
88,The Village at Black Creek,dpz3n900d,0.9999999999999998
88,The Village at Black Creek,dpz3n900e,1.0
88,The Village at Black Creek,dpz3n900f,1.0
88,The Village at Black Creek,dpz3n900g,1.0
88,The Village at Black Creek,dpz3n900h,1.0
88,The Village at Black Creek,dpz3n900j,0.9999999999999998
88,The Village at Black Creek,dpz3n900k,1.0
88,The Village at Black Creek,dpz3n900m,1.0
88,The Village at Black Creek,dpz3n900n,1.0
88,The Village at Black Creek,dpz3n900p,1.0
88,The Village at Black Creek,dpz3n900q,1.0
88,The Village at Black Creek,dpz3n900r,1.0
88,The Village at Black Creek,dpz3n900s,1.0
88,The Village at Black Creek,dpz3n900t,1.0
88,The Village at Black Creek,dpz3n900u,0.9999999999999998
88,The Village at Black Creek,dpz3n900v,1.0
88,The Village at Black Creek,dpz3n900w,1.0
88,The Village at Black Creek,dpz3n900x,0.9999999999999998
88,The Village at Black Creek,dpz3n900y,1.0
88,The Village at Black Creek,dpz3n900z,1.0
88,The Village at Black Creek,dpz3n9010,0.9999999999999998
88,The Village at Black Creek,dpz3n9011,1.0
88,The Village at Black Creek,dpz3n9012,1.0
88,The Village at Black Creek,dpz3n9013,1.0
88,The Village at Black Creek,dpz3n9014,1.0
88,The Village at Black Creek,dpz3n9015,1.0
88,The Village at Black Creek,dpz3n9016,1.0
88,The Village at Black Creek,dpz3n9017,1.0
88,The Village at Black Creek,dpz3n9018,1.0
88,The Village at Black Creek,dpz3n9019,1.0
88,The Village at Black Creek,dpz3n901b,1.0
88,The Village at Black Creek,dpz3n901c,1.0
88,The Village at Black Creek,dpz3n901d,1.0
88,The Village at Black Creek,dpz3n901e,1.0
88,The Village at Black Creek,dpz3n901f,1.0
88,The Village at Black Creek,dpz3n901g,1.0
88,The Village at Black Creek,dpz3n901h,1.0
88,The Village at Black Creek,dpz3n901j,1.0
88,The Village at Black Creek,dpz3n901k,0.9999999999999998
88,The Village at Black Creek,dpz3n901m,1.0
88,The Village at Black Creek,dpz3n901n,1.0
88,The Village at Black Creek,dpz3n901p,1.0
88,The Village at Black Creek,dpz3n901q,1.0
88,The Village at Black Creek,dpz3n901r,1.0
88,The Village at Black Creek,dpz3n901s,1.0
88,The Village at Black Creek,dpz3n901t,1.0
88,The Village at Black Creek,dpz3n901u,1.0
88,The Village at Black Creek,dpz3n901v,1.0
88,The Village at Black Creek,dpz3n901w,1.0
88,The Village at Black Creek,dpz3n901x,1.0
88,The Village at Black Creek,dpz3n901y,1.0
88,The Village at Black Creek,dpz3n901z,1.0
88,The Village at Black Creek,dpz3n9020,1.0
88,The Village at Black Creek,dpz3n9021,1.0
88,The Village at Black Creek,dpz3n9022,1.0
88,The Village at Black Creek,dpz3n9023,1.0
88,The Village at Black Creek,dpz3n9024,1.0
88,The Village at Black Creek,dpz3n9025,1.0
88,The Village at Black Creek,dpz3n9026,1.0
88,The Village at Black Creek,dpz3n9027,1.0
88,The Village at Black Creek,dpz3n9028,1.0
88,The Village at Black Creek,dpz3n9029,1.0
88,The Village at Black Creek,dpz3n902b,1.0
88,The Village at Black Creek,dpz3n902c,1.0
88,The Village at Black Creek,dpz3n902d,1.0
88,The Village at Black Creek,dpz3n902e,1.0
88,The Village at Black Creek,dpz3n902f,1.0
88,The Village at Black Creek,dpz3n902g,1.0
88,The Village at Black Creek,dpz3n902h,1.0
88,The Village at Black Creek,dpz3n902j,1.0
88,The Village at Black Creek,dpz3n902k,1.0
88,The Village at Black Creek,dpz3n902m,1.0
88,The Village at Black Creek,dpz3n902n,1.0
88,The Village at Black Creek,dpz3n902p,1.0
88,The Village at Black Creek,dpz3n902q,0.9999999999999998
88,The Village at Black Creek,dpz3n902r,1.0
88,The Village at Black Creek,dpz3n902s,1.0
88,The Village at Black Creek,dpz3n902t,1.0
88,The Village at Black Creek,dpz3n902u,1.0
88,The Village at Black Creek,dpz3n902v,0.9999999999999998
88,The Village at Black Creek,dpz3n902w,1.0
88,The Village at Black Creek,dpz3n902x,1.0
88,The Village at Black Creek,dpz3n902y,1.0
88,The Village at Black Creek,dpz3n902z,1.0
88,The Village at Black Creek,dpz3n9030,1.0
88,The Village at Black Creek,dpz3n9031,0.9999999999999998
88,The Village at Black Creek,dpz3n9032,0.9999999999999998
88,The Village at Black Creek,dpz3n9033,1.0
88,The Village at Black Creek,dpz3n9034,1.0
88,The Village at Black Creek,dpz3n9035,0.9999999999999998
88,The Village at Black Creek,dpz3n9036,1.0
88,The Village at Black Creek,dpz3n9037,1.0
88,The Village at Black Creek,dpz3n9038,1.0
88,The Village at Black Creek,dpz3n9039,1.0
88,The Village at Black Creek,dpz3n903b,0.9999999999999998
88,The Village at Black Creek,dpz3n903c,1.0
88,The Village at Black Creek,dpz3n903d,1.0
88,The Village at Black Creek,dpz3n903e,1.0
88,The Village at Black Creek,dpz3n903f,1.0
88,The Village at Black Creek,dpz3n903g,1.0
88,The Village at Black Creek,dpz3n903h,0.9999999999999998
88,The Village at Black Creek,dpz3n903j,1.0
88,The Village at Black Creek,dpz3n903k,1.0
88,The Village at Black Creek,dpz3n903m,1.0
88,The Village at Black Creek,dpz3n903n,1.0
88,The Village at Black Creek,dpz3n903p,1.0
88,The Village at Black Creek,dpz3n903q,1.0
88,The Village at Black Creek,dpz3n903r,1.0
88,The Village at Black Creek,dpz3n903s,1.0
88,The Village at Black Creek,dpz3n903t,1.0
88,The Village at Black Creek,dpz3n903u,1.0
88,The Village at Black Creek,dpz3n903v,1.0
88,The Village at Black Creek,dpz3n903w,1.0
88,The Village at Black Creek,dpz3n903x,1.0
88,The Village at Black Creek,dpz3n903y,1.0
88,The Village at Black Creek,dpz3n903z,1.0
88,The Village at Black Creek,dpz3n9040,1.0
88,The Village at Black Creek,dpz3n9041,0.9999999999999998
88,The Village at Black Creek,dpz3n9042,1.0
88,The Village at Black Creek,dpz3n9043,1.0
88,The Village at Black Creek,dpz3n9044,1.0
88,The Village at Black Creek,dpz3n9045,1.0
88,The Village at Black Creek,dpz3n9046,1.0
88,The Village at Black Creek,dpz3n9047,1.0
88,The Village at Black Creek,dpz3n9048,1.0
88,The Village at Black Creek,dpz3n9049,1.0
88,The Village at Black Creek,dpz3n904b,1.0
88,The Village at Black Creek,dpz3n904c,1.0
88,The Village at Black Creek,dpz3n904d,1.0
88,The Village at Black Creek,dpz3n904e,1.0
88,The Village at Black Creek,dpz3n904f,1.0
88,The Village at Black Creek,dpz3n904g,1.0
88,The Village at Black Creek,dpz3n904h,1.0
88,The Village at Black Creek,dpz3n904j,1.0
88,The Village at Black Creek,dpz3n904k,1.0
88,The Village at Black Creek,dpz3n904m,1.0
88,The Village at Black Creek,dpz3n904n,1.0
88,The Village at Black Creek,dpz3n904p,1.0
88,The Village at Black Creek,dpz3n904q,1.0
88,The Village at Black Creek,dpz3n904r,1.0
88,The Village at Black Creek,dpz3n904s,1.0
88,The Village at Black Creek,dpz3n904t,1.0
88,The Village at Black Creek,dpz3n904u,1.0
88,The Village at Black Creek,dpz3n904v,1.0
88,The Village at Black Creek,dpz3n904w,1.0
88,The Village at Black Creek,dpz3n904x,1.0
88,The Village at Black Creek,dpz3n904y,1.0
88,The Village at Black Creek,dpz3n904z,1.0
88,The Village at Black Creek,dpz3n9050,1.0
88,The Village at Black Creek,dpz3n9051,0.9999999999999998
88,The Village at Black Creek,dpz3n9052,1.0
88,The Village at Black Creek,dpz3n9053,1.0
88,The Village at Black Creek,dpz3n9054,1.0
88,The Village at Black Creek,dpz3n9055,1.0
88,The Village at Black Creek,dpz3n9056,1.0
88,The Village at Black Creek,dpz3n9057,1.0
88,The Village at Black Creek,dpz3n9058,1.0
88,The Village at Black Creek,dpz3n9059,1.0
88,The Village at Black Creek,dpz3n905b,1.0
88,The Village at Black Creek,dpz3n905c,1.0
88,The Village at Black Creek,dpz3n905d,1.0
88,The Village at Black Creek,dpz3n905e,1.0
88,The Village at Black Creek,dpz3n905f,1.0
88,The Village at Black Creek,dpz3n905g,1.0
88,The Village at Black Creek,dpz3n905h,0.9999999999999998
88,The Village at Black Creek,dpz3n905j,1.0
88,The Village at Black Creek,dpz3n905k,0.9999999999999998
88,The Village at Black Creek,dpz3n905m,1.0
88,The Village at Black Creek,dpz3n905n,1.0
88,The Village at Black Creek,dpz3n905p,1.0
88,The Village at Black Creek,dpz3n905q,1.0
88,The Village at Black Creek,dpz3n905r,1.0
88,The Village at Black Creek,dpz3n905s,1.0
88,The Village at Black Creek,dpz3n905t,0.9999999999999998
88,The Village at Black Creek,dpz3n905u,1.0
88,The Village at Black Creek,dpz3n905v,1.0
88,The Village at Black Creek,dpz3n905w,1.0
88,The Village at Black Creek,dpz3n905x,1.0
88,The Village at Black Creek,dpz3n905y,1.0
88,The Village at Black Creek,dpz3n905z,1.0
88,The Village at Black Creek,dpz3n9060,1.0
88,The Village at Black Creek,dpz3n9061,1.0
88,The Village at Black Creek,dpz3n9062,1.0
88,The Village at Black Creek,dpz3n9063,1.0
88,The Village at Black Creek,dpz3n9064,1.0
88,The Village at Black Creek,dpz3n9065,1.0
88,The Village at Black Creek,dpz3n9066,1.0
88,The Village at Black Creek,dpz3n9067,1.0
88,The Village at Black Creek,dpz3n9068,1.0
88,The Village at Black Creek,dpz3n9069,1.0
88,The Village at Black Creek,dpz3n906b,1.0
88,The Village at Black Creek,dpz3n906c,1.0
88,The Village at Black Creek,dpz3n906d,1.0
88,The Village at Black Creek,dpz3n906e,1.0
88,The Village at Black Creek,dpz3n906f,1.0
88,The Village at Black Creek,dpz3n906g,0.9999999999999998
88,The Village at Black Creek,dpz3n906h,1.0
88,The Village at Black Creek,dpz3n906j,1.0
88,The Village at Black Creek,dpz3n906k,1.0
88,The Village at Black Creek,dpz3n906m,1.0
88,The Village at Black Creek,dpz3n906n,1.0
88,The Village at Black Creek,dpz3n906p,1.0
88,The Village at Black Creek,dpz3n906q,1.0
88,The Village at Black Creek,dpz3n906r,1.0
88,The Village at Black Creek,dpz3n906s,0.9999999999999998
88,The Village at Black Creek,dpz3n906t,1.0
88,The Village at Black Creek,dpz3n906u,1.0
88,The Village at Black Creek,dpz3n906v,1.0
88,The Village at Black Creek,dpz3n906w,1.0
88,The Village at Black Creek,dpz3n906x,1.0
88,The Village at Black Creek,dpz3n906y,1.0
88,The Village at Black Creek,dpz3n906z,1.0
88,The Village at Black Creek,dpz3n9070,1.0
88,The Village at Black Creek,dpz3n9071,1.0
88,The Village at Black Creek,dpz3n9072,1.0
88,The Village at Black Creek,dpz3n9073,1.0
88,The Village at Black Creek,dpz3n9074,1.0
88,The Village at Black Creek,dpz3n9075,1.0
88,The Village at Black Creek,dpz3n9076,0.9999999999999998
88,The Village at Black Creek,dpz3n9077,1.0
88,The Village at Black Creek,dpz3n9078,1.0
88,The Village at Black Creek,dpz3n9079,0.9999999999999998
88,The Village at Black Creek,dpz3n907b,1.0
88,The Village at Black Creek,dpz3n907c,1.0
88,The Village at Black Creek,dpz3n907d,1.0
88,The Village at Black Creek,dpz3n907e,1.0
88,The Village at Black Creek,dpz3n907f,1.0
88,The Village at Black Creek,dpz3n907g,1.0
88,The Village at Black Creek,dpz3n907h,1.0
88,The Village at Black Creek,dpz3n907j,1.0
88,The Village at Black Creek,dpz3n907k,1.0
88,The Village at Black Creek,dpz3n907m,1.0
88,The Village at Black Creek,dpz3n907n,1.0
88,The Village at Black Creek,dpz3n907p,1.0
88,The Village at Black Creek,dpz3n907q,1.0
88,The Village at Black Creek,dpz3n907r,1.0
88,The Village at Black Creek,dpz3n907s,1.0
88,The Village at Black Creek,dpz3n907t,1.0
88,The Village at Black Creek,dpz3n907u,1.0
88,The Village at Black Creek,dpz3n907v,0.9999999999999998
88,The Village at Black Creek,dpz3n907w,1.0
88,The Village at Black Creek,dpz3n907x,1.0
88,The Village at Black Creek,dpz3n907y,1.0
88,The Village at Black Creek,dpz3n907z,1.0
88,The Village at Black Creek,dpz3n9080,0.9999999999999998
88,The Village at Black Creek,dpz3n9081,1.0
88,The Village at Black Creek,dpz3n9082,1.0
88,The Village at Black Creek,dpz3n9083,1.0
88,The Village at Black Creek,dpz3n9084,1.0
88,The Village at Black Creek,dpz3n9085,0.9999999999999998
88,The Village at Black Creek,dpz3n9086,1.0
88,The Village at Black Creek,dpz3n9087,1.0
88,The Village at Black Creek,dpz3n9088,0.9999999999999998
88,The Village at Black Creek,dpz3n9089,1.0
88,The Village at Black Creek,dpz3n908b,1.0
88,The Village at Black Creek,dpz3n908c,1.0
88,The Village at Black Creek,dpz3n908d,1.0
88,The Village at Black Creek,dpz3n908e,1.0
88,The Village at Black Creek,dpz3n908f,1.0
88,The Village at Black Creek,dpz3n908g,1.0
88,The Village at Black Creek,dpz3n908h,1.0
88,The Village at Black Creek,dpz3n908j,1.0
88,The Village at Black Creek,dpz3n908k,1.0
88,The Village at Black Creek,dpz3n908m,1.0
88,The Village at Black Creek,dpz3n908n,0.9999999999999998
88,The Village at Black Creek,dpz3n908p,1.0
88,The Village at Black Creek,dpz3n908q,0.9999999999999998
88,The Village at Black Creek,dpz3n908r,1.0
88,The Village at Black Creek,dpz3n908s,1.0
88,The Village at Black Creek,dpz3n908t,1.0
88,The Village at Black Creek,dpz3n908u,1.0
88,The Village at Black Creek,dpz3n908v,1.0
88,The Village at Black Creek,dpz3n908w,1.0
88,The Village at Black Creek,dpz3n908x,1.0
88,The Village at Black Creek,dpz3n908y,1.0
88,The Village at Black Creek,dpz3n908z,1.0
88,The Village at Black Creek,dpz3n9090,1.0
88,The Village at Black Creek,dpz3n9091,1.0
88,The Village at Black Creek,dpz3n9092,1.0
88,The Village at Black Creek,dpz3n9093,1.0
88,The Village at Black Creek,dpz3n9094,1.0
88,The Village at Black Creek,dpz3n9095,1.0
88,The Village at Black Creek,dpz3n9096,1.0
88,The Village at Black Creek,dpz3n9097,1.0
88,The Village at Black Creek,dpz3n9098,1.0
88,The Village at Black Creek,dpz3n9099,0.9999999999999998
88,The Village at Black Creek,dpz3n909b,1.0
88,The Village at Black Creek,dpz3n909c,1.0
88,The Village at Black Creek,dpz3n909d,1.0
88,The Village at Black Creek,dpz3n909e,0.9999999999999998
88,The Village at Black Creek,dpz3n909f,1.0
88,The Village at Black Creek,dpz3n909g,1.0
88,The Village at Black Creek,dpz3n909h,1.0
88,The Village at Black Creek,dpz3n909j,1.0
88,The Village at Black Creek,dpz3n909k,1.0
88,The Village at Black Creek,dpz3n909m,1.0
88,The Village at Black Creek,dpz3n909n,0.9999999999999998
88,The Village at Black Creek,dpz3n909p,1.0
88,The Village at Black Creek,dpz3n909q,1.0
88,The Village at Black Creek,dpz3n909r,1.0
88,The Village at Black Creek,dpz3n909s,1.0
88,The Village at Black Creek,dpz3n909t,1.0
88,The Village at Black Creek,dpz3n909u,1.0
88,The Village at Black Creek,dpz3n909v,1.0
88,The Village at Black Creek,dpz3n909w,1.0
88,The Village at Black Creek,dpz3n909x,1.0
88,The Village at Black Creek,dpz3n909y,1.0
88,The Village at Black Creek,dpz3n909z,1.0
88,The Village at Black Creek,dpz3n90b0,1.0
88,The Village at Black Creek,dpz3n90b1,1.0
88,The Village at Black Creek,dpz3n90b2,0.9999999999999998
88,The Village at Black Creek,dpz3n90b3,1.0
88,The Village at Black Creek,dpz3n90b4,1.0
88,The Village at Black Creek,dpz3n90b5,1.0
88,The Village at Black Creek,dpz3n90b6,1.0
88,The Village at Black Creek,dpz3n90b7,1.0
88,The Village at Black Creek,dpz3n90b8,1.0
88,The Village at Black Creek,dpz3n90b9,1.0
88,The Village at Black Creek,dpz3n90bb,1.0
88,The Village at Black Creek,dpz3n90bc,0.9999999999999998
88,The Village at Black Creek,dpz3n90bd,1.0
88,The Village at Black Creek,dpz3n90be,1.0
88,The Village at Black Creek,dpz3n90bf,1.0
88,The Village at Black Creek,dpz3n90bg,0.9999999999999998
88,The Village at Black Creek,dpz3n90bh,1.0
88,The Village at Black Creek,dpz3n90bj,1.0
88,The Village at Black Creek,dpz3n90bk,1.0
88,The Village at Black Creek,dpz3n90bm,0.9999999999999998
88,The Village at Black Creek,dpz3n90bn,1.0
88,The Village at Black Creek,dpz3n90bp,1.0
88,The Village at Black Creek,dpz3n90bq,1.0
88,The Village at Black Creek,dpz3n90br,1.0
88,The Village at Black Creek,dpz3n90bs,1.0
88,The Village at Black Creek,dpz3n90bt,1.0
88,The Village at Black Creek,dpz3n90bu,1.0
88,The Village at Black Creek,dpz3n90bv,1.0
88,The Village at Black Creek,dpz3n90bw,1.0
88,The Village at Black Creek,dpz3n90bx,1.0
88,The Village at Black Creek,dpz3n90by,1.0
88,The Village at Black Creek,dpz3n90bz,1.0
88,The Village at Black Creek,dpz3n90c0,1.0
88,The Village at Black Creek,dpz3n90c1,1.0
88,The Village at Black Creek,dpz3n90c2,0.9999999999999998
88,The Village at Black Creek,dpz3n90c3,1.0
88,The Village at Black Creek,dpz3n90c4,1.0
88,The Village at Black Creek,dpz3n90c5,1.0
88,The Village at Black Creek,dpz3n90c6,1.0
88,The Village at Black Creek,dpz3n90c7,1.0
88,The Village at Black Creek,dpz3n90c8,1.0
88,The Village at Black Creek,dpz3n90c9,1.0
88,The Village at Black Creek,dpz3n90cb,1.0
88,The Village at Black Creek,dpz3n90cc,1.0
88,The Village at Black Creek,dpz3n90cd,0.9999999999999998
88,The Village at Black Creek,dpz3n90ce,1.0
88,The Village at Black Creek,dpz3n90cf,1.0
88,The Village at Black Creek,dpz3n90cg,1.0
88,The Village at Black Creek,dpz3n90ch,1.0
88,The Village at Black Creek,dpz3n90cj,1.0
88,The Village at Black Creek,dpz3n90ck,1.0
88,The Village at Black Creek,dpz3n90cm,1.0
88,The Village at Black Creek,dpz3n90cn,1.0
88,The Village at Black Creek,dpz3n90cp,1.0
88,The Village at Black Creek,dpz3n90cq,1.0
88,The Village at Black Creek,dpz3n90cr,1.0
88,The Village at Black Creek,dpz3n90cs,1.0
88,The Village at Black Creek,dpz3n90ct,1.0
88,The Village at Black Creek,dpz3n90cu,1.0
88,The Village at Black Creek,dpz3n90cv,1.0
88,The Village at Black Creek,dpz3n90cw,0.9999999999999998
88,The Village at Black Creek,dpz3n90cx,1.0
88,The Village at Black Creek,dpz3n90cy,1.0
88,The Village at Black Creek,dpz3n90cz,1.0
88,The Village at Black Creek,dpz3n90d0,1.0
88,The Village at Black Creek,dpz3n90d1,1.0
88,The Village at Black Creek,dpz3n90d2,0.9999999999999998
88,The Village at Black Creek,dpz3n90d3,1.0
88,The Village at Black Creek,dpz3n90d4,0.9999999999999998
88,The Village at Black Creek,dpz3n90d5,0.9999999999999998
88,The Village at Black Creek,dpz3n90d6,1.0
88,The Village at Black Creek,dpz3n90d7,1.0
88,The Village at Black Creek,dpz3n90d8,1.0
88,The Village at Black Creek,dpz3n90d9,1.0
88,The Village at Black Creek,dpz3n90db,1.0
88,The Village at Black Creek,dpz3n90dc,1.0
88,The Village at Black Creek,dpz3n90dd,1.0
88,The Village at Black Creek,dpz3n90de,1.0
88,The Village at Black Creek,dpz3n90df,1.0
88,The Village at Black Creek,dpz3n90dg,1.0
88,The Village at Black Creek,dpz3n90dh,1.0
88,The Village at Black Creek,dpz3n90dj,1.0
88,The Village at Black Creek,dpz3n90dk,1.0
88,The Village at Black Creek,dpz3n90dm,1.0
88,The Village at Black Creek,dpz3n90dn,1.0
88,The Village at Black Creek,dpz3n90dp,1.0
88,The Village at Black Creek,dpz3n90dq,1.0
88,The Village at Black Creek,dpz3n90dr,1.0
88,The Village at Black Creek,dpz3n90ds,1.0
88,The Village at Black Creek,dpz3n90dt,1.0
88,The Village at Black Creek,dpz3n90du,0.9999999999999998
88,The Village at Black Creek,dpz3n90dv,1.0
88,The Village at Black Creek,dpz3n90dw,1.0
88,The Village at Black Creek,dpz3n90dx,1.0
88,The Village at Black Creek,dpz3n90dy,0.9999999999999998
88,The Village at Black Creek,dpz3n90dz,1.0
88,The Village at Black Creek,dpz3n90e0,1.0
88,The Village at Black Creek,dpz3n90e1,1.0
88,The Village at Black Creek,dpz3n90e2,1.0
88,The Village at Black Creek,dpz3n90e3,1.0
88,The Village at Black Creek,dpz3n90e4,1.0
88,The Village at Black Creek,dpz3n90e5,1.0
88,The Village at Black Creek,dpz3n90e6,0.9999999999999998
88,The Village at Black Creek,dpz3n90e7,1.0
88,The Village at Black Creek,dpz3n90e8,1.0
88,The Village at Black Creek,dpz3n90e9,1.0
88,The Village at Black Creek,dpz3n90eb,1.0
88,The Village at Black Creek,dpz3n90ec,1.0
88,The Village at Black Creek,dpz3n90ed,0.9999999999999998
88,The Village at Black Creek,dpz3n90ee,1.0
88,The Village at Black Creek,dpz3n90ef,1.0
88,The Village at Black Creek,dpz3n90eg,1.0
88,The Village at Black Creek,dpz3n90eh,1.0
88,The Village at Black Creek,dpz3n90ej,1.0
88,The Village at Black Creek,dpz3n90ek,1.0
88,The Village at Black Creek,dpz3n90em,1.0
88,The Village at Black Creek,dpz3n90en,1.0
88,The Village at Black Creek,dpz3n90ep,1.0
88,The Village at Black Creek,dpz3n90eq,1.0
88,The Village at Black Creek,dpz3n90er,1.0
88,The Village at Black Creek,dpz3n90es,1.0
88,The Village at Black Creek,dpz3n90et,1.0
88,The Village at Black Creek,dpz3n90eu,0.9999999999999998
88,The Village at Black Creek,dpz3n90ev,1.0
88,The Village at Black Creek,dpz3n90ew,0.9999999999999998
88,The Village at Black Creek,dpz3n90ex,1.0
88,The Village at Black Creek,dpz3n90ey,1.0
88,The Village at Black Creek,dpz3n90ez,1.0
88,The Village at Black Creek,dpz3n90f0,1.0
88,The Village at Black Creek,dpz3n90f1,1.0
88,The Village at Black Creek,dpz3n90f2,1.0
88,The Village at Black Creek,dpz3n90f3,1.0
88,The Village at Black Creek,dpz3n90f4,1.0
88,The Village at Black Creek,dpz3n90f5,1.0
88,The Village at Black Creek,dpz3n90f6,1.0
88,The Village at Black Creek,dpz3n90f7,1.0
88,The Village at Black Creek,dpz3n90f8,1.0
88,The Village at Black Creek,dpz3n90f9,1.0
88,The Village at Black Creek,dpz3n90fb,1.0
88,The Village at Black Creek,dpz3n90fc,1.0
88,The Village at Black Creek,dpz3n90fd,1.0
88,The Village at Black Creek,dpz3n90fe,1.0
88,The Village at Black Creek,dpz3n90ff,1.0
88,The Village at Black Creek,dpz3n90fg,1.0
88,The Village at Black Creek,dpz3n90fh,0.9999999999999998
88,The Village at Black Creek,dpz3n90fj,1.0
88,The Village at Black Creek,dpz3n90fk,1.0
88,The Village at Black Creek,dpz3n90fm,1.0
88,The Village at Black Creek,dpz3n90fn,1.0
88,The Village at Black Creek,dpz3n90fp,1.0
88,The Village at Black Creek,dpz3n90fq,1.0
88,The Village at Black Creek,dpz3n90fr,1.0
88,The Village at Black Creek,dpz3n90fs,1.0
88,The Village at Black Creek,dpz3n90ft,1.0
88,The Village at Black Creek,dpz3n90fu,1.0
88,The Village at Black Creek,dpz3n90fv,1.0
88,The Village at Black Creek,dpz3n90fw,1.0
88,The Village at Black Creek,dpz3n90fx,1.0
88,The Village at Black Creek,dpz3n90fy,1.0
88,The Village at Black Creek,dpz3n90fz,1.0
88,The Village at Black Creek,dpz3n90g0,1.0
88,The Village at Black Creek,dpz3n90g1,1.0
88,The Village at Black Creek,dpz3n90g2,1.0
88,The Village at Black Creek,dpz3n90g3,1.0
88,The Village at Black Creek,dpz3n90g4,1.0
88,The Village at Black Creek,dpz3n90g5,1.0
88,The Village at Black Creek,dpz3n90g6,1.0
88,The Village at Black Creek,dpz3n90g7,1.0
88,The Village at Black Creek,dpz3n90g8,1.0
88,The Village at Black Creek,dpz3n90g9,1.0
88,The Village at Black Creek,dpz3n90gb,1.0
88,The Village at Black Creek,dpz3n90gc,1.0
88,The Village at Black Creek,dpz3n90gd,1.0
88,The Village at Black Creek,dpz3n90ge,0.9999999999999998
88,The Village at Black Creek,dpz3n90gf,1.0
88,The Village at Black Creek,dpz3n90gg,1.0
88,The Village at Black Creek,dpz3n90gh,0.9999999999999998
88,The Village at Black Creek,dpz3n90gj,1.0
88,The Village at Black Creek,dpz3n90gk,1.0
88,The Village at Black Creek,dpz3n90gm,1.0
88,The Village at Black Creek,dpz3n90gn,1.0
88,The Village at Black Creek,dpz3n90gp,1.0
88,The Village at Black Creek,dpz3n90gq,1.0
88,The Village at Black Creek,dpz3n90gr,1.0
88,The Village at Black Creek,dpz3n90gs,1.0
88,The Village at Black Creek,dpz3n90gt,1.0
88,The Village at Black Creek,dpz3n90gu,1.0
88,The Village at Black Creek,dpz3n90gv,1.0
88,The Village at Black Creek,dpz3n90gw,1.0
88,The Village at Black Creek,dpz3n90gx,0.9999999999999998
88,The Village at Black Creek,dpz3n90gy,0.9999999999999998
88,The Village at Black Creek,dpz3n90gz,1.0
88,The Village at Black Creek,dpz3n90hh,0.8543467854552519
88,The Village at Black Creek,dpz3n90hj,0.991341765787999
88,The Village at Black Creek,dpz3n90hn,1.0
88,The Village at Black Creek,dpz3n90hp,1.0
88,The Village at Black Creek,dpz3n90k0,1.0
88,The Village at Black Creek,dpz3n90k1,1.0
88,The Village at Black Creek,dpz3n90k4,1.0
88,The Village at Black Creek,dpz3n90k5,1.0
88,The Village at Black Creek,dpz3n90k6,0.9313037127701028
88,The Village at Black Creek,dpz3n90k7,1.0
88,The Village at Black Creek,dpz3n90kh,1.0
88,The Village at Black Creek,dpz3n90kj,0.9999999999999998
88,The Village at Black Creek,dpz3n90kk,0.9999999999999998
88,The Village at Black Creek,dpz3n90km,1.0
88,The Village at Black Creek,dpz3n90kn,0.9999999999999998
88,The Village at Black Creek,dpz3n90kp,0.9999999999999998
88,The Village at Black Creek,dpz3n90kq,0.9999999999999996
88,The Village at Black Creek,dpz3n90kr,1.0
88,The Village at Black Creek,dpz3n90kx,0.8313582428979815
88,The Village at Black Creek,dpz3n90s0,1.0
88,The Village at Black Creek,dpz3n90s1,1.0
88,The Village at Black Creek,dpz3n90s2,1.0
88,The Village at Black Creek,dpz3n90s3,1.0
88,The Village at Black Creek,dpz3n90s4,1.0
88,The Village at Black Creek,dpz3n90s5,1.0
88,The Village at Black Creek,dpz3n90s6,1.0
88,The Village at Black Creek,dpz3n90s7,0.9999999999999998
88,The Village at Black Creek,dpz3n90s8,0.9827345100530722
88,The Village at Black Creek,dpz3n90s9,1.0
88,The Village at Black Creek,dpz3n90sd,1.0
88,The Village at Black Creek,dpz3n90se,1.0
88,The Village at Black Creek,dpz3n90sh,1.0
88,The Village at Black Creek,dpz3n90sj,1.0
88,The Village at Black Creek,dpz3n90sk,1.0
88,The Village at Black Creek,dpz3n90sm,1.0
88,The Village at Black Creek,dpz3n90sn,1.0
88,The Village at Black Creek,dpz3n90sp,0.9999999999999998
88,The Village at Black Creek,dpz3n90sq,1.0
88,The Village at Black Creek,dpz3n90sr,1.0
88,The Village at Black Creek,dpz3n90ss,0.9999999999999998
88,The Village at Black Creek,dpz3n90st,1.0
88,The Village at Black Creek,dpz3n90sv,0.9097064814074042
88,The Village at Black Creek,dpz3n90sw,0.9999999999999998
88,The Village at Black Creek,dpz3n90sx,1.0
88,The Village at Black Creek,dpz3n90sy,0.999999481202262
88,The Village at Black Creek,dpz3n90sz,1.0
88,The Village at Black Creek,dpz3n90u0,0.9999999999999998
88,The Village at Black Creek,dpz3n90u1,1.0
88,The Village at Black Creek,dpz3n90u2,1.0
88,The Village at Black Creek,dpz3n90u3,1.0
88,The Village at Black Creek,dpz3n90u4,1.0
88,The Village at Black Creek,dpz3n90u5,0.9999999999999998
88,The Village at Black Creek,dpz3n90u6,1.0
88,The Village at Black Creek,dpz3n90u7,1.0
88,The Village at Black Creek,dpz3n90u8,1.0
88,The Village at Black Creek,dpz3n90u9,1.0
88,The Village at Black Creek,dpz3n90ub,1.0
88,The Village at Black Creek,dpz3n90uc,0.9999999999999998
88,The Village at Black Creek,dpz3n90ud,1.0
88,The Village at Black Creek,dpz3n90ue,1.0
88,The Village at Black Creek,dpz3n90uf,0.9999999999999998
88,The Village at Black Creek,dpz3n90ug,1.0
88,The Village at Black Creek,dpz3n90uh,1.0
88,The Village at Black Creek,dpz3n90uj,1.0
88,The Village at Black Creek,dpz3n90uk,1.0
88,The Village at Black Creek,dpz3n90um,1.0
88,The Village at Black Creek,dpz3n90un,1.0
88,The Village at Black Creek,dpz3n90up,1.0
88,The Village at Black Creek,dpz3n90uq,1.0
88,The Village at Black Creek,dpz3n90ur,1.0
88,The Village at Black Creek,dpz3n90us,1.0
88,The Village at Black Creek,dpz3n90ut,1.0
88,The Village at Black Creek,dpz3n90uu,1.0
88,The Village at Black Creek,dpz3n90uv,1.0
88,The Village at Black Creek,dpz3n90uw,1.0
88,The Village at Black Creek,dpz3n90ux,1.0
88,The Village at Black Creek,dpz3n90uy,1.0
88,The Village at Black Creek,dpz3n90uz,1.0
88,The Village at Black Creek,dpz3n90v4,0.8083183962529119
88,The Village at Black Creek,dpz3n90v5,0.9711566305650966
88,The Village at Black Creek,dpz3n90vh,1.0
88,The Village at Black Creek,dpz3n90vj,1.0
88,The Village at Black Creek,dpz3n90vn,0.9999999999999998
88,The Village at Black Creek,dpz3n90vp,1.0
88,The Village at Black Creek,dpz3n9100,1.0
88,The Village at Black Creek,dpz3n9101,1.0
88,The Village at Black Creek,dpz3n9102,0.9999999999999996
88,The Village at Black Creek,dpz3n9103,1.0
88,The Village at Black Creek,dpz3n9104,1.0
88,The Village at Black Creek,dpz3n9105,1.0
88,The Village at Black Creek,dpz3n9106,1.0
88,The Village at Black Creek,dpz3n9107,1.0
88,The Village at Black Creek,dpz3n9108,1.0
88,The Village at Black Creek,dpz3n9109,1.0
88,The Village at Black Creek,dpz3n910b,1.0
88,The Village at Black Creek,dpz3n910c,1.0
88,The Village at Black Creek,dpz3n910d,1.0
88,The Village at Black Creek,dpz3n910e,1.0
88,The Village at Black Creek,dpz3n910f,1.0
88,The Village at Black Creek,dpz3n910g,1.0
88,The Village at Black Creek,dpz3n910h,1.0
88,The Village at Black Creek,dpz3n910j,1.0
88,The Village at Black Creek,dpz3n910k,1.0
88,The Village at Black Creek,dpz3n910m,1.0
88,The Village at Black Creek,dpz3n910n,1.0
88,The Village at Black Creek,dpz3n910p,1.0
88,The Village at Black Creek,dpz3n910q,1.0
88,The Village at Black Creek,dpz3n910r,1.0
88,The Village at Black Creek,dpz3n910s,0.9999999999999998
88,The Village at Black Creek,dpz3n910t,1.0
88,The Village at Black Creek,dpz3n910u,1.0
88,The Village at Black Creek,dpz3n910v,1.0
88,The Village at Black Creek,dpz3n910w,1.0
88,The Village at Black Creek,dpz3n910x,1.0
88,The Village at Black Creek,dpz3n910y,1.0
88,The Village at Black Creek,dpz3n910z,0.9999999999999998
88,The Village at Black Creek,dpz3n9110,1.0
88,The Village at Black Creek,dpz3n9111,1.0
88,The Village at Black Creek,dpz3n9112,1.0
88,The Village at Black Creek,dpz3n9113,1.0
88,The Village at Black Creek,dpz3n9114,1.0
88,The Village at Black Creek,dpz3n9115,1.0
88,The Village at Black Creek,dpz3n9116,1.0
88,The Village at Black Creek,dpz3n9117,1.0
88,The Village at Black Creek,dpz3n9118,1.0
88,The Village at Black Creek,dpz3n9119,1.0
88,The Village at Black Creek,dpz3n911b,1.0
88,The Village at Black Creek,dpz3n911c,1.0
88,The Village at Black Creek,dpz3n911d,1.0
88,The Village at Black Creek,dpz3n911e,1.0
88,The Village at Black Creek,dpz3n911f,1.0
88,The Village at Black Creek,dpz3n911g,1.0
88,The Village at Black Creek,dpz3n911h,0.9999999999999998
88,The Village at Black Creek,dpz3n911j,1.0
88,The Village at Black Creek,dpz3n911k,1.0
88,The Village at Black Creek,dpz3n911m,1.0
88,The Village at Black Creek,dpz3n911n,1.0
88,The Village at Black Creek,dpz3n911p,1.0
88,The Village at Black Creek,dpz3n911q,1.0
88,The Village at Black Creek,dpz3n911r,1.0
88,The Village at Black Creek,dpz3n911s,1.0
88,The Village at Black Creek,dpz3n911t,1.0
88,The Village at Black Creek,dpz3n911u,1.0
88,The Village at Black Creek,dpz3n911v,1.0
88,The Village at Black Creek,dpz3n911w,1.0
88,The Village at Black Creek,dpz3n911x,1.0
88,The Village at Black Creek,dpz3n911y,1.0
88,The Village at Black Creek,dpz3n911z,1.0
88,The Village at Black Creek,dpz3n9120,1.0
88,The Village at Black Creek,dpz3n9121,1.0
88,The Village at Black Creek,dpz3n9122,1.0
88,The Village at Black Creek,dpz3n9123,1.0
88,The Village at Black Creek,dpz3n9124,1.0
88,The Village at Black Creek,dpz3n9125,1.0
88,The Village at Black Creek,dpz3n9126,1.0
88,The Village at Black Creek,dpz3n9127,1.0
88,The Village at Black Creek,dpz3n9128,1.0
88,The Village at Black Creek,dpz3n9129,0.9999999999999998
88,The Village at Black Creek,dpz3n912b,1.0
88,The Village at Black Creek,dpz3n912c,1.0
88,The Village at Black Creek,dpz3n912d,1.0
88,The Village at Black Creek,dpz3n912e,1.0
88,The Village at Black Creek,dpz3n912f,1.0
88,The Village at Black Creek,dpz3n912g,0.9999999999999998
88,The Village at Black Creek,dpz3n912h,1.0
88,The Village at Black Creek,dpz3n912j,1.0
88,The Village at Black Creek,dpz3n912k,1.0
88,The Village at Black Creek,dpz3n912m,1.0
88,The Village at Black Creek,dpz3n912n,1.0
88,The Village at Black Creek,dpz3n912p,1.0
88,The Village at Black Creek,dpz3n912q,0.9999999999999998
88,The Village at Black Creek,dpz3n912r,1.0
88,The Village at Black Creek,dpz3n912s,1.0
88,The Village at Black Creek,dpz3n912t,1.0
88,The Village at Black Creek,dpz3n912u,1.0
88,The Village at Black Creek,dpz3n912v,1.0
88,The Village at Black Creek,dpz3n912w,1.0
88,The Village at Black Creek,dpz3n912x,1.0
88,The Village at Black Creek,dpz3n912y,1.0
88,The Village at Black Creek,dpz3n912z,1.0
88,The Village at Black Creek,dpz3n9130,1.0
88,The Village at Black Creek,dpz3n9131,1.0
88,The Village at Black Creek,dpz3n9132,1.0
88,The Village at Black Creek,dpz3n9133,1.0
88,The Village at Black Creek,dpz3n9134,1.0
88,The Village at Black Creek,dpz3n9135,1.0
88,The Village at Black Creek,dpz3n9136,1.0
88,The Village at Black Creek,dpz3n9137,1.0
88,The Village at Black Creek,dpz3n9138,1.0
88,The Village at Black Creek,dpz3n9139,1.0
88,The Village at Black Creek,dpz3n913b,1.0
88,The Village at Black Creek,dpz3n913c,1.0
88,The Village at Black Creek,dpz3n913d,1.0
88,The Village at Black Creek,dpz3n913e,1.0
88,The Village at Black Creek,dpz3n913f,1.0
88,The Village at Black Creek,dpz3n913g,1.0
88,The Village at Black Creek,dpz3n913h,1.0
88,The Village at Black Creek,dpz3n913j,0.9999999999999998
88,The Village at Black Creek,dpz3n913k,1.0
88,The Village at Black Creek,dpz3n913m,1.0
88,The Village at Black Creek,dpz3n913n,1.0
88,The Village at Black Creek,dpz3n913p,1.0
88,The Village at Black Creek,dpz3n913q,1.0
88,The Village at Black Creek,dpz3n913r,1.0
88,The Village at Black Creek,dpz3n913s,1.0
88,The Village at Black Creek,dpz3n913t,1.0
88,The Village at Black Creek,dpz3n913u,1.0
88,The Village at Black Creek,dpz3n913v,1.0
88,The Village at Black Creek,dpz3n913w,1.0
88,The Village at Black Creek,dpz3n913x,1.0
88,The Village at Black Creek,dpz3n913y,1.0
88,The Village at Black Creek,dpz3n913z,1.0
88,The Village at Black Creek,dpz3n9140,1.0
88,The Village at Black Creek,dpz3n9141,1.0
88,The Village at Black Creek,dpz3n9142,1.0
88,The Village at Black Creek,dpz3n9143,1.0
88,The Village at Black Creek,dpz3n9144,1.0
88,The Village at Black Creek,dpz3n9145,1.0
88,The Village at Black Creek,dpz3n9146,1.0
88,The Village at Black Creek,dpz3n9147,1.0
88,The Village at Black Creek,dpz3n9148,1.0
88,The Village at Black Creek,dpz3n9149,0.9999999999999998
88,The Village at Black Creek,dpz3n914b,1.0
88,The Village at Black Creek,dpz3n914c,0.9999999999999998
88,The Village at Black Creek,dpz3n914d,1.0
88,The Village at Black Creek,dpz3n914e,1.0
88,The Village at Black Creek,dpz3n914f,1.0
88,The Village at Black Creek,dpz3n914g,1.0
88,The Village at Black Creek,dpz3n914h,1.0
88,The Village at Black Creek,dpz3n914j,1.0
88,The Village at Black Creek,dpz3n914k,1.0
88,The Village at Black Creek,dpz3n914m,1.0
88,The Village at Black Creek,dpz3n914n,0.9999999999999998
88,The Village at Black Creek,dpz3n914p,1.0
88,The Village at Black Creek,dpz3n914q,1.0
88,The Village at Black Creek,dpz3n914r,1.0
88,The Village at Black Creek,dpz3n914s,0.9999999999999998
88,The Village at Black Creek,dpz3n914t,1.0
88,The Village at Black Creek,dpz3n914u,1.0
88,The Village at Black Creek,dpz3n914v,1.0
88,The Village at Black Creek,dpz3n914w,1.0
88,The Village at Black Creek,dpz3n914x,1.0
88,The Village at Black Creek,dpz3n914y,1.0
88,The Village at Black Creek,dpz3n914z,1.0
88,The Village at Black Creek,dpz3n9150,1.0
88,The Village at Black Creek,dpz3n9151,1.0
88,The Village at Black Creek,dpz3n9152,1.0
88,The Village at Black Creek,dpz3n9153,1.0
88,The Village at Black Creek,dpz3n9154,1.0
88,The Village at Black Creek,dpz3n9155,1.0
88,The Village at Black Creek,dpz3n9156,1.0
88,The Village at Black Creek,dpz3n9157,1.0
88,The Village at Black Creek,dpz3n9158,0.9999999999999998
88,The Village at Black Creek,dpz3n9159,1.0
88,The Village at Black Creek,dpz3n915b,1.0
88,The Village at Black Creek,dpz3n915c,1.0
88,The Village at Black Creek,dpz3n915d,0.9999999999999998
88,The Village at Black Creek,dpz3n915e,1.0
88,The Village at Black Creek,dpz3n915f,1.0
88,The Village at Black Creek,dpz3n915g,1.0
88,The Village at Black Creek,dpz3n915h,1.0
88,The Village at Black Creek,dpz3n915j,1.0
88,The Village at Black Creek,dpz3n915k,0.9999999999999998
88,The Village at Black Creek,dpz3n915m,1.0
88,The Village at Black Creek,dpz3n915n,1.0
88,The Village at Black Creek,dpz3n915p,1.0
88,The Village at Black Creek,dpz3n915q,1.0
88,The Village at Black Creek,dpz3n915r,1.0
88,The Village at Black Creek,dpz3n915s,1.0
88,The Village at Black Creek,dpz3n915t,1.0
88,The Village at Black Creek,dpz3n915u,1.0
88,The Village at Black Creek,dpz3n915v,0.9999999999999998
88,The Village at Black Creek,dpz3n915w,1.0
88,The Village at Black Creek,dpz3n915x,1.0
88,The Village at Black Creek,dpz3n915y,0.9999999999999998
88,The Village at Black Creek,dpz3n915z,1.0
88,The Village at Black Creek,dpz3n9160,1.0
88,The Village at Black Creek,dpz3n9161,1.0
88,The Village at Black Creek,dpz3n9162,1.0
88,The Village at Black Creek,dpz3n9163,1.0
88,The Village at Black Creek,dpz3n9164,1.0
88,The Village at Black Creek,dpz3n9165,1.0
88,The Village at Black Creek,dpz3n9166,1.0
88,The Village at Black Creek,dpz3n9167,1.0
88,The Village at Black Creek,dpz3n9168,1.0
88,The Village at Black Creek,dpz3n9169,1.0
88,The Village at Black Creek,dpz3n916b,1.0
88,The Village at Black Creek,dpz3n916c,0.9999999999999998
88,The Village at Black Creek,dpz3n916d,1.0
88,The Village at Black Creek,dpz3n916e,1.0
88,The Village at Black Creek,dpz3n916f,0.9999999999999998
88,The Village at Black Creek,dpz3n916g,1.0
88,The Village at Black Creek,dpz3n916h,1.0
88,The Village at Black Creek,dpz3n916j,1.0
88,The Village at Black Creek,dpz3n916k,0.9999999999999998
88,The Village at Black Creek,dpz3n916m,1.0
88,The Village at Black Creek,dpz3n916n,0.9999999999999998
88,The Village at Black Creek,dpz3n916p,1.0
88,The Village at Black Creek,dpz3n916q,1.0
88,The Village at Black Creek,dpz3n916r,1.0
88,The Village at Black Creek,dpz3n916s,1.0
88,The Village at Black Creek,dpz3n916t,0.9999999999999998
88,The Village at Black Creek,dpz3n916u,0.9999999999999998
88,The Village at Black Creek,dpz3n916v,1.0
88,The Village at Black Creek,dpz3n916w,1.0
88,The Village at Black Creek,dpz3n916x,1.0
88,The Village at Black Creek,dpz3n916y,0.9999999999999998
88,The Village at Black Creek,dpz3n916z,1.0
88,The Village at Black Creek,dpz3n9170,1.0
88,The Village at Black Creek,dpz3n9171,1.0
88,The Village at Black Creek,dpz3n9172,0.9999999999999998
88,The Village at Black Creek,dpz3n9173,1.0
88,The Village at Black Creek,dpz3n9174,1.0
88,The Village at Black Creek,dpz3n9175,1.0
88,The Village at Black Creek,dpz3n9176,1.0
88,The Village at Black Creek,dpz3n9177,1.0
88,The Village at Black Creek,dpz3n9178,1.0
88,The Village at Black Creek,dpz3n9179,1.0
88,The Village at Black Creek,dpz3n917b,0.9999999999999998
88,The Village at Black Creek,dpz3n917c,1.0
88,The Village at Black Creek,dpz3n917d,1.0
88,The Village at Black Creek,dpz3n917e,0.9999999999999998
88,The Village at Black Creek,dpz3n917f,1.0
88,The Village at Black Creek,dpz3n917g,1.0
88,The Village at Black Creek,dpz3n917h,1.0
88,The Village at Black Creek,dpz3n917j,0.9999999999999998
88,The Village at Black Creek,dpz3n917k,1.0
88,The Village at Black Creek,dpz3n917m,1.0
88,The Village at Black Creek,dpz3n917n,1.0
88,The Village at Black Creek,dpz3n917p,0.9999999999999998
88,The Village at Black Creek,dpz3n917q,0.9999999999999998
88,The Village at Black Creek,dpz3n917r,1.0
88,The Village at Black Creek,dpz3n917s,1.0
88,The Village at Black Creek,dpz3n917t,1.0
88,The Village at Black Creek,dpz3n917u,1.0
88,The Village at Black Creek,dpz3n917v,1.0
88,The Village at Black Creek,dpz3n917w,1.0
88,The Village at Black Creek,dpz3n917x,0.9359647465542872
88,The Village at Black Creek,dpz3n917y,1.0
88,The Village at Black Creek,dpz3n9180,1.0
88,The Village at Black Creek,dpz3n9181,0.9999999999999998
88,The Village at Black Creek,dpz3n9182,0.9999999999999998
88,The Village at Black Creek,dpz3n9183,1.0
88,The Village at Black Creek,dpz3n9184,1.0
88,The Village at Black Creek,dpz3n9185,1.0
88,The Village at Black Creek,dpz3n9186,1.0
88,The Village at Black Creek,dpz3n9187,0.9999999999999998
88,The Village at Black Creek,dpz3n9188,1.0
88,The Village at Black Creek,dpz3n9189,1.0
88,The Village at Black Creek,dpz3n918b,1.0
88,The Village at Black Creek,dpz3n918c,1.0
88,The Village at Black Creek,dpz3n918d,1.0
88,The Village at Black Creek,dpz3n918e,1.0
88,The Village at Black Creek,dpz3n918f,1.0
88,The Village at Black Creek,dpz3n918g,1.0
88,The Village at Black Creek,dpz3n918h,0.9999999999999998
88,The Village at Black Creek,dpz3n918j,1.0
88,The Village at Black Creek,dpz3n918k,1.0
88,The Village at Black Creek,dpz3n918m,0.9999999999999998
88,The Village at Black Creek,dpz3n918n,1.0
88,The Village at Black Creek,dpz3n918p,0.9477317766674478
88,The Village at Black Creek,dpz3n918q,1.0
88,The Village at Black Creek,dpz3n918s,1.0
88,The Village at Black Creek,dpz3n918t,1.0
88,The Village at Black Creek,dpz3n918u,1.0
88,The Village at Black Creek,dpz3n918v,1.0
88,The Village at Black Creek,dpz3n918w,0.8663981862804009
88,The Village at Black Creek,dpz3n9190,1.0
88,The Village at Black Creek,dpz3n9191,1.0
88,The Village at Black Creek,dpz3n9192,1.0
88,The Village at Black Creek,dpz3n9193,0.9999999999999998
88,The Village at Black Creek,dpz3n9194,1.0
88,The Village at Black Creek,dpz3n9195,1.0
88,The Village at Black Creek,dpz3n9196,1.0
88,The Village at Black Creek,dpz3n9197,1.0
88,The Village at Black Creek,dpz3n9198,1.0
88,The Village at Black Creek,dpz3n9199,1.0
88,The Village at Black Creek,dpz3n919b,1.0
88,The Village at Black Creek,dpz3n919c,1.0
88,The Village at Black Creek,dpz3n919d,1.0
88,The Village at Black Creek,dpz3n919e,1.0
88,The Village at Black Creek,dpz3n919f,1.0
88,The Village at Black Creek,dpz3n919g,0.9420070457115624
88,The Village at Black Creek,dpz3n919h,1.0
88,The Village at Black Creek,dpz3n919k,0.9892014449864645
88,The Village at Black Creek,dpz3n91d0,1.0
88,The Village at Black Creek,dpz3n91d1,1.0
88,The Village at Black Creek,dpz3n91d2,1.0
88,The Village at Black Creek,dpz3n91d3,1.0
88,The Village at Black Creek,dpz3n91d4,1.0
88,The Village at Black Creek,dpz3n91d6,0.857326621095554
88,The Village at Black Creek,dpz3n91d8,1.0
88,The Village at Black Creek,dpz3n91d9,1.0
88,The Village at Black Creek,dpz3n91db,1.0
88,The Village at Black Creek,dpz3n91e0,0.9865114889789716
88,The Village at Black Creek,dpz3n91h0,1.0
88,The Village at Black Creek,dpz3n91h1,1.0
88,The Village at Black Creek,dpz3n91h2,1.0
88,The Village at Black Creek,dpz3n91h3,0.9999999999999998
88,The Village at Black Creek,dpz3n91h4,1.0
88,The Village at Black Creek,dpz3n91h5,1.0
88,The Village at Black Creek,dpz3n91h6,1.0
88,The Village at Black Creek,dpz3n91h7,1.0
88,The Village at Black Creek,dpz3n91h8,1.0
88,The Village at Black Creek,dpz3n91h9,1.0
88,The Village at Black Creek,dpz3n91hb,1.0
88,The Village at Black Creek,dpz3n91hc,1.0
88,The Village at Black Creek,dpz3n91hd,1.0
88,The Village at Black Creek,dpz3n91he,1.0
88,The Village at Black Creek,dpz3n91hf,1.0
88,The Village at Black Creek,dpz3n91hg,0.9999999999999998
88,The Village at Black Creek,dpz3n91hh,1.0
88,The Village at Black Creek,dpz3n91hj,1.0
88,The Village at Black Creek,dpz3n91hk,1.0
88,The Village at Black Creek,dpz3n91hm,1.0
88,The Village at Black Creek,dpz3n91hn,1.0
88,The Village at Black Creek,dpz3n91hp,1.0
88,The Village at Black Creek,dpz3n91hq,0.9999999999999998
88,The Village at Black Creek,dpz3n91hr,1.0
88,The Village at Black Creek,dpz3n91hs,1.0
88,The Village at Black Creek,dpz3n91ht,0.9999999999999998
88,The Village at Black Creek,dpz3n91hu,1.0
88,The Village at Black Creek,dpz3n91hv,1.0
88,The Village at Black Creek,dpz3n91hw,1.0
88,The Village at Black Creek,dpz3n91hx,1.0
88,The Village at Black Creek,dpz3n91hy,1.0
88,The Village at Black Creek,dpz3n91hz,1.0
88,The Village at Black Creek,dpz3n91j0,1.0
88,The Village at Black Creek,dpz3n91j1,1.0
88,The Village at Black Creek,dpz3n91j2,0.886638652296579
88,The Village at Black Creek,dpz3n91j3,0.9984633074430134
88,The Village at Black Creek,dpz3n91j4,1.0
88,The Village at Black Creek,dpz3n91j5,1.0
88,The Village at Black Creek,dpz3n91j6,1.0
88,The Village at Black Creek,dpz3n91j7,0.9999999999999998
88,The Village at Black Creek,dpz3n91jh,1.0
88,The Village at Black Creek,dpz3n91jj,1.0
88,The Village at Black Creek,dpz3n91jk,1.0
88,The Village at Black Creek,dpz3n91jm,1.0
88,The Village at Black Creek,dpz3n91jn,1.0
88,The Village at Black Creek,dpz3n91jp,0.9999999999999998
88,The Village at Black Creek,dpz3n91jq,1.0
88,The Village at Black Creek,dpz3n91jr,1.0
88,The Village at Black Creek,dpz3n91jw,0.9565881621325856
88,The Village at Black Creek,dpz3n91jx,1.0
88,The Village at Black Creek,dpz3n91k0,1.0
88,The Village at Black Creek,dpz3n91k1,1.0
88,The Village at Black Creek,dpz3n91k2,1.0
88,The Village at Black Creek,dpz3n91k3,1.0
88,The Village at Black Creek,dpz3n91k4,1.0
88,The Village at Black Creek,dpz3n91k5,1.0
88,The Village at Black Creek,dpz3n91k6,1.0
88,The Village at Black Creek,dpz3n91k7,1.0
88,The Village at Black Creek,dpz3n91k8,1.0
88,The Village at Black Creek,dpz3n91k9,1.0
88,The Village at Black Creek,dpz3n91kb,1.0
88,The Village at Black Creek,dpz3n91kc,1.0
88,The Village at Black Creek,dpz3n91kd,1.0
88,The Village at Black Creek,dpz3n91ke,1.0
88,The Village at Black Creek,dpz3n91kf,1.0
88,The Village at Black Creek,dpz3n91kg,1.0
88,The Village at Black Creek,dpz3n91kh,1.0
88,The Village at Black Creek,dpz3n91kj,1.0
88,The Village at Black Creek,dpz3n91kk,1.0
88,The Village at Black Creek,dpz3n91km,1.0
88,The Village at Black Creek,dpz3n91kn,0.8479260694303355
88,The Village at Black Creek,dpz3n91ks,1.0
88,The Village at Black Creek,dpz3n91ku,0.9835124636764978
88,The Village at Black Creek,dpz3n91m0,1.0
88,The Village at Black Creek,dpz3n91m1,1.0
88,The Village at Black Creek,dpz3n91m2,1.0
88,The Village at Black Creek,dpz3n91m3,1.0
88,The Village at Black Creek,dpz3n91m4,1.0
88,The Village at Black Creek,dpz3n91m5,1.0
88,The Village at Black Creek,dpz3n91m6,0.9999999999999998
88,The Village at Black Creek,dpz3n91m7,0.9296019573707868
88,The Village at Black Creek,dpz3n91m8,0.9999999999999996
88,The Village at Black Creek,dpz3n91m9,0.9999999999999998
88,The Village at Black Creek,dpz3n91md,1.0
89,Barry Zuckerman Amphitheatre (Earl Bales Park),dpz8bmnmr,0.8550786972005178
89,Barry Zuckerman Amphitheatre (Earl Bales Park),dpz8bmnmx,0.9999999999999998
89,Barry Zuckerman Amphitheatre (Earl Bales Park),dpz8bmnmz,1.0
89,Barry Zuckerman Amphitheatre (Earl Bales Park),dpz8bmnqp,1.0
89,Barry Zuckerman Amphitheatre (Earl Bales Park),dpz8bmnqr,0.995926673220396
89,Barry Zuckerman Amphitheatre (Earl Bales Park),dpz8bmnt2,1.0
89,Barry Zuckerman Amphitheatre (Earl Bales Park),dpz8bmnt3,0.9999999999999998
89,Barry Zuckerman Amphitheatre (Earl Bales Park),dpz8bmnt6,1.0
89,Barry Zuckerman Amphitheatre (Earl Bales Park),dpz8bmnt7,1.0
89,Barry Zuckerman Amphitheatre (Earl Bales Park),dpz8bmnt8,1.0
89,Barry Zuckerman Amphitheatre (Earl Bales Park),dpz8bmnt9,1.0
89,Barry Zuckerman Amphitheatre (Earl Bales Park),dpz8bmntb,1.0
89,Barry Zuckerman Amphitheatre (Earl Bales Park),dpz8bmntc,1.0
89,Barry Zuckerman Amphitheatre (Earl Bales Park),dpz8bmntd,1.0
89,Barry Zuckerman Amphitheatre (Earl Bales Park),dpz8bmnte,0.9999999999999998
89,Barry Zuckerman Amphitheatre (Earl Bales Park),dpz8bmntf,1.0
89,Barry Zuckerman Amphitheatre (Earl Bales Park),dpz8bmntg,0.9999999999999998
89,Barry Zuckerman Amphitheatre (Earl Bales Park),dpz8bmntk,1.0
89,Barry Zuckerman Amphitheatre (Earl Bales Park),dpz8bmntm,1.0
89,Barry Zuckerman Amphitheatre (Earl Bales Park),dpz8bmntn,0.8000550727675502
89,Barry Zuckerman Amphitheatre (Earl Bales Park),dpz8bmntp,0.8798466235372001
89,Barry Zuckerman Amphitheatre (Earl Bales Park),dpz8bmntq,1.0
89,Barry Zuckerman Amphitheatre (Earl Bales Park),dpz8bmntr,1.0
89,Barry Zuckerman Amphitheatre (Earl Bales Park),dpz8bmnts,1.0
89,Barry Zuckerman Amphitheatre (Earl Bales Park),dpz8bmntt,1.0
89,Barry Zuckerman Amphitheatre (Earl Bales Park),dpz8bmntu,1.0
89,Barry Zuckerman Amphitheatre (Earl Bales Park),dpz8bmntv,1.0
89,Barry Zuckerman Amphitheatre (Earl Bales Park),dpz8bmntw,1.0
89,Barry Zuckerman Amphitheatre (Earl Bales Park),dpz8bmntx,1.0
89,Barry Zuckerman Amphitheatre (Earl Bales Park),dpz8bmnty,1.0
89,Barry Zuckerman Amphitheatre (Earl Bales Park),dpz8bmntz,1.0
89,Barry Zuckerman Amphitheatre (Earl Bales Park),dpz8bmnv0,0.9596385628675308
89,Barry Zuckerman Amphitheatre (Earl Bales Park),dpz8bmnv1,0.9999986428826838
89,Barry Zuckerman Amphitheatre (Earl Bales Park),dpz8bmnv2,1.0
89,Barry Zuckerman Amphitheatre (Earl Bales Park),dpz8bmnv3,1.0
89,Barry Zuckerman Amphitheatre (Earl Bales Park),dpz8bmnv4,0.9967423689172088
89,Barry Zuckerman Amphitheatre (Earl Bales Park),dpz8bmnv6,0.9999999999999998
89,Barry Zuckerman Amphitheatre (Earl Bales Park),dpz8bmnv7,0.9999999999999998
89,Barry Zuckerman Amphitheatre (Earl Bales Park),dpz8bmnv8,1.0
89,Barry Zuckerman Amphitheatre (Earl Bales Park),dpz8bmnv9,1.0
89,Barry Zuckerman Amphitheatre (Earl Bales Park),dpz8bmnvb,1.0
89,Barry Zuckerman Amphitheatre (Earl Bales Park),dpz8bmnvc,1.0
89,Barry Zuckerman Amphitheatre (Earl Bales Park),dpz8bmnvd,1.0
89,Barry Zuckerman Amphitheatre (Earl Bales Park),dpz8bmnve,1.0
89,Barry Zuckerman Amphitheatre (Earl Bales Park),dpz8bmnvf,1.0
89,Barry Zuckerman Amphitheatre (Earl Bales Park),dpz8bmnvg,1.0
89,Barry Zuckerman Amphitheatre (Earl Bales Park),dpz8bmnvk,1.0
89,Barry Zuckerman Amphitheatre (Earl Bales Park),dpz8bmnvm,0.8332454735188685
89,Barry Zuckerman Amphitheatre (Earl Bales Park),dpz8bmnvs,1.0
89,Barry Zuckerman Amphitheatre (Earl Bales Park),dpz8bmnvt,1.0
89,Barry Zuckerman Amphitheatre (Earl Bales Park),dpz8bmnvu,1.0
89,Barry Zuckerman Amphitheatre (Earl Bales Park),dpz8bmnvv,1.0
89,Barry Zuckerman Amphitheatre (Earl Bales Park),dpz8bmnvw,1.0
89,Barry Zuckerman Amphitheatre (Earl Bales Park),dpz8bmnvx,0.9166749256903244
89,Barry Zuckerman Amphitheatre (Earl Bales Park),dpz8bmnvy,1.0
89,Barry Zuckerman Amphitheatre (Earl Bales Park),dpz8bmnvz,1.0
89,Barry Zuckerman Amphitheatre (Earl Bales Park),dpz8bmnw0,1.0
89,Barry Zuckerman Amphitheatre (Earl Bales Park),dpz8bmnw1,1.0
89,Barry Zuckerman Amphitheatre (Earl Bales Park),dpz8bmnw2,1.0
89,Barry Zuckerman Amphitheatre (Earl Bales Park),dpz8bmnw3,1.0
89,Barry Zuckerman Amphitheatre (Earl Bales Park),dpz8bmnw4,1.0
89,Barry Zuckerman Amphitheatre (Earl Bales Park),dpz8bmnw5,1.0
89,Barry Zuckerman Amphitheatre (Earl Bales Park),dpz8bmnw6,1.0
89,Barry Zuckerman Amphitheatre (Earl Bales Park),dpz8bmnw7,1.0
89,Barry Zuckerman Amphitheatre (Earl Bales Park),dpz8bmnw8,1.0
89,Barry Zuckerman Amphitheatre (Earl Bales Park),dpz8bmnw9,1.0
89,Barry Zuckerman Amphitheatre (Earl Bales Park),dpz8bmnwb,0.9254350450815868
89,Barry Zuckerman Amphitheatre (Earl Bales Park),dpz8bmnwc,1.0
89,Barry Zuckerman Amphitheatre (Earl Bales Park),dpz8bmnwd,1.0
89,Barry Zuckerman Amphitheatre (Earl Bales Park),dpz8bmnwe,1.0
89,Barry Zuckerman Amphitheatre (Earl Bales Park),dpz8bmnwf,1.0
89,Barry Zuckerman Amphitheatre (Earl Bales Park),dpz8bmnwg,0.9999999999999998
89,Barry Zuckerman Amphitheatre (Earl Bales Park),dpz8bmnwh,1.0
89,Barry Zuckerman Amphitheatre (Earl Bales Park),dpz8bmnwj,1.0
89,Barry Zuckerman Amphitheatre (Earl Bales Park),dpz8bmnwk,1.0
89,Barry Zuckerman Amphitheatre (Earl Bales Park),dpz8bmnwm,1.0
89,Barry Zuckerman Amphitheatre (Earl Bales Park),dpz8bmnwn,1.0
89,Barry Zuckerman Amphitheatre (Earl Bales Park),dpz8bmnwp,1.0
89,Barry Zuckerman Amphitheatre (Earl Bales Park),dpz8bmnwq,1.0
89,Barry Zuckerman Amphitheatre (Earl Bales Park),dpz8bmnwr,1.0
89,Barry Zuckerman Amphitheatre (Earl Bales Park),dpz8bmnws,1.0
89,Barry Zuckerman Amphitheatre (Earl Bales Park),dpz8bmnwt,1.0
89,Barry Zuckerman Amphitheatre (Earl Bales Park),dpz8bmnwu,1.0
89,Barry Zuckerman Amphitheatre (Earl Bales Park),dpz8bmnwv,1.0
89,Barry Zuckerman Amphitheatre (Earl Bales Park),dpz8bmnww,1.0
89,Barry Zuckerman Amphitheatre (Earl Bales Park),dpz8bmnwx,1.0
89,Barry Zuckerman Amphitheatre (Earl Bales Park),dpz8bmnwy,1.0
89,Barry Zuckerman Amphitheatre (Earl Bales Park),dpz8bmnwz,1.0
89,Barry Zuckerman Amphitheatre (Earl Bales Park),dpz8bmnx1,0.9915833703860022
89,Barry Zuckerman Amphitheatre (Earl Bales Park),dpz8bmnx4,1.0
89,Barry Zuckerman Amphitheatre (Earl Bales Park),dpz8bmnx5,1.0
89,Barry Zuckerman Amphitheatre (Earl Bales Park),dpz8bmnx6,1.0
89,Barry Zuckerman Amphitheatre (Earl Bales Park),dpz8bmnx7,1.0
89,Barry Zuckerman Amphitheatre (Earl Bales Park),dpz8bmnxe,0.9961719753439684
89,Barry Zuckerman Amphitheatre (Earl Bales Park),dpz8bmnxh,1.0
89,Barry Zuckerman Amphitheatre (Earl Bales Park),dpz8bmnxj,1.0
89,Barry Zuckerman Amphitheatre (Earl Bales Park),dpz8bmnxk,1.0
89,Barry Zuckerman Amphitheatre (Earl Bales Park),dpz8bmnxm,1.0
89,Barry Zuckerman Amphitheatre (Earl Bales Park),dpz8bmnxn,1.0
89,Barry Zuckerman Amphitheatre (Earl Bales Park),dpz8bmnxp,1.0
89,Barry Zuckerman Amphitheatre (Earl Bales Park),dpz8bmnxq,1.0
89,Barry Zuckerman Amphitheatre (Earl Bales Park),dpz8bmnxr,1.0
89,Barry Zuckerman Amphitheatre (Earl Bales Park),dpz8bmnxs,1.0
89,Barry Zuckerman Amphitheatre (Earl Bales Park),dpz8bmnxt,1.0
89,Barry Zuckerman Amphitheatre (Earl Bales Park),dpz8bmnxu,0.9013326502884146
89,Barry Zuckerman Amphitheatre (Earl Bales Park),dpz8bmnxv,1.0
89,Barry Zuckerman Amphitheatre (Earl Bales Park),dpz8bmnxw,1.0
89,Barry Zuckerman Amphitheatre (Earl Bales Park),dpz8bmnxx,1.0
89,Barry Zuckerman Amphitheatre (Earl Bales Park),dpz8bmnxy,1.0
89,Barry Zuckerman Amphitheatre (Earl Bales Park),dpz8bmnxz,1.0
89,Barry Zuckerman Amphitheatre (Earl Bales Park),dpz8bmny0,1.0
89,Barry Zuckerman Amphitheatre (Earl Bales Park),dpz8bmny1,1.0
89,Barry Zuckerman Amphitheatre (Earl Bales Park),dpz8bmny2,1.0
89,Barry Zuckerman Amphitheatre (Earl Bales Park),dpz8bmny3,1.0
89,Barry Zuckerman Amphitheatre (Earl Bales Park),dpz8bmny4,1.0
89,Barry Zuckerman Amphitheatre (Earl Bales Park),dpz8bmny5,1.0
89,Barry Zuckerman Amphitheatre (Earl Bales Park),dpz8bmny6,1.0
89,Barry Zuckerman Amphitheatre (Earl Bales Park),dpz8bmny7,1.0
89,Barry Zuckerman Amphitheatre (Earl Bales Park),dpz8bmny8,1.0
89,Barry Zuckerman Amphitheatre (Earl Bales Park),dpz8bmny9,1.0
89,Barry Zuckerman Amphitheatre (Earl Bales Park),dpz8bmnyb,1.0
89,Barry Zuckerman Amphitheatre (Earl Bales Park),dpz8bmnyc,1.0
89,Barry Zuckerman Amphitheatre (Earl Bales Park),dpz8bmnyd,0.9999999999999998
89,Barry Zuckerman Amphitheatre (Earl Bales Park),dpz8bmnye,1.0
89,Barry Zuckerman Amphitheatre (Earl Bales Park),dpz8bmnyf,0.9999999999999998
89,Barry Zuckerman Amphitheatre (Earl Bales Park),dpz8bmnyg,0.9999999999999998
89,Barry Zuckerman Amphitheatre (Earl Bales Park),dpz8bmnyh,1.0
89,Barry Zuckerman Amphitheatre (Earl Bales Park),dpz8bmnyj,1.0
89,Barry Zuckerman Amphitheatre (Earl Bales Park),dpz8bmnyk,0.9999999999999998
89,Barry Zuckerman Amphitheatre (Earl Bales Park),dpz8bmnym,1.0
89,Barry Zuckerman Amphitheatre (Earl Bales Park),dpz8bmnyn,1.0
89,Barry Zuckerman Amphitheatre (Earl Bales Park),dpz8bmnyp,1.0
89,Barry Zuckerman Amphitheatre (Earl Bales Park),dpz8bmnyq,1.0
89,Barry Zuckerman Amphitheatre (Earl Bales Park),dpz8bmnyr,1.0
89,Barry Zuckerman Amphitheatre (Earl Bales Park),dpz8bmnys,1.0
89,Barry Zuckerman Amphitheatre (Earl Bales Park),dpz8bmnyt,1.0
89,Barry Zuckerman Amphitheatre (Earl Bales Park),dpz8bmnyu,1.0
89,Barry Zuckerman Amphitheatre (Earl Bales Park),dpz8bmnyv,1.0
89,Barry Zuckerman Amphitheatre (Earl Bales Park),dpz8bmnyw,1.0
89,Barry Zuckerman Amphitheatre (Earl Bales Park),dpz8bmnyx,0.9999999999999998
89,Barry Zuckerman Amphitheatre (Earl Bales Park),dpz8bmnyy,1.0
89,Barry Zuckerman Amphitheatre (Earl Bales Park),dpz8bmnyz,1.0
89,Barry Zuckerman Amphitheatre (Earl Bales Park),dpz8bmnz0,1.0
89,Barry Zuckerman Amphitheatre (Earl Bales Park),dpz8bmnz1,1.0
89,Barry Zuckerman Amphitheatre (Earl Bales Park),dpz8bmnz2,1.0
89,Barry Zuckerman Amphitheatre (Earl Bales Park),dpz8bmnz3,1.0
89,Barry Zuckerman Amphitheatre (Earl Bales Park),dpz8bmnz4,1.0
89,Barry Zuckerman Amphitheatre (Earl Bales Park),dpz8bmnz5,1.0
89,Barry Zuckerman Amphitheatre (Earl Bales Park),dpz8bmnz6,1.0
89,Barry Zuckerman Amphitheatre (Earl Bales Park),dpz8bmnz7,1.0
89,Barry Zuckerman Amphitheatre (Earl Bales Park),dpz8bmnz8,1.0
89,Barry Zuckerman Amphitheatre (Earl Bales Park),dpz8bmnz9,1.0
89,Barry Zuckerman Amphitheatre (Earl Bales Park),dpz8bmnzb,1.0
89,Barry Zuckerman Amphitheatre (Earl Bales Park),dpz8bmnzc,1.0
89,Barry Zuckerman Amphitheatre (Earl Bales Park),dpz8bmnzd,1.0
89,Barry Zuckerman Amphitheatre (Earl Bales Park),dpz8bmnze,1.0
89,Barry Zuckerman Amphitheatre (Earl Bales Park),dpz8bmnzf,1.0
89,Barry Zuckerman Amphitheatre (Earl Bales Park),dpz8bmnzg,1.0
89,Barry Zuckerman Amphitheatre (Earl Bales Park),dpz8bmnzh,1.0
89,Barry Zuckerman Amphitheatre (Earl Bales Park),dpz8bmnzj,1.0
89,Barry Zuckerman Amphitheatre (Earl Bales Park),dpz8bmnzk,1.0
89,Barry Zuckerman Amphitheatre (Earl Bales Park),dpz8bmnzm,1.0
89,Barry Zuckerman Amphitheatre (Earl Bales Park),dpz8bmnzn,1.0
89,Barry Zuckerman Amphitheatre (Earl Bales Park),dpz8bmnzp,1.0
89,Barry Zuckerman Amphitheatre (Earl Bales Park),dpz8bmnzq,1.0
89,Barry Zuckerman Amphitheatre (Earl Bales Park),dpz8bmnzr,1.0
89,Barry Zuckerman Amphitheatre (Earl Bales Park),dpz8bmnzs,1.0
89,Barry Zuckerman Amphitheatre (Earl Bales Park),dpz8bmnzt,0.9999999999999998
89,Barry Zuckerman Amphitheatre (Earl Bales Park),dpz8bmnzu,1.0
89,Barry Zuckerman Amphitheatre (Earl Bales Park),dpz8bmnzv,1.0
89,Barry Zuckerman Amphitheatre (Earl Bales Park),dpz8bmnzw,1.0
89,Barry Zuckerman Amphitheatre (Earl Bales Park),dpz8bmnzx,1.0
89,Barry Zuckerman Amphitheatre (Earl Bales Park),dpz8bmnzy,1.0
89,Barry Zuckerman Amphitheatre (Earl Bales Park),dpz8bmnzz,1.0
89,Barry Zuckerman Amphitheatre (Earl Bales Park),dpz8bmpjb,1.0
89,Barry Zuckerman Amphitheatre (Earl Bales Park),dpz8bmpjc,0.97145164525676
89,Barry Zuckerman Amphitheatre (Earl Bales Park),dpz8bmpn0,1.0
89,Barry Zuckerman Amphitheatre (Earl Bales Park),dpz8bmpn1,1.0
89,Barry Zuckerman Amphitheatre (Earl Bales Park),dpz8bmpn2,1.0
89,Barry Zuckerman Amphitheatre (Earl Bales Park),dpz8bmpn3,1.0
89,Barry Zuckerman Amphitheatre (Earl Bales Park),dpz8bmpn4,1.0
89,Barry Zuckerman Amphitheatre (Earl Bales Park),dpz8bmpn6,1.0
89,Barry Zuckerman Amphitheatre (Earl Bales Park),dpz8bmpn7,0.8430754277685554
89,Barry Zuckerman Amphitheatre (Earl Bales Park),dpz8bmpn8,1.0
89,Barry Zuckerman Amphitheatre (Earl Bales Park),dpz8bmpn9,1.0
89,Barry Zuckerman Amphitheatre (Earl Bales Park),dpz8bmpnb,1.0
89,Barry Zuckerman Amphitheatre (Earl Bales Park),dpz8bmpnc,1.0
89,Barry Zuckerman Amphitheatre (Earl Bales Park),dpz8bmpnd,1.0
89,Barry Zuckerman Amphitheatre (Earl Bales Park),dpz8bmpne,1.0
89,Barry Zuckerman Amphitheatre (Earl Bales Park),dpz8bmpnf,1.0
89,Barry Zuckerman Amphitheatre (Earl Bales Park),dpz8bmpng,0.9999999999999998
89,Barry Zuckerman Amphitheatre (Earl Bales Park),dpz8bmpnu,0.9077417690545104
89,Barry Zuckerman Amphitheatre (Earl Bales Park),dpz8bmpp0,1.0
89,Barry Zuckerman Amphitheatre (Earl Bales Park),dpz8bmpp1,0.9999999999999998
89,Barry Zuckerman Amphitheatre (Earl Bales Park),dpz8bmpp2,0.9999999999999998
89,Barry Zuckerman Amphitheatre (Earl Bales Park),dpz8bmpp3,1.0
89,Barry Zuckerman Amphitheatre (Earl Bales Park),dpz8bmpp4,1.0
89,Barry Zuckerman Amphitheatre (Earl Bales Park),dpz8bmpp5,1.0
89,Barry Zuckerman Amphitheatre (Earl Bales Park),dpz8bmpp6,1.0
89,Barry Zuckerman Amphitheatre (Earl Bales Park),dpz8bmpp7,1.0
89,Barry Zuckerman Amphitheatre (Earl Bales Park),dpz8bmpp8,1.0
89,Barry Zuckerman Amphitheatre (Earl Bales Park),dpz8bmpp9,1.0
89,Barry Zuckerman Amphitheatre (Earl Bales Park),dpz8bmppb,1.0
89,Barry Zuckerman Amphitheatre (Earl Bales Park),dpz8bmppc,1.0
89,Barry Zuckerman Amphitheatre (Earl Bales Park),dpz8bmppd,1.0
89,Barry Zuckerman Amphitheatre (Earl Bales Park),dpz8bmppe,1.0
89,Barry Zuckerman Amphitheatre (Earl Bales Park),dpz8bmppf,1.0
89,Barry Zuckerman Amphitheatre (Earl Bales Park),dpz8bmppg,0.9999999999999998
89,Barry Zuckerman Amphitheatre (Earl Bales Park),dpz8bmpph,1.0
89,Barry Zuckerman Amphitheatre (Earl Bales Park),dpz8bmppk,1.0
89,Barry Zuckerman Amphitheatre (Earl Bales Park),dpz8bmppm,0.9553351150918864
89,Barry Zuckerman Amphitheatre (Earl Bales Park),dpz8bmpps,1.0
89,Barry Zuckerman Amphitheatre (Earl Bales Park),dpz8bmppt,1.0
89,Barry Zuckerman Amphitheatre (Earl Bales Park),dpz8bmppu,0.8898753627754781
89,Barry Zuckerman Amphitheatre (Earl Bales Park),dpz8bmq8n,0.8279908285953274
89,Barry Zuckerman Amphitheatre (Earl Bales Park),dpz8bmq8p,0.9956962056508104
89,Barry Zuckerman Amphitheatre (Earl Bales Park),dpz8bmqb0,1.0
89,Barry Zuckerman Amphitheatre (Earl Bales Park),dpz8bmqb1,1.0
89,Barry Zuckerman Amphitheatre (Earl Bales Park),dpz8bmqb4,0.9999999999999998
89,Barry Zuckerman Amphitheatre (Earl Bales Park),dpz8bmqb5,1.0
89,Barry Zuckerman Amphitheatre (Earl Bales Park),dpz8bmqbh,1.0
89,Barry Zuckerman Amphitheatre (Earl Bales Park),dpz8bmqbj,1.0
89,Barry Zuckerman Amphitheatre (Earl Bales Park),dpz8bmqbn,1.0
89,Barry Zuckerman Amphitheatre (Earl Bales Park),dpz8bmqbp,1.0
89,Barry Zuckerman Amphitheatre (Earl Bales Park),dpz8bmr00,1.0
89,Barry Zuckerman Amphitheatre (Earl Bales Park),dpz8bmr01,0.9534131241989708
90,Lee Lifeson Art Park Amphitheatre,dpz8bzz6w,0.8158794611742215
90,Lee Lifeson Art Park Amphitheatre,dpz8bzz6x,0.9093602004765884
90,Lee Lifeson Art Park Amphitheatre,dpz8bzz6y,1.0
90,Lee Lifeson Art Park Amphitheatre,dpz8bzz6z,1.0
90,Lee Lifeson Art Park Amphitheatre,dpz8bzz7j,0.9994309738962992
90,Lee Lifeson Art Park Amphitheatre,dpz8bzz7m,0.9194094881468108
90,Lee Lifeson Art Park Amphitheatre,dpz8bzz7n,1.0
90,Lee Lifeson Art Park Amphitheatre,dpz8bzz7p,1.0
90,Lee Lifeson Art Park Amphitheatre,dpz8bzz7q,0.9999999999999998
90,Lee Lifeson Art Park Amphitheatre,dpz8bzz7r,1.0
90,Lee Lifeson Art Park Amphitheatre,dpz8bzz7w,1.0
90,Lee Lifeson Art Park Amphitheatre,dpz8bzz7x,0.9999999999999998
90,Lee Lifeson Art Park Amphitheatre,dpz8bzz7y,0.9455548386239632
90,Lee Lifeson Art Park Amphitheatre,dpz8bzz7z,1.0
90,Lee Lifeson Art Park Amphitheatre,dpz8bzzd8,0.9624586102490011
90,Lee Lifeson Art Park Amphitheatre,dpz8bzzd9,0.9979578907696516
90,Lee Lifeson Art Park Amphitheatre,dpz8bzzdb,1.0
90,Lee Lifeson Art Park Amphitheatre,dpz8bzzdc,1.0
90,Lee Lifeson Art Park Amphitheatre,dpz8bzzdd,0.9297352560862304
90,Lee Lifeson Art Park Amphitheatre,dpz8bzzde,0.8176791550785809
90,Lee Lifeson Art Park Amphitheatre,dpz8bzzdf,1.0
90,Lee Lifeson Art Park Amphitheatre,dpz8bzzdg,1.0
90,Lee Lifeson Art Park Amphitheatre,dpz8bzzdu,1.0
90,Lee Lifeson Art Park Amphitheatre,dpz8bzzdv,1.0
90,Lee Lifeson Art Park Amphitheatre,dpz8bzzdy,0.9379054581368392
90,Lee Lifeson Art Park Amphitheatre,dpz8bzze0,1.0
90,Lee Lifeson Art Park Amphitheatre,dpz8bzze1,1.0
90,Lee Lifeson Art Park Amphitheatre,dpz8bzze2,1.0
90,Lee Lifeson Art Park Amphitheatre,dpz8bzze3,0.9999999999999998
90,Lee Lifeson Art Park Amphitheatre,dpz8bzze4,1.0
90,Lee Lifeson Art Park Amphitheatre,dpz8bzze5,1.0
90,Lee Lifeson Art Park Amphitheatre,dpz8bzze6,0.9999999999999998
90,Lee Lifeson Art Park Amphitheatre,dpz8bzze7,1.0
90,Lee Lifeson Art Park Amphitheatre,dpz8bzze8,1.0
90,Lee Lifeson Art Park Amphitheatre,dpz8bzze9,1.0
90,Lee Lifeson Art Park Amphitheatre,dpz8bzzeb,1.0
90,Lee Lifeson Art Park Amphitheatre,dpz8bzzec,1.0
90,Lee Lifeson Art Park Amphitheatre,dpz8bzzed,0.9999999999999998
90,Lee Lifeson Art Park Amphitheatre,dpz8bzzee,1.0
90,Lee Lifeson Art Park Amphitheatre,dpz8bzzef,1.0
90,Lee Lifeson Art Park Amphitheatre,dpz8bzzeg,1.0
90,Lee Lifeson Art Park Amphitheatre,dpz8bzzeh,1.0
90,Lee Lifeson Art Park Amphitheatre,dpz8bzzej,0.9999999999999998
90,Lee Lifeson Art Park Amphitheatre,dpz8bzzek,1.0
90,Lee Lifeson Art Park Amphitheatre,dpz8bzzem,1.0
90,Lee Lifeson Art Park Amphitheatre,dpz8bzzen,1.0
90,Lee Lifeson Art Park Amphitheatre,dpz8bzzeq,1.0
90,Lee Lifeson Art Park Amphitheatre,dpz8bzzer,0.8817674722794601
90,Lee Lifeson Art Park Amphitheatre,dpz8bzzes,1.0
90,Lee Lifeson Art Park Amphitheatre,dpz8bzzet,1.0
90,Lee Lifeson Art Park Amphitheatre,dpz8bzzeu,1.0
90,Lee Lifeson Art Park Amphitheatre,dpz8bzzev,1.0
90,Lee Lifeson Art Park Amphitheatre,dpz8bzzew,1.0
90,Lee Lifeson Art Park Amphitheatre,dpz8bzzex,0.8737671122167222
90,Lee Lifeson Art Park Amphitheatre,dpz8bzzs0,1.0
90,Lee Lifeson Art Park Amphitheatre,dpz8bzzs1,0.9999999999999998
90,Lee Lifeson Art Park Amphitheatre,dpz8bzzs4,1.0
90,Lee Lifeson Art Park Amphitheatre,dpz8bzzs5,1.0
90,Lee Lifeson Art Park Amphitheatre,dpz8bzzs6,0.9376541222257913
90,Lee Lifeson Art Park Amphitheatre,dpz8bzzs7,0.9995412867658524
90,Lee Lifeson Art Park Amphitheatre,dpz8bzzsh,0.9999999999999998
91,Downsview Park (Festival Terrace),dpz2z77mu,0.9984026906229873
91,Downsview Park (Festival Terrace),dpz2z77mv,1.0
91,Downsview Park (Festival Terrace),dpz2z77mx,0.9536987308325616
91,Downsview Park (Festival Terrace),dpz2z77my,1.0
91,Downsview Park (Festival Terrace),dpz2z77mz,1.0
91,Downsview Park (Festival Terrace),dpz2z77nx,0.9934479895045424
91,Downsview Park (Festival Terrace),dpz2z77ny,1.0
91,Downsview Park (Festival Terrace),dpz2z77nz,1.0
91,Downsview Park (Festival Terrace),dpz2z77pg,0.9998880326153504
91,Downsview Park (Festival Terrace),dpz2z77pj,0.9999999999999998
91,Downsview Park (Festival Terrace),dpz2z77pk,0.919389304690528
91,Downsview Park (Festival Terrace),dpz2z77pm,1.0
91,Downsview Park (Festival Terrace),dpz2z77pn,1.0
91,Downsview Park (Festival Terrace),dpz2z77pp,1.0
91,Downsview Park (Festival Terrace),dpz2z77pq,1.0
91,Downsview Park (Festival Terrace),dpz2z77pr,1.0
91,Downsview Park (Festival Terrace),dpz2z77ps,1.0
91,Downsview Park (Festival Terrace),dpz2z77pt,1.0
91,Downsview Park (Festival Terrace),dpz2z77pu,1.0
91,Downsview Park (Festival Terrace),dpz2z77pv,1.0
91,Downsview Park (Festival Terrace),dpz2z77pw,1.0
91,Downsview Park (Festival Terrace),dpz2z77px,0.9999999999999998
91,Downsview Park (Festival Terrace),dpz2z77py,1.0
91,Downsview Park (Festival Terrace),dpz2z77pz,1.0
91,Downsview Park (Festival Terrace),dpz2z77q2,0.9659275102674002
91,Downsview Park (Festival Terrace),dpz2z77q3,1.0
91,Downsview Park (Festival Terrace),dpz2z77q4,0.9927390139621928
91,Downsview Park (Festival Terrace),dpz2z77q5,1.0
91,Downsview Park (Festival Terrace),dpz2z77q6,1.0
91,Downsview Park (Festival Terrace),dpz2z77q7,1.0
91,Downsview Park (Festival Terrace),dpz2z77q8,1.0
91,Downsview Park (Festival Terrace),dpz2z77q9,1.0
91,Downsview Park (Festival Terrace),dpz2z77qb,1.0
91,Downsview Park (Festival Terrace),dpz2z77qc,1.0
91,Downsview Park (Festival Terrace),dpz2z77qd,1.0
91,Downsview Park (Festival Terrace),dpz2z77qe,1.0
91,Downsview Park (Festival Terrace),dpz2z77qf,1.0
91,Downsview Park (Festival Terrace),dpz2z77qg,1.0
91,Downsview Park (Festival Terrace),dpz2z77qh,1.0
91,Downsview Park (Festival Terrace),dpz2z77qj,0.9999999999999998
91,Downsview Park (Festival Terrace),dpz2z77qk,1.0
91,Downsview Park (Festival Terrace),dpz2z77qm,1.0
91,Downsview Park (Festival Terrace),dpz2z77qn,1.0
91,Downsview Park (Festival Terrace),dpz2z77qp,1.0
91,Downsview Park (Festival Terrace),dpz2z77qq,1.0
91,Downsview Park (Festival Terrace),dpz2z77qr,1.0
91,Downsview Park (Festival Terrace),dpz2z77qs,1.0
91,Downsview Park (Festival Terrace),dpz2z77qt,1.0
91,Downsview Park (Festival Terrace),dpz2z77qu,1.0
91,Downsview Park (Festival Terrace),dpz2z77qv,1.0
91,Downsview Park (Festival Terrace),dpz2z77qw,1.0
91,Downsview Park (Festival Terrace),dpz2z77qx,1.0
91,Downsview Park (Festival Terrace),dpz2z77qy,1.0
91,Downsview Park (Festival Terrace),dpz2z77qz,1.0
91,Downsview Park (Festival Terrace),dpz2z77r0,1.0
91,Downsview Park (Festival Terrace),dpz2z77r1,0.9999999999999998
91,Downsview Park (Festival Terrace),dpz2z77r2,1.0
91,Downsview Park (Festival Terrace),dpz2z77r3,0.9999999999999998
91,Downsview Park (Festival Terrace),dpz2z77r4,1.0
91,Downsview Park (Festival Terrace),dpz2z77r5,1.0
91,Downsview Park (Festival Terrace),dpz2z77r6,1.0
91,Downsview Park (Festival Terrace),dpz2z77r7,0.9999999999999998
91,Downsview Park (Festival Terrace),dpz2z77r8,0.9999999999999998
91,Downsview Park (Festival Terrace),dpz2z77r9,1.0
91,Downsview Park (Festival Terrace),dpz2z77rb,1.0
91,Downsview Park (Festival Terrace),dpz2z77rc,0.9999999999999998
91,Downsview Park (Festival Terrace),dpz2z77rd,1.0
91,Downsview Park (Festival Terrace),dpz2z77re,1.0
91,Downsview Park (Festival Terrace),dpz2z77rf,0.9999999999999998
91,Downsview Park (Festival Terrace),dpz2z77rg,1.0
91,Downsview Park (Festival Terrace),dpz2z77rh,1.0
91,Downsview Park (Festival Terrace),dpz2z77rj,1.0
91,Downsview Park (Festival Terrace),dpz2z77rk,1.0
91,Downsview Park (Festival Terrace),dpz2z77rm,1.0
91,Downsview Park (Festival Terrace),dpz2z77rn,1.0
91,Downsview Park (Festival Terrace),dpz2z77rp,1.0
91,Downsview Park (Festival Terrace),dpz2z77rq,0.9999999999999998
91,Downsview Park (Festival Terrace),dpz2z77rr,1.0
91,Downsview Park (Festival Terrace),dpz2z77rs,0.9999999999999998
91,Downsview Park (Festival Terrace),dpz2z77rt,1.0
91,Downsview Park (Festival Terrace),dpz2z77ru,1.0
91,Downsview Park (Festival Terrace),dpz2z77rv,1.0
91,Downsview Park (Festival Terrace),dpz2z77rw,1.0
91,Downsview Park (Festival Terrace),dpz2z77rx,1.0
91,Downsview Park (Festival Terrace),dpz2z77ry,1.0
91,Downsview Park (Festival Terrace),dpz2z77rz,0.9999999999999998
91,Downsview Park (Festival Terrace),dpz2z77t7,0.8657610800581523
91,Downsview Park (Festival Terrace),dpz2z77t8,1.0
91,Downsview Park (Festival Terrace),dpz2z77t9,1.0
91,Downsview Park (Festival Terrace),dpz2z77tb,1.0
91,Downsview Park (Festival Terrace),dpz2z77tc,1.0
91,Downsview Park (Festival Terrace),dpz2z77td,1.0
91,Downsview Park (Festival Terrace),dpz2z77te,1.0
91,Downsview Park (Festival Terrace),dpz2z77tf,1.0
91,Downsview Park (Festival Terrace),dpz2z77tg,1.0
91,Downsview Park (Festival Terrace),dpz2z77tk,0.8915616716153336
91,Downsview Park (Festival Terrace),dpz2z77tm,0.9173626398219588
91,Downsview Park (Festival Terrace),dpz2z77tq,0.9431639849673322
91,Downsview Park (Festival Terrace),dpz2z77tr,0.9689657068705478
91,Downsview Park (Festival Terrace),dpz2z77ts,1.0
91,Downsview Park (Festival Terrace),dpz2z77tt,1.0
91,Downsview Park (Festival Terrace),dpz2z77tu,1.0
91,Downsview Park (Festival Terrace),dpz2z77tv,1.0
91,Downsview Park (Festival Terrace),dpz2z77tw,0.9999999999999998
91,Downsview Park (Festival Terrace),dpz2z77tx,1.0
91,Downsview Park (Festival Terrace),dpz2z77ty,1.0
91,Downsview Park (Festival Terrace),dpz2z77tz,1.0
91,Downsview Park (Festival Terrace),dpz2z77v2,0.952162293449874
91,Downsview Park (Festival Terrace),dpz2z77v8,1.0
91,Downsview Park (Festival Terrace),dpz2z77v9,1.0
91,Downsview Park (Festival Terrace),dpz2z77vb,1.0
91,Downsview Park (Festival Terrace),dpz2z77vc,1.0
91,Downsview Park (Festival Terrace),dpz2z77vd,1.0
91,Downsview Park (Festival Terrace),dpz2z77ve,1.0
91,Downsview Park (Festival Terrace),dpz2z77vf,1.0
91,Downsview Park (Festival Terrace),dpz2z77vg,1.0
91,Downsview Park (Festival Terrace),dpz2z77vs,1.0
91,Downsview Park (Festival Terrace),dpz2z77vt,1.0
91,Downsview Park (Festival Terrace),dpz2z77vu,1.0
91,Downsview Park (Festival Terrace),dpz2z77vv,1.0
91,Downsview Park (Festival Terrace),dpz2z77vw,0.9053851627146404
91,Downsview Park (Festival Terrace),dpz2z77vy,0.9999999999999998
91,Downsview Park (Festival Terrace),dpz2z77vz,0.9999999999999998
91,Downsview Park (Festival Terrace),dpz2z77w0,1.0
91,Downsview Park (Festival Terrace),dpz2z77w1,1.0
91,Downsview Park (Festival Terrace),dpz2z77w2,1.0
91,Downsview Park (Festival Terrace),dpz2z77w3,1.0
91,Downsview Park (Festival Terrace),dpz2z77w4,1.0
91,Downsview Park (Festival Terrace),dpz2z77w5,1.0
91,Downsview Park (Festival Terrace),dpz2z77w6,0.9999999999999998
91,Downsview Park (Festival Terrace),dpz2z77w7,1.0
91,Downsview Park (Festival Terrace),dpz2z77w8,1.0
91,Downsview Park (Festival Terrace),dpz2z77w9,1.0
91,Downsview Park (Festival Terrace),dpz2z77wb,1.0
91,Downsview Park (Festival Terrace),dpz2z77wc,0.9999999999999998
91,Downsview Park (Festival Terrace),dpz2z77wd,1.0
91,Downsview Park (Festival Terrace),dpz2z77we,1.0
91,Downsview Park (Festival Terrace),dpz2z77wf,1.0
91,Downsview Park (Festival Terrace),dpz2z77wg,1.0
91,Downsview Park (Festival Terrace),dpz2z77wh,1.0
91,Downsview Park (Festival Terrace),dpz2z77wj,1.0
91,Downsview Park (Festival Terrace),dpz2z77wk,1.0
91,Downsview Park (Festival Terrace),dpz2z77wm,1.0
91,Downsview Park (Festival Terrace),dpz2z77wn,1.0
91,Downsview Park (Festival Terrace),dpz2z77wp,1.0
91,Downsview Park (Festival Terrace),dpz2z77wq,1.0
91,Downsview Park (Festival Terrace),dpz2z77wr,1.0
91,Downsview Park (Festival Terrace),dpz2z77ws,1.0
91,Downsview Park (Festival Terrace),dpz2z77wt,1.0
91,Downsview Park (Festival Terrace),dpz2z77wu,1.0
91,Downsview Park (Festival Terrace),dpz2z77wv,0.9999999999999998
91,Downsview Park (Festival Terrace),dpz2z77ww,1.0
91,Downsview Park (Festival Terrace),dpz2z77wx,1.0
91,Downsview Park (Festival Terrace),dpz2z77wy,0.9999999999999998
91,Downsview Park (Festival Terrace),dpz2z77wz,1.0
91,Downsview Park (Festival Terrace),dpz2z77x0,1.0
91,Downsview Park (Festival Terrace),dpz2z77x1,1.0
91,Downsview Park (Festival Terrace),dpz2z77x2,1.0
91,Downsview Park (Festival Terrace),dpz2z77x3,1.0
91,Downsview Park (Festival Terrace),dpz2z77x4,1.0
91,Downsview Park (Festival Terrace),dpz2z77x5,1.0
91,Downsview Park (Festival Terrace),dpz2z77x6,1.0
91,Downsview Park (Festival Terrace),dpz2z77x7,1.0
91,Downsview Park (Festival Terrace),dpz2z77x8,1.0
91,Downsview Park (Festival Terrace),dpz2z77x9,1.0
91,Downsview Park (Festival Terrace),dpz2z77xb,1.0
91,Downsview Park (Festival Terrace),dpz2z77xc,1.0
91,Downsview Park (Festival Terrace),dpz2z77xd,1.0
91,Downsview Park (Festival Terrace),dpz2z77xe,1.0
91,Downsview Park (Festival Terrace),dpz2z77xf,1.0
91,Downsview Park (Festival Terrace),dpz2z77xg,1.0
91,Downsview Park (Festival Terrace),dpz2z77xh,1.0
91,Downsview Park (Festival Terrace),dpz2z77xj,1.0
91,Downsview Park (Festival Terrace),dpz2z77xk,1.0
91,Downsview Park (Festival Terrace),dpz2z77xm,1.0
91,Downsview Park (Festival Terrace),dpz2z77xn,1.0
91,Downsview Park (Festival Terrace),dpz2z77xp,1.0
91,Downsview Park (Festival Terrace),dpz2z77xq,1.0
91,Downsview Park (Festival Terrace),dpz2z77xr,1.0
91,Downsview Park (Festival Terrace),dpz2z77xs,1.0
91,Downsview Park (Festival Terrace),dpz2z77xt,1.0
91,Downsview Park (Festival Terrace),dpz2z77xu,1.0
91,Downsview Park (Festival Terrace),dpz2z77xv,1.0
91,Downsview Park (Festival Terrace),dpz2z77xw,1.0
91,Downsview Park (Festival Terrace),dpz2z77xx,1.0
91,Downsview Park (Festival Terrace),dpz2z77xy,1.0
91,Downsview Park (Festival Terrace),dpz2z77xz,0.9999999999999998
91,Downsview Park (Festival Terrace),dpz2z77y0,1.0
91,Downsview Park (Festival Terrace),dpz2z77y1,1.0
91,Downsview Park (Festival Terrace),dpz2z77y2,1.0
91,Downsview Park (Festival Terrace),dpz2z77y3,1.0
91,Downsview Park (Festival Terrace),dpz2z77y4,0.9999999999999998
91,Downsview Park (Festival Terrace),dpz2z77y5,1.0
91,Downsview Park (Festival Terrace),dpz2z77y6,1.0
91,Downsview Park (Festival Terrace),dpz2z77y7,1.0
91,Downsview Park (Festival Terrace),dpz2z77y8,1.0
91,Downsview Park (Festival Terrace),dpz2z77y9,1.0
91,Downsview Park (Festival Terrace),dpz2z77yb,1.0
91,Downsview Park (Festival Terrace),dpz2z77yc,1.0
91,Downsview Park (Festival Terrace),dpz2z77yd,1.0
91,Downsview Park (Festival Terrace),dpz2z77ye,1.0
91,Downsview Park (Festival Terrace),dpz2z77yf,1.0
91,Downsview Park (Festival Terrace),dpz2z77yg,1.0
91,Downsview Park (Festival Terrace),dpz2z77yh,1.0
91,Downsview Park (Festival Terrace),dpz2z77yj,1.0
91,Downsview Park (Festival Terrace),dpz2z77yk,1.0
91,Downsview Park (Festival Terrace),dpz2z77ym,1.0
91,Downsview Park (Festival Terrace),dpz2z77yn,1.0
91,Downsview Park (Festival Terrace),dpz2z77yp,0.9999999999999998
91,Downsview Park (Festival Terrace),dpz2z77yq,1.0
91,Downsview Park (Festival Terrace),dpz2z77yr,0.9999999999999998
91,Downsview Park (Festival Terrace),dpz2z77ys,0.9999999999999998
91,Downsview Park (Festival Terrace),dpz2z77yt,0.9999999999999998
91,Downsview Park (Festival Terrace),dpz2z77yu,1.0
91,Downsview Park (Festival Terrace),dpz2z77yv,1.0
91,Downsview Park (Festival Terrace),dpz2z77yw,1.0
91,Downsview Park (Festival Terrace),dpz2z77yx,1.0
91,Downsview Park (Festival Terrace),dpz2z77yy,1.0
91,Downsview Park (Festival Terrace),dpz2z77yz,1.0
91,Downsview Park (Festival Terrace),dpz2z77z0,1.0
91,Downsview Park (Festival Terrace),dpz2z77z1,1.0
91,Downsview Park (Festival Terrace),dpz2z77z2,1.0
91,Downsview Park (Festival Terrace),dpz2z77z3,1.0
91,Downsview Park (Festival Terrace),dpz2z77z4,0.9999999999999998
91,Downsview Park (Festival Terrace),dpz2z77z5,1.0
91,Downsview Park (Festival Terrace),dpz2z77z6,1.0
91,Downsview Park (Festival Terrace),dpz2z77z7,1.0
91,Downsview Park (Festival Terrace),dpz2z77z8,1.0
91,Downsview Park (Festival Terrace),dpz2z77z9,1.0
91,Downsview Park (Festival Terrace),dpz2z77zb,1.0
91,Downsview Park (Festival Terrace),dpz2z77zc,1.0
91,Downsview Park (Festival Terrace),dpz2z77zd,1.0
91,Downsview Park (Festival Terrace),dpz2z77ze,1.0
91,Downsview Park (Festival Terrace),dpz2z77zf,1.0
91,Downsview Park (Festival Terrace),dpz2z77zg,1.0
91,Downsview Park (Festival Terrace),dpz2z77zh,1.0
91,Downsview Park (Festival Terrace),dpz2z77zj,0.9999999999999998
91,Downsview Park (Festival Terrace),dpz2z77zk,1.0
91,Downsview Park (Festival Terrace),dpz2z77zm,0.9999999999999998
91,Downsview Park (Festival Terrace),dpz2z77zn,1.0
91,Downsview Park (Festival Terrace),dpz2z77zp,1.0
91,Downsview Park (Festival Terrace),dpz2z77zq,1.0
91,Downsview Park (Festival Terrace),dpz2z77zr,1.0
91,Downsview Park (Festival Terrace),dpz2z77zs,1.0
91,Downsview Park (Festival Terrace),dpz2z77zt,1.0
91,Downsview Park (Festival Terrace),dpz2z77zu,1.0
91,Downsview Park (Festival Terrace),dpz2z77zv,1.0
91,Downsview Park (Festival Terrace),dpz2z77zw,1.0
91,Downsview Park (Festival Terrace),dpz2z77zx,1.0
91,Downsview Park (Festival Terrace),dpz2z77zy,1.0
91,Downsview Park (Festival Terrace),dpz2z77zz,1.0
91,Downsview Park (Festival Terrace),dpz2z7e05,1.0
91,Downsview Park (Festival Terrace),dpz2z7e06,0.9639546784303548
91,Downsview Park (Festival Terrace),dpz2z7e07,0.9999999999999998
91,Downsview Park (Festival Terrace),dpz2z7e0d,1.0
91,Downsview Park (Festival Terrace),dpz2z7e0e,1.0
91,Downsview Park (Festival Terrace),dpz2z7e0f,1.0
91,Downsview Park (Festival Terrace),dpz2z7e0g,1.0
91,Downsview Park (Festival Terrace),dpz2z7e0h,1.0
91,Downsview Park (Festival Terrace),dpz2z7e0j,1.0
91,Downsview Park (Festival Terrace),dpz2z7e0k,1.0
91,Downsview Park (Festival Terrace),dpz2z7e0m,1.0
91,Downsview Park (Festival Terrace),dpz2z7e0n,1.0
91,Downsview Park (Festival Terrace),dpz2z7e0p,1.0
91,Downsview Park (Festival Terrace),dpz2z7e0q,1.0
91,Downsview Park (Festival Terrace),dpz2z7e0r,1.0
91,Downsview Park (Festival Terrace),dpz2z7e0s,1.0
91,Downsview Park (Festival Terrace),dpz2z7e0t,1.0
91,Downsview Park (Festival Terrace),dpz2z7e0u,1.0
91,Downsview Park (Festival Terrace),dpz2z7e0v,1.0
91,Downsview Park (Festival Terrace),dpz2z7e0w,1.0
91,Downsview Park (Festival Terrace),dpz2z7e0x,1.0
91,Downsview Park (Festival Terrace),dpz2z7e0y,1.0
91,Downsview Park (Festival Terrace),dpz2z7e0z,0.9999999999999998
91,Downsview Park (Festival Terrace),dpz2z7e14,1.0
91,Downsview Park (Festival Terrace),dpz2z7e15,1.0
91,Downsview Park (Festival Terrace),dpz2z7e16,1.0
91,Downsview Park (Festival Terrace),dpz2z7e17,1.0
91,Downsview Park (Festival Terrace),dpz2z7e1d,1.0
91,Downsview Park (Festival Terrace),dpz2z7e1e,1.0
91,Downsview Park (Festival Terrace),dpz2z7e1f,0.994816488068268
91,Downsview Park (Festival Terrace),dpz2z7e1g,1.0
91,Downsview Park (Festival Terrace),dpz2z7e1h,1.0
91,Downsview Park (Festival Terrace),dpz2z7e1j,1.0
91,Downsview Park (Festival Terrace),dpz2z7e1k,1.0
91,Downsview Park (Festival Terrace),dpz2z7e1m,1.0
91,Downsview Park (Festival Terrace),dpz2z7e1n,1.0
91,Downsview Park (Festival Terrace),dpz2z7e1p,1.0
91,Downsview Park (Festival Terrace),dpz2z7e1q,1.0
91,Downsview Park (Festival Terrace),dpz2z7e1r,1.0
91,Downsview Park (Festival Terrace),dpz2z7e1s,1.0
91,Downsview Park (Festival Terrace),dpz2z7e1t,0.9999999999999998
91,Downsview Park (Festival Terrace),dpz2z7e1u,0.9999999999999998
91,Downsview Park (Festival Terrace),dpz2z7e1v,0.9999999999999998
91,Downsview Park (Festival Terrace),dpz2z7e1w,1.0
91,Downsview Park (Festival Terrace),dpz2z7e1x,1.0
91,Downsview Park (Festival Terrace),dpz2z7e1y,1.0
91,Downsview Park (Festival Terrace),dpz2z7e1z,1.0
91,Downsview Park (Festival Terrace),dpz2z7e20,1.0
91,Downsview Park (Festival Terrace),dpz2z7e21,1.0
91,Downsview Park (Festival Terrace),dpz2z7e22,0.9999999999999998
91,Downsview Park (Festival Terrace),dpz2z7e23,1.0
91,Downsview Park (Festival Terrace),dpz2z7e24,1.0
91,Downsview Park (Festival Terrace),dpz2z7e25,1.0
91,Downsview Park (Festival Terrace),dpz2z7e26,1.0
91,Downsview Park (Festival Terrace),dpz2z7e27,1.0
91,Downsview Park (Festival Terrace),dpz2z7e28,1.0
91,Downsview Park (Festival Terrace),dpz2z7e29,1.0
91,Downsview Park (Festival Terrace),dpz2z7e2b,1.0
91,Downsview Park (Festival Terrace),dpz2z7e2c,1.0
91,Downsview Park (Festival Terrace),dpz2z7e2d,0.9999999999999998
91,Downsview Park (Festival Terrace),dpz2z7e2e,1.0
91,Downsview Park (Festival Terrace),dpz2z7e2f,1.0
91,Downsview Park (Festival Terrace),dpz2z7e2g,1.0
91,Downsview Park (Festival Terrace),dpz2z7e2h,1.0
91,Downsview Park (Festival Terrace),dpz2z7e2j,1.0
91,Downsview Park (Festival Terrace),dpz2z7e2k,1.0
91,Downsview Park (Festival Terrace),dpz2z7e2m,1.0
91,Downsview Park (Festival Terrace),dpz2z7e2n,1.0
91,Downsview Park (Festival Terrace),dpz2z7e2p,1.0
91,Downsview Park (Festival Terrace),dpz2z7e2q,1.0
91,Downsview Park (Festival Terrace),dpz2z7e2r,1.0
91,Downsview Park (Festival Terrace),dpz2z7e2s,1.0
91,Downsview Park (Festival Terrace),dpz2z7e2t,1.0
91,Downsview Park (Festival Terrace),dpz2z7e2u,1.0
91,Downsview Park (Festival Terrace),dpz2z7e2v,1.0
91,Downsview Park (Festival Terrace),dpz2z7e2w,1.0
91,Downsview Park (Festival Terrace),dpz2z7e2x,1.0
91,Downsview Park (Festival Terrace),dpz2z7e2y,1.0
91,Downsview Park (Festival Terrace),dpz2z7e2z,1.0
91,Downsview Park (Festival Terrace),dpz2z7e30,0.9999999999999998
91,Downsview Park (Festival Terrace),dpz2z7e31,1.0
91,Downsview Park (Festival Terrace),dpz2z7e32,1.0
91,Downsview Park (Festival Terrace),dpz2z7e33,1.0
91,Downsview Park (Festival Terrace),dpz2z7e34,1.0
91,Downsview Park (Festival Terrace),dpz2z7e35,1.0
91,Downsview Park (Festival Terrace),dpz2z7e36,1.0
91,Downsview Park (Festival Terrace),dpz2z7e37,1.0
91,Downsview Park (Festival Terrace),dpz2z7e38,1.0
91,Downsview Park (Festival Terrace),dpz2z7e39,0.9999999999999998
91,Downsview Park (Festival Terrace),dpz2z7e3b,1.0
91,Downsview Park (Festival Terrace),dpz2z7e3c,1.0
91,Downsview Park (Festival Terrace),dpz2z7e3d,1.0
91,Downsview Park (Festival Terrace),dpz2z7e3e,1.0
91,Downsview Park (Festival Terrace),dpz2z7e3f,1.0
91,Downsview Park (Festival Terrace),dpz2z7e3g,1.0
91,Downsview Park (Festival Terrace),dpz2z7e3h,1.0
91,Downsview Park (Festival Terrace),dpz2z7e3j,1.0
91,Downsview Park (Festival Terrace),dpz2z7e3k,1.0
91,Downsview Park (Festival Terrace),dpz2z7e3m,0.9999999999999998
91,Downsview Park (Festival Terrace),dpz2z7e3n,1.0
91,Downsview Park (Festival Terrace),dpz2z7e3p,1.0
91,Downsview Park (Festival Terrace),dpz2z7e3q,1.0
91,Downsview Park (Festival Terrace),dpz2z7e3r,1.0
91,Downsview Park (Festival Terrace),dpz2z7e3s,1.0
91,Downsview Park (Festival Terrace),dpz2z7e3t,0.9999999999999998
91,Downsview Park (Festival Terrace),dpz2z7e3u,0.9999999999999998
91,Downsview Park (Festival Terrace),dpz2z7e3v,1.0
91,Downsview Park (Festival Terrace),dpz2z7e3w,1.0
91,Downsview Park (Festival Terrace),dpz2z7e3x,1.0
91,Downsview Park (Festival Terrace),dpz2z7e3y,1.0
91,Downsview Park (Festival Terrace),dpz2z7e3z,1.0
91,Downsview Park (Festival Terrace),dpz2z7e44,0.8158864230805896
91,Downsview Park (Festival Terrace),dpz2z7e45,1.0
91,Downsview Park (Festival Terrace),dpz2z7e47,1.0
91,Downsview Park (Festival Terrace),dpz2z7e4e,0.8325906597256012
91,Downsview Park (Festival Terrace),dpz2z7e4h,1.0
91,Downsview Park (Festival Terrace),dpz2z7e4j,1.0
91,Downsview Park (Festival Terrace),dpz2z7e4k,1.0
91,Downsview Park (Festival Terrace),dpz2z7e4m,1.0
91,Downsview Park (Festival Terrace),dpz2z7e4n,1.0
91,Downsview Park (Festival Terrace),dpz2z7e4p,0.9999999999999998
91,Downsview Park (Festival Terrace),dpz2z7e4q,1.0
91,Downsview Park (Festival Terrace),dpz2z7e4r,1.0
91,Downsview Park (Festival Terrace),dpz2z7e4s,1.0
91,Downsview Park (Festival Terrace),dpz2z7e4t,1.0
91,Downsview Park (Festival Terrace),dpz2z7e4u,0.9426475141656768
91,Downsview Park (Festival Terrace),dpz2z7e4v,1.0
91,Downsview Park (Festival Terrace),dpz2z7e4w,1.0
91,Downsview Park (Festival Terrace),dpz2z7e4x,1.0
91,Downsview Park (Festival Terrace),dpz2z7e4y,1.0
91,Downsview Park (Festival Terrace),dpz2z7e4z,1.0
91,Downsview Park (Festival Terrace),dpz2z7e5j,0.9334214237817784
91,Downsview Park (Festival Terrace),dpz2z7e5n,1.0
91,Downsview Park (Festival Terrace),dpz2z7e5p,1.0
91,Downsview Park (Festival Terrace),dpz2z7e5q,0.8600946848892663
91,Downsview Park (Festival Terrace),dpz2z7e5r,0.9999999999999998
91,Downsview Park (Festival Terrace),dpz2z7e60,1.0
91,Downsview Park (Festival Terrace),dpz2z7e61,1.0
91,Downsview Park (Festival Terrace),dpz2z7e62,1.0
91,Downsview Park (Festival Terrace),dpz2z7e63,1.0
91,Downsview Park (Festival Terrace),dpz2z7e64,0.9999999999999998
91,Downsview Park (Festival Terrace),dpz2z7e65,1.0
91,Downsview Park (Festival Terrace),dpz2z7e66,1.0
91,Downsview Park (Festival Terrace),dpz2z7e67,0.9999999999999996
91,Downsview Park (Festival Terrace),dpz2z7e68,1.0
91,Downsview Park (Festival Terrace),dpz2z7e69,1.0
91,Downsview Park (Festival Terrace),dpz2z7e6b,1.0
91,Downsview Park (Festival Terrace),dpz2z7e6c,1.0
91,Downsview Park (Festival Terrace),dpz2z7e6d,0.9999999999999998
91,Downsview Park (Festival Terrace),dpz2z7e6e,1.0
91,Downsview Park (Festival Terrace),dpz2z7e6f,1.0
91,Downsview Park (Festival Terrace),dpz2z7e6g,1.0
91,Downsview Park (Festival Terrace),dpz2z7e6h,1.0
91,Downsview Park (Festival Terrace),dpz2z7e6j,0.9999999999999998
91,Downsview Park (Festival Terrace),dpz2z7e6k,1.0
91,Downsview Park (Festival Terrace),dpz2z7e6m,1.0
91,Downsview Park (Festival Terrace),dpz2z7e6n,1.0
91,Downsview Park (Festival Terrace),dpz2z7e6p,1.0
91,Downsview Park (Festival Terrace),dpz2z7e6q,1.0
91,Downsview Park (Festival Terrace),dpz2z7e6r,1.0
91,Downsview Park (Festival Terrace),dpz2z7e6s,1.0
91,Downsview Park (Festival Terrace),dpz2z7e6t,1.0
91,Downsview Park (Festival Terrace),dpz2z7e6u,1.0
91,Downsview Park (Festival Terrace),dpz2z7e6v,1.0
91,Downsview Park (Festival Terrace),dpz2z7e6w,1.0
91,Downsview Park (Festival Terrace),dpz2z7e6x,1.0
91,Downsview Park (Festival Terrace),dpz2z7e6y,1.0
91,Downsview Park (Festival Terrace),dpz2z7e6z,1.0
91,Downsview Park (Festival Terrace),dpz2z7e70,0.9999999999999998
91,Downsview Park (Festival Terrace),dpz2z7e71,1.0
91,Downsview Park (Festival Terrace),dpz2z7e72,1.0
91,Downsview Park (Festival Terrace),dpz2z7e73,1.0
91,Downsview Park (Festival Terrace),dpz2z7e74,0.9999999999999998
91,Downsview Park (Festival Terrace),dpz2z7e75,1.0
91,Downsview Park (Festival Terrace),dpz2z7e76,1.0
91,Downsview Park (Festival Terrace),dpz2z7e77,1.0
91,Downsview Park (Festival Terrace),dpz2z7e78,0.9999999999999998
91,Downsview Park (Festival Terrace),dpz2z7e79,0.9999999999999998
91,Downsview Park (Festival Terrace),dpz2z7e7c,0.9100592564186916
91,Downsview Park (Festival Terrace),dpz2z7e7d,1.0
91,Downsview Park (Festival Terrace),dpz2z7e7e,1.0
91,Downsview Park (Festival Terrace),dpz2z7e7f,1.0
91,Downsview Park (Festival Terrace),dpz2z7e7g,1.0
91,Downsview Park (Festival Terrace),dpz2z7e7h,0.9999999999999998
91,Downsview Park (Festival Terrace),dpz2z7e7j,1.0
91,Downsview Park (Festival Terrace),dpz2z7e7k,1.0
91,Downsview Park (Festival Terrace),dpz2z7e7m,1.0
91,Downsview Park (Festival Terrace),dpz2z7e7n,1.0
91,Downsview Park (Festival Terrace),dpz2z7e7p,0.9999999999999998
91,Downsview Park (Festival Terrace),dpz2z7e7q,1.0
91,Downsview Park (Festival Terrace),dpz2z7e7r,1.0
91,Downsview Park (Festival Terrace),dpz2z7e7s,1.0
91,Downsview Park (Festival Terrace),dpz2z7e7t,1.0
91,Downsview Park (Festival Terrace),dpz2z7e7u,1.0
91,Downsview Park (Festival Terrace),dpz2z7e7v,1.0
91,Downsview Park (Festival Terrace),dpz2z7e7w,1.0
91,Downsview Park (Festival Terrace),dpz2z7e7x,0.9999999999999998
91,Downsview Park (Festival Terrace),dpz2z7e7y,1.0
91,Downsview Park (Festival Terrace),dpz2z7e7z,1.0
91,Downsview Park (Festival Terrace),dpz2z7e80,1.0
91,Downsview Park (Festival Terrace),dpz2z7e81,1.0
91,Downsview Park (Festival Terrace),dpz2z7e82,0.9999999999999998
91,Downsview Park (Festival Terrace),dpz2z7e83,1.0
91,Downsview Park (Festival Terrace),dpz2z7e84,1.0
91,Downsview Park (Festival Terrace),dpz2z7e85,1.0
91,Downsview Park (Festival Terrace),dpz2z7e86,0.9999999999999998
91,Downsview Park (Festival Terrace),dpz2z7e87,1.0
91,Downsview Park (Festival Terrace),dpz2z7e88,1.0
91,Downsview Park (Festival Terrace),dpz2z7e89,1.0
91,Downsview Park (Festival Terrace),dpz2z7e8b,1.0
91,Downsview Park (Festival Terrace),dpz2z7e8c,1.0
91,Downsview Park (Festival Terrace),dpz2z7e8d,1.0
91,Downsview Park (Festival Terrace),dpz2z7e8e,0.9999999999999998
91,Downsview Park (Festival Terrace),dpz2z7e8f,1.0
91,Downsview Park (Festival Terrace),dpz2z7e8g,1.0
91,Downsview Park (Festival Terrace),dpz2z7e8h,1.0
91,Downsview Park (Festival Terrace),dpz2z7e8j,0.9999999999999998
91,Downsview Park (Festival Terrace),dpz2z7e8k,1.0
91,Downsview Park (Festival Terrace),dpz2z7e8m,1.0
91,Downsview Park (Festival Terrace),dpz2z7e8n,1.0
91,Downsview Park (Festival Terrace),dpz2z7e8p,1.0
91,Downsview Park (Festival Terrace),dpz2z7e8q,1.0
91,Downsview Park (Festival Terrace),dpz2z7e8r,1.0
91,Downsview Park (Festival Terrace),dpz2z7e8s,1.0
91,Downsview Park (Festival Terrace),dpz2z7e8t,1.0
91,Downsview Park (Festival Terrace),dpz2z7e8u,0.9999999999999998
91,Downsview Park (Festival Terrace),dpz2z7e8v,1.0
91,Downsview Park (Festival Terrace),dpz2z7e8w,1.0
91,Downsview Park (Festival Terrace),dpz2z7e8x,1.0
91,Downsview Park (Festival Terrace),dpz2z7e8y,1.0
91,Downsview Park (Festival Terrace),dpz2z7e8z,0.9999999999999998
91,Downsview Park (Festival Terrace),dpz2z7e90,1.0
91,Downsview Park (Festival Terrace),dpz2z7e91,1.0
91,Downsview Park (Festival Terrace),dpz2z7e92,1.0
91,Downsview Park (Festival Terrace),dpz2z7e93,1.0
91,Downsview Park (Festival Terrace),dpz2z7e94,1.0
91,Downsview Park (Festival Terrace),dpz2z7e95,1.0
91,Downsview Park (Festival Terrace),dpz2z7e96,0.9999999999999998
91,Downsview Park (Festival Terrace),dpz2z7e97,1.0
91,Downsview Park (Festival Terrace),dpz2z7e98,1.0
91,Downsview Park (Festival Terrace),dpz2z7e99,1.0
91,Downsview Park (Festival Terrace),dpz2z7e9b,1.0
91,Downsview Park (Festival Terrace),dpz2z7e9c,1.0
91,Downsview Park (Festival Terrace),dpz2z7e9d,1.0
91,Downsview Park (Festival Terrace),dpz2z7e9e,1.0
91,Downsview Park (Festival Terrace),dpz2z7e9f,1.0
91,Downsview Park (Festival Terrace),dpz2z7e9g,1.0
91,Downsview Park (Festival Terrace),dpz2z7e9h,1.0
91,Downsview Park (Festival Terrace),dpz2z7e9j,1.0
91,Downsview Park (Festival Terrace),dpz2z7e9k,0.9999999999999998
91,Downsview Park (Festival Terrace),dpz2z7e9m,0.9999999999999998
91,Downsview Park (Festival Terrace),dpz2z7e9n,1.0
91,Downsview Park (Festival Terrace),dpz2z7e9p,1.0
91,Downsview Park (Festival Terrace),dpz2z7e9q,1.0
91,Downsview Park (Festival Terrace),dpz2z7e9r,1.0
91,Downsview Park (Festival Terrace),dpz2z7e9s,0.9999999999999998
91,Downsview Park (Festival Terrace),dpz2z7e9t,1.0
91,Downsview Park (Festival Terrace),dpz2z7e9u,1.0
91,Downsview Park (Festival Terrace),dpz2z7e9v,1.0
91,Downsview Park (Festival Terrace),dpz2z7e9w,1.0
91,Downsview Park (Festival Terrace),dpz2z7e9x,1.0
91,Downsview Park (Festival Terrace),dpz2z7e9y,1.0
91,Downsview Park (Festival Terrace),dpz2z7e9z,1.0
91,Downsview Park (Festival Terrace),dpz2z7eb0,1.0
91,Downsview Park (Festival Terrace),dpz2z7eb1,1.0
91,Downsview Park (Festival Terrace),dpz2z7eb2,1.0
91,Downsview Park (Festival Terrace),dpz2z7eb3,1.0
91,Downsview Park (Festival Terrace),dpz2z7eb4,1.0
91,Downsview Park (Festival Terrace),dpz2z7eb5,1.0
91,Downsview Park (Festival Terrace),dpz2z7eb6,1.0
91,Downsview Park (Festival Terrace),dpz2z7eb7,1.0
91,Downsview Park (Festival Terrace),dpz2z7eb8,0.9999999999999998
91,Downsview Park (Festival Terrace),dpz2z7eb9,1.0
91,Downsview Park (Festival Terrace),dpz2z7ebb,0.9999999999999998
91,Downsview Park (Festival Terrace),dpz2z7ebc,1.0
91,Downsview Park (Festival Terrace),dpz2z7ebd,1.0
91,Downsview Park (Festival Terrace),dpz2z7ebe,1.0
91,Downsview Park (Festival Terrace),dpz2z7ebf,1.0
91,Downsview Park (Festival Terrace),dpz2z7ebg,1.0
91,Downsview Park (Festival Terrace),dpz2z7ebh,1.0
91,Downsview Park (Festival Terrace),dpz2z7ebj,1.0
91,Downsview Park (Festival Terrace),dpz2z7ebk,0.9999999999999998
91,Downsview Park (Festival Terrace),dpz2z7ebm,1.0
91,Downsview Park (Festival Terrace),dpz2z7ebn,1.0
91,Downsview Park (Festival Terrace),dpz2z7ebp,1.0
91,Downsview Park (Festival Terrace),dpz2z7ebq,1.0
91,Downsview Park (Festival Terrace),dpz2z7ebr,1.0
91,Downsview Park (Festival Terrace),dpz2z7ebs,1.0
91,Downsview Park (Festival Terrace),dpz2z7ebt,1.0
91,Downsview Park (Festival Terrace),dpz2z7ebu,1.0
91,Downsview Park (Festival Terrace),dpz2z7ebv,1.0
91,Downsview Park (Festival Terrace),dpz2z7ebw,1.0
91,Downsview Park (Festival Terrace),dpz2z7ebx,1.0
91,Downsview Park (Festival Terrace),dpz2z7eby,1.0
91,Downsview Park (Festival Terrace),dpz2z7ebz,1.0
91,Downsview Park (Festival Terrace),dpz2z7ec0,1.0
91,Downsview Park (Festival Terrace),dpz2z7ec1,1.0
91,Downsview Park (Festival Terrace),dpz2z7ec2,1.0
91,Downsview Park (Festival Terrace),dpz2z7ec3,1.0
91,Downsview Park (Festival Terrace),dpz2z7ec4,1.0
91,Downsview Park (Festival Terrace),dpz2z7ec5,1.0
91,Downsview Park (Festival Terrace),dpz2z7ec6,1.0
91,Downsview Park (Festival Terrace),dpz2z7ec7,1.0
91,Downsview Park (Festival Terrace),dpz2z7ec8,0.9999999999999998
91,Downsview Park (Festival Terrace),dpz2z7ec9,1.0
91,Downsview Park (Festival Terrace),dpz2z7ecb,1.0
91,Downsview Park (Festival Terrace),dpz2z7ecc,1.0
91,Downsview Park (Festival Terrace),dpz2z7ecd,1.0
91,Downsview Park (Festival Terrace),dpz2z7ece,1.0
91,Downsview Park (Festival Terrace),dpz2z7ecf,1.0
91,Downsview Park (Festival Terrace),dpz2z7ecg,1.0
91,Downsview Park (Festival Terrace),dpz2z7ech,1.0
91,Downsview Park (Festival Terrace),dpz2z7ecj,1.0
91,Downsview Park (Festival Terrace),dpz2z7eck,1.0
91,Downsview Park (Festival Terrace),dpz2z7ecm,0.9999999999999998
91,Downsview Park (Festival Terrace),dpz2z7ecn,1.0
91,Downsview Park (Festival Terrace),dpz2z7ecp,0.9999999999999998
91,Downsview Park (Festival Terrace),dpz2z7ecq,1.0
91,Downsview Park (Festival Terrace),dpz2z7ecr,1.0
91,Downsview Park (Festival Terrace),dpz2z7ecs,1.0
91,Downsview Park (Festival Terrace),dpz2z7ect,1.0
91,Downsview Park (Festival Terrace),dpz2z7ecu,1.0
91,Downsview Park (Festival Terrace),dpz2z7ecv,1.0
91,Downsview Park (Festival Terrace),dpz2z7ecw,1.0
91,Downsview Park (Festival Terrace),dpz2z7ecx,1.0
91,Downsview Park (Festival Terrace),dpz2z7ecy,1.0
91,Downsview Park (Festival Terrace),dpz2z7ecz,1.0
91,Downsview Park (Festival Terrace),dpz2z7ed0,1.0
91,Downsview Park (Festival Terrace),dpz2z7ed1,1.0
91,Downsview Park (Festival Terrace),dpz2z7ed2,1.0
91,Downsview Park (Festival Terrace),dpz2z7ed3,1.0
91,Downsview Park (Festival Terrace),dpz2z7ed4,1.0
91,Downsview Park (Festival Terrace),dpz2z7ed5,1.0
91,Downsview Park (Festival Terrace),dpz2z7ed6,1.0
91,Downsview Park (Festival Terrace),dpz2z7ed7,1.0
91,Downsview Park (Festival Terrace),dpz2z7ed8,0.9999999999999998
91,Downsview Park (Festival Terrace),dpz2z7ed9,1.0
91,Downsview Park (Festival Terrace),dpz2z7edb,1.0
91,Downsview Park (Festival Terrace),dpz2z7edc,1.0
91,Downsview Park (Festival Terrace),dpz2z7edd,1.0
91,Downsview Park (Festival Terrace),dpz2z7ede,1.0
91,Downsview Park (Festival Terrace),dpz2z7edf,1.0
91,Downsview Park (Festival Terrace),dpz2z7edg,1.0
91,Downsview Park (Festival Terrace),dpz2z7edh,1.0
91,Downsview Park (Festival Terrace),dpz2z7edj,1.0
91,Downsview Park (Festival Terrace),dpz2z7edk,1.0
91,Downsview Park (Festival Terrace),dpz2z7edm,1.0
91,Downsview Park (Festival Terrace),dpz2z7edn,1.0
91,Downsview Park (Festival Terrace),dpz2z7edp,1.0
91,Downsview Park (Festival Terrace),dpz2z7edq,1.0
91,Downsview Park (Festival Terrace),dpz2z7edr,1.0
91,Downsview Park (Festival Terrace),dpz2z7eds,1.0
91,Downsview Park (Festival Terrace),dpz2z7edt,1.0
91,Downsview Park (Festival Terrace),dpz2z7edu,0.9999999999999998
91,Downsview Park (Festival Terrace),dpz2z7edv,1.0
91,Downsview Park (Festival Terrace),dpz2z7edw,1.0
91,Downsview Park (Festival Terrace),dpz2z7edx,1.0
91,Downsview Park (Festival Terrace),dpz2z7edy,1.0
91,Downsview Park (Festival Terrace),dpz2z7edz,1.0
91,Downsview Park (Festival Terrace),dpz2z7ee0,1.0
91,Downsview Park (Festival Terrace),dpz2z7ee1,1.0
91,Downsview Park (Festival Terrace),dpz2z7ee2,1.0
91,Downsview Park (Festival Terrace),dpz2z7ee3,1.0
91,Downsview Park (Festival Terrace),dpz2z7ee4,1.0
91,Downsview Park (Festival Terrace),dpz2z7ee5,1.0
91,Downsview Park (Festival Terrace),dpz2z7ee6,1.0
91,Downsview Park (Festival Terrace),dpz2z7ee7,0.9999999999999998
91,Downsview Park (Festival Terrace),dpz2z7ee8,1.0
91,Downsview Park (Festival Terrace),dpz2z7ee9,1.0
91,Downsview Park (Festival Terrace),dpz2z7eeb,1.0
91,Downsview Park (Festival Terrace),dpz2z7eec,1.0
91,Downsview Park (Festival Terrace),dpz2z7eed,1.0
91,Downsview Park (Festival Terrace),dpz2z7eee,0.9999999999999998
91,Downsview Park (Festival Terrace),dpz2z7eef,1.0
91,Downsview Park (Festival Terrace),dpz2z7eeg,1.0
91,Downsview Park (Festival Terrace),dpz2z7eeh,1.0
91,Downsview Park (Festival Terrace),dpz2z7eej,1.0
91,Downsview Park (Festival Terrace),dpz2z7eek,1.0
91,Downsview Park (Festival Terrace),dpz2z7eem,1.0
91,Downsview Park (Festival Terrace),dpz2z7een,1.0
91,Downsview Park (Festival Terrace),dpz2z7eep,0.9999999999999998
91,Downsview Park (Festival Terrace),dpz2z7eeq,1.0
91,Downsview Park (Festival Terrace),dpz2z7eer,1.0
91,Downsview Park (Festival Terrace),dpz2z7ees,1.0
91,Downsview Park (Festival Terrace),dpz2z7eet,1.0
91,Downsview Park (Festival Terrace),dpz2z7eeu,0.9999999999999998
91,Downsview Park (Festival Terrace),dpz2z7eev,1.0
91,Downsview Park (Festival Terrace),dpz2z7eew,0.9999999999999998
91,Downsview Park (Festival Terrace),dpz2z7eex,0.9999999999999998
91,Downsview Park (Festival Terrace),dpz2z7eey,1.0
91,Downsview Park (Festival Terrace),dpz2z7eez,1.0
91,Downsview Park (Festival Terrace),dpz2z7ef0,0.9999999999999998
91,Downsview Park (Festival Terrace),dpz2z7ef1,1.0
91,Downsview Park (Festival Terrace),dpz2z7ef2,1.0
91,Downsview Park (Festival Terrace),dpz2z7ef3,1.0
91,Downsview Park (Festival Terrace),dpz2z7ef4,1.0
91,Downsview Park (Festival Terrace),dpz2z7ef5,0.9999999999999998
91,Downsview Park (Festival Terrace),dpz2z7ef6,1.0
91,Downsview Park (Festival Terrace),dpz2z7ef7,0.9999999999999998
91,Downsview Park (Festival Terrace),dpz2z7ef8,1.0
91,Downsview Park (Festival Terrace),dpz2z7ef9,1.0
91,Downsview Park (Festival Terrace),dpz2z7efb,1.0
91,Downsview Park (Festival Terrace),dpz2z7efc,1.0
91,Downsview Park (Festival Terrace),dpz2z7efd,1.0
91,Downsview Park (Festival Terrace),dpz2z7efe,1.0
91,Downsview Park (Festival Terrace),dpz2z7eff,1.0
91,Downsview Park (Festival Terrace),dpz2z7efg,1.0
91,Downsview Park (Festival Terrace),dpz2z7efh,1.0
91,Downsview Park (Festival Terrace),dpz2z7efj,1.0
91,Downsview Park (Festival Terrace),dpz2z7efk,1.0
91,Downsview Park (Festival Terrace),dpz2z7efm,1.0
91,Downsview Park (Festival Terrace),dpz2z7efn,1.0
91,Downsview Park (Festival Terrace),dpz2z7efp,1.0
91,Downsview Park (Festival Terrace),dpz2z7efq,1.0
91,Downsview Park (Festival Terrace),dpz2z7efr,1.0
91,Downsview Park (Festival Terrace),dpz2z7efs,1.0
91,Downsview Park (Festival Terrace),dpz2z7eft,1.0
91,Downsview Park (Festival Terrace),dpz2z7efu,1.0
91,Downsview Park (Festival Terrace),dpz2z7efv,0.9999999999999998
91,Downsview Park (Festival Terrace),dpz2z7efw,1.0
91,Downsview Park (Festival Terrace),dpz2z7efx,1.0
91,Downsview Park (Festival Terrace),dpz2z7efy,1.0
91,Downsview Park (Festival Terrace),dpz2z7efz,1.0
91,Downsview Park (Festival Terrace),dpz2z7eg0,1.0
91,Downsview Park (Festival Terrace),dpz2z7eg1,1.0
91,Downsview Park (Festival Terrace),dpz2z7eg2,1.0
91,Downsview Park (Festival Terrace),dpz2z7eg3,1.0
91,Downsview Park (Festival Terrace),dpz2z7eg4,1.0
91,Downsview Park (Festival Terrace),dpz2z7eg5,1.0
91,Downsview Park (Festival Terrace),dpz2z7eg6,1.0
91,Downsview Park (Festival Terrace),dpz2z7eg7,1.0
91,Downsview Park (Festival Terrace),dpz2z7eg8,1.0
91,Downsview Park (Festival Terrace),dpz2z7eg9,1.0
91,Downsview Park (Festival Terrace),dpz2z7egb,1.0
91,Downsview Park (Festival Terrace),dpz2z7egc,1.0
91,Downsview Park (Festival Terrace),dpz2z7egd,0.9999999999999998
91,Downsview Park (Festival Terrace),dpz2z7ege,1.0
91,Downsview Park (Festival Terrace),dpz2z7egf,0.9999999999999998
91,Downsview Park (Festival Terrace),dpz2z7egg,1.0
91,Downsview Park (Festival Terrace),dpz2z7egh,1.0
91,Downsview Park (Festival Terrace),dpz2z7egj,1.0
91,Downsview Park (Festival Terrace),dpz2z7egk,1.0
91,Downsview Park (Festival Terrace),dpz2z7egm,1.0
91,Downsview Park (Festival Terrace),dpz2z7egn,1.0
91,Downsview Park (Festival Terrace),dpz2z7egp,1.0
91,Downsview Park (Festival Terrace),dpz2z7egq,1.0
91,Downsview Park (Festival Terrace),dpz2z7egr,1.0
91,Downsview Park (Festival Terrace),dpz2z7egs,1.0
91,Downsview Park (Festival Terrace),dpz2z7egt,1.0
91,Downsview Park (Festival Terrace),dpz2z7egu,1.0
91,Downsview Park (Festival Terrace),dpz2z7egv,1.0
91,Downsview Park (Festival Terrace),dpz2z7egw,0.9999999999999998
91,Downsview Park (Festival Terrace),dpz2z7egx,1.0
91,Downsview Park (Festival Terrace),dpz2z7egy,1.0
91,Downsview Park (Festival Terrace),dpz2z7egz,1.0
91,Downsview Park (Festival Terrace),dpz2z7ek5,0.910467291033672
91,Downsview Park (Festival Terrace),dpz2z7ekh,1.0
91,Downsview Park (Festival Terrace),dpz2z7ekj,1.0
91,Downsview Park (Festival Terrace),dpz2z7ekn,1.0
91,Downsview Park (Festival Terrace),dpz2z7ekp,1.0
91,Downsview Park (Festival Terrace),dpz2z7ekq,0.9937625258806048
91,Downsview Park (Festival Terrace),dpz2z7ekr,1.0
91,Downsview Park (Festival Terrace),dpz2z7es0,1.0
91,Downsview Park (Festival Terrace),dpz2z7es1,1.0
91,Downsview Park (Festival Terrace),dpz2z7es2,1.0
91,Downsview Park (Festival Terrace),dpz2z7es3,1.0
91,Downsview Park (Festival Terrace),dpz2z7es4,1.0
91,Downsview Park (Festival Terrace),dpz2z7es5,1.0
91,Downsview Park (Festival Terrace),dpz2z7es6,1.0
91,Downsview Park (Festival Terrace),dpz2z7es7,1.0
91,Downsview Park (Festival Terrace),dpz2z7es9,0.9531378479051082
91,Downsview Park (Festival Terrace),dpz2z7esd,1.0
91,Downsview Park (Festival Terrace),dpz2z7ese,1.0
91,Downsview Park (Festival Terrace),dpz2z7esh,1.0
91,Downsview Park (Festival Terrace),dpz2z7esj,1.0
91,Downsview Park (Festival Terrace),dpz2z7esk,1.0
91,Downsview Park (Festival Terrace),dpz2z7esm,0.9999999999999998
91,Downsview Park (Festival Terrace),dpz2z7esn,1.0
91,Downsview Park (Festival Terrace),dpz2z7esp,1.0
91,Downsview Park (Festival Terrace),dpz2z7esq,0.9999999999999998
91,Downsview Park (Festival Terrace),dpz2z7esr,1.0
91,Downsview Park (Festival Terrace),dpz2z7ess,1.0
91,Downsview Park (Festival Terrace),dpz2z7est,1.0
91,Downsview Park (Festival Terrace),dpz2z7esw,1.0
91,Downsview Park (Festival Terrace),dpz2z7esx,1.0
91,Downsview Park (Festival Terrace),dpz2z7eu0,0.9999999999999998
91,Downsview Park (Festival Terrace),dpz2z7eu1,1.0
91,Downsview Park (Festival Terrace),dpz2z7eu2,1.0
91,Downsview Park (Festival Terrace),dpz2z7eu3,1.0
91,Downsview Park (Festival Terrace),dpz2z7eu4,1.0
91,Downsview Park (Festival Terrace),dpz2z7eu5,1.0
91,Downsview Park (Festival Terrace),dpz2z7eu6,1.0
91,Downsview Park (Festival Terrace),dpz2z7eu7,0.9999999999999998
91,Downsview Park (Festival Terrace),dpz2z7eu8,1.0
91,Downsview Park (Festival Terrace),dpz2z7eu9,1.0
91,Downsview Park (Festival Terrace),dpz2z7eud,1.0
91,Downsview Park (Festival Terrace),dpz2z7eue,1.0
91,Downsview Park (Festival Terrace),dpz2z7euh,1.0
91,Downsview Park (Festival Terrace),dpz2z7euj,1.0
91,Downsview Park (Festival Terrace),dpz2z7euk,1.0
91,Downsview Park (Festival Terrace),dpz2z7eum,1.0
91,Downsview Park (Festival Terrace),dpz2z7eun,0.9999999999999998
91,Downsview Park (Festival Terrace),dpz2z7eup,1.0
91,Downsview Park (Festival Terrace),dpz2z7euq,1.0
91,Downsview Park (Festival Terrace),dpz2z7eur,1.0
91,Downsview Park (Festival Terrace),dpz2z7eus,1.0
91,Downsview Park (Festival Terrace),dpz2z7eut,0.9491662434298394
91,Downsview Park (Festival Terrace),dpz2z7kjb,0.9957049422481647
91,Downsview Park (Festival Terrace),dpz2z7kn0,1.0
91,Downsview Park (Festival Terrace),dpz2z7kn1,1.0
91,Downsview Park (Festival Terrace),dpz2z7kn2,1.0
91,Downsview Park (Festival Terrace),dpz2z7kn3,1.0
91,Downsview Park (Festival Terrace),dpz2z7kn4,1.0
91,Downsview Park (Festival Terrace),dpz2z7kn5,0.9157140912415688
91,Downsview Park (Festival Terrace),dpz2z7kn6,1.0
91,Downsview Park (Festival Terrace),dpz2z7kn7,1.0
91,Downsview Park (Festival Terrace),dpz2z7kn8,0.9999999999999998
91,Downsview Park (Festival Terrace),dpz2z7kn9,1.0
91,Downsview Park (Festival Terrace),dpz2z7knb,1.0
91,Downsview Park (Festival Terrace),dpz2z7knc,1.0
91,Downsview Park (Festival Terrace),dpz2z7knd,1.0
91,Downsview Park (Festival Terrace),dpz2z7kne,1.0
91,Downsview Park (Festival Terrace),dpz2z7knf,1.0
91,Downsview Park (Festival Terrace),dpz2z7kng,1.0
91,Downsview Park (Festival Terrace),dpz2z7knk,1.0
91,Downsview Park (Festival Terrace),dpz2z7kns,1.0
91,Downsview Park (Festival Terrace),dpz2z7knt,1.0
91,Downsview Park (Festival Terrace),dpz2z7knu,1.0
91,Downsview Park (Festival Terrace),dpz2z7knv,1.0
91,Downsview Park (Festival Terrace),dpz2z7knw,0.8468550579876551
91,Downsview Park (Festival Terrace),dpz2z7kny,1.0
91,Downsview Park (Festival Terrace),dpz2z7knz,0.9516258913182392
91,Downsview Park (Festival Terrace),dpz2z7kp0,1.0
91,Downsview Park (Festival Terrace),dpz2z7kp1,1.0
91,Downsview Park (Festival Terrace),dpz2z7kp2,1.0
91,Downsview Park (Festival Terrace),dpz2z7kp3,1.0
91,Downsview Park (Festival Terrace),dpz2z7kp4,0.9999999999999998
91,Downsview Park (Festival Terrace),dpz2z7kp5,1.0
91,Downsview Park (Festival Terrace),dpz2z7kp6,1.0
91,Downsview Park (Festival Terrace),dpz2z7kp7,0.9999999999999998
91,Downsview Park (Festival Terrace),dpz2z7kp8,1.0
91,Downsview Park (Festival Terrace),dpz2z7kp9,1.0
91,Downsview Park (Festival Terrace),dpz2z7kpb,0.9999999999999998
91,Downsview Park (Festival Terrace),dpz2z7kpc,1.0
91,Downsview Park (Festival Terrace),dpz2z7kpd,1.0
91,Downsview Park (Festival Terrace),dpz2z7kpe,1.0
91,Downsview Park (Festival Terrace),dpz2z7kpf,1.0
91,Downsview Park (Festival Terrace),dpz2z7kpg,1.0
91,Downsview Park (Festival Terrace),dpz2z7kph,1.0
91,Downsview Park (Festival Terrace),dpz2z7kpj,1.0
91,Downsview Park (Festival Terrace),dpz2z7kpk,1.0
91,Downsview Park (Festival Terrace),dpz2z7kpm,1.0
91,Downsview Park (Festival Terrace),dpz2z7kpn,1.0
91,Downsview Park (Festival Terrace),dpz2z7kpp,1.0
91,Downsview Park (Festival Terrace),dpz2z7kpq,1.0
91,Downsview Park (Festival Terrace),dpz2z7kpr,1.0
91,Downsview Park (Festival Terrace),dpz2z7kps,1.0
91,Downsview Park (Festival Terrace),dpz2z7kpt,1.0
91,Downsview Park (Festival Terrace),dpz2z7kpu,1.0
91,Downsview Park (Festival Terrace),dpz2z7kpv,1.0
91,Downsview Park (Festival Terrace),dpz2z7kpw,1.0
91,Downsview Park (Festival Terrace),dpz2z7kpx,1.0
91,Downsview Park (Festival Terrace),dpz2z7kpy,1.0
91,Downsview Park (Festival Terrace),dpz2z7kpz,1.0
91,Downsview Park (Festival Terrace),dpz2z7kr0,0.8172259599792991
91,Downsview Park (Festival Terrace),dpz2z7kr2,1.0
91,Downsview Park (Festival Terrace),dpz2z7kr8,1.0
91,Downsview Park (Festival Terrace),dpz2z7kr9,0.9986486846620012
91,Downsview Park (Festival Terrace),dpz2z7krb,0.9999999999999998
91,Downsview Park (Festival Terrace),dpz2z7krc,1.0
91,Downsview Park (Festival Terrace),dpz2z7krf,0.9359190790080858
91,Downsview Park (Festival Terrace),dpz2z7s00,1.0
91,Downsview Park (Festival Terrace),dpz2z7s01,1.0
91,Downsview Park (Festival Terrace),dpz2z7s02,1.0
91,Downsview Park (Festival Terrace),dpz2z7s03,1.0
91,Downsview Park (Festival Terrace),dpz2z7s04,1.0
91,Downsview Park (Festival Terrace),dpz2z7s05,0.9999999999999998
91,Downsview Park (Festival Terrace),dpz2z7s06,1.0
91,Downsview Park (Festival Terrace),dpz2z7s07,1.0
91,Downsview Park (Festival Terrace),dpz2z7s08,1.0
91,Downsview Park (Festival Terrace),dpz2z7s09,1.0
91,Downsview Park (Festival Terrace),dpz2z7s0b,1.0
91,Downsview Park (Festival Terrace),dpz2z7s0c,0.9999999999999998
91,Downsview Park (Festival Terrace),dpz2z7s0d,1.0
91,Downsview Park (Festival Terrace),dpz2z7s0e,1.0
91,Downsview Park (Festival Terrace),dpz2z7s0f,1.0
91,Downsview Park (Festival Terrace),dpz2z7s0g,1.0
91,Downsview Park (Festival Terrace),dpz2z7s0h,0.9999999999999998
91,Downsview Park (Festival Terrace),dpz2z7s0j,1.0
91,Downsview Park (Festival Terrace),dpz2z7s0k,1.0
91,Downsview Park (Festival Terrace),dpz2z7s0m,1.0
91,Downsview Park (Festival Terrace),dpz2z7s0n,1.0
91,Downsview Park (Festival Terrace),dpz2z7s0p,1.0
91,Downsview Park (Festival Terrace),dpz2z7s0q,1.0
91,Downsview Park (Festival Terrace),dpz2z7s0r,1.0
91,Downsview Park (Festival Terrace),dpz2z7s0s,1.0
91,Downsview Park (Festival Terrace),dpz2z7s0t,1.0
91,Downsview Park (Festival Terrace),dpz2z7s0u,1.0
91,Downsview Park (Festival Terrace),dpz2z7s0v,1.0
91,Downsview Park (Festival Terrace),dpz2z7s0w,1.0
91,Downsview Park (Festival Terrace),dpz2z7s0x,1.0
91,Downsview Park (Festival Terrace),dpz2z7s0y,1.0
91,Downsview Park (Festival Terrace),dpz2z7s0z,1.0
91,Downsview Park (Festival Terrace),dpz2z7s10,1.0
91,Downsview Park (Festival Terrace),dpz2z7s11,1.0
91,Downsview Park (Festival Terrace),dpz2z7s12,0.9999999999999998
91,Downsview Park (Festival Terrace),dpz2z7s13,1.0
91,Downsview Park (Festival Terrace),dpz2z7s14,1.0
91,Downsview Park (Festival Terrace),dpz2z7s15,0.9999999999999998
91,Downsview Park (Festival Terrace),dpz2z7s16,1.0
91,Downsview Park (Festival Terrace),dpz2z7s17,1.0
91,Downsview Park (Festival Terrace),dpz2z7s18,1.0
91,Downsview Park (Festival Terrace),dpz2z7s19,0.9999999999999998
91,Downsview Park (Festival Terrace),dpz2z7s1b,1.0
91,Downsview Park (Festival Terrace),dpz2z7s1c,1.0
91,Downsview Park (Festival Terrace),dpz2z7s1d,1.0
91,Downsview Park (Festival Terrace),dpz2z7s1e,1.0
91,Downsview Park (Festival Terrace),dpz2z7s1f,0.9999999999999998
91,Downsview Park (Festival Terrace),dpz2z7s1g,1.0
91,Downsview Park (Festival Terrace),dpz2z7s1h,1.0
91,Downsview Park (Festival Terrace),dpz2z7s1j,1.0
91,Downsview Park (Festival Terrace),dpz2z7s1k,0.9999999999999998
91,Downsview Park (Festival Terrace),dpz2z7s1m,1.0
91,Downsview Park (Festival Terrace),dpz2z7s1n,1.0
91,Downsview Park (Festival Terrace),dpz2z7s1p,1.0
91,Downsview Park (Festival Terrace),dpz2z7s1q,0.9999999999999998
91,Downsview Park (Festival Terrace),dpz2z7s1r,1.0
91,Downsview Park (Festival Terrace),dpz2z7s1s,1.0
91,Downsview Park (Festival Terrace),dpz2z7s1t,0.9999999999999998
91,Downsview Park (Festival Terrace),dpz2z7s1u,1.0
91,Downsview Park (Festival Terrace),dpz2z7s1v,1.0
91,Downsview Park (Festival Terrace),dpz2z7s1w,1.0
91,Downsview Park (Festival Terrace),dpz2z7s1x,1.0
91,Downsview Park (Festival Terrace),dpz2z7s1y,1.0
91,Downsview Park (Festival Terrace),dpz2z7s1z,1.0
91,Downsview Park (Festival Terrace),dpz2z7s20,1.0
91,Downsview Park (Festival Terrace),dpz2z7s21,0.9999999999999998
91,Downsview Park (Festival Terrace),dpz2z7s22,1.0
91,Downsview Park (Festival Terrace),dpz2z7s23,1.0
91,Downsview Park (Festival Terrace),dpz2z7s24,1.0
91,Downsview Park (Festival Terrace),dpz2z7s26,1.0
91,Downsview Park (Festival Terrace),dpz2z7s28,1.0
91,Downsview Park (Festival Terrace),dpz2z7s29,1.0
91,Downsview Park (Festival Terrace),dpz2z7s2b,1.0
91,Downsview Park (Festival Terrace),dpz2z7s2c,1.0
91,Downsview Park (Festival Terrace),dpz2z7s2d,1.0
91,Downsview Park (Festival Terrace),dpz2z7s2e,0.8159630236733887
91,Downsview Park (Festival Terrace),dpz2z7s2f,1.0
91,Downsview Park (Festival Terrace),dpz2z7s2g,0.9902672869751044
91,Downsview Park (Festival Terrace),dpz2z7s30,1.0
91,Downsview Park (Festival Terrace),dpz2z7s31,1.0
91,Downsview Park (Festival Terrace),dpz2z7s32,1.0
91,Downsview Park (Festival Terrace),dpz2z7s33,1.0
91,Downsview Park (Festival Terrace),dpz2z7s34,1.0
91,Downsview Park (Festival Terrace),dpz2z7s35,0.9939462643227496
91,Downsview Park (Festival Terrace),dpz2z7s36,1.0
91,Downsview Park (Festival Terrace),dpz2z7s37,0.8534423394958374
91,Downsview Park (Festival Terrace),dpz2z7s38,1.0
91,Downsview Park (Festival Terrace),dpz2z7s39,0.9999999999999998
91,Downsview Park (Festival Terrace),dpz2z7s3b,1.0
91,Downsview Park (Festival Terrace),dpz2z7s3c,1.0
91,Downsview Park (Festival Terrace),dpz2z7s3d,1.0
91,Downsview Park (Festival Terrace),dpz2z7s3f,1.0
91,Downsview Park (Festival Terrace),dpz2z7s40,1.0
91,Downsview Park (Festival Terrace),dpz2z7s41,1.0
91,Downsview Park (Festival Terrace),dpz2z7s42,1.0
91,Downsview Park (Festival Terrace),dpz2z7s43,1.0
91,Downsview Park (Festival Terrace),dpz2z7s44,0.9999999999999998
91,Downsview Park (Festival Terrace),dpz2z7s45,1.0
91,Downsview Park (Festival Terrace),dpz2z7s46,1.0
91,Downsview Park (Festival Terrace),dpz2z7s47,1.0
91,Downsview Park (Festival Terrace),dpz2z7s48,1.0
91,Downsview Park (Festival Terrace),dpz2z7s49,1.0
91,Downsview Park (Festival Terrace),dpz2z7s4b,0.9999999999999998
91,Downsview Park (Festival Terrace),dpz2z7s4c,1.0
91,Downsview Park (Festival Terrace),dpz2z7s4d,1.0
91,Downsview Park (Festival Terrace),dpz2z7s4e,0.9999999999999998
91,Downsview Park (Festival Terrace),dpz2z7s4f,1.0
91,Downsview Park (Festival Terrace),dpz2z7s4g,1.0
91,Downsview Park (Festival Terrace),dpz2z7s4h,1.0
91,Downsview Park (Festival Terrace),dpz2z7s4j,1.0
91,Downsview Park (Festival Terrace),dpz2z7s4k,0.9999999999999998
91,Downsview Park (Festival Terrace),dpz2z7s4m,1.0
91,Downsview Park (Festival Terrace),dpz2z7s4n,1.0
91,Downsview Park (Festival Terrace),dpz2z7s4p,1.0
91,Downsview Park (Festival Terrace),dpz2z7s4q,1.0
91,Downsview Park (Festival Terrace),dpz2z7s4r,1.0
91,Downsview Park (Festival Terrace),dpz2z7s4s,1.0
91,Downsview Park (Festival Terrace),dpz2z7s4t,1.0
91,Downsview Park (Festival Terrace),dpz2z7s4u,1.0
91,Downsview Park (Festival Terrace),dpz2z7s4v,0.9999999999999998
91,Downsview Park (Festival Terrace),dpz2z7s4w,1.0
91,Downsview Park (Festival Terrace),dpz2z7s4x,1.0
91,Downsview Park (Festival Terrace),dpz2z7s4y,1.0
91,Downsview Park (Festival Terrace),dpz2z7s4z,1.0
91,Downsview Park (Festival Terrace),dpz2z7s50,1.0
91,Downsview Park (Festival Terrace),dpz2z7s51,1.0
91,Downsview Park (Festival Terrace),dpz2z7s52,1.0
91,Downsview Park (Festival Terrace),dpz2z7s53,1.0
91,Downsview Park (Festival Terrace),dpz2z7s54,1.0
91,Downsview Park (Festival Terrace),dpz2z7s55,1.0
91,Downsview Park (Festival Terrace),dpz2z7s56,1.0
91,Downsview Park (Festival Terrace),dpz2z7s57,0.9999999999999998
91,Downsview Park (Festival Terrace),dpz2z7s58,0.9999999999999998
91,Downsview Park (Festival Terrace),dpz2z7s59,1.0
91,Downsview Park (Festival Terrace),dpz2z7s5b,1.0
91,Downsview Park (Festival Terrace),dpz2z7s5c,1.0
91,Downsview Park (Festival Terrace),dpz2z7s5d,1.0
91,Downsview Park (Festival Terrace),dpz2z7s5e,1.0
91,Downsview Park (Festival Terrace),dpz2z7s5f,1.0
91,Downsview Park (Festival Terrace),dpz2z7s5g,1.0
91,Downsview Park (Festival Terrace),dpz2z7s5h,1.0
91,Downsview Park (Festival Terrace),dpz2z7s5j,1.0
91,Downsview Park (Festival Terrace),dpz2z7s5k,1.0
91,Downsview Park (Festival Terrace),dpz2z7s5m,1.0
91,Downsview Park (Festival Terrace),dpz2z7s5n,1.0
91,Downsview Park (Festival Terrace),dpz2z7s5p,1.0
91,Downsview Park (Festival Terrace),dpz2z7s5q,1.0
91,Downsview Park (Festival Terrace),dpz2z7s5r,0.8150052146717748
91,Downsview Park (Festival Terrace),dpz2z7s5s,1.0
91,Downsview Park (Festival Terrace),dpz2z7s5t,1.0
91,Downsview Park (Festival Terrace),dpz2z7s5u,0.9525173696136592
91,Downsview Park (Festival Terrace),dpz2z7s5w,0.8021521485079899
91,Downsview Park (Festival Terrace),dpz2z7s60,1.0
91,Downsview Park (Festival Terrace),dpz2z7s61,1.0
91,Downsview Park (Festival Terrace),dpz2z7s62,1.0
91,Downsview Park (Festival Terrace),dpz2z7s63,1.0
91,Downsview Park (Festival Terrace),dpz2z7s64,1.0
91,Downsview Park (Festival Terrace),dpz2z7s68,1.0
91,Downsview Park (Festival Terrace),dpz2z7s69,0.967295154828752
91,Downsview Park (Festival Terrace),dpz2z7s6b,1.0
91,Downsview Park (Festival Terrace),dpz2z7sh0,1.0
91,Downsview Park (Festival Terrace),dpz2z7sh1,0.9999999999999998
91,Downsview Park (Festival Terrace),dpz2z7sh2,0.9822714904908032
91,Downsview Park (Festival Terrace),dpz2z7sh4,0.9967078634896492
92,Downsview Park (Discovery Centre),dpz2z7339,1.0
92,Downsview Park (Discovery Centre),dpz2z733b,0.9242769578730864
92,Downsview Park (Discovery Centre),dpz2z733c,1.0
92,Downsview Park (Discovery Centre),dpz2z733d,0.9808142867911293
92,Downsview Park (Discovery Centre),dpz2z733e,0.8052760215317305
92,Downsview Park (Discovery Centre),dpz2z733f,1.0
92,Downsview Park (Discovery Centre),dpz2z733g,1.0
92,Downsview Park (Discovery Centre),dpz2z733u,1.0
92,Downsview Park (Discovery Centre),dpz2z733v,1.0
92,Downsview Park (Discovery Centre),dpz2z733y,1.0
92,Downsview Park (Discovery Centre),dpz2z733z,0.9536847703273774
92,Downsview Park (Discovery Centre),dpz2z734x,0.9996204858196984
92,Downsview Park (Discovery Centre),dpz2z734z,0.9822064989477136
92,Downsview Park (Discovery Centre),dpz2z7360,1.0
92,Downsview Park (Discovery Centre),dpz2z7361,1.0
92,Downsview Park (Discovery Centre),dpz2z7362,1.0
92,Downsview Park (Discovery Centre),dpz2z7363,1.0
92,Downsview Park (Discovery Centre),dpz2z7364,1.0
92,Downsview Park (Discovery Centre),dpz2z7365,1.0
92,Downsview Park (Discovery Centre),dpz2z7366,1.0
92,Downsview Park (Discovery Centre),dpz2z7367,1.0
92,Downsview Park (Discovery Centre),dpz2z7368,1.0
92,Downsview Park (Discovery Centre),dpz2z7369,1.0
92,Downsview Park (Discovery Centre),dpz2z736b,1.0
92,Downsview Park (Discovery Centre),dpz2z736c,1.0
92,Downsview Park (Discovery Centre),dpz2z736d,1.0
92,Downsview Park (Discovery Centre),dpz2z736e,1.0
92,Downsview Park (Discovery Centre),dpz2z736f,1.0
92,Downsview Park (Discovery Centre),dpz2z736g,1.0
92,Downsview Park (Discovery Centre),dpz2z736h,1.0
92,Downsview Park (Discovery Centre),dpz2z736j,1.0
92,Downsview Park (Discovery Centre),dpz2z736k,1.0
92,Downsview Park (Discovery Centre),dpz2z736m,1.0
92,Downsview Park (Discovery Centre),dpz2z736n,1.0
92,Downsview Park (Discovery Centre),dpz2z736p,1.0
92,Downsview Park (Discovery Centre),dpz2z736q,1.0
92,Downsview Park (Discovery Centre),dpz2z736r,1.0
92,Downsview Park (Discovery Centre),dpz2z736s,0.9999999999999998
92,Downsview Park (Discovery Centre),dpz2z736t,1.0
92,Downsview Park (Discovery Centre),dpz2z736u,1.0
92,Downsview Park (Discovery Centre),dpz2z736v,1.0
92,Downsview Park (Discovery Centre),dpz2z736w,1.0
92,Downsview Park (Discovery Centre),dpz2z736x,0.8726041174368042
92,Downsview Park (Discovery Centre),dpz2z736y,1.0
92,Downsview Park (Discovery Centre),dpz2z7375,0.9006989699489061
92,Downsview Park (Discovery Centre),dpz2z737h,1.0
92,Downsview Park (Discovery Centre),dpz2z737j,1.0
92,Downsview Park (Discovery Centre),dpz2z737n,0.9572120248188706
93,Colombus Centre,dpz2xvsyr,0.9999752838015136
93,Colombus Centre,dpz2xvsyx,1.0
93,Colombus Centre,dpz2xvsyy,0.968020139854491
93,Colombus Centre,dpz2xvsyz,0.9999999999999998
93,Colombus Centre,dpz2xvszm,0.8756143318003087
93,Colombus Centre,dpz2xvszn,1.0
93,Colombus Centre,dpz2xvszp,1.0
93,Colombus Centre,dpz2xvszq,1.0
93,Colombus Centre,dpz2xvszr,1.0
93,Colombus Centre,dpz2xvszt,1.0
93,Colombus Centre,dpz2xvszv,1.0
93,Colombus Centre,dpz2xvszw,1.0
93,Colombus Centre,dpz2xvszx,1.0
93,Colombus Centre,dpz2xvszy,1.0
93,Colombus Centre,dpz2xvszz,1.0
93,Colombus Centre,dpz2xvtj8,0.9161719088079052
93,Colombus Centre,dpz2xvtj9,1.0
93,Colombus Centre,dpz2xvtjb,1.0
93,Colombus Centre,dpz2xvtjc,1.0
93,Colombus Centre,dpz2xvtjd,0.9930367292332044
93,Colombus Centre,dpz2xvtje,0.824252047874655
93,Colombus Centre,dpz2xvtjf,1.0
93,Colombus Centre,dpz2xvtjg,1.0
93,Colombus Centre,dpz2xvtju,1.0
93,Colombus Centre,dpz2xvtjv,1.0
93,Colombus Centre,dpz2xvtjy,0.9999644524622442
93,Colombus Centre,dpz2xvtmv,0.8497433756915265
93,Colombus Centre,dpz2xvtmw,0.8057396195427671
93,Colombus Centre,dpz2xvtmx,1.0
93,Colombus Centre,dpz2xvtmy,1.0
93,Colombus Centre,dpz2xvtmz,0.9999999999999998
93,Colombus Centre,dpz2xvtn0,1.0
93,Colombus Centre,dpz2xvtn1,1.0
93,Colombus Centre,dpz2xvtn2,1.0
93,Colombus Centre,dpz2xvtn3,1.0
93,Colombus Centre,dpz2xvtn4,1.0
93,Colombus Centre,dpz2xvtn5,0.9999999999999996
93,Colombus Centre,dpz2xvtn6,1.0
93,Colombus Centre,dpz2xvtn7,1.0
93,Colombus Centre,dpz2xvtn8,1.0
93,Colombus Centre,dpz2xvtn9,1.0
93,Colombus Centre,dpz2xvtnb,1.0
93,Colombus Centre,dpz2xvtnc,1.0
93,Colombus Centre,dpz2xvtnd,1.0
93,Colombus Centre,dpz2xvtne,0.9999999999999998
93,Colombus Centre,dpz2xvtnf,1.0
93,Colombus Centre,dpz2xvtng,1.0
93,Colombus Centre,dpz2xvtnh,1.0
93,Colombus Centre,dpz2xvtnj,1.0
93,Colombus Centre,dpz2xvtnk,1.0
93,Colombus Centre,dpz2xvtnm,0.9999999999999998
93,Colombus Centre,dpz2xvtnn,1.0
93,Colombus Centre,dpz2xvtnp,1.0
93,Colombus Centre,dpz2xvtnq,1.0
93,Colombus Centre,dpz2xvtnr,1.0
93,Colombus Centre,dpz2xvtns,0.9999999999999998
93,Colombus Centre,dpz2xvtnt,1.0
93,Colombus Centre,dpz2xvtnu,1.0
93,Colombus Centre,dpz2xvtnv,1.0
93,Colombus Centre,dpz2xvtnw,1.0
93,Colombus Centre,dpz2xvtnx,1.0
93,Colombus Centre,dpz2xvtny,1.0
93,Colombus Centre,dpz2xvtnz,1.0
93,Colombus Centre,dpz2xvtp0,1.0
93,Colombus Centre,dpz2xvtp1,0.9999999999999998
93,Colombus Centre,dpz2xvtp2,1.0
93,Colombus Centre,dpz2xvtp3,1.0
93,Colombus Centre,dpz2xvtp4,0.9999999999999998
93,Colombus Centre,dpz2xvtp5,1.0
93,Colombus Centre,dpz2xvtp6,1.0
93,Colombus Centre,dpz2xvtp7,1.0
93,Colombus Centre,dpz2xvtp8,1.0
93,Colombus Centre,dpz2xvtp9,1.0
93,Colombus Centre,dpz2xvtpb,1.0
93,Colombus Centre,dpz2xvtpc,1.0
93,Colombus Centre,dpz2xvtpd,1.0
93,Colombus Centre,dpz2xvtpe,1.0
93,Colombus Centre,dpz2xvtpf,1.0
93,Colombus Centre,dpz2xvtpg,1.0
93,Colombus Centre,dpz2xvtph,1.0
93,Colombus Centre,dpz2xvtpj,1.0
93,Colombus Centre,dpz2xvtpk,1.0
93,Colombus Centre,dpz2xvtpm,0.9999999999999998
93,Colombus Centre,dpz2xvtpn,1.0
93,Colombus Centre,dpz2xvtpp,1.0
93,Colombus Centre,dpz2xvtpq,1.0
93,Colombus Centre,dpz2xvtpr,1.0
93,Colombus Centre,dpz2xvtps,1.0
93,Colombus Centre,dpz2xvtpt,0.9999999999999998
93,Colombus Centre,dpz2xvtpu,0.9999999999999998
93,Colombus Centre,dpz2xvtpv,1.0
93,Colombus Centre,dpz2xvtpw,1.0
93,Colombus Centre,dpz2xvtpx,1.0
93,Colombus Centre,dpz2xvtpy,0.9999999999999998
93,Colombus Centre,dpz2xvtpz,1.0
93,Colombus Centre,dpz2xvtq2,1.0
93,Colombus Centre,dpz2xvtq8,1.0
93,Colombus Centre,dpz2xvtq9,1.0
93,Colombus Centre,dpz2xvtqb,1.0
93,Colombus Centre,dpz2xvtqc,1.0
93,Colombus Centre,dpz2xvtqd,1.0
93,Colombus Centre,dpz2xvtqe,0.9999999999999998
93,Colombus Centre,dpz2xvtqf,1.0
93,Colombus Centre,dpz2xvtqg,1.0
93,Colombus Centre,dpz2xvtqh,0.9330994527475798
93,Colombus Centre,dpz2xvtqj,1.0
93,Colombus Centre,dpz2xvtqk,1.0
93,Colombus Centre,dpz2xvtqm,1.0
93,Colombus Centre,dpz2xvtqn,1.0
93,Colombus Centre,dpz2xvtqp,1.0
93,Colombus Centre,dpz2xvtqq,1.0
93,Colombus Centre,dpz2xvtqr,1.0
93,Colombus Centre,dpz2xvtqs,1.0
93,Colombus Centre,dpz2xvtqt,1.0
93,Colombus Centre,dpz2xvtqu,1.0
93,Colombus Centre,dpz2xvtqv,1.0
93,Colombus Centre,dpz2xvtqw,1.0
93,Colombus Centre,dpz2xvtqx,1.0
93,Colombus Centre,dpz2xvtqy,0.9999999999999998
93,Colombus Centre,dpz2xvtqz,1.0
93,Colombus Centre,dpz2xvtr0,1.0
93,Colombus Centre,dpz2xvtr1,1.0
93,Colombus Centre,dpz2xvtr2,1.0
93,Colombus Centre,dpz2xvtr3,1.0
93,Colombus Centre,dpz2xvtr4,1.0
93,Colombus Centre,dpz2xvtr5,1.0
93,Colombus Centre,dpz2xvtr6,1.0
93,Colombus Centre,dpz2xvtr7,1.0
93,Colombus Centre,dpz2xvtr8,1.0
93,Colombus Centre,dpz2xvtr9,1.0
93,Colombus Centre,dpz2xvtrb,1.0
93,Colombus Centre,dpz2xvtrc,1.0
93,Colombus Centre,dpz2xvtrd,0.9999999999999998
93,Colombus Centre,dpz2xvtre,1.0
93,Colombus Centre,dpz2xvtrf,1.0
93,Colombus Centre,dpz2xvtrg,1.0
93,Colombus Centre,dpz2xvtrh,1.0
93,Colombus Centre,dpz2xvtrj,1.0
93,Colombus Centre,dpz2xvtrk,1.0
93,Colombus Centre,dpz2xvtrm,1.0
93,Colombus Centre,dpz2xvtrn,1.0
93,Colombus Centre,dpz2xvtrp,1.0
93,Colombus Centre,dpz2xvtrq,1.0
93,Colombus Centre,dpz2xvtrr,1.0
93,Colombus Centre,dpz2xvtrs,1.0
93,Colombus Centre,dpz2xvtrt,1.0
93,Colombus Centre,dpz2xvtru,0.9999999999999998
93,Colombus Centre,dpz2xvtrv,1.0
93,Colombus Centre,dpz2xvtrw,1.0
93,Colombus Centre,dpz2xvtrx,1.0
93,Colombus Centre,dpz2xvtry,1.0
93,Colombus Centre,dpz2xvtrz,1.0
93,Colombus Centre,dpz2xvtt8,1.0
93,Colombus Centre,dpz2xvtt9,1.0
93,Colombus Centre,dpz2xvttb,1.0
93,Colombus Centre,dpz2xvttc,0.9999999999999998
93,Colombus Centre,dpz2xvttd,0.9996852095371483
93,Colombus Centre,dpz2xvttf,1.0
93,Colombus Centre,dpz2xvttg,1.0
93,Colombus Centre,dpz2xvtw0,1.0
93,Colombus Centre,dpz2xvtw1,1.0
93,Colombus Centre,dpz2xvtw2,1.0
93,Colombus Centre,dpz2xvtw3,0.9999999999999998
93,Colombus Centre,dpz2xvtw4,0.9999999999999998
93,Colombus Centre,dpz2xvtw5,1.0
93,Colombus Centre,dpz2xvtw6,1.0
93,Colombus Centre,dpz2xvtw7,1.0
93,Colombus Centre,dpz2xvtw8,1.0
93,Colombus Centre,dpz2xvtw9,1.0
93,Colombus Centre,dpz2xvtwb,1.0
93,Colombus Centre,dpz2xvtwc,1.0
93,Colombus Centre,dpz2xvtwd,0.9999999999999998
93,Colombus Centre,dpz2xvtwe,1.0
93,Colombus Centre,dpz2xvtwf,1.0
93,Colombus Centre,dpz2xvtwg,1.0
93,Colombus Centre,dpz2xvtws,1.0
93,Colombus Centre,dpz2xvtwt,1.0
93,Colombus Centre,dpz2xvtwu,1.0
93,Colombus Centre,dpz2xvtwv,1.0
93,Colombus Centre,dpz2xvtww,0.967091149789192
93,Colombus Centre,dpz2xvtwy,0.964206282783482
93,Colombus Centre,dpz2xvtx0,1.0
93,Colombus Centre,dpz2xvtx1,1.0
93,Colombus Centre,dpz2xvtx2,1.0
93,Colombus Centre,dpz2xvtx3,0.9999999999999998
93,Colombus Centre,dpz2xvtx4,1.0
93,Colombus Centre,dpz2xvtx5,1.0
93,Colombus Centre,dpz2xvtx6,1.0
93,Colombus Centre,dpz2xvtx7,1.0
93,Colombus Centre,dpz2xvtx8,1.0
93,Colombus Centre,dpz2xvtx9,1.0
93,Colombus Centre,dpz2xvtxb,0.9999999999999998
93,Colombus Centre,dpz2xvtxc,1.0
93,Colombus Centre,dpz2xvtxd,0.9999999999999998
93,Colombus Centre,dpz2xvtxe,1.0
93,Colombus Centre,dpz2xvtxf,1.0
93,Colombus Centre,dpz2xvtxg,1.0
93,Colombus Centre,dpz2xvtxh,1.0
93,Colombus Centre,dpz2xvtxj,1.0
93,Colombus Centre,dpz2xvtxk,1.0
93,Colombus Centre,dpz2xvtxm,1.0
93,Colombus Centre,dpz2xvtxq,0.8975229549825363
93,Colombus Centre,dpz2xvtxs,1.0
93,Colombus Centre,dpz2xvtxt,1.0
93,Colombus Centre,dpz2xvtxu,1.0
93,Colombus Centre,dpz2xvtxv,1.0
93,Colombus Centre,dpz2xvtxw,1.0
93,Colombus Centre,dpz2xvtxx,0.9999999999999998
93,Colombus Centre,dpz2xvtxy,1.0
93,Colombus Centre,dpz2xvtxz,1.0
93,Colombus Centre,dpz2xvtz8,1.0
93,Colombus Centre,dpz2xvtz9,1.0
93,Colombus Centre,dpz2xvtzb,1.0
93,Colombus Centre,dpz2xvtzc,0.9999999999999998
93,Colombus Centre,dpz2xvtzd,1.0
93,Colombus Centre,dpz2xvtze,1.0
93,Colombus Centre,dpz2xvtzf,1.0
93,Colombus Centre,dpz2xvtzg,0.9999999999999998
93,Colombus Centre,dpz2xvtzp,0.8632583963894402
93,Colombus Centre,dpz2xvtzr,0.9995593286593308
93,Colombus Centre,dpz2xvtzs,1.0
93,Colombus Centre,dpz2xvtzt,1.0
93,Colombus Centre,dpz2xvtzu,1.0
93,Colombus Centre,dpz2xvtzv,1.0
93,Colombus Centre,dpz2xvtzw,1.0
93,Colombus Centre,dpz2xvtzx,1.0
93,Colombus Centre,dpz2xvtzy,1.0
93,Colombus Centre,dpz2xvtzz,1.0
93,Colombus Centre,dpz2xvubm,0.9513193952743196
93,Colombus Centre,dpz2xvubn,1.0
93,Colombus Centre,dpz2xvubp,0.9999999999999998
93,Colombus Centre,dpz2xvubq,1.0
93,Colombus Centre,dpz2xvubr,1.0
93,Colombus Centre,dpz2xvubs,0.9505430673002476
93,Colombus Centre,dpz2xvubt,1.0
93,Colombus Centre,dpz2xvubw,1.0
93,Colombus Centre,dpz2xvubx,1.0
93,Colombus Centre,dpz2xvubz,0.9350606202022506
93,Colombus Centre,dpz2xvv00,1.0
93,Colombus Centre,dpz2xvv01,1.0
93,Colombus Centre,dpz2xvv02,1.0
93,Colombus Centre,dpz2xvv03,1.0
93,Colombus Centre,dpz2xvv04,1.0
93,Colombus Centre,dpz2xvv05,1.0
93,Colombus Centre,dpz2xvv06,1.0
93,Colombus Centre,dpz2xvv07,1.0
93,Colombus Centre,dpz2xvv08,1.0
93,Colombus Centre,dpz2xvv09,0.9999999999999998
93,Colombus Centre,dpz2xvv0b,1.0
93,Colombus Centre,dpz2xvv0c,1.0
93,Colombus Centre,dpz2xvv0d,0.9999999999999998
93,Colombus Centre,dpz2xvv0e,1.0
93,Colombus Centre,dpz2xvv0f,0.9999999999999998
93,Colombus Centre,dpz2xvv0g,1.0
93,Colombus Centre,dpz2xvv0h,1.0
93,Colombus Centre,dpz2xvv0j,1.0
93,Colombus Centre,dpz2xvv0k,1.0
93,Colombus Centre,dpz2xvv0m,1.0
93,Colombus Centre,dpz2xvv0n,1.0
93,Colombus Centre,dpz2xvv0p,1.0
93,Colombus Centre,dpz2xvv0q,1.0
93,Colombus Centre,dpz2xvv0r,1.0
93,Colombus Centre,dpz2xvv0s,1.0
93,Colombus Centre,dpz2xvv0t,1.0
93,Colombus Centre,dpz2xvv0u,1.0
93,Colombus Centre,dpz2xvv0v,0.9999999999999998
93,Colombus Centre,dpz2xvv0w,1.0
93,Colombus Centre,dpz2xvv0x,1.0
93,Colombus Centre,dpz2xvv0y,1.0
93,Colombus Centre,dpz2xvv1h,0.9781773307123746
93,Colombus Centre,dpz2xvv1j,1.0
93,Colombus Centre,dpz2xvv1n,0.983779438941827
93,Colombus Centre,dpz2xvv20,1.0
93,Colombus Centre,dpz2xvv21,1.0
93,Colombus Centre,dpz2xvv22,1.0
93,Colombus Centre,dpz2xvv23,0.9999999999999998
93,Colombus Centre,dpz2xvv24,0.9999999999999998
93,Colombus Centre,dpz2xvv25,1.0
93,Colombus Centre,dpz2xvv26,1.0
93,Colombus Centre,dpz2xvv27,1.0
93,Colombus Centre,dpz2xvv28,1.0
93,Colombus Centre,dpz2xvv29,1.0
93,Colombus Centre,dpz2xvv2c,0.8948859275521263
93,Colombus Centre,dpz2xvv2d,1.0
93,Colombus Centre,dpz2xvv2e,1.0
93,Colombus Centre,dpz2xvv2f,0.999590975094768
93,Colombus Centre,dpz2xvv2g,1.0
93,Colombus Centre,dpz2xvv2h,0.9999999999999998
93,Colombus Centre,dpz2xvv2j,1.0
93,Colombus Centre,dpz2xvv2k,1.0
93,Colombus Centre,dpz2xvv2m,0.974550532969486
93,Colombus Centre,dpz2xvv2n,1.0
93,Colombus Centre,dpz2xvv2p,1.0
93,Colombus Centre,dpz2xvv2s,0.9312589924863665
93,Colombus Centre,dpz2xvv80,0.9599116585055456
93,Colombus Centre,dpz2xvvb1,0.8581159148206298
93,Colombus Centre,dpz2xvvb4,0.9306869113122256
93,Colombus Centre,dpz2xvvb5,0.9924843467936448
93,Colombus Centre,dpz2xvvbh,1.0
93,Colombus Centre,dpz2xvvbj,1.0
93,Colombus Centre,dpz2xvvbn,1.0
93,Colombus Centre,dpz2xvvbp,1.0
93,Colombus Centre,dpz2xvwnb,0.960326626030916
93,Colombus Centre,dpz2xvwp0,1.0
93,Colombus Centre,dpz2xvwp2,1.0
93,Colombus Centre,dpz2xvwp3,1.0
93,Colombus Centre,dpz2xvwp7,0.870897316585106
93,Colombus Centre,dpz2xvwp8,1.0
93,Colombus Centre,dpz2xvwp9,1.0
93,Colombus Centre,dpz2xvwpb,1.0
93,Colombus Centre,dpz2xvwpc,1.0
93,Colombus Centre,dpz2xvwpe,0.9981325974141428
93,Colombus Centre,dpz2xvwpf,0.9254884251505816
93,Colombus Centre,dpz2xvwpg,0.9985692739991078
93,Colombus Centre,dpz2xvwpk,1.0
93,Colombus Centre,dpz2xvwps,0.9999999999999998
93,Colombus Centre,dpz2xvwpu,0.8856437245398435
93,Colombus Centre,dpz2xvy00,1.0
93,Colombus Centre,dpz2xvy01,0.9542270441304108
94,Glendon Theatre,dpz8c8qfg,0.8470194516380365
94,Glendon Theatre,dpz8c8qfu,1.0
94,Glendon Theatre,dpz8c8qfv,1.0
94,Glendon Theatre,dpz8c8qfy,1.0
94,Glendon Theatre,dpz8c8qfz,1.0
94,Glendon Theatre,dpz8c8qg5,0.9997005551657062
94,Glendon Theatre,dpz8c8qgh,1.0
94,Glendon Theatre,dpz8c8qgj,1.0
94,Glendon Theatre,dpz8c8qgn,1.0
94,Glendon Theatre,dpz8c8qgp,1.0
94,Glendon Theatre,dpz8c8qgr,0.8037094976038884
94,Glendon Theatre,dpz8c8r4b,0.9772862841970884
94,Glendon Theatre,dpz8c8r4c,0.8208424818832737
94,Glendon Theatre,dpz8c8r50,1.0
94,Glendon Theatre,dpz8c8r51,1.0
94,Glendon Theatre,dpz8c8r52,0.9549376471841672
94,Glendon Theatre,dpz8c8r53,1.0
95,Dandelion Terrace (Toronto Botanical Garden),dpz8f1s0x,0.8718576539533024
95,Dandelion Terrace (Toronto Botanical Garden),dpz8f1s0z,1.0
95,Dandelion Terrace (Toronto Botanical Garden),dpz8f1s1p,0.8943776343176704
95,Dandelion Terrace (Toronto Botanical Garden),dpz8f1s20,0.8297258452423766
95,Dandelion Terrace (Toronto Botanical Garden),dpz8f1s21,1.0
95,Dandelion Terrace (Toronto Botanical Garden),dpz8f1s22,1.0
95,Dandelion Terrace (Toronto Botanical Garden),dpz8f1s23,0.9999999999999998
95,Dandelion Terrace (Toronto Botanical Garden),dpz8f1s24,1.0
95,Dandelion Terrace (Toronto Botanical Garden),dpz8f1s25,1.0
95,Dandelion Terrace (Toronto Botanical Garden),dpz8f1s26,1.0
95,Dandelion Terrace (Toronto Botanical Garden),dpz8f1s27,0.8094892282022684
95,Dandelion Terrace (Toronto Botanical Garden),dpz8f1s28,1.0
95,Dandelion Terrace (Toronto Botanical Garden),dpz8f1s29,1.0
95,Dandelion Terrace (Toronto Botanical Garden),dpz8f1s2b,1.0
95,Dandelion Terrace (Toronto Botanical Garden),dpz8f1s2c,1.0
95,Dandelion Terrace (Toronto Botanical Garden),dpz8f1s2d,1.0
95,Dandelion Terrace (Toronto Botanical Garden),dpz8f1s2f,1.0
95,Dandelion Terrace (Toronto Botanical Garden),dpz8f1s2g,1.0
95,Dandelion Terrace (Toronto Botanical Garden),dpz8f1s2u,0.9344879872775066
95,Dandelion Terrace (Toronto Botanical Garden),dpz8f1s30,1.0
95,Dandelion Terrace (Toronto Botanical Garden),dpz8f1s31,1.0
95,Dandelion Terrace (Toronto Botanical Garden),dpz8f1s34,1.0
95,Dandelion Terrace (Toronto Botanical Garden),dpz8f1s35,1.0
95,Dandelion Terrace (Toronto Botanical Garden),dpz8f1s37,0.881915548581212
95,Dandelion Terrace (Toronto Botanical Garden),dpz8f1s3h,0.9982578737714491
95,Dandelion Terrace (Toronto Botanical Garden),dpz8f1s3k,1.0
95,Dandelion Terrace (Toronto Botanical Garden),dpz8f1s3m,1.0
96,Agincourt Toronto Public Library,dpz95du46,1.0
96,Agincourt Toronto Public Library,dpz95du47,1.0
96,Agincourt Toronto Public Library,dpz95du4d,1.0
96,Agincourt Toronto Public Library,dpz95du4e,0.9999999999999998
96,Agincourt Toronto Public Library,dpz95du4f,0.9998455234149946
96,Agincourt Toronto Public Library,dpz95du4g,1.0
96,Agincourt Toronto Public Library,dpz95du4k,0.945590201591658
96,Agincourt Toronto Public Library,dpz95du4s,1.0
96,Agincourt Toronto Public Library,dpz95du4t,1.0
96,Agincourt Toronto Public Library,dpz95du4u,1.0
96,Agincourt Toronto Public Library,dpz95du4v,1.0
96,Agincourt Toronto Public Library,dpz95du4w,1.0
96,Agincourt Toronto Public Library,dpz95du4x,1.0
96,Agincourt Toronto Public Library,dpz95du4y,1.0
96,Agincourt Toronto Public Library,dpz95du4z,1.0
96,Agincourt Toronto Public Library,dpz95du55,1.0
96,Agincourt Toronto Public Library,dpz95du57,0.9679226561554743
96,Agincourt Toronto Public Library,dpz95du5h,1.0
96,Agincourt Toronto Public Library,dpz95du5j,1.0
96,Agincourt Toronto Public Library,dpz95du5k,1.0
96,Agincourt Toronto Public Library,dpz95du5m,1.0
96,Agincourt Toronto Public Library,dpz95du5n,1.0
96,Agincourt Toronto Public Library,dpz95du5p,1.0
96,Agincourt Toronto Public Library,dpz95du5q,1.0
96,Agincourt Toronto Public Library,dpz95du5r,1.0
96,Agincourt Toronto Public Library,dpz95du5s,1.0
96,Agincourt Toronto Public Library,dpz95du5t,0.9999999999999998
96,Agincourt Toronto Public Library,dpz95du5u,0.8804381780755027
96,Agincourt Toronto Public Library,dpz95du5v,1.0
96,Agincourt Toronto Public Library,dpz95du5w,1.0
96,Agincourt Toronto Public Library,dpz95du5x,1.0
96,Agincourt Toronto Public Library,dpz95du5y,1.0
96,Agincourt Toronto Public Library,dpz95du5z,1.0
96,Agincourt Toronto Public Library,dpz95du68,0.99807351260169
96,Agincourt Toronto Public Library,dpz95du69,0.8616275973226192
96,Agincourt Toronto Public Library,dpz95du6b,1.0
96,Agincourt Toronto Public Library,dpz95du6c,1.0
96,Agincourt Toronto Public Library,dpz95du6f,1.0
96,Agincourt Toronto Public Library,dpz95du6g,1.0
96,Agincourt Toronto Public Library,dpz95du6u,1.0
96,Agincourt Toronto Public Library,dpz95du6v,0.9657069879703796
96,Agincourt Toronto Public Library,dpz95du70,0.9999999999999998
96,Agincourt Toronto Public Library,dpz95du71,1.0
96,Agincourt Toronto Public Library,dpz95du72,1.0
96,Agincourt Toronto Public Library,dpz95du73,1.0
96,Agincourt Toronto Public Library,dpz95du74,1.0
96,Agincourt Toronto Public Library,dpz95du75,1.0
96,Agincourt Toronto Public Library,dpz95du76,1.0
96,Agincourt Toronto Public Library,dpz95du77,1.0
96,Agincourt Toronto Public Library,dpz95du78,1.0
96,Agincourt Toronto Public Library,dpz95du79,0.9999999999999998
96,Agincourt Toronto Public Library,dpz95du7b,1.0
96,Agincourt Toronto Public Library,dpz95du7c,1.0
96,Agincourt Toronto Public Library,dpz95du7d,1.0
96,Agincourt Toronto Public Library,dpz95du7e,1.0
96,Agincourt Toronto Public Library,dpz95du7f,1.0
96,Agincourt Toronto Public Library,dpz95du7g,1.0
96,Agincourt Toronto Public Library,dpz95du7h,1.0
96,Agincourt Toronto Public Library,dpz95du7j,0.9474313301757789
96,Agincourt Toronto Public Library,dpz95du7k,1.0
96,Agincourt Toronto Public Library,dpz95du7s,0.9919425027426556
96,Agincourt Toronto Public Library,dpz95duhj,1.0
96,Agincourt Toronto Public Library,dpz95duhn,1.0
96,Agincourt Toronto Public Library,dpz95duhp,0.9999999999999998
96,Agincourt Toronto Public Library,dpz95duhq,1.0
96,Agincourt Toronto Public Library,dpz95duhr,1.0
96,Agincourt Toronto Public Library,dpz95duhw,0.9815764868492208
96,Agincourt Toronto Public Library,dpz95duhx,1.0
96,Agincourt Toronto Public Library,dpz95duhz,1.0
96,Agincourt Toronto Public Library,dpz95duk0,1.0
96,Agincourt Toronto Public Library,dpz95duk1,1.0
96,Agincourt Toronto Public Library,dpz95duk2,1.0
96,Agincourt Toronto Public Library,dpz95duk3,1.0
96,Agincourt Toronto Public Library,dpz95duk4,1.0
96,Agincourt Toronto Public Library,dpz95duk5,1.0
96,Agincourt Toronto Public Library,dpz95duk6,1.0
96,Agincourt Toronto Public Library,dpz95duk7,0.8264534745949657
96,Agincourt Toronto Public Library,dpz95duk8,1.0
96,Agincourt Toronto Public Library,dpz95duk9,1.0
96,Agincourt Toronto Public Library,dpz95dukb,1.0
96,Agincourt Toronto Public Library,dpz95dukc,1.0
96,Agincourt Toronto Public Library,dpz95dukd,1.0
96,Agincourt Toronto Public Library,dpz95dukf,0.9232260600051612
96,Agincourt Toronto Public Library,dpz95dum0,0.9950727671535988
96,Agincourt Toronto Public Library,dpz95dum1,0.9999999999999998
97,Birkdale Community Centre,dpz8ur9z7,0.9929919300176364
97,Birkdale Community Centre,dpz8ur9z8,0.8554627212632341
97,Birkdale Community Centre,dpz8ur9z9,1.0
97,Birkdale Community Centre,dpz8ur9zb,1.0
97,Birkdale Community Centre,dpz8ur9zc,1.0
97,Birkdale Community Centre,dpz8ur9zd,1.0
97,Birkdale Community Centre,dpz8ur9ze,1.0
97,Birkdale Community Centre,dpz8ur9zf,1.0
97,Birkdale Community Centre,dpz8ur9zg,1.0
97,Birkdale Community Centre,dpz8ur9zk,0.9181747696398674
97,Birkdale Community Centre,dpz8ur9zs,1.0
97,Birkdale Community Centre,dpz8ur9zt,1.0
97,Birkdale Community Centre,dpz8ur9zu,1.0
97,Birkdale Community Centre,dpz8ur9zv,0.9999999999999998
97,Birkdale Community Centre,dpz8ur9zw,1.0
97,Birkdale Community Centre,dpz8ur9zy,0.9372413906997596
97,Birkdale Community Centre,dpz8urc8p,1.0
97,Birkdale Community Centre,dpz8urc8q,0.9421055859405004
97,Birkdale Community Centre,dpz8urc8r,1.0
97,Birkdale Community Centre,dpz8urc8t,0.9306162483470848
97,Birkdale Community Centre,dpz8urc8v,1.0
97,Birkdale Community Centre,dpz8urc8w,0.9999999999999998
97,Birkdale Community Centre,dpz8urc8x,1.0
97,Birkdale Community Centre,dpz8urc8y,1.0
97,Birkdale Community Centre,dpz8urc8z,1.0
97,Birkdale Community Centre,dpz8urc9h,0.9109640026103448
97,Birkdale Community Centre,dpz8urc9j,1.0
97,Birkdale Community Centre,dpz8urc9n,1.0
97,Birkdale Community Centre,dpz8urc9p,1.0
97,Birkdale Community Centre,dpz8urc9r,0.9094539904686224
97,Birkdale Community Centre,dpz8urcb0,1.0
97,Birkdale Community Centre,dpz8urcb1,1.0
97,Birkdale Community Centre,dpz8urcb2,1.0
97,Birkdale Community Centre,dpz8urcb3,1.0
97,Birkdale Community Centre,dpz8urcb4,1.0
97,Birkdale Community Centre,dpz8urcb5,1.0
97,Birkdale Community Centre,dpz8urcb6,1.0
97,Birkdale Community Centre,dpz8urcb7,1.0
97,Birkdale Community Centre,dpz8urcb8,1.0
97,Birkdale Community Centre,dpz8urcb9,1.0
97,Birkdale Community Centre,dpz8urcbb,1.0
97,Birkdale Community Centre,dpz8urcbc,1.0
97,Birkdale Community Centre,dpz8urcbd,1.0
97,Birkdale Community Centre,dpz8urcbe,1.0
97,Birkdale Community Centre,dpz8urcbf,1.0
97,Birkdale Community Centre,dpz8urcbg,1.0
97,Birkdale Community Centre,dpz8urcbh,1.0
97,Birkdale Community Centre,dpz8urcbj,0.9999999999999998
97,Birkdale Community Centre,dpz8urcbk,1.0
97,Birkdale Community Centre,dpz8urcbm,1.0
97,Birkdale Community Centre,dpz8urcbs,1.0
97,Birkdale Community Centre,dpz8urcbt,0.8776104667800393
97,Birkdale Community Centre,dpz8urcbu,0.9999999999999998
97,Birkdale Community Centre,dpz8urcc0,0.9999999999999998
97,Birkdale Community Centre,dpz8urcc1,1.0
97,Birkdale Community Centre,dpz8urcc2,0.9996513258986582
97,Birkdale Community Centre,dpz8urcc3,1.0
97,Birkdale Community Centre,dpz8urcc4,1.0
97,Birkdale Community Centre,dpz8urcc5,1.0
97,Birkdale Community Centre,dpz8urcc6,1.0
97,Birkdale Community Centre,dpz8urcc7,1.0
97,Birkdale Community Centre,dpz8urcch,0.9994223970011946
98,Cedarbrook Community Centre,dpz8vjknx,0.9982895062178588
98,Cedarbrook Community Centre,dpz8vjknz,1.0
98,Cedarbrook Community Centre,dpz8vjkpp,0.9999999999999998
98,Cedarbrook Community Centre,dpz8vjkpr,0.8964842909601141
98,Cedarbrook Community Centre,dpz8vjkq8,1.0
98,Cedarbrook Community Centre,dpz8vjkq9,0.9999999999999998
98,Cedarbrook Community Centre,dpz8vjkqb,1.0
98,Cedarbrook Community Centre,dpz8vjkqc,1.0
98,Cedarbrook Community Centre,dpz8vjkqd,1.0
98,Cedarbrook Community Centre,dpz8vjkqe,1.0
98,Cedarbrook Community Centre,dpz8vjkqf,0.9999999999999998
98,Cedarbrook Community Centre,dpz8vjkqg,1.0
98,Cedarbrook Community Centre,dpz8vjkqs,1.0
98,Cedarbrook Community Centre,dpz8vjkqt,0.868408066174461
98,Cedarbrook Community Centre,dpz8vjkqu,0.9999999999999998
98,Cedarbrook Community Centre,dpz8vjkqv,1.0
98,Cedarbrook Community Centre,dpz8vjkqy,1.0
98,Cedarbrook Community Centre,dpz8vjkqz,1.0
98,Cedarbrook Community Centre,dpz8vjkr0,1.0
98,Cedarbrook Community Centre,dpz8vjkr1,1.0
98,Cedarbrook Community Centre,dpz8vjkr2,1.0
98,Cedarbrook Community Centre,dpz8vjkr3,1.0
98,Cedarbrook Community Centre,dpz8vjkr4,1.0
98,Cedarbrook Community Centre,dpz8vjkr5,1.0
98,Cedarbrook Community Centre,dpz8vjkr6,1.0
98,Cedarbrook Community Centre,dpz8vjkr7,1.0
98,Cedarbrook Community Centre,dpz8vjkr8,1.0
98,Cedarbrook Community Centre,dpz8vjkr9,1.0
98,Cedarbrook Community Centre,dpz8vjkrd,1.0
98,Cedarbrook Community Centre,dpz8vjkre,0.9959989017979182
98,Cedarbrook Community Centre,dpz8vjkrh,1.0
98,Cedarbrook Community Centre,dpz8vjkrj,1.0
98,Cedarbrook Community Centre,dpz8vjkrk,1.0
98,Cedarbrook Community Centre,dpz8vjkrm,1.0
98,Cedarbrook Community Centre,dpz8vjkrn,1.0
98,Cedarbrook Community Centre,dpz8vjkrp,1.0
98,Cedarbrook Community Centre,dpz8vjkrq,0.9997568486932192
98,Cedarbrook Community Centre,dpz8vjkrs,0.8668156557151105
98,Cedarbrook Community Centre,dpz8vjkwb,1.0
98,Cedarbrook Community Centre,dpz8vjkwc,0.9924717747731728
98,Cedarbrook Community Centre,dpz8vjkx0,0.9990745130996924
98,Cedarbrook Community Centre,dpz8vjkx1,0.8671046873945228
99,Woodside Square Cinemas,dpz9hpmgf,0.9774348390826034
99,Woodside Square Cinemas,dpz9hpmgg,0.9999999999999998
99,Woodside Square Cinemas,dpz9hpmgu,1.0
99,Woodside Square Cinemas,dpz9hpmgv,0.9674795553647
99,Woodside Square Cinemas,dpz9hpmsk,0.865245284959117
99,Woodside Square Cinemas,dpz9hpmsm,1.0
99,Woodside Square Cinemas,dpz9hpmsp,0.9331074329852528
99,Woodside Square Cinemas,dpz9hpmsq,1.0
99,Woodside Square Cinemas,dpz9hpmsr,1.0
99,Woodside Square Cinemas,dpz9hpmst,1.0
99,Woodside Square Cinemas,dpz9hpmsv,0.8439868992535554
99,Woodside Square Cinemas,dpz9hpmsw,1.0
99,Woodside Square Cinemas,dpz9hpmsx,1.0
99,Woodside Square Cinemas,dpz9hpmsy,1.0
99,Woodside Square Cinemas,dpz9hpmsz,1.0
99,Woodside Square Cinemas,dpz9hpmu0,0.9999999999999998
99,Woodside Square Cinemas,dpz9hpmu1,1.0
99,Woodside Square Cinemas,dpz9hpmu2,0.9999999999999998
99,Woodside Square Cinemas,dpz9hpmu3,1.0
99,Woodside Square Cinemas,dpz9hpmu4,1.0
99,Woodside Square Cinemas,dpz9hpmu5,0.9999999999999998
99,Woodside Square Cinemas,dpz9hpmu6,0.9803245221094404
99,Woodside Square Cinemas,dpz9hpmu8,1.0
99,Woodside Square Cinemas,dpz9hpmu9,1.0
99,Woodside Square Cinemas,dpz9hpmub,0.9048386279484956
99,Woodside Square Cinemas,dpz9hpmud,0.8225960552525329
99,Woodside Square Cinemas,dpz9hpmuh,1.0
99,Woodside Square Cinemas,dpz9hpmuj,0.8491595548417258
100,Humber Valley United Church,dpz2qkbx2,0.8407635995276203
100,Humber Valley United Church,dpz2qkbx3,1.0
100,Humber Valley United Church,dpz2qkbx6,1.0
100,Humber Valley United Church,dpz2qkbx7,0.980019193478519
100,Humber Valley United Church,dpz2qkbx8,0.9397000713143948
100,Humber Valley United Church,dpz2qkbx9,1.0
100,Humber Valley United Church,dpz2qkbxd,1.0
100,Humber Valley United Church,dpz2qkbxe,1.0
100,Humber Valley United Church,dpz2qkbxg,0.9951528095644788
100,Humber Valley United Church,dpz2qkbxs,1.0
100,Humber Valley United Church,dpz2qkbxt,1.0
100,Humber Valley United Church,dpz2qkbxu,1.0
100,Humber Valley United Church,dpz2qkbxv,1.0
100,Humber Valley United Church,dpz2qkbxw,0.9999999999999998
100,Humber Valley United Church,dpz2qkbxx,0.9338079422904546
100,Humber Valley United Church,dpz2qkbxy,1.0
100,Humber Valley United Church,dpz2qkbxz,1.0
100,Humber Valley United Church,dpz2qkbyy,0.9729417081325612
100,Humber Valley United Church,dpz2qkbyz,1.0
100,Humber Valley United Church,dpz2qkbz6,0.9251632878001694
100,Humber Valley United Church,dpz2qkbz7,1.0
100,Humber Valley United Church,dpz2qkbz8,1.0
100,Humber Valley United Church,dpz2qkbz9,1.0
100,Humber Valley United Church,dpz2qkbzb,0.9999999999999998
100,Humber Valley United Church,dpz2qkbzc,1.0
100,Humber Valley United Church,dpz2qkbzd,0.9999999999999998
100,Humber Valley United Church,dpz2qkbze,1.0
100,Humber Valley United Church,dpz2qkbzf,1.0
100,Humber Valley United Church,dpz2qkbzg,0.9999999999999998
100,Humber Valley United Church,dpz2qkbzh,0.952025887334882
100,Humber Valley United Church,dpz2qkbzj,1.0
100,Humber Valley United Church,dpz2qkbzk,1.0
100,Humber Valley United Church,dpz2qkbzm,1.0
100,Humber Valley United Church,dpz2qkbzn,1.0
100,Humber Valley United Church,dpz2qkbzp,1.0
100,Humber Valley United Church,dpz2qkbzq,0.9999999999999998
100,Humber Valley United Church,dpz2qkbzr,1.0
100,Humber Valley United Church,dpz2qkbzs,1.0
100,Humber Valley United Church,dpz2qkbzt,1.0
100,Humber Valley United Church,dpz2qkbzu,1.0
100,Humber Valley United Church,dpz2qkbzv,1.0
100,Humber Valley United Church,dpz2qkbzw,1.0
100,Humber Valley United Church,dpz2qkbzx,1.0
100,Humber Valley United Church,dpz2qkbzy,0.9902411269669676
100,Humber Valley United Church,dpz2qkcnb,1.0
100,Humber Valley United Church,dpz2qkcp0,1.0
100,Humber Valley United Church,dpz2qkcp1,1.0
100,Humber Valley United Church,dpz2qkcp2,1.0
100,Humber Valley United Church,dpz2qkcp3,0.9164147000275976
100,Humber Valley United Church,dpz2qkcp4,0.8434798467171478
100,Humber Valley United Church,dpz2qm08h,1.0
100,Humber Valley United Church,dpz2qm08j,0.9999999999999998
100,Humber Valley United Church,dpz2qm08m,0.9950852761865824
100,Humber Valley United Church,dpz2qm08n,1.0
100,Humber Valley United Church,dpz2qm08p,1.0
100,Humber Valley United Church,dpz2qm08q,1.0
100,Humber Valley United Church,dpz2qm08r,1.0
100,Humber Valley United Church,dpz2qm08t,0.8729142541343924
100,Humber Valley United Church,dpz2qm08w,1.0
100,Humber Valley United Church,dpz2qm08x,1.0
100,Humber Valley United Church,dpz2qm08z,0.9878274733945044
100,Humber Valley United Church,dpz2qm0b0,1.0
100,Humber Valley United Church,dpz2qm0b1,1.0
100,Humber Valley United Church,dpz2qm0b2,1.0
100,Humber Valley United Church,dpz2qm0b3,1.0
100,Humber Valley United Church,dpz2qm0b4,1.0
100,Humber Valley United Church,dpz2qm0b5,1.0
100,Humber Valley United Church,dpz2qm0b6,1.0
100,Humber Valley United Church,dpz2qm0b7,1.0
100,Humber Valley United Church,dpz2qm0b8,1.0
100,Humber Valley United Church,dpz2qm0b9,0.9999999999999998
100,Humber Valley United Church,dpz2qm0bb,1.0
100,Humber Valley United Church,dpz2qm0bc,0.8923504012086759
100,Humber Valley United Church,dpz2qm0bd,0.9860087627281156
100,Humber Valley United Church,dpz2qm0bh,1.0
100,Humber Valley United Church,dpz2qm0bj,0.904767286653701
101,Montgomery's Inn,dpz2q6e13,0.8696850216229789
101,Montgomery's Inn,dpz2q6e16,1.0
101,Montgomery's Inn,dpz2q6e17,0.9428637565031674
101,Montgomery's Inn,dpz2q6e1d,0.99923912445788
101,Montgomery's Inn,dpz2q6e1e,1.0
101,Montgomery's Inn,dpz2q6e1g,1.0
101,Montgomery's Inn,dpz2q6e1m,0.9999999435892024
101,Montgomery's Inn,dpz2q6e1p,0.9739245144963627
101,Montgomery's Inn,dpz2q6e1q,1.0
101,Montgomery's Inn,dpz2q6e1r,1.0
101,Montgomery's Inn,dpz2q6e1s,1.0
101,Montgomery's Inn,dpz2q6e1t,1.0
101,Montgomery's Inn,dpz2q6e1u,1.0
101,Montgomery's Inn,dpz2q6e1v,0.9705255246448748
101,Montgomery's Inn,dpz2q6e2c,0.8915931969758235
101,Montgomery's Inn,dpz2q6e30,1.0
101,Montgomery's Inn,dpz2q6e31,1.0
101,Montgomery's Inn,dpz2q6e32,0.8551650186768466
101,Montgomery's Inn,dpz2q6e34,0.8489267230375467
101,Montgomery's Inn,dpz2q6e4h,0.9631411939010952
102,Nelson Park Creative Centre,dpz2jqkrf,1.0
102,Nelson Park Creative Centre,dpz2jqkrg,1.0
102,Nelson Park Creative Centre,dpz2jqkru,0.9999999999999998
102,Nelson Park Creative Centre,dpz2jqkrv,1.0
102,Nelson Park Creative Centre,dpz2jqs0k,0.8151523495884074
102,Nelson Park Creative Centre,dpz2jqs0m,1.0
102,Nelson Park Creative Centre,dpz2jqs0n,0.9508571692419612
102,Nelson Park Creative Centre,dpz2jqs0p,1.0
102,Nelson Park Creative Centre,dpz2jqs0q,1.0
102,Nelson Park Creative Centre,dpz2jqs0r,1.0
102,Nelson Park Creative Centre,dpz2jqs0s,0.985476789737292
102,Nelson Park Creative Centre,dpz2jqs0t,1.0
102,Nelson Park Creative Centre,dpz2jqs0u,0.9592036264650632
102,Nelson Park Creative Centre,dpz2jqs0v,1.0
102,Nelson Park Creative Centre,dpz2jqs0w,1.0
102,Nelson Park Creative Centre,dpz2jqs0x,1.0
102,Nelson Park Creative Centre,dpz2jqs0y,1.0
102,Nelson Park Creative Centre,dpz2jqs0z,1.0
102,Nelson Park Creative Centre,dpz2jqs1p,1.0
102,Nelson Park Creative Centre,dpz2jqs20,1.0
102,Nelson Park Creative Centre,dpz2jqs21,1.0
102,Nelson Park Creative Centre,dpz2jqs22,1.0
102,Nelson Park Creative Centre,dpz2jqs23,1.0
102,Nelson Park Creative Centre,dpz2jqs24,1.0
102,Nelson Park Creative Centre,dpz2jqs25,1.0
102,Nelson Park Creative Centre,dpz2jqs26,1.0
102,Nelson Park Creative Centre,dpz2jqs27,1.0
102,Nelson Park Creative Centre,dpz2jqs28,1.0
102,Nelson Park Creative Centre,dpz2jqs29,1.0
102,Nelson Park Creative Centre,dpz2jqs2b,1.0
102,Nelson Park Creative Centre,dpz2jqs2c,1.0
102,Nelson Park Creative Centre,dpz2jqs2d,1.0
102,Nelson Park Creative Centre,dpz2jqs2e,1.0
102,Nelson Park Creative Centre,dpz2jqs2f,0.9999999999999998
102,Nelson Park Creative Centre,dpz2jqs2g,1.0
102,Nelson Park Creative Centre,dpz2jqs2h,1.0
102,Nelson Park Creative Centre,dpz2jqs2j,1.0
102,Nelson Park Creative Centre,dpz2jqs2k,1.0
102,Nelson Park Creative Centre,dpz2jqs2m,1.0
102,Nelson Park Creative Centre,dpz2jqs2n,1.0
102,Nelson Park Creative Centre,dpz2jqs2p,1.0
102,Nelson Park Creative Centre,dpz2jqs2q,1.0
102,Nelson Park Creative Centre,dpz2jqs2r,1.0
102,Nelson Park Creative Centre,dpz2jqs2s,1.0
102,Nelson Park Creative Centre,dpz2jqs2t,0.9999999999999998
102,Nelson Park Creative Centre,dpz2jqs2u,1.0
102,Nelson Park Creative Centre,dpz2jqs2v,0.9999999999999998
102,Nelson Park Creative Centre,dpz2jqs2w,1.0
102,Nelson Park Creative Centre,dpz2jqs2x,1.0
102,Nelson Park Creative Centre,dpz2jqs2y,1.0
102,Nelson Park Creative Centre,dpz2jqs2z,1.0
102,Nelson Park Creative Centre,dpz2jqs30,1.0
102,Nelson Park Creative Centre,dpz2jqs31,1.0
102,Nelson Park Creative Centre,dpz2jqs34,1.0
102,Nelson Park Creative Centre,dpz2jqs35,1.0
102,Nelson Park Creative Centre,dpz2jqs3h,0.9999999999999998
102,Nelson Park Creative Centre,dpz2jqs3j,0.9999999999999998
102,Nelson Park Creative Centre,dpz2jqs3m,0.8221224571071828
102,Nelson Park Creative Centre,dpz2jqs3n,1.0
102,Nelson Park Creative Centre,dpz2jqs3p,0.9999999999999998
102,Nelson Park Creative Centre,dpz2jqs3q,0.9437912858772254
102,Nelson Park Creative Centre,dpz2jqs3r,1.0
102,Nelson Park Creative Centre,dpz2jqs80,1.0
102,Nelson Park Creative Centre,dpz2jqs88,0.9396204566231556
102,Nelson Park Creative Centre,dpz2jqs8b,0.9928493158576206
103,High Park Amphitheatre,dpz2rc91x,0.8036025957758034
103,High Park Amphitheatre,dpz2rc91z,1.0
103,High Park Amphitheatre,dpz2rc931,0.9013108260822138
103,High Park Amphitheatre,dpz2rc932,0.9642212672687824
103,High Park Amphitheatre,dpz2rc933,1.0
103,High Park Amphitheatre,dpz2rc934,1.0
103,High Park Amphitheatre,dpz2rc935,0.974477992490124
103,High Park Amphitheatre,dpz2rc936,1.0
103,High Park Amphitheatre,dpz2rc937,1.0
103,High Park Amphitheatre,dpz2rc938,1.0
103,High Park Amphitheatre,dpz2rc939,1.0
103,High Park Amphitheatre,dpz2rc93b,1.0
103,High Park Amphitheatre,dpz2rc93c,1.0
103,High Park Amphitheatre,dpz2rc93d,1.0
103,High Park Amphitheatre,dpz2rc93e,1.0
103,High Park Amphitheatre,dpz2rc93f,1.0
103,High Park Amphitheatre,dpz2rc93g,1.0
103,High Park Amphitheatre,dpz2rc93k,1.0
103,High Park Amphitheatre,dpz2rc93s,1.0
103,High Park Amphitheatre,dpz2rc93t,0.9999999999999998
103,High Park Amphitheatre,dpz2rc93u,1.0
103,High Park Amphitheatre,dpz2rc93v,1.0
103,High Park Amphitheatre,dpz2rc93w,0.961154397549116
103,High Park Amphitheatre,dpz2rc93y,1.0
103,High Park Amphitheatre,dpz2rc93z,1.0
103,High Park Amphitheatre,dpz2rc94p,1.0
103,High Park Amphitheatre,dpz2rc94q,0.9060179844869802
103,High Park Amphitheatre,dpz2rc94r,1.0
103,High Park Amphitheatre,dpz2rc94w,0.9599447374454712
103,High Park Amphitheatre,dpz2rc94x,0.9999999999999998
103,High Park Amphitheatre,dpz2rc94z,1.0
103,High Park Amphitheatre,dpz2rc95p,1.0
103,High Park Amphitheatre,dpz2rc95r,0.8823252906711574
103,High Park Amphitheatre,dpz2rc960,1.0
103,High Park Amphitheatre,dpz2rc961,1.0
103,High Park Amphitheatre,dpz2rc962,0.9999999999999998
103,High Park Amphitheatre,dpz2rc963,1.0
103,High Park Amphitheatre,dpz2rc964,1.0
103,High Park Amphitheatre,dpz2rc965,1.0
103,High Park Amphitheatre,dpz2rc966,1.0
103,High Park Amphitheatre,dpz2rc967,1.0
103,High Park Amphitheatre,dpz2rc968,1.0
103,High Park Amphitheatre,dpz2rc969,1.0
103,High Park Amphitheatre,dpz2rc96b,1.0
103,High Park Amphitheatre,dpz2rc96c,1.0
103,High Park Amphitheatre,dpz2rc96d,1.0
103,High Park Amphitheatre,dpz2rc96e,1.0
103,High Park Amphitheatre,dpz2rc96f,0.9999999999999998
103,High Park Amphitheatre,dpz2rc96g,1.0
103,High Park Amphitheatre,dpz2rc96h,1.0
103,High Park Amphitheatre,dpz2rc96j,1.0
103,High Park Amphitheatre,dpz2rc96k,1.0
103,High Park Amphitheatre,dpz2rc96m,1.0
103,High Park Amphitheatre,dpz2rc96n,1.0
103,High Park Amphitheatre,dpz2rc96p,1.0
103,High Park Amphitheatre,dpz2rc96q,1.0
103,High Park Amphitheatre,dpz2rc96r,1.0
103,High Park Amphitheatre,dpz2rc96s,1.0
103,High Park Amphitheatre,dpz2rc96t,1.0
103,High Park Amphitheatre,dpz2rc96u,1.0
103,High Park Amphitheatre,dpz2rc96v,1.0
103,High Park Amphitheatre,dpz2rc96w,1.0
103,High Park Amphitheatre,dpz2rc96x,0.9999999999999998
103,High Park Amphitheatre,dpz2rc96y,1.0
103,High Park Amphitheatre,dpz2rc96z,1.0
103,High Park Amphitheatre,dpz2rc970,1.0
103,High Park Amphitheatre,dpz2rc971,1.0
103,High Park Amphitheatre,dpz2rc972,1.0
103,High Park Amphitheatre,dpz2rc973,0.9999999999999998
103,High Park Amphitheatre,dpz2rc974,1.0
103,High Park Amphitheatre,dpz2rc975,1.0
103,High Park Amphitheatre,dpz2rc976,1.0
103,High Park Amphitheatre,dpz2rc977,1.0
103,High Park Amphitheatre,dpz2rc978,0.8587120771617173
103,High Park Amphitheatre,dpz2rc979,1.0
103,High Park Amphitheatre,dpz2rc97d,1.0
103,High Park Amphitheatre,dpz2rc97e,1.0
103,High Park Amphitheatre,dpz2rc97f,1.0
103,High Park Amphitheatre,dpz2rc97g,1.0
103,High Park Amphitheatre,dpz2rc97h,1.0
103,High Park Amphitheatre,dpz2rc97j,1.0
103,High Park Amphitheatre,dpz2rc97k,1.0
103,High Park Amphitheatre,dpz2rc97m,1.0
103,High Park Amphitheatre,dpz2rc97n,1.0
103,High Park Amphitheatre,dpz2rc97p,1.0
103,High Park Amphitheatre,dpz2rc97q,1.0
103,High Park Amphitheatre,dpz2rc97r,1.0
103,High Park Amphitheatre,dpz2rc97s,1.0
103,High Park Amphitheatre,dpz2rc97t,1.0
103,High Park Amphitheatre,dpz2rc97u,1.0
103,High Park Amphitheatre,dpz2rc97v,1.0
103,High Park Amphitheatre,dpz2rc97w,1.0
103,High Park Amphitheatre,dpz2rc97x,1.0
103,High Park Amphitheatre,dpz2rc97y,1.0
103,High Park Amphitheatre,dpz2rc97z,1.0
103,High Park Amphitheatre,dpz2rc9d0,1.0
103,High Park Amphitheatre,dpz2rc9d1,0.9450464581492336
103,High Park Amphitheatre,dpz2rc9d2,1.0
103,High Park Amphitheatre,dpz2rc9d3,1.0
103,High Park Amphitheatre,dpz2rc9d6,1.0
103,High Park Amphitheatre,dpz2rc9d8,1.0
103,High Park Amphitheatre,dpz2rc9d9,1.0
103,High Park Amphitheatre,dpz2rc9db,1.0
103,High Park Amphitheatre,dpz2rc9dc,1.0
103,High Park Amphitheatre,dpz2rc9dd,1.0
103,High Park Amphitheatre,dpz2rc9de,1.0
103,High Park Amphitheatre,dpz2rc9df,1.0
103,High Park Amphitheatre,dpz2rc9dg,1.0
103,High Park Amphitheatre,dpz2rc9ds,0.9261559551850406
103,High Park Amphitheatre,dpz2rc9du,1.0
103,High Park Amphitheatre,dpz2rc9dv,1.0
103,High Park Amphitheatre,dpz2rc9e0,1.0
103,High Park Amphitheatre,dpz2rc9e1,1.0
103,High Park Amphitheatre,dpz2rc9e2,0.9999999999999998
103,High Park Amphitheatre,dpz2rc9e3,1.0
103,High Park Amphitheatre,dpz2rc9e4,1.0
103,High Park Amphitheatre,dpz2rc9e5,1.0
103,High Park Amphitheatre,dpz2rc9e6,1.0
103,High Park Amphitheatre,dpz2rc9e7,1.0
103,High Park Amphitheatre,dpz2rc9e8,0.9999999999999998
103,High Park Amphitheatre,dpz2rc9e9,1.0
103,High Park Amphitheatre,dpz2rc9eb,1.0
103,High Park Amphitheatre,dpz2rc9ec,1.0
103,High Park Amphitheatre,dpz2rc9ed,0.9999999999999998
103,High Park Amphitheatre,dpz2rc9ee,1.0
103,High Park Amphitheatre,dpz2rc9ef,1.0
103,High Park Amphitheatre,dpz2rc9eg,1.0
103,High Park Amphitheatre,dpz2rc9eh,0.9999999999999998
103,High Park Amphitheatre,dpz2rc9ej,1.0
103,High Park Amphitheatre,dpz2rc9ek,1.0
103,High Park Amphitheatre,dpz2rc9em,1.0
103,High Park Amphitheatre,dpz2rc9en,0.9999999999999998
103,High Park Amphitheatre,dpz2rc9ep,0.904484668871788
103,High Park Amphitheatre,dpz2rc9eq,1.0
103,High Park Amphitheatre,dpz2rc9er,0.9999999999999998
103,High Park Amphitheatre,dpz2rc9es,1.0
103,High Park Amphitheatre,dpz2rc9et,1.0
103,High Park Amphitheatre,dpz2rc9eu,1.0
103,High Park Amphitheatre,dpz2rc9ev,1.0
103,High Park Amphitheatre,dpz2rc9ew,1.0
103,High Park Amphitheatre,dpz2rc9ex,1.0
103,High Park Amphitheatre,dpz2rc9ey,1.0
103,High Park Amphitheatre,dpz2rc9ez,1.0
103,High Park Amphitheatre,dpz2rc9g2,0.9987105880440474
103,High Park Amphitheatre,dpz2rc9g8,1.0
103,High Park Amphitheatre,dpz2rc9g9,1.0
103,High Park Amphitheatre,dpz2rc9gb,0.9837362405903132
103,High Park Amphitheatre,dpz2rc9kh,0.9269689777373596
103,High Park Amphitheatre,dpz2rc9kj,1.0
103,High Park Amphitheatre,dpz2rc9kn,1.0
103,High Park Amphitheatre,dpz2rc9kp,1.0
103,High Park Amphitheatre,dpz2rc9s0,1.0
103,High Park Amphitheatre,dpz2rc9s1,1.0
103,High Park Amphitheatre,dpz2rc9s4,1.0
103,High Park Amphitheatre,dpz2rc9s5,1.0
103,High Park Amphitheatre,dpz2rc9sh,0.9999999999999998
103,High Park Amphitheatre,dpz2rc9sj,1.0
103,High Park Amphitheatre,dpz2rc9sn,0.9936368293690327
104,Revue Cinema,dpz8243m2,0.8107741827376204
104,Revue Cinema,dpz8243m8,1.0
104,Revue Cinema,dpz8243m9,1.0
104,Revue Cinema,dpz8243mb,0.9122205648434536
104,Revue Cinema,dpz8243mc,1.0
104,Revue Cinema,dpz8243md,1.0
104,Revue Cinema,dpz8243me,1.0
104,Revue Cinema,dpz8243mf,1.0
104,Revue Cinema,dpz8243mg,1.0
104,Revue Cinema,dpz8243ms,1.0
104,Revue Cinema,dpz8243mt,0.9281041310335622
104,Revue Cinema,dpz8243mu,1.0
104,Revue Cinema,dpz8243mv,1.0
104,Revue Cinema,dpz8243my,0.9999999999999998
104,Revue Cinema,dpz8243mz,1.0
104,Revue Cinema,dpz8243qj,0.9073566331047408
104,Revue Cinema,dpz8243qn,1.0
104,Revue Cinema,dpz8243qp,1.0
104,Revue Cinema,dpz8243tb,0.9214211722375992
105,Gallery 1313,dpz822w77,1.0
105,Gallery 1313,dpz822w7d,0.9731709862970892
105,Gallery 1313,dpz822w7e,1.0
105,Gallery 1313,dpz822w7f,1.0
105,Gallery 1313,dpz822w7g,1.0
105,Gallery 1313,dpz822w7k,0.989061402179733
105,Gallery 1313,dpz822w7m,0.82882960022566
105,Gallery 1313,dpz822w7s,1.0
105,Gallery 1313,dpz822w7t,1.0
105,Gallery 1313,dpz822w7u,1.0
105,Gallery 1313,dpz822w7v,1.0
105,Gallery 1313,dpz822w7w,1.0
105,Gallery 1313,dpz822w7x,1.0
105,Gallery 1313,dpz822w7y,1.0
105,Gallery 1313,dpz822w7z,1.0
105,Gallery 1313,dpz822we8,1.0
105,Gallery 1313,dpz822we9,0.9061946270417268
105,Gallery 1313,dpz822web,1.0
105,Gallery 1313,dpz822wkh,0.8095668731763438
105,Gallery 1313,dpz822wkj,0.9801882727822836
105,Gallery 1313,dpz822wkn,1.0
105,Gallery 1313,dpz822wkp,1.0
105,Gallery 1313,dpz822ws0,1.0
106,The Assembly Theatre,dpz8226h3,0.9320828036855616
106,The Assembly Theatre,dpz8226h6,0.8755280740614401
106,The Assembly Theatre,dpz8226h9,1.0
106,The Assembly Theatre,dpz8226hc,0.9997637973021156
106,The Assembly Theatre,dpz8226j0,0.9800255048203091
106,The Assembly Theatre,dpz8226j1,0.8083250482697171
107,Parkdale Hall,dpz820nqn,0.9999999999999998
107,Parkdale Hall,dpz820nqp,1.0
107,Parkdale Hall,dpz820nqq,0.9999999999999998
107,Parkdale Hall,dpz820nqr,1.0
107,Parkdale Hall,dpz820nqt,0.96382349243113
107,Parkdale Hall,dpz820nqv,1.0
107,Parkdale Hall,dpz820nqw,1.0
107,Parkdale Hall,dpz820nqx,1.0
107,Parkdale Hall,dpz820nqy,1.0
107,Parkdale Hall,dpz820nqz,1.0
107,Parkdale Hall,dpz820nrj,0.9999999999999998
107,Parkdale Hall,dpz820nrk,0.8562552588919642
107,Parkdale Hall,dpz820nrm,0.9966582977305228
107,Parkdale Hall,dpz820nrn,1.0
107,Parkdale Hall,dpz820nrp,0.9999999999999998
107,Parkdale Hall,dpz820nrq,1.0
107,Parkdale Hall,dpz820nrr,1.0
107,Parkdale Hall,dpz820nw0,0.9958291722499316
107,Parkdale Hall,dpz820nw1,0.8727239366489785
107,Parkdale Hall,dpz820nw2,1.0
107,Parkdale Hall,dpz820nw3,0.9999999999999998
107,Parkdale Hall,dpz820nw6,1.0
107,Parkdale Hall,dpz820nw7,1.0
107,Parkdale Hall,dpz820nw8,1.0
107,Parkdale Hall,dpz820nw9,1.0
107,Parkdale Hall,dpz820nwb,1.0
107,Parkdale Hall,dpz820nwc,1.0
107,Parkdale Hall,dpz820nwd,1.0
107,Parkdale Hall,dpz820nwe,1.0
107,Parkdale Hall,dpz820nwf,1.0
107,Parkdale Hall,dpz820nwg,1.0
107,Parkdale Hall,dpz820nwk,1.0
107,Parkdale Hall,dpz820nwm,0.9999999999999998
107,Parkdale Hall,dpz820nwq,0.96957847919616
107,Parkdale Hall,dpz820nwr,0.8072694909928958
107,Parkdale Hall,dpz820nws,1.0
107,Parkdale Hall,dpz820nwt,0.9999999999999998
107,Parkdale Hall,dpz820nwu,1.0
107,Parkdale Hall,dpz820nwv,1.0
107,Parkdale Hall,dpz820nww,1.0
107,Parkdale Hall,dpz820nwx,1.0
107,Parkdale Hall,dpz820nwy,1.0
107,Parkdale Hall,dpz820nwz,1.0
107,Parkdale Hall,dpz820nx0,1.0
107,Parkdale Hall,dpz820nx1,1.0
107,Parkdale Hall,dpz820nx2,1.0
107,Parkdale Hall,dpz820nx3,1.0
107,Parkdale Hall,dpz820nx4,1.0
107,Parkdale Hall,dpz820nx5,1.0
107,Parkdale Hall,dpz820nx6,0.9999999999999998
107,Parkdale Hall,dpz820nx7,1.0
107,Parkdale Hall,dpz820nx9,0.8060872900292618
107,Parkdale Hall,dpz820nxd,0.9730347604451038
107,Parkdale Hall,dpz820nxe,1.0
107,Parkdale Hall,dpz820nxh,0.9999999999999998
107,Parkdale Hall,dpz820nxj,1.0
107,Parkdale Hall,dpz820nxk,1.0
107,Parkdale Hall,dpz820nxm,1.0
107,Parkdale Hall,dpz820nxn,1.0
107,Parkdale Hall,dpz820nxp,1.0
107,Parkdale Hall,dpz820nxq,1.0
107,Parkdale Hall,dpz820nxr,1.0
107,Parkdale Hall,dpz820nxs,1.0
107,Parkdale Hall,dpz820nxt,1.0
107,Parkdale Hall,dpz820nxw,1.0
107,Parkdale Hall,dpz820nxx,0.9999999999999998
107,Parkdale Hall,dpz820nxz,0.9204077904566872
107,Parkdale Hall,dpz820ny8,1.0
107,Parkdale Hall,dpz820ny9,1.0
107,Parkdale Hall,dpz820nyb,1.0
107,Parkdale Hall,dpz820nz0,1.0
107,Parkdale Hall,dpz820nz2,0.9284921450848358
