lat,lon,TAC_funded_activities,funding_frequency,free_programming,date_updated
43.5850756,-79.5427596,TRUE,rare,rare,27-May-26
43.5887317,-79.5298453,TRUE,rare,rare,27-May-26
43.5938521,-79.5327694,TRUE,rare,none,27-May-26
43.5939822,-79.5304898,TRUE,rare,none,27-May-26
43.5954338,-79.5172359,TRUE,rare,rare,27-May-26
43.5963275,-79.5159778,TRUE,mid,mid,27-May-26
43.5970668,-79.5184678,TRUE,low,rare,27-May-26
43.597597,-79.5179627,TRUE,rare,rare,27-May-26
43.5977113,-79.5158208,TRUE,high,low,27-May-26
43.5977477,-79.5235283,TRUE,rare,none,27-May-26
43.598019,-79.5172565,TRUE,low,low,27-May-26
43.599049,-79.5096039,TRUE,rare,rare,27-May-26
43.5992119,-79.5088969,TRUE,rare,none,27-May-26
43.5994328,-79.5325499,TRUE,rare,none,27-May-26
43.5996383,-79.5042118,TRUE,rare,rare,27-May-26
43.6011356,-79.5056034,TRUE,rare,rare,27-May-26
43.6012924,-79.5196707,TRUE,rare,none,27-May-26
43.601564,-79.5484481,TRUE,low,rare,27-May-26
43.6020436,-79.5003964,TRUE,low,rare,27-May-26
43.6036868,-79.5379614,TRUE,rare,none,27-May-26
43.603934,-79.5221413,TRUE,rare,none,27-May-26
43.6039608,-79.4995295,TRUE,rare,rare,27-May-26
43.6047295,-79.4962246,TRUE,rare,none,27-May-26
43.6098373,-79.5160039,TRUE,low,low,27-May-26
43.6118743,-79.4941436,TRUE,rare,rare,27-May-26
43.6118845,-79.557785,TRUE,rare,rare,27-May-26
43.6121458,-79.4962719,TRUE,rare,rare,27-May-26
43.6124133,-79.3822551,TRUE,rare,rare,27-May-26
43.6129396,-79.3840662,TRUE,very_high,high,27-May-26
43.6133483,-79.4964943,TRUE,rare,rare,27-May-26
43.613355,-79.4879937,TRUE,very_high,very_high,27-May-26
43.6136647,-79.4923237,TRUE,mid,none,27-May-26
43.6139029,-79.5122449,TRUE,rare,none,27-May-26
43.6141378,-79.4962965,TRUE,rare,rare,27-May-26
43.6142019,-79.4927099,TRUE,rare,none,27-May-26
43.6145162,-79.4891245,TRUE,high,high,27-May-26
43.6147778,-79.4937215,TRUE,mid,mid,27-May-26
43.6153946,-79.5136204,TRUE,rare,none,27-May-26
43.6158976,-79.5234712,TRUE,rare,rare,27-May-26
43.6171793,-79.380889,TRUE,mid,mid,27-May-26
43.6183694,-79.5095313,TRUE,rare,rare,27-May-26
43.6202986,-79.369952,TRUE,mid,mid,27-May-26
43.6207472,-79.4983149,TRUE,rare,rare,27-May-26
43.6219121,-79.523677,TRUE,low,rare,27-May-26
43.6220493,-79.4759093,TRUE,rare,none,27-May-26
43.62385548,-79.38167996,TRUE,rare,none,27-May-26
43.6246279,-79.5115871,TRUE,rare,rare,27-May-26
43.62532118,-79.35890856,TRUE,low,rare,27-May-26
43.6265291,-79.3621639,TRUE,mid,mid,27-May-26
43.6273598,-79.3565358,TRUE,rare,none,27-May-26
43.6286131,-79.5248033,TRUE,low,none,27-May-26
43.6288898,-79.3555528,TRUE,mid,mid,27-May-26
43.6293252,-79.4152776,TRUE,low,rare,27-May-26
43.6295623,-79.5680141,TRUE,high,high,27-May-26
43.6295744,-79.5805171,TRUE,rare,none,27-May-26
43.6302418,-79.4762234,TRUE,low,rare,27-May-26
43.6309636,-79.3558607,TRUE,mid,mid,27-May-26
43.6310064,-79.5028174,TRUE,mid,low,27-May-26
43.6311122,-79.4264507,TRUE,rare,none,27-May-26
43.6313387,-79.5003755,TRUE,rare,rare,27-May-26
43.6317114,-79.555369,TRUE,low,low,27-May-26
43.631776,-79.4151768,TRUE,very_high,high,27-May-26
43.6318881,-79.3520423,TRUE,low,low,27-May-26
43.6319418,-79.4348764,TRUE,low,low,27-May-26
43.6324831,-79.3242612,TRUE,rare,rare,27-May-26
43.6327076,-79.4213438,TRUE,rare,none,27-May-26
43.6330515,-79.4209763,TRUE,low,low,27-May-26
43.6330679,-79.4225648,TRUE,mid,mid,27-May-26
43.6335517,-79.5098215,TRUE,high,none,27-May-26
43.633728,-79.5277026,TRUE,rare,none,27-May-26
43.6339487,-79.41202,TRUE,rare,none,27-May-26
43.6341938,-79.5162384,TRUE,rare,none,27-May-26
43.6342618,-79.40609,TRUE,rare,rare,27-May-26
43.6343688,-79.4904999,TRUE,rare,rare,27-May-26
43.634383,-79.4841466,TRUE,mid,mid,27-May-26
43.6351082,-79.4329038,TRUE,mid,low,27-May-26
43.6351743,-79.3998462,TRUE,mid,low,27-May-26
43.6352366,-79.395968,TRUE,rare,rare,27-May-26
43.6353558,-79.4132369,TRUE,low,rare,27-May-26
43.6353802,-79.4896234,TRUE,rare,rare,27-May-26
43.6354639,-79.3974511,TRUE,rare,rare,27-May-26
43.6356115,-79.444145,TRUE,low,none,27-May-26
43.6356169,-79.4239181,TRUE,rare,rare,27-May-26
43.6356659,-79.465058,TRUE,rare,rare,27-May-26
43.6360389,-79.3973998,TRUE,mid,low,27-May-26
43.6360589,-79.4206215,TRUE,rare,rare,27-May-26
43.6361457,-79.4345957,TRUE,mid,mid,27-May-26
43.6362375,-79.3972209,TRUE,rare,rare,27-May-26
43.6363231,-79.4233654,TRUE,rare,none,27-May-26
43.6365516,-79.4712674,TRUE,rare,rare,27-May-26
43.6366163,-79.4341154,TRUE,mid,rare,27-May-26
43.6366841,-79.4471436,TRUE,mid,none,27-May-26
43.6369692,-79.3940629,TRUE,mid,mid,27-May-26
43.6370715,-79.4246302,TRUE,low,none,27-May-26
43.6368166,-79.4052011,TRUE,rare,rare,27-May-26
43.6371671,-79.4044849,TRUE,rare,rare,27-May-26
43.6371793,-79.4391835,TRUE,rare,rare,27-May-26
43.6372025,-79.419857,TRUE,rare,rare,27-May-26
43.6373671,-79.3901335,TRUE,rare,rare,27-May-26
43.6374539,-79.4328857,TRUE,mid,low,27-May-26
43.637513,-79.4923655,TRUE,high,high,27-May-26
43.6375325,-79.5356041,TRUE,rare,none,27-May-26
43.6376168,-79.3934718,TRUE,mid,mid,27-May-26
43.6376591,-79.4545301,TRUE,low,rare,27-May-26
43.6377073,-79.434486,TRUE,rare,none,27-May-26
43.6378242,-79.4887179,TRUE,rare,rare,27-May-26
43.6378453,-79.5553792,TRUE,rare,none,27-May-26
43.63786,-79.40631,TRUE,high,high,27-May-26
43.6378702,-79.4963834,TRUE,rare,none,27-May-26
43.6378876,-79.3878851,TRUE,rare,rare,27-May-26
43.6379093,-79.4548177,TRUE,rare,rare,27-May-26
43.6379198,-79.4306665,TRUE,rare,none,27-May-26
43.63799455,-79.42236391,TRUE,low,low,27-May-26
43.6380425,-79.4069984,TRUE,rare,rare,27-May-26
43.6381568,-79.579916,TRUE,low,rare,27-May-26
43.6381974,-79.4317149,TRUE,rare,rare,27-May-26
43.63823102,-79.3819828,TRUE,mid,mid,27-May-26
43.6383846,-79.3804374,TRUE,very_high,very_high,27-May-26
43.6384087,-79.4174416,TRUE,rare,none,27-May-26
43.638412,-79.41511,TRUE,rare,none,27-May-26
43.638471,-79.5320856,TRUE,rare,none,27-May-26
43.6385275,-79.4346849,TRUE,rare,none,27-May-26
43.6387424,-79.4209456,TRUE,low,rare,27-May-26
43.6388922,-79.4440742,TRUE,mid,low,27-May-26
43.6389026,-79.3828426,TRUE,very_high,very_high,27-May-26
43.6389845,-79.3995723,TRUE,mid,mid,27-May-26
43.6389921,-79.4034452,TRUE,very_high,very_high,27-May-26
43.6390108,-79.3965858,TRUE,rare,rare,27-May-26
43.6390212,-79.4397568,TRUE,rare,rare,27-May-26
43.6390371,-79.4202235,TRUE,low,none,27-May-26
43.6390684,-79.3945306,TRUE,rare,rare,27-May-26
43.6391601,-79.4233258,TRUE,mid,rare,27-May-26
43.6391975,-79.4003408,TRUE,mid,mid,27-May-26
43.6392864,-79.5490582,TRUE,rare,none,27-May-26
43.6394179,-79.3987471,TRUE,high,high,27-May-26
43.6395008,-79.434712,TRUE,high,high,27-May-26
43.6395131,-79.4356722,TRUE,low,low,27-May-26
43.639515,-79.5192509,TRUE,rare,none,27-May-26
43.6395212,-79.4328461,TRUE,rare,none,27-May-26
43.6396197,-79.4404072,TRUE,mid,mid,27-May-26
43.6396435,-79.4467521,TRUE,rare,none,27-May-26
43.6397938,-79.3985465,TRUE,rare,rare,27-May-26
43.6397971,-79.4413962,TRUE,rare,none,27-May-26
43.6398079,-79.4419673,TRUE,rare,none,27-May-26
43.6399274,-79.4393673,TRUE,mid,low,27-May-26
43.6399318,-79.5727522,TRUE,low,low,27-May-26
43.6399683,-79.4346847,TRUE,rare,rare,27-May-26
43.6399963,-79.4412269,TRUE,rare,rare,27-May-26
43.6400802,-79.354445,TRUE,rare,none,27-May-26
43.6401348,-79.3938964,TRUE,low,none,27-May-26
43.6401719,-79.4255875,TRUE,rare,rare,27-May-26
43.6401993,-79.4399114,TRUE,rare,rare,27-May-26
43.6403408,-79.4307494,TRUE,low,rare,27-May-26
43.6403579,-79.4359807,TRUE,rare,rare,27-May-26
43.6403606,-79.4299144,TRUE,rare,rare,27-May-26
43.6403622,-79.459996,TRUE,mid,mid,27-May-26
43.640363,-79.3750771,TRUE,mid,mid,27-May-26
43.6403654,-79.436502,TRUE,rare,none,27-May-26
43.64037,-79.4012555,TRUE,rare,none,27-May-26
43.6404429,-79.4501518,TRUE,rare,none,27-May-26
43.6404564,-79.4477866,TRUE,mid,low,27-May-26
43.6405111,-79.4403581,TRUE,rare,rare,27-May-26
43.6405711,-79.3384795,TRUE,low,none,27-May-26
43.6402054,-79.4330933,TRUE,low,low,27-May-26
43.6407259,-79.4332738,TRUE,mid,mid,27-May-26
43.64072596,-79.43547409,TRUE,rare,none,27-May-26
43.64099,-79.43201,TRUE,mid,mid,27-May-26
43.6408298,-79.4024916,TRUE,high,mid,27-May-26
43.6408696,-79.43237402,TRUE,rare,rare,27-May-26
43.6408698,-79.4346043,TRUE,rare,rare,27-May-26
43.6409434,-79.3757194,TRUE,mid,mid,27-May-26
43.6409668,-79.3851702,TRUE,mid,low,27-May-26
43.6410872,-79.4333182,TRUE,mid,mid,27-May-26
43.6411064,-79.434765,TRUE,rare,rare,27-May-26
43.6411557,-79.432634,TRUE,high,high,27-May-26
43.6412217,-79.4448968,TRUE,rare,none,27-May-26
43.641229,-79.514287,TRUE,rare,none,27-May-26
43.6412856,-79.4385117,TRUE,rare,none,27-May-26
43.641364,-79.39938,TRUE,rare,rare,27-May-26
43.6414455,-79.4289828,TRUE,rare,none,27-May-26
43.6416254,-79.4310146,TRUE,rare,rare,27-May-26
43.641654,-79.4306052,TRUE,rare,rare,27-May-26
43.6416599,-79.3891976,TRUE,low,rare,27-May-26
43.6417644,-79.3766432,TRUE,rare,rare,27-May-26
43.6417708,-79.3538083,TRUE,rare,none,27-May-26
43.6417889,-79.4231764,TRUE,very_high,very_high,27-May-26
43.641821,-79.429519,TRUE,mid,low,27-May-26
43.6418813,-79.4287662,TRUE,low,low,27-May-26
43.6419175,-79.4242059,TRUE,high,high,27-May-26
43.6419606,-79.3718541,TRUE,high,high,27-May-26
43.6420002,-79.4089673,TRUE,rare,rare,27-May-26
43.6420043,-79.432415,TRUE,rare,none,27-May-26
43.6420778,-79.4321081,TRUE,rare,rare,27-May-26
43.6421472,-79.4355235,TRUE,mid,mid,27-May-26
43.6421955,-79.445063,TRUE,rare,none,27-May-26
43.6422355,-79.5129698,TRUE,low,low,27-May-26
43.6422686,-79.5066318,TRUE,rare,rare,27-May-26
43.6423228,-79.3744328,TRUE,rare,none,27-May-26
43.6424319,-79.4236997,TRUE,low,low,27-May-26
43.6424836,-79.3861266,TRUE,rare,rare,27-May-26
43.6425115,-79.4325254,TRUE,mid,mid,27-May-26
43.6425324,-79.4306974,TRUE,high,none,27-May-26
43.6426889,-79.4277499,TRUE,rare,none,27-May-26
43.6427682,-79.4269251,TRUE,very_high,very_high,27-May-26
43.6427837,-79.4312759,TRUE,low,low,27-May-26
43.6427953,-79.4376993,TRUE,mid,mid,27-May-26
43.6428974,-79.4264476,TRUE,low,low,27-May-26
43.6429569,-79.3959018,TRUE,rare,rare,27-May-26
43.6429805,-79.3852631,TRUE,mid,low,27-May-26
43.6430259,-79.423233,TRUE,very_high,very_high,27-May-26
43.6430326,-79.4186392,TRUE,very_high,high,27-May-26
43.6586893,-79.3700074,TRUE,rare,rare,27-May-26
43.6430503,-79.4491152,TRUE,rare,rare,27-May-26
43.643082,-79.3838718,TRUE,rare,rare,27-May-26
43.6432545,-79.424546,TRUE,very_high,high,27-May-26
43.6432923,-79.4343297,TRUE,low,low,27-May-26
43.6432975,-79.4112461,TRUE,rare,none,27-May-26
43.64333,-79.3675359,TRUE,rare,rare,27-May-26
43.6433325,-79.4310815,TRUE,rare,rare,27-May-26
43.643343,-79.4221005,TRUE,very_high,mid,27-May-26
43.6434338,-79.3790777,TRUE,mid,rare,27-May-26
43.6434601,-79.4230293,TRUE,mid,mid,27-May-26
43.6435491,-79.5653253,TRUE,mid,mid,27-May-26
43.6435988,-79.3663993,TRUE,rare,none,27-May-26
43.6436206,-79.3706919,TRUE,rare,none,27-May-26
43.6436389,-79.4371449,TRUE,high,mid,27-May-26
43.6437229,-79.3947463,TRUE,rare,rare,27-May-26
43.6437245,-79.5672906,TRUE,high,mid,27-May-26
43.6437834,-79.448455,TRUE,rare,none,27-May-26
43.6440135,-79.5308514,TRUE,rare,none,27-May-26
43.6440225,-79.4202494,TRUE,rare,rare,27-May-26
43.6441384,-79.3657406,TRUE,mid,mid,27-May-26
43.644187,-79.5325226,TRUE,rare,none,27-May-26
43.6442604,-79.4098854,TRUE,very_high,high,27-May-26
43.6443169,-79.3858756,TRUE,high,mid,27-May-26
43.6443832,-79.4186994,TRUE,low,rare,27-May-26
43.64439,-79.36835,TRUE,low,rare,27-May-26
43.6444031,-79.3878073,TRUE,very_high,mid,27-May-26
43.6444446,-79.4733343,TRUE,rare,rare,27-May-26
43.6445161,-79.3647521,TRUE,rare,rare,27-May-26
43.6445305,-79.4122599,TRUE,low,low,27-May-26
43.6445563,-79.3961513,TRUE,rare,none,27-May-26
43.6451839,-79.4000904,TRUE,rare,none,27-May-26
43.644678,-79.5225587,TRUE,rare,rare,27-May-26
43.6447084,-79.3801462,TRUE,very_high,very_high,27-May-26
43.6448095,-79.3635396,TRUE,rare,rare,27-May-26
43.645386,-79.528694,TRUE,high,high,27-May-26
43.6450332,-79.4154051,TRUE,rare,rare,27-May-26
43.6450526,-79.4155725,TRUE,rare,rare,27-May-26
43.6450545,-79.4152959,TRUE,mid,mid,27-May-26
43.6450751,-79.368971,TRUE,low,low,27-May-26
43.6450837,-79.3625124,TRUE,rare,rare,27-May-26
43.6450955,-79.4489615,TRUE,mid,mid,27-May-26
43.6451447,-79.3888093,TRUE,rare,rare,27-May-26
43.6452117,-79.3917352,TRUE,low,low,27-May-26
43.6453385,-79.3870849,TRUE,low,none,27-May-26
43.6454818,-79.4460855,TRUE,low,rare,27-May-26
43.6454844,-79.3972812,TRUE,low,low,27-May-26
43.6455029,-79.4028205,TRUE,very_high,very_high,27-May-26
43.6455524,-79.4115487,TRUE,low,rare,27-May-26
43.6455896,-79.4492689,TRUE,low,rare,27-May-26
43.6456164,-79.4047087,TRUE,low,rare,27-May-26
43.6457315,-79.3982244,TRUE,mid,mid,27-May-26
43.6459092,-79.3813637,TRUE,mid,mid,27-May-26
43.6459214,-79.498131,TRUE,low,rare,27-May-26
43.6459416,-79.4068944,TRUE,mid,low,27-May-26
43.6460146,-79.420717,TRUE,low,none,27-May-26
43.6460763,-79.3887574,TRUE,mid,mid,27-May-26
43.6460939,-79.3524943,TRUE,rare,rare,27-May-26
43.6461054,-79.4038013,TRUE,rare,none,27-May-26
43.6461293,-79.5306151,TRUE,mid,mid,27-May-26
43.6461355,-79.559096,TRUE,mid,mid,27-May-26
43.6461577,-79.3977835,TRUE,rare,rare,27-May-26
43.646159,-79.4511384,TRUE,rare,none,27-May-26
43.6461905,-79.4646991,TRUE,very_high,very_high,27-May-26
43.6462262,-79.3957561,TRUE,low,rare,27-May-26
43.646296,-79.4113042,TRUE,mid,mid,27-May-26
43.6463915,-79.373096,TRUE,rare,rare,27-May-26
43.6464071,-79.4197674,TRUE,low,rare,27-May-26
43.646435,-79.3879816,TRUE,mid,mid,27-May-26
43.6464573,-79.4293902,TRUE,mid,low,27-May-26
43.6465193,-79.4167779,TRUE,rare,none,27-May-26
43.6465586,-79.386339,TRUE,very_high,very_high,27-May-26
43.6465882,-79.5410175,TRUE,rare,none,27-May-26
43.6466648,-79.3760653,TRUE,very_high,very_high,27-May-26
43.6467198,-79.3905334,TRUE,very_high,very_high,27-May-26
43.6467583,-79.5126512,TRUE,low,low,27-May-26
43.6467832,-79.3981605,TRUE,low,low,27-May-26
43.646868,-79.5689451,TRUE,high,high,27-May-26
43.6469162,-79.417559,TRUE,very_high,very_high,27-May-26
43.6470099,-79.4481199,TRUE,rare,rare,27-May-26
43.647021,-79.401298,TRUE,low,low,27-May-26
43.647038,-79.395286,TRUE,low,none,27-May-26
43.6470857,-79.4169554,TRUE,rare,rare,27-May-26
43.6470948,-79.3849348,TRUE,mid,mid,27-May-26
43.647176,-79.3782977,TRUE,low,low,27-May-26
43.64718201,-79.37402787,TRUE,rare,none,27-May-26
43.6471843,-79.3923527,TRUE,rare,none,27-May-26
43.6472332,-79.443972,TRUE,low,low,27-May-26
43.647313,-79.5281109,TRUE,rare,rare,27-May-26
43.647319,-79.5122302,TRUE,rare,none,27-May-26
43.6473546,-79.375174,TRUE,very_high,high,27-May-26
43.6473564,-79.404223,TRUE,mid,low,27-May-26
43.6473661,-79.514279,TRUE,low,low,27-May-26
43.64737,-79.5605707,TRUE,mid,rare,27-May-26
43.6474244,-79.3912578,TRUE,high,high,27-May-26
43.647432,-79.4213294,TRUE,rare,rare,27-May-26
43.6474564,-79.3881676,TRUE,rare,none,27-May-26
43.6474908,-79.3954113,TRUE,high,high,27-May-26
43.6474935,-79.3904183,TRUE,rare,none,27-May-26
43.6475029,-79.3871277,TRUE,rare,rare,27-May-26
43.647561,-79.392088,TRUE,rare,rare,27-May-26
43.647611,-79.477856,TRUE,low,rare,27-May-26
43.647644,-79.4139122,TRUE,high,high,27-May-26
43.6476886,-79.3790641,TRUE,low,low,27-May-26
43.6477412,-79.3801145,TRUE,rare,rare,27-May-26
43.6477437,-79.370378,TRUE,low,low,27-May-26
43.6478194,-79.3948263,TRUE,very_high,very_high,27-May-26
43.6478451,-79.3902512,TRUE,high,high,27-May-26
43.6478592,-79.3988191,TRUE,rare,rare,27-May-26
43.6478915,-79.3699556,TRUE,rare,rare,27-May-26
43.647918,-79.36017,TRUE,rare,none,27-May-26
43.6479844,-79.3753959,TRUE,low,low,27-May-26
43.6480567,-79.5687756,TRUE,mid,mid,27-May-26
43.6480626,-79.4284488,TRUE,low,low,27-May-26
43.6480987,-79.3951934,TRUE,rare,rare,27-May-26
43.6481074,-79.3416795,TRUE,rare,rare,27-May-26
43.6481125,-79.3844631,TRUE,rare,none,27-May-26
43.6481517,-79.3725892,TRUE,mid,low,27-May-26
43.6481704,-79.567676,TRUE,rare,none,27-May-26
43.648206,-79.3995577,TRUE,high,mid,27-May-26
43.6482226,-79.4000805,TRUE,high,high,27-May-26
43.6483222,-79.3891121,TRUE,rare,none,27-May-26
43.6483528,-79.4008849,TRUE,mid,none,27-May-26
43.6484341,-79.4027565,TRUE,rare,rare,27-May-26
43.6484394,-79.3734464,TRUE,low,rare,27-May-26
43.6485035,-79.3935189,TRUE,low,rare,27-May-26
43.6485504,-79.4497402,TRUE,mid,mid,27-May-26
43.648563,-79.3677398,TRUE,high,high,27-May-26
43.648584,-79.397588,TRUE,rare,rare,27-May-26
43.6485875,-79.3913729,TRUE,high,mid,27-May-26
43.6485882,-79.4026161,TRUE,very_high,very_high,27-May-26
43.6486893,-79.436816,TRUE,low,none,27-May-26
43.6487119,-79.3715948,TRUE,low,low,27-May-26
43.6487681,-79.3816921,TRUE,low,low,27-May-26
43.6487735,-79.4191156,TRUE,low,low,27-May-26
43.64879176,-79.48035697,TRUE,low,low,27-May-26
43.648815,-79.402828,TRUE,rare,rare,27-May-26
43.6488324,-79.51966,TRUE,rare,none,27-May-26
43.6488421,-79.3864862,TRUE,low,low,27-May-26
43.6490238,-79.4323631,TRUE,rare,rare,27-May-26
43.6490494,-79.395904,TRUE,mid,rare,27-May-26
43.6490645,-79.505057,TRUE,high,low,27-May-26
43.6490944,-79.4208389,TRUE,rare,rare,27-May-26
43.6491192,-79.5281772,TRUE,mid,mid,27-May-26
43.6491306,-79.3718364,TRUE,mid,mid,27-May-26
43.6491534,-79.4223361,TRUE,high,mid,27-May-26
43.6491942,-79.3760666,TRUE,rare,none,27-May-26
43.6492023,-79.3862916,TRUE,mid,rare,27-May-26
43.6492162,-79.3638492,TRUE,rare,rare,27-May-26
43.649278,-79.4237253,TRUE,rare,none,27-May-26
43.6493309,-79.3887698,TRUE,rare,rare,27-May-26
43.6493454,-79.4258749,TRUE,rare,rare,27-May-26
43.6494223,-79.3725693,TRUE,low,rare,27-May-26
43.6494367,-79.3949424,TRUE,low,rare,27-May-26
43.6494651,-79.4216473,TRUE,rare,none,27-May-26
43.6494729,-79.4209841,TRUE,mid,mid,27-May-26
43.6494875,-79.3881307,TRUE,high,high,27-May-26
43.6495167,-79.4216419,TRUE,high,high,27-May-26
43.6495195,-79.5299155,TRUE,mid,none,27-May-26
43.6495554,-79.4202083,TRUE,rare,rare,27-May-26
43.6496163,-79.3723569,TRUE,rare,none,27-May-26
43.6496267,-79.434558,TRUE,very_high,high,27-May-26
43.6496286,-79.3809193,TRUE,rare,rare,27-May-26
43.6496398,-79.427355,TRUE,rare,rare,27-May-26
43.6496513,-79.3652302,TRUE,low,low,27-May-26
43.649652,-79.382332,TRUE,rare,rare,27-May-26
43.6497228,-79.4309304,TRUE,rare,none,27-May-26
43.649737,-79.374768,TRUE,mid,low,27-May-26
43.6497402,-79.4297133,TRUE,rare,none,27-May-26
43.6497471,-79.3610496,TRUE,rare,rare,27-May-26
43.6497558,-79.3591233,TRUE,rare,rare,27-May-26
43.6497711,-79.4812346,TRUE,rare,rare,27-May-26
43.6497812,-79.371116,TRUE,rare,rare,27-May-26
43.6497841,-79.5225076,TRUE,mid,none,27-May-26
43.6498064,-79.4388054,TRUE,rare,none,27-May-26
43.6498323,-79.359953,TRUE,rare,rare,27-May-26
43.6498486,-79.3627278,TRUE,rare,none,27-May-26
43.6499598,-79.3954689,TRUE,rare,none,27-May-26
43.6499639,-79.3684534,TRUE,low,low,27-May-26
43.649965,-79.3737412,TRUE,rare,rare,27-May-26
43.649973,-79.4353351,TRUE,mid,none,27-May-26
43.6500498,-79.3972773,TRUE,very_high,high,27-May-26
43.6500505,-79.3688629,TRUE,high,high,27-May-26
43.6500865,-79.3593611,TRUE,high,mid,27-May-26
43.6501428,-79.3647162,TRUE,rare,rare,27-May-26
43.6501516,-79.3644782,TRUE,mid,mid,27-May-26
43.6501532,-79.4313697,TRUE,mid,mid,27-May-26
43.6501762,-79.388939,TRUE,low,low,27-May-26
43.6502416,-79.4152827,TRUE,rare,rare,27-May-26
43.6502662,-79.3723018,TRUE,mid,mid,27-May-26
43.6502666,-79.4199915,TRUE,rare,none,27-May-26
43.6502923,-79.4186483,TRUE,rare,rare,27-May-26
43.650295,-79.3650918,TRUE,high,mid,27-May-26
43.6503066,-79.3589711,TRUE,rare,none,27-May-26
43.6503564,-79.3869845,TRUE,rare,rare,27-May-26
43.6503798,-79.40162,TRUE,mid,mid,27-May-26
43.650384,-79.391162,TRUE,rare,rare,27-May-26
43.6503989,-79.3838746,TRUE,rare,rare,27-May-26
43.6504532,-79.3945122,TRUE,rare,rare,27-May-26
43.6504567,-79.3573045,TRUE,rare,rare,27-May-26
43.6504968,-79.431355,TRUE,rare,none,27-May-26
43.6505066,-79.4140054,TRUE,rare,none,27-May-26
43.6505097,-79.3740069,TRUE,mid,rare,27-May-26
43.6505363,-79.3884696,TRUE,mid,mid,27-May-26
43.6505963,-79.4306773,TRUE,high,rare,27-May-26
43.6505983,-79.385527,TRUE,very_high,very_high,27-May-26
43.6506019,-79.4396507,TRUE,mid,mid,27-May-26
43.650622,-79.3640549,TRUE,very_high,very_high,27-May-26
43.6506296,-79.3575642,TRUE,rare,none,27-May-26
43.6506783,-79.3691506,TRUE,low,low,27-May-26
43.6506814,-79.4115188,TRUE,rare,none,27-May-26
43.6507231,-79.4519734,TRUE,low,low,27-May-26
43.6507622,-79.3966288,TRUE,high,mid,27-May-26
43.6507688,-79.478671,TRUE,rare,rare,27-May-26
43.6508233,-79.3779358,TRUE,low,rare,27-May-26
43.650861,-79.365395,TRUE,high,mid,27-May-26
43.6508743,-79.3576622,TRUE,very_high,very_high,27-May-26
43.6503361,-79.3598201,TRUE,very_high,very_high,27-May-26
43.6508926,-79.4431712,TRUE,rare,rare,27-May-26
43.6509508,-79.493431,TRUE,mid,rare,27-May-26
43.6509911,-79.3979222,TRUE,high,high,27-May-26
43.65103,-79.45906,TRUE,rare,none,27-May-26
43.6510339,-79.402691,TRUE,mid,rare,27-May-26
43.6510373,-79.4512199,TRUE,high,mid,27-May-26
43.6510466,-79.3873221,TRUE,low,low,27-May-26
43.6510945,-79.3921409,TRUE,mid,low,27-May-26
43.6511085,-79.3834744,TRUE,mid,mid,27-May-26
43.6511239,-79.445613,TRUE,rare,none,27-May-26
43.6511265,-79.4403021,TRUE,mid,rare,27-May-26
43.651171,-79.440325,TRUE,low,rare,27-May-26
43.6511897,-79.4492045,TRUE,rare,none,27-May-26
43.6512348,-79.4636347,TRUE,low,low,27-May-26
43.6512537,-79.389987,TRUE,mid,mid,27-May-26
43.6512565,-79.4336731,TRUE,rare,rare,27-May-26
43.6512905,-79.4103767,TRUE,low,low,27-May-26
43.6512911,-79.3777824,TRUE,rare,rare,27-May-26
43.6514273,-79.410335,TRUE,low,low,27-May-26
43.6513183,-79.4178237,TRUE,rare,none,27-May-26
43.6513189,-79.5700756,TRUE,rare,rare,27-May-26
43.651419,-79.3702912,TRUE,mid,mid,27-May-26
43.6514473,-79.3988595,TRUE,low,low,27-May-26
43.6514549,-79.409483,TRUE,rare,none,27-May-26
43.6515496,-79.38141007,TRUE,low,rare,27-May-26
43.6515706,-79.4467253,TRUE,high,high,27-May-26
43.6515944,-79.3912586,TRUE,mid,mid,27-May-26
43.651612,-79.4209445,TRUE,rare,none,27-May-26
43.65167,-79.5256917,TRUE,high,high,27-May-26
43.651676,-79.375268,TRUE,low,low,27-May-26
43.651679,-79.4454243,TRUE,rare,none,27-May-26
43.6517141,-79.4094854,TRUE,rare,rare,27-May-26
43.6517309,-79.4513082,TRUE,rare,rare,27-May-26
43.6517867,-79.3900275,TRUE,low,low,27-May-26
43.6517907,-79.4178672,TRUE,rare,rare,27-May-26
43.6517943,-79.4048971,TRUE,high,high,27-May-26
43.651795,-79.4513313,TRUE,low,rare,27-May-26
43.6518528,-79.4477718,TRUE,rare,rare,27-May-26
43.6519156,-79.3982433,TRUE,low,low,27-May-26
43.6519465,-79.3571774,TRUE,rare,rare,27-May-26
43.6519612,-79.4739163,TRUE,low,low,27-May-26
43.6519708,-79.3698854,TRUE,low,low,27-May-26
43.6519791,-79.3913973,TRUE,mid,mid,27-May-26
43.6519819,-79.5749432,TRUE,low,low,27-May-26
43.6520357,-79.3841028,TRUE,very_high,very_high,27-May-26
43.6521007,-79.405463,TRUE,mid,mid,27-May-26
43.65225,-79.368548,TRUE,rare,none,27-May-26
43.6523445,-79.4417582,TRUE,low,low,27-May-26
43.652389,-79.4711817,TRUE,mid,low,27-May-26
43.6524904,-79.4495922,TRUE,rare,rare,27-May-26
43.652496,-79.4126328,TRUE,rare,none,27-May-26
43.6524984,-79.4706159,TRUE,rare,rare,27-May-26
43.6525225,-79.4234434,TRUE,rare,none,27-May-26
43.6525543,-79.4487812,TRUE,rare,rare,27-May-26
43.6525644,-79.4468722,TRUE,rare,none,27-May-26
43.652597,-79.392233,TRUE,low,low,27-May-26
43.6526536,-79.3821434,TRUE,mid,mid,27-May-26
43.6527446,-79.4196006,TRUE,rare,none,27-May-26
43.6528226,-79.4011849,TRUE,rare,rare,27-May-26
43.6528457,-79.3616271,TRUE,mid,low,27-May-26
43.652849,-79.364839,TRUE,mid,low,27-May-26
43.65286581,-79.50771313,TRUE,rare,rare,27-May-26
43.6529202,-79.3717701,TRUE,rare,rare,27-May-26
43.6529229,-79.3985237,TRUE,rare,none,27-May-26
43.6530313,-79.379291,TRUE,very_high,high,27-May-26
43.65314,-79.401007,TRUE,rare,rare,27-May-26
43.653055,-79.4012476,TRUE,low,low,27-May-26
43.6530942,-79.3881807,TRUE,rare,rare,27-May-26
43.653152,-79.3618377,TRUE,low,low,27-May-26
43.6531791,-79.4420964,TRUE,low,rare,27-May-26
43.6532466,-79.3577046,TRUE,rare,rare,27-May-26
43.6532498,-79.5820139,TRUE,mid,low,27-May-26
43.6532648,-79.4375658,TRUE,low,rare,27-May-26
43.6532683,-79.4272996,TRUE,low,rare,27-May-26
43.6532884,-79.3741932,TRUE,mid,rare,27-May-26
43.6533058,-79.4271214,TRUE,low,rare,27-May-26
43.6533501,-79.4181113,TRUE,rare,rare,27-May-26
43.6534343,-79.3901414,TRUE,rare,rare,27-May-26
43.6534982,-79.4023228,TRUE,low,low,27-May-26
43.6535281,-79.4061442,TRUE,low,low,27-May-26
43.6535654,-79.3979954,TRUE,rare,none,27-May-26
43.6535658,-79.4452632,TRUE,rare,rare,27-May-26
43.6535721,-79.3943058,TRUE,rare,rare,27-May-26
43.65358,-79.4515666,TRUE,rare,rare,27-May-26
43.6535888,-79.396033,TRUE,rare,none,27-May-26
43.6536032,-79.3840055,TRUE,very_high,very_high,27-May-26
43.6536128,-79.39278,TRUE,very_high,very_high,27-May-26
43.6536707,-79.4030055,TRUE,rare,none,27-May-26
43.653703,-79.445996,TRUE,rare,rare,27-May-26
43.6537326,-79.5850888,TRUE,mid,mid,27-May-26
43.6537348,-79.3908293,TRUE,rare,rare,27-May-26
43.65374636,-79.39653077,TRUE,rare,none,27-May-26
43.6537553,-79.445434,TRUE,low,low,27-May-26
43.6537928,-79.444855,TRUE,rare,rare,27-May-26
43.6538094,-79.4148829,TRUE,rare,rare,27-May-26
43.653817,-79.4478554,TRUE,mid,mid,27-May-26
43.6538171,-79.3566644,TRUE,rare,rare,27-May-26
43.653822,-79.4069534,TRUE,rare,none,27-May-26
43.6538366,-79.3903942,TRUE,rare,rare,27-May-26
43.653837,-79.372188,TRUE,rare,none,27-May-26
43.6538735,-79.4256994,TRUE,low,none,27-May-26
43.6538797,-79.361036,TRUE,rare,none,27-May-26
43.6539003,-79.376699,TRUE,very_high,mid,27-May-26
43.6539132,-79.3243857,TRUE,rare,rare,27-May-26
43.6539414,-79.4254714,TRUE,mid,mid,27-May-26
43.6539648,-79.4425388,TRUE,high,high,27-May-26
43.6539666,-79.3789815,TRUE,very_high,mid,27-May-26
43.654012,-79.3710194,TRUE,rare,none,27-May-26
43.6540545,-79.3524656,TRUE,mid,mid,27-May-26
43.6540567,-79.4135777,TRUE,mid,low,27-May-26
43.6540732,-79.4445156,TRUE,high,high,27-May-26
43.6540817,-79.3591859,TRUE,rare,rare,27-May-26
43.6540947,-79.3669919,TRUE,rare,none,27-May-26
43.6541175,-79.4520354,TRUE,rare,rare,27-May-26
43.6541401,-79.4447318,TRUE,rare,none,27-May-26
43.6541457,-79.3807928,TRUE,mid,low,27-May-26
43.6542386,-79.3913016,TRUE,very_high,very_high,27-May-26
43.6542421,-79.4008932,TRUE,rare,rare,27-May-26
43.65418,-79.40062,TRUE,rare,none,27-May-26
43.6542911,-79.4442813,TRUE,high,rare,27-May-26
43.65426,-79.40161,TRUE,low,low,27-May-26
43.6543057,-79.4017256,TRUE,rare,rare,27-May-26
43.6543473,-79.4426947,TRUE,rare,none,27-May-26
43.6543566,-79.4324227,TRUE,rare,none,27-May-26
43.6543685,-79.4514901,TRUE,rare,none,27-May-26
43.65447,-79.44288,TRUE,rare,none,27-May-26
43.6544003,-79.383661,TRUE,rare,rare,27-May-26
43.6544096,-79.4021217,TRUE,rare,rare,27-May-26
43.6544466,-79.4443806,TRUE,rare,rare,27-May-26
43.6544937,-79.3866913,TRUE,mid,mid,27-May-26
43.6545073,-79.4410284,TRUE,rare,none,27-May-26
43.6545126,-79.4589416,TRUE,rare,none,27-May-26
43.6545206,-79.3671693,TRUE,rare,none,27-May-26
43.6545261,-79.3668494,TRUE,low,low,27-May-26
43.6545396,-79.3375523,TRUE,rare,none,27-May-26
43.6545554,-79.3656625,TRUE,mid,none,27-May-26
43.654566,-79.364533,TRUE,low,low,27-May-26
43.65458,-79.4435961,TRUE,rare,rare,27-May-26
43.6545837,-79.3814564,TRUE,rare,rare,27-May-26
43.6546142,-79.4452026,TRUE,high,high,27-May-26
43.6546672,-79.4199572,TRUE,high,mid,27-May-26
43.6546817,-79.3861186,TRUE,rare,none,27-May-26
43.6546968,-79.3817014,TRUE,very_high,mid,27-May-26
43.6638625,-79.352265,TRUE,mid,low,27-May-26
43.6547406,-79.4012561,TRUE,rare,none,27-May-26
43.6547419,-79.3785672,TRUE,rare,rare,27-May-26
43.6549109,-79.3594904,TRUE,rare,none,27-May-26
43.6549184,-79.4573656,TRUE,low,rare,27-May-26
43.6549509,-79.3949777,TRUE,rare,rare,27-May-26
43.6549624,-79.3702748,TRUE,low,low,27-May-26
43.6549882,-79.377091,TRUE,rare,rare,27-May-26
43.6550277,-79.4399559,TRUE,rare,none,27-May-26
43.6550698,-79.3676296,TRUE,rare,rare,27-May-26
43.6550731,-79.3996887,TRUE,mid,low,27-May-26
43.6551169,-79.4199286,TRUE,rare,rare,27-May-26
43.65513,-79.40001,TRUE,very_high,very_high,27-May-26
43.6551596,-79.4201224,TRUE,low,rare,27-May-26
43.6551677,-79.3571146,TRUE,rare,rare,27-May-26
43.655221,-79.3794981,TRUE,low,rare,27-May-26
43.6552261,-79.4835506,TRUE,low,low,27-May-26
43.6552535,-79.4145094,TRUE,very_high,mid,27-May-26
43.6553179,-79.4129715,TRUE,rare,none,27-May-26
43.655359,-79.4039471,TRUE,rare,rare,27-May-26
43.6553683,-79.3375104,TRUE,low,rare,27-May-26
43.6553688,-79.4193467,TRUE,high,rare,27-May-26
43.6555183,-79.4026076,TRUE,rare,none,27-May-26
43.6555303,-79.4462364,TRUE,rare,rare,27-May-26
43.6555376,-79.377659,TRUE,rare,rare,27-May-26
43.6555861,-79.374256,TRUE,rare,none,27-May-26
43.6556109,-79.3629375,TRUE,mid,low,27-May-26
43.6557116,-79.3782616,TRUE,low,none,27-May-26
43.6557138,-79.4075941,TRUE,low,low,27-May-26
43.6557494,-79.3618063,TRUE,low,rare,27-May-26
43.6557713,-79.4539623,TRUE,low,rare,27-May-26
43.6557939,-79.4389184,TRUE,rare,none,27-May-26
43.6558007,-79.4773817,TRUE,rare,rare,27-May-26
43.6558131,-79.3790608,TRUE,high,mid,27-May-26
43.6558622,-79.3609219,TRUE,very_high,rare,27-May-26
43.6558813,-79.3543906,TRUE,high,high,27-May-26
43.655889,-79.3956285,TRUE,low,low,27-May-26
43.6559403,-79.3932376,TRUE,rare,none,27-May-26
43.6559852,-79.4484063,TRUE,rare,rare,27-May-26
43.656015,-79.384012,TRUE,high,low,27-May-26
43.6560183,-79.4020435,TRUE,rare,none,27-May-26
43.6560277,-79.3801254,TRUE,very_high,very_high,27-May-26
43.6560309,-79.4240098,TRUE,low,rare,27-May-26
43.6560372,-79.3630958,TRUE,high,mid,27-May-26
43.6560469,-79.4337388,TRUE,high,high,27-May-26
43.6560849,-79.337815,TRUE,low,low,27-May-26
43.656086,-79.4460396,TRUE,low,none,27-May-26
43.6561188,-79.4508967,TRUE,low,low,27-May-26
43.6561808,-79.4462854,TRUE,mid,mid,27-May-26
43.6562403,-79.4025371,TRUE,rare,rare,27-May-26
43.6562455,-79.3621627,TRUE,rare,rare,27-May-26
43.6562784,-79.4534536,TRUE,mid,mid,27-May-26
43.6563375,-79.4072811,TRUE,low,none,27-May-26
43.6563441,-79.4056335,TRUE,rare,rare,27-May-26
43.6564521,-79.3985978,TRUE,high,mid,27-May-26
43.6564591,-79.399145,TRUE,low,none,27-May-26
43.6564766,-79.4481373,TRUE,rare,rare,27-May-26
43.6564905,-79.4026958,TRUE,rare,none,27-May-26
43.6565788,-79.3571596,TRUE,rare,none,27-May-26
43.6566122,-79.403059,TRUE,mid,low,27-May-26
43.6566125,-79.3604986,TRUE,rare,rare,27-May-26
43.6566182,-79.3745094,TRUE,mid,mid,27-May-26
43.6566208,-79.3758913,TRUE,rare,none,27-May-26
43.6566437,-79.3899799,TRUE,mid,mid,27-May-26
43.656649,-79.3863949,TRUE,low,low,27-May-26
43.656668,-79.4027228,TRUE,low,rare,27-May-26
43.656713,-79.395893,TRUE,high,high,27-May-26
43.6567461,-79.3788473,TRUE,mid,low,27-May-26
43.656748,-79.4081366,TRUE,mid,low,27-May-26
43.6567993,-79.4793642,TRUE,mid,rare,27-May-26
43.6568047,-79.4068665,TRUE,rare,none,27-May-26
43.6568058,-79.3750924,TRUE,rare,none,27-May-26
43.6569614,-79.3993518,TRUE,rare,rare,27-May-26
43.6569692,-79.4039421,TRUE,rare,rare,27-May-26
43.6569784,-79.3810058,TRUE,rare,rare,27-May-26
43.6569809,-79.4512823,TRUE,rare,rare,27-May-26
43.6570026,-79.3961517,TRUE,mid,mid,27-May-26
43.6570253,-79.4063702,TRUE,rare,none,27-May-26
43.6570459,-79.4746639,TRUE,low,low,27-May-26
43.6570744,-79.3955799,TRUE,high,mid,27-May-26
43.6571414,-79.5211954,TRUE,rare,none,27-May-26
43.6572365,-79.3580608,TRUE,low,none,27-May-26
43.6572423,-79.3796363,TRUE,low,low,27-May-26
43.6572426,-79.461604,TRUE,low,rare,27-May-26
43.657272,-79.3790759,TRUE,low,low,27-May-26
43.6573058,-79.4535527,TRUE,rare,none,27-May-26
43.65735,-79.381194,TRUE,rare,rare,27-May-26
43.657389,-79.4020809,TRUE,low,low,27-May-26
43.657392,-79.4991353,TRUE,low,low,27-May-26
43.6574502,-79.3903211,TRUE,rare,rare,27-May-26
43.657459,-79.4218064,TRUE,rare,none,27-May-26
43.6574652,-79.4876353,TRUE,rare,none,27-May-26
43.6575152,-79.4740877,TRUE,rare,rare,27-May-26
43.6575313,-79.4001677,TRUE,high,low,27-May-26
43.657601,-79.3849165,TRUE,mid,mid,27-May-26
43.6576313,-79.3414731,TRUE,mid,none,27-May-26
43.6576367,-79.3818028,TRUE,low,none,27-May-26
43.6576635,-79.4008623,TRUE,low,none,27-May-26
43.6576642,-79.4024663,TRUE,low,rare,27-May-26
43.6576972,-79.3792808,TRUE,rare,rare,27-May-26
43.6578097,-79.38117,TRUE,mid,mid,27-May-26
43.657812,-79.3747205,TRUE,mid,mid,27-May-26
43.6579266,-79.4071056,TRUE,mid,mid,27-May-26
43.6579433,-79.3983649,TRUE,mid,mid,27-May-26
43.657952,-79.3824788,TRUE,high,mid,27-May-26
43.6579793,-79.4142901,TRUE,rare,rare,27-May-26
43.6580112,-79.3720997,TRUE,high,low,27-May-26
43.6580871,-79.4603848,TRUE,rare,rare,27-May-26
43.6581255,-79.3617443,TRUE,mid,mid,27-May-26
43.6581636,-79.3906322,TRUE,low,low,27-May-26
43.6581853,-79.4380014,TRUE,high,high,27-May-26
43.6581939,-79.3593734,TRUE,rare,none,27-May-26
43.658211,-79.3935477,TRUE,rare,rare,27-May-26
43.6366768,-79.398554,TRUE,rare,rare,27-May-26
43.6583762,-79.4432388,TRUE,rare,rare,27-May-26
43.6513532,-79.4113731,TRUE,mid,rare,27-May-26
43.660943,-79.4494043,TRUE,rare,rare,27-May-26
43.65839902,-79.3517515,TRUE,low,low,27-May-26
43.6583991,-79.3361079,TRUE,rare,none,27-May-26
43.6584197,-79.3831384,TRUE,low,rare,27-May-26
43.6584302,-79.3079368,TRUE,rare,rare,27-May-26
43.6584421,-79.3611543,TRUE,mid,mid,27-May-26
43.6584431,-79.4038326,TRUE,mid,low,27-May-26
43.6585227,-79.3640013,TRUE,mid,mid,27-May-26
43.6585342,-79.3784674,TRUE,high,high,27-May-26
43.6585407,-79.3920549,TRUE,rare,none,27-May-26
43.6585636,-79.5087052,TRUE,rare,rare,27-May-26
43.6585958,-79.3881616,TRUE,rare,none,27-May-26
43.658625,-79.4294578,TRUE,rare,none,27-May-26
43.6586618,-79.4419126,TRUE,mid,mid,27-May-26
43.6586694,-79.376927,TRUE,rare,none,27-May-26
43.6586898,-79.4184092,TRUE,low,rare,27-May-26
43.6587523,-79.4015756,TRUE,low,none,27-May-26
43.6588103,-79.4399104,TRUE,rare,rare,27-May-26
43.6588743,-79.5143047,TRUE,low,none,27-May-26
43.6589304,-79.3599791,TRUE,rare,rare,27-May-26
43.6589873,-79.3487864,TRUE,high,none,27-May-26
43.6590284,-79.3660893,TRUE,very_high,very_high,27-May-26
43.6590293,-79.5815197,TRUE,rare,rare,27-May-26
43.6590468,-79.3501246,TRUE,rare,rare,27-May-26
43.659047,-79.381014,TRUE,mid,rare,27-May-26
43.6590727,-79.4136873,TRUE,mid,low,27-May-26
43.6590814,-79.3927635,TRUE,rare,rare,27-May-26
43.6591046,-79.3681658,TRUE,low,low,27-May-26
43.6591202,-79.4383608,TRUE,rare,none,27-May-26
43.6591354,-79.4507799,TRUE,rare,rare,27-May-26
43.6591433,-79.3969341,TRUE,mid,rare,27-May-26
43.6591445,-79.3475383,TRUE,mid,mid,27-May-26
43.6591743,-79.399447,TRUE,low,rare,27-May-26
43.6592794,-79.366135,TRUE,mid,mid,27-May-26
43.659289,-79.3727253,TRUE,rare,none,27-May-26
43.6593329,-79.3796725,TRUE,mid,mid,27-May-26
43.6593774,-79.4450398,TRUE,rare,none,27-May-26
43.6593837,-79.4383539,TRUE,rare,none,27-May-26
43.6593876,-79.3366079,TRUE,rare,rare,27-May-26
43.6594996,-79.3812268,TRUE,mid,mid,27-May-26
43.6595079,-79.4378256,TRUE,high,low,27-May-26
43.6595111,-79.3898612,TRUE,low,low,27-May-26
43.6595956,-79.439428,TRUE,rare,rare,27-May-26
43.6596464,-79.4007034,TRUE,mid,mid,27-May-26
43.6596607,-79.4450367,TRUE,low,rare,27-May-26
43.6597121,-79.4369017,TRUE,rare,rare,27-May-26
43.65974,-79.4391046,TRUE,rare,rare,27-May-26
43.6598307,-79.3836878,TRUE,rare,rare,27-May-26
43.6599065,-79.434125,TRUE,high,high,27-May-26
43.6599546,-79.4360427,TRUE,mid,mid,27-May-26
43.6599701,-79.3886888,TRUE,rare,none,27-May-26
43.6599838,-79.3640984,TRUE,rare,rare,27-May-26
43.6599876,-79.3403078,TRUE,low,rare,27-May-26
43.6601096,-79.3619394,TRUE,very_high,very_high,27-May-26
43.6601134,-79.4333058,TRUE,rare,rare,27-May-26
43.6601364,-79.3386669,TRUE,low,none,27-May-26
43.660166,-79.3320736,TRUE,rare,none,27-May-26
43.660168,-79.3533849,TRUE,rare,rare,27-May-26
43.6601861,-79.3632445,TRUE,rare,rare,27-May-26
43.66021457,-79.341729,TRUE,rare,none,27-May-26
43.6602712,-79.4327944,TRUE,rare,rare,27-May-26
43.660295,-79.3629732,TRUE,rare,rare,27-May-26
43.6603054,-79.3823002,TRUE,rare,none,27-May-26
43.6603196,-79.4525288,TRUE,rare,rare,27-May-26
43.6604068,-79.4001219,TRUE,low,low,27-May-26
43.6604141,-79.3689465,TRUE,low,rare,27-May-26
43.6604557,-79.3682032,TRUE,rare,none,27-May-26
43.6605377,-79.3672201,TRUE,high,mid,27-May-26
43.6605624,-79.3834491,TRUE,low,none,27-May-26
43.6606626,-79.3610027,TRUE,mid,mid,27-May-26
43.6607136,-79.3422093,TRUE,low,low,27-May-26
43.6607411,-79.3396765,TRUE,mid,none,27-May-26
43.6607756,-79.3419106,TRUE,mid,mid,27-May-26
43.6608224,-79.4303066,TRUE,rare,none,27-May-26
43.6608675,-79.3415515,TRUE,rare,rare,27-May-26
43.6609114,-79.4186794,TRUE,rare,rare,27-May-26
43.660967,-79.3725434,TRUE,low,low,27-May-26
43.6609809,-79.4241739,TRUE,rare,none,27-May-26
43.6610456,-79.333205,TRUE,low,none,27-May-26
43.6611089,-79.5100508,TRUE,mid,rare,27-May-26
43.6611371,-79.4306952,TRUE,very_high,mid,27-May-26
43.6612254,-79.3610976,TRUE,rare,rare,27-May-26
43.661271,-79.3844038,TRUE,low,low,27-May-26
43.6613036,-79.3962886,TRUE,rare,none,27-May-26
43.6613198,-79.3252062,TRUE,rare,rare,27-May-26
43.6613623,-79.4278718,TRUE,high,mid,27-May-26
43.6613668,-79.4731219,TRUE,low,low,27-May-26
43.6613838,-79.4290964,TRUE,mid,rare,27-May-26
43.6614308,-79.4288255,TRUE,low,low,27-May-26
43.6614501,-79.4271454,TRUE,low,low,27-May-26
43.6614986,-79.3417192,TRUE,low,low,27-May-26
43.6615049,-79.3572878,TRUE,mid,low,27-May-26
43.6615402,-79.4090685,TRUE,rare,none,27-May-26
43.661551,-79.3788001,TRUE,rare,rare,27-May-26
43.6615578,-79.3816291,TRUE,high,high,27-May-26
43.6615657,-79.4143834,TRUE,mid,low,27-May-26
43.6615983,-79.4920879,TRUE,rare,rare,27-May-26
43.6616455,-79.3715097,TRUE,rare,none,27-May-26
43.6616882,-79.3749462,TRUE,mid,low,27-May-26
43.6617119,-79.3744096,TRUE,high,high,27-May-26
43.6617305,-79.3875392,TRUE,rare,rare,27-May-26
43.6617731,-79.4420562,TRUE,mid,mid,27-May-26
43.6618022,-79.3290624,TRUE,rare,none,27-May-26
43.6618149,-79.4818894,TRUE,rare,rare,27-May-26
43.661826,-79.3802904,TRUE,rare,rare,27-May-26
43.6618278,-79.3679433,TRUE,mid,mid,27-May-26
43.6618426,-79.3685717,TRUE,rare,rare,27-May-26
43.6618465,-79.4540524,TRUE,mid,mid,27-May-26
43.6618577,-79.3088574,TRUE,low,low,27-May-26
43.6619926,-79.4250406,TRUE,low,low,27-May-26
43.6620058,-79.4022433,TRUE,mid,rare,27-May-26
43.6620445,-79.3502603,TRUE,low,low,27-May-26
43.6620513,-79.4247345,TRUE,low,rare,27-May-26
43.6621245,-79.447499,TRUE,mid,mid,27-May-26
43.6621267,-79.3497383,TRUE,low,rare,27-May-26
43.6621345,-79.3675284,TRUE,rare,rare,27-May-26
43.6621492,-79.3666166,TRUE,rare,rare,27-May-26
43.6621681,-79.3587537,TRUE,rare,rare,27-May-26
43.6622084,-79.4289828,TRUE,rare,none,27-May-26
43.6622457,-79.3484226,TRUE,mid,mid,27-May-26
43.6622858,-79.3762212,TRUE,low,low,27-May-26
43.6623956,-79.358414,TRUE,low,low,27-May-26
43.6624105,-79.3722356,TRUE,low,low,27-May-26
43.6624169,-79.3831028,TRUE,low,rare,27-May-26
43.6624536,-79.4241169,TRUE,rare,rare,27-May-26
43.6624766,-79.4025555,TRUE,low,none,27-May-26
43.6625089,-79.3266416,TRUE,high,none,27-May-26
43.6625234,-79.3328154,TRUE,rare,none,27-May-26
43.6626147,-79.3777087,TRUE,low,rare,27-May-26
43.6626294,-79.4197104,TRUE,rare,rare,27-May-26
43.6626576,-79.4392271,TRUE,low,low,27-May-26
43.6626975,-79.3265756,TRUE,rare,none,27-May-26
43.6627519,-79.3821041,TRUE,rare,rare,27-May-26
43.6627558,-79.4296402,TRUE,very_high,very_high,27-May-26
43.6627817,-79.4172434,TRUE,mid,none,27-May-26
43.6627933,-79.4527066,TRUE,low,rare,27-May-26
43.6628819,-79.4036112,TRUE,rare,rare,27-May-26
43.6628885,-79.3676421,TRUE,low,low,27-May-26
43.662918,-79.4088986,TRUE,mid,low,27-May-26
43.6629503,-79.4602176,TRUE,rare,rare,27-May-26
43.6629517,-79.4518867,TRUE,rare,none,27-May-26
43.662968,-79.3410528,TRUE,low,low,27-May-26
43.6629703,-79.4485509,TRUE,rare,rare,27-May-26
43.6630225,-79.3724817,TRUE,mid,rare,27-May-26
43.6630311,-79.4028333,TRUE,rare,rare,27-May-26
43.6630785,-79.3803389,TRUE,rare,rare,27-May-26
43.6630921,-79.5036593,TRUE,low,low,27-May-26
43.6631661,-79.4992887,TRUE,rare,rare,27-May-26
43.66317,-79.4107812,TRUE,high,high,27-May-26
43.6631747,-79.3335371,TRUE,rare,none,27-May-26
43.66319935,-79.39427901,TRUE,mid,mid,27-May-26
43.6631995,-79.5685684,TRUE,rare,none,27-May-26
43.6632092,-79.382994,TRUE,very_high,very_high,27-May-26
43.6632183,-79.3850984,TRUE,low,low,27-May-26
43.6632306,-79.3723934,TRUE,low,rare,27-May-26
43.6632901,-79.3956311,TRUE,low,low,27-May-26
43.6634131,-79.379194,TRUE,mid,none,27-May-26
43.6634183,-79.3975037,TRUE,high,low,27-May-26
43.6635102,-79.3795909,TRUE,rare,rare,27-May-26
43.6635176,-79.3577761,TRUE,rare,none,27-May-26
43.6635238,-79.4894593,TRUE,rare,rare,27-May-26
43.6635495,-79.4109482,TRUE,high,low,27-May-26
43.6635811,-79.4265749,TRUE,rare,none,27-May-26
43.6635941,-79.4005047,TRUE,rare,none,27-May-26
43.6636515,-79.3949871,TRUE,mid,mid,27-May-26
43.6637143,-79.4349468,TRUE,rare,rare,27-May-26
43.6637229,-79.4414479,TRUE,rare,none,27-May-26
43.6638439,-79.339642,TRUE,low,none,27-May-26
43.663893,-79.3703244,TRUE,rare,rare,27-May-26
43.663905,-79.3778269,TRUE,very_high,high,27-May-26
43.663934,-79.3939746,TRUE,high,high,27-May-26
43.6640013,-79.3902833,TRUE,low,low,27-May-26
43.6640256,-79.4524704,TRUE,rare,rare,27-May-26
43.6640739,-79.3989937,TRUE,rare,rare,27-May-26
43.664084,-79.4020776,TRUE,rare,none,27-May-26
43.6640966,-79.415439,TRUE,mid,low,27-May-26
43.6641216,-79.3417151,TRUE,rare,none,27-May-26
43.6641525,-79.3801656,TRUE,low,low,27-May-26
43.6641882,-79.3442586,TRUE,rare,rare,27-May-26
43.6642243,-79.380521,TRUE,rare,none,27-May-26
43.6642275,-79.3779901,TRUE,very_high,high,27-May-26
43.6642751,-79.3800861,TRUE,rare,none,27-May-26
43.6642763,-79.3430405,TRUE,rare,none,27-May-26
43.6642922,-79.3621384,TRUE,mid,mid,27-May-26
43.6642937,-79.4106985,TRUE,very_high,high,27-May-26
43.6577454,-79.3812194,TRUE,low,rare,27-May-26
43.6643419,-79.4011291,TRUE,rare,rare,27-May-26
43.6643509,-79.3888144,TRUE,rare,none,27-May-26
43.6643716,-79.3390527,TRUE,low,none,27-May-26
43.6643809,-79.4124227,TRUE,low,low,27-May-26
43.6644349,-79.3994701,TRUE,rare,rare,27-May-26
43.664457,-79.3240988,TRUE,rare,rare,27-May-26
43.6644714,-79.4560104,TRUE,low,low,27-May-26
43.6645302,-79.3771456,TRUE,rare,rare,27-May-26
43.6645516,-79.3637508,TRUE,mid,rare,27-May-26
43.6645593,-79.3881371,TRUE,high,high,27-May-26
43.6645776,-79.4108225,TRUE,rare,rare,27-May-26
43.6646062,-79.3739374,TRUE,mid,rare,27-May-26
43.6646748,-79.3792381,TRUE,low,none,27-May-26
43.6646867,-79.4640548,TRUE,low,low,27-May-26
43.6646911,-79.4809879,TRUE,rare,none,27-May-26
43.6647464,-79.4207756,TRUE,very_high,very_high,27-May-26
43.6647675,-79.3901625,TRUE,rare,rare,27-May-26
43.6647926,-79.4185841,TRUE,mid,low,27-May-26
43.6648541,-79.3119406,TRUE,mid,mid,27-May-26
43.6648606,-79.3959447,TRUE,mid,low,27-May-26
43.6648718,-79.390485,TRUE,very_high,very_high,27-May-26
43.6648795,-79.3807571,TRUE,rare,rare,27-May-26
43.6649588,-79.3973675,TRUE,rare,rare,27-May-26
43.6649813,-79.3721869,TRUE,low,low,27-May-26
43.6649922,-79.4432757,TRUE,high,mid,27-May-26
43.6650066,-79.3963942,TRUE,rare,rare,27-May-26
43.6650174,-79.3827994,TRUE,rare,rare,27-May-26
43.6650243,-79.3993381,TRUE,rare,rare,27-May-26
43.6650572,-79.4596971,TRUE,rare,rare,27-May-26
43.6650745,-79.3804997,TRUE,rare,none,27-May-26
43.6650975,-79.4141708,TRUE,high,high,27-May-26
43.6651061,-79.3681006,TRUE,very_high,high,27-May-26
43.665125,-79.5289472,TRUE,high,mid,27-May-26
43.6651305,-79.4548577,TRUE,rare,rare,27-May-26
43.6651723,-79.4188638,TRUE,rare,rare,27-May-26
43.6651972,-79.3414309,TRUE,very_high,very_high,27-May-26
43.665211,-79.4335344,TRUE,rare,rare,27-May-26
43.6652187,-79.380589,TRUE,high,high,27-May-26
43.6652199,-79.4075339,TRUE,very_high,very_high,27-May-26
43.6652303,-79.4678396,TRUE,rare,none,27-May-26
43.665277,-79.3682133,TRUE,rare,rare,27-May-26
43.6652923,-79.3984012,TRUE,rare,none,27-May-26
43.6652945,-79.4074282,TRUE,rare,rare,27-May-26
43.6653119,-79.4662772,TRUE,rare,none,27-May-26
43.665315,-79.409429,TRUE,low,none,27-May-26
43.6653273,-79.4036248,TRUE,rare,rare,27-May-26
43.6653495,-79.4656545,TRUE,rare,rare,27-May-26
43.6653835,-79.4093319,TRUE,rare,rare,27-May-26
43.6654147,-79.5265012,TRUE,rare,none,27-May-26
43.6654393,-79.4104179,TRUE,very_high,very_high,27-May-26
43.6654457,-79.4914406,TRUE,rare,none,27-May-26
43.6654705,-79.3810615,TRUE,rare,rare,27-May-26
43.6654853,-79.3424647,TRUE,low,low,27-May-26
43.6654922,-79.4530341,TRUE,low,rare,27-May-26
43.6655026,-79.3812818,TRUE,low,low,27-May-26
43.6655093,-79.4921573,TRUE,mid,mid,27-May-26
43.6655489,-79.490171,TRUE,rare,rare,27-May-26
43.6656068,-79.4708384,TRUE,rare,rare,27-May-26
43.665609,-79.4095034,TRUE,rare,none,27-May-26
43.6656401,-79.3995339,TRUE,very_high,very_high,27-May-26
43.6656737,-79.3969451,TRUE,high,mid,27-May-26
43.6656802,-79.4501103,TRUE,rare,rare,27-May-26
43.6656971,-79.4801292,TRUE,rare,rare,27-May-26
43.6657479,-79.3425119,TRUE,rare,none,27-May-26
43.6657684,-79.4328558,TRUE,rare,rare,27-May-26
43.665769,-79.3517699,TRUE,rare,none,27-May-26
43.6657822,-79.4315327,TRUE,rare,none,27-May-26
43.6658213,-79.3487984,TRUE,low,low,27-May-26
43.6658231,-79.4502269,TRUE,rare,rare,27-May-26
43.6658241,-79.3535029,TRUE,rare,rare,27-May-26
43.6658482,-79.4693752,TRUE,low,rare,27-May-26
43.6658677,-79.381134,TRUE,rare,rare,27-May-26
43.6658863,-79.3707648,TRUE,low,low,27-May-26
43.6659287,-79.374933,TRUE,rare,rare,27-May-26
43.6659369,-79.381162,TRUE,low,low,27-May-26
43.6659567,-79.3345215,TRUE,rare,rare,27-May-26
43.6659595,-79.4006091,TRUE,high,low,27-May-26
43.6659621,-79.4230184,TRUE,rare,rare,27-May-26
43.6659695,-79.376873,TRUE,rare,rare,27-May-26
43.6659756,-79.3194033,TRUE,low,none,27-May-26
43.666043,-79.4378182,TRUE,rare,rare,27-May-26
43.666059,-79.4057,TRUE,very_high,very_high,27-May-26
43.666077,-79.463574,TRUE,rare,none,27-May-26
43.6660961,-79.3231894,TRUE,mid,low,27-May-26
43.6661287,-79.3864616,TRUE,high,high,27-May-26
43.6661334,-79.3736615,TRUE,high,mid,27-May-26
43.6661724,-79.3731757,TRUE,rare,rare,27-May-26
43.6661961,-79.4550943,TRUE,rare,rare,27-May-26
43.666202,-79.4498631,TRUE,rare,none,27-May-26
43.6662039,-79.404189,TRUE,very_high,very_high,27-May-26
43.6663511,-79.4074641,TRUE,rare,rare,27-May-26
43.666372,-79.389042,TRUE,low,rare,27-May-26
43.6663767,-79.3943595,TRUE,rare,none,27-May-26
43.66638629,-79.41621828,TRUE,rare,none,27-May-26
43.6664174,-79.3670572,TRUE,very_high,very_high,27-May-26
43.6664342,-79.3722933,TRUE,low,rare,27-May-26
43.6664391,-79.41501,TRUE,rare,none,27-May-26
43.6664616,-79.3815749,TRUE,low,low,27-May-26
43.6665069,-79.38092,TRUE,very_high,very_high,27-May-26
43.6665113,-79.412921,TRUE,rare,none,27-May-26
43.6665464,-79.3545801,TRUE,mid,low,27-May-26
43.6665553,-79.402313,TRUE,mid,mid,27-May-26
43.6666066,-79.4462264,TRUE,rare,rare,27-May-26
43.6666091,-79.3945804,TRUE,very_high,very_high,27-May-26
43.6666611,-79.4497319,TRUE,rare,rare,27-May-26
43.6666802,-79.3904208,TRUE,low,rare,27-May-26
43.6667034,-79.3133062,TRUE,mid,low,27-May-26
43.6667148,-79.3927723,TRUE,rare,none,27-May-26
43.6667215,-79.380543,TRUE,mid,mid,27-May-26
43.6667479,-79.3986857,TRUE,rare,none,27-May-26
43.6667533,-79.5805196,TRUE,rare,none,27-May-26
43.6668263,-79.4491166,TRUE,rare,rare,27-May-26
43.6669288,-79.3919522,TRUE,high,high,27-May-26
43.6669604,-79.3971128,TRUE,very_high,high,27-May-26
43.6669953,-79.3983926,TRUE,rare,rare,27-May-26
43.66704629,-79.39237327,TRUE,rare,rare,27-May-26
43.667061,-79.3477497,TRUE,mid,low,27-May-26
43.66706636,-79.36272072,TRUE,rare,rare,27-May-26
43.667086,-79.3852993,TRUE,rare,rare,27-May-26
43.6671004,-79.3753082,TRUE,high,mid,27-May-26
43.6671205,-79.36163453,TRUE,rare,rare,27-May-26
43.6672285,-79.4024532,TRUE,low,low,27-May-26
43.6672579,-79.4001431,TRUE,high,mid,27-May-26
43.6672714,-79.392364,TRUE,very_high,mid,27-May-26
43.6672758,-79.4137567,TRUE,rare,rare,27-May-26
43.667297,-79.4266912,TRUE,rare,none,27-May-26
43.6673099,-79.436397,TRUE,low,none,27-May-26
43.6673733,-79.3729444,TRUE,low,low,27-May-26
43.6673947,-79.3690914,TRUE,mid,mid,27-May-26
43.6673959,-79.4020256,TRUE,low,rare,27-May-26
43.6674695,-79.439134,TRUE,low,low,27-May-26
43.6675484,-79.4573646,TRUE,rare,rare,27-May-26
43.6683022,-79.3978061,TRUE,rare,rare,27-May-26
43.6676339,-79.4551429,TRUE,rare,rare,27-May-26
43.6676466,-79.3733991,TRUE,mid,mid,27-May-26
43.6676563,-79.4984721,TRUE,mid,mid,27-May-26
43.6676565,-79.3946988,TRUE,very_high,very_high,27-May-26
43.6676652,-79.3537625,TRUE,high,high,27-May-26
43.6676693,-79.4049878,TRUE,rare,rare,27-May-26
43.6676881,-79.3327569,TRUE,rare,rare,27-May-26
43.6677338,-79.4003051,TRUE,mid,mid,27-May-26
43.6677423,-79.4412517,TRUE,low,low,27-May-26
43.6677447,-79.3961672,TRUE,very_high,high,27-May-26
43.6677583,-79.3922876,TRUE,rare,none,27-May-26
43.6678357,-79.3747254,TRUE,high,high,27-May-26
43.6678483,-79.4500896,TRUE,high,high,27-May-26
43.6678788,-79.3106416,TRUE,rare,rare,27-May-26
43.667903,-79.5544031,TRUE,rare,none,27-May-26
43.668099,-79.3854644,TRUE,high,low,27-May-26
43.668141,-79.3839778,TRUE,mid,low,27-May-26
43.6681584,-79.4050475,TRUE,high,high,27-May-26
43.6681616,-79.4232275,TRUE,rare,none,27-May-26
43.6681644,-79.3930597,TRUE,very_high,high,27-May-26
43.6682116,-79.3984995,TRUE,mid,mid,27-May-26
43.668265,-79.4557559,TRUE,rare,rare,27-May-26
43.6683033,-79.4293922,TRUE,rare,none,27-May-26
43.6683139,-79.4127933,TRUE,mid,low,27-May-26
43.6683651,-79.437855,TRUE,mid,mid,27-May-26
43.6683712,-79.4413896,TRUE,low,low,27-May-26
43.6683811,-79.4224004,TRUE,rare,rare,27-May-26
43.66838247,-79.48310737,TRUE,rare,rare,27-May-26
43.668401,-79.4157446,TRUE,rare,rare,27-May-26
43.6684384,-79.4822855,TRUE,low,none,27-May-26
43.6684819,-79.3748484,TRUE,low,low,27-May-26
43.6684867,-79.4070384,TRUE,rare,rare,27-May-26
43.668571,-79.4129865,TRUE,very_high,very_high,27-May-26
43.6685753,-79.4671365,TRUE,rare,none,27-May-26
43.6685926,-79.410526,TRUE,rare,none,27-May-26
43.6685945,-79.4024342,TRUE,rare,rare,27-May-26
43.6686099,-79.3931405,TRUE,rare,rare,27-May-26
43.6686242,-79.3962706,TRUE,mid,mid,27-May-26
43.6686294,-79.3848659,TRUE,rare,rare,27-May-26
43.6686728,-79.302844,TRUE,low,rare,27-May-26
43.668678,-79.466753,TRUE,rare,rare,27-May-26
43.6710978,-79.386063,TRUE,mid,mid,27-May-26
43.6687645,-79.4050336,TRUE,very_high,high,27-May-26
43.6687835,-79.3911449,TRUE,low,low,27-May-26
43.6688329,-79.4909263,TRUE,high,mid,27-May-26
43.6688336,-79.3368726,TRUE,rare,rare,27-May-26
43.6688366,-79.416572,TRUE,low,low,27-May-26
43.6688894,-79.3887795,TRUE,mid,mid,27-May-26
43.6689276,-79.4436157,TRUE,low,rare,27-May-26
43.6689426,-79.4578354,TRUE,mid,mid,27-May-26
43.6689709,-79.4369799,TRUE,rare,rare,27-May-26
43.66900674,-79.37895321,TRUE,rare,rare,27-May-26
43.6690659,-79.3939966,TRUE,very_high,high,27-May-26
43.6693253,-79.2875259,TRUE,rare,rare,27-May-26
43.6693333,-79.3935573,TRUE,rare,none,27-May-26
43.6693514,-79.4389623,TRUE,low,rare,27-May-26
43.6694616,-79.3752219,TRUE,rare,none,27-May-26
43.6695382,-79.3959967,TRUE,low,rare,27-May-26
43.6695835,-79.3690239,TRUE,rare,none,27-May-26
43.6696009,-79.4375116,TRUE,rare,none,27-May-26
43.6696248,-79.3332491,TRUE,mid,mid,27-May-26
43.6697903,-79.3770329,TRUE,low,rare,27-May-26
43.669878,-79.4365808,TRUE,mid,rare,27-May-26
43.6699258,-79.3552965,TRUE,low,low,27-May-26
43.6699674,-79.372381,TRUE,high,mid,27-May-26
43.6699717,-79.3839343,TRUE,low,rare,27-May-26
43.6699875,-79.3917816,TRUE,high,high,27-May-26
43.6700194,-79.3927777,TRUE,rare,none,27-May-26
43.6701634,-79.4298031,TRUE,mid,low,27-May-26
43.6698658,-79.4325681,TRUE,rare,rare,27-May-26
43.6700784,-79.2985124,TRUE,rare,rare,27-May-26
43.67009051,-79.38592221,TRUE,low,none,27-May-26
43.6701932,-79.4360479,TRUE,low,rare,27-May-26
43.6702122,-79.4888903,TRUE,rare,none,27-May-26
43.6702676,-79.3341967,TRUE,low,low,27-May-26
43.6702907,-79.3903713,TRUE,rare,rare,27-May-26
43.6703085,-79.3915943,TRUE,rare,none,27-May-26
43.670326,-79.382624,TRUE,rare,rare,27-May-26
43.6703935,-79.3910859,TRUE,low,low,27-May-26
43.6704312,-79.43451,TRUE,high,high,27-May-26
43.670433,-79.2974741,TRUE,rare,rare,27-May-26
43.67052847,-79.4152773,TRUE,low,low,27-May-26
43.6705361,-79.3514807,TRUE,low,rare,27-May-26
43.6705877,-79.3987751,TRUE,mid,mid,27-May-26
43.6705999,-79.4173233,TRUE,rare,none,27-May-26
43.6706018,-79.4135171,TRUE,rare,rare,27-May-26
43.6706407,-79.4359643,TRUE,mid,none,27-May-26
43.6706884,-79.3909403,TRUE,rare,rare,27-May-26
43.6706934,-79.3883346,TRUE,low,low,27-May-26
43.670743,-79.4546828,TRUE,very_high,very_high,27-May-26
43.670795,-79.393288,TRUE,rare,rare,27-May-26
43.6708066,-79.4534938,TRUE,low,low,27-May-26
43.6708366,-79.4024724,TRUE,rare,rare,27-May-26
43.6708928,-79.4312644,TRUE,rare,rare,27-May-26
43.6709404,-79.4329261,TRUE,high,high,27-May-26
43.6709597,-79.4398712,TRUE,mid,low,27-May-26
43.6709633,-79.3883183,TRUE,mid,mid,27-May-26
43.670983,-79.3818342,TRUE,mid,low,27-May-26
43.670991,-79.391337,TRUE,low,rare,27-May-26
43.6710068,-79.4398984,TRUE,rare,rare,27-May-26
43.6710275,-79.5594052,TRUE,rare,none,27-May-26
43.671069,-79.3851908,TRUE,mid,mid,27-May-26
43.6711904,-79.3798441,TRUE,rare,rare,27-May-26
43.6712897,-79.3272098,TRUE,high,mid,27-May-26
43.7678287,-79.5155969,TRUE,high,high,27-May-26
43.671426,-79.4157699,TRUE,low,low,27-May-26
43.6715229,-79.4935012,TRUE,low,low,27-May-26
43.6715883,-79.3256459,TRUE,rare,rare,27-May-26
43.6715985,-79.2963922,TRUE,high,low,27-May-26
43.6716204,-79.3254893,TRUE,mid,mid,27-May-26
43.671684,-79.3946779,TRUE,low,low,27-May-26
43.6717073,-79.4054122,TRUE,mid,rare,27-May-26
43.6717528,-79.3931415,TRUE,rare,rare,27-May-26
43.6717792,-79.3707423,TRUE,mid,rare,27-May-26
43.671782,-79.3778793,TRUE,rare,rare,27-May-26
43.6718012,-79.3737851,TRUE,mid,none,27-May-26
43.6718086,-79.3788655,TRUE,rare,rare,27-May-26
43.6718404,-79.3382205,TRUE,mid,mid,27-May-26
43.6718446,-79.3933527,TRUE,very_high,high,27-May-26
43.6718771,-79.3866663,TRUE,very_high,very_high,27-May-26
43.6718906,-79.3486345,TRUE,low,low,27-May-26
43.6719191,-79.3241999,TRUE,rare,rare,27-May-26
43.6719926,-79.4492153,TRUE,high,high,27-May-26
43.6720074,-79.3886232,TRUE,low,low,27-May-26
43.6722087,-79.414299,TRUE,rare,none,27-May-26
43.6722804,-79.4400244,TRUE,rare,rare,27-May-26
43.6722814,-79.3016606,TRUE,rare,none,27-May-26
43.6723846,-79.4581169,TRUE,low,low,27-May-26
43.6724238,-79.4785812,TRUE,mid,low,27-May-26
43.6724622,-79.3206517,TRUE,rare,rare,27-May-26
43.6725239,-79.4014333,TRUE,low,low,27-May-26
43.6726507,-79.369815,TRUE,low,low,27-May-26
43.672683,-79.4906573,TRUE,rare,rare,27-May-26
43.6727153,-79.3195104,TRUE,rare,rare,27-May-26
43.6727374,-79.4601495,TRUE,mid,mid,27-May-26
43.6727994,-79.2791031,TRUE,rare,rare,27-May-26
43.6728278,-79.2873231,TRUE,mid,low,27-May-26
43.6728949,-79.3921441,TRUE,low,low,27-May-26
43.6730058,-79.3578712,TRUE,rare,rare,27-May-26
43.6730826,-79.3882892,TRUE,high,mid,27-May-26
43.6731367,-79.4224491,TRUE,high,mid,27-May-26
43.6732153,-79.395477,TRUE,low,low,27-May-26
43.6733442,-79.4291587,TRUE,low,none,27-May-26
43.673349,-79.4211379,TRUE,mid,low,27-May-26
43.6734173,-79.3228685,TRUE,mid,low,27-May-26
43.6734682,-79.4786823,TRUE,rare,rare,27-May-26
43.6735499,-79.3850266,TRUE,rare,rare,27-May-26
43.6735927,-79.3572332,TRUE,rare,none,27-May-26
43.6736104,-79.4561519,TRUE,rare,none,27-May-26
43.6737211,-79.4402442,TRUE,rare,rare,27-May-26
43.6737308,-79.3304011,TRUE,rare,rare,27-May-26
43.6739544,-79.5604801,TRUE,mid,low,27-May-26
43.6740007,-79.3661227,TRUE,high,high,27-May-26
43.6740042,-79.5185398,TRUE,rare,none,27-May-26
43.6741227,-79.4896454,TRUE,low,low,27-May-26
43.6741836,-79.4609759,TRUE,low,rare,27-May-26
43.6742077,-79.3881541,TRUE,rare,rare,27-May-26
43.674274,-79.3879807,TRUE,mid,rare,27-May-26
43.6743756,-79.3817537,TRUE,low,rare,27-May-26
43.6744244,-79.3469116,TRUE,very_high,high,27-May-26
43.6744818,-79.3599191,TRUE,rare,rare,27-May-26
43.6744982,-79.3917014,TRUE,high,mid,27-May-26
43.6745342,-79.3083736,TRUE,rare,none,27-May-26
43.6746257,-79.3883342,TRUE,rare,none,27-May-26
43.6747983,-79.2975874,TRUE,rare,none,27-May-26
43.6749864,-79.4129407,TRUE,very_high,very_high,27-May-26
43.6750332,-79.3398185,TRUE,low,low,27-May-26
43.6752291,-79.4535015,TRUE,mid,mid,27-May-26
43.6753158,-79.4515427,TRUE,rare,none,27-May-26
43.675352,-79.357883,TRUE,rare,rare,27-May-26
43.6754364,-79.4763648,TRUE,rare,none,27-May-26
43.6755773,-79.4437534,TRUE,low,low,27-May-26
43.6758398,-79.3444339,TRUE,rare,none,27-May-26
43.675865,-79.4109118,TRUE,high,mid,27-May-26
43.6759367,-79.4789335,TRUE,rare,rare,27-May-26
43.6759473,-79.3801008,TRUE,rare,rare,27-May-26
43.67597,-79.4245029,TRUE,rare,rare,27-May-26
43.6760819,-79.3146401,TRUE,low,rare,27-May-26
43.6760941,-79.3065919,TRUE,low,low,27-May-26
43.6761682,-79.3583528,TRUE,low,rare,27-May-26
43.6762334,-79.4304271,TRUE,rare,rare,27-May-26
43.6766518,-79.3575753,TRUE,low,low,27-May-26
43.6762917,-79.3570395,TRUE,mid,none,27-May-26
43.6763589,-79.3573386,TRUE,low,low,27-May-26
43.6764083,-79.3563119,TRUE,low,low,27-May-26
43.6764089,-79.2900597,TRUE,rare,none,27-May-26
43.676411,-79.3594414,TRUE,rare,none,27-May-26
43.6764963,-79.3580084,TRUE,rare,rare,27-May-26
43.6766429,-79.3572524,TRUE,mid,low,27-May-26
43.6767723,-79.449038,TRUE,rare,rare,27-May-26
43.676855,-79.4071867,TRUE,rare,rare,27-May-26
43.6769045,-79.4468529,TRUE,rare,rare,27-May-26
43.6769171,-79.416388,TRUE,rare,rare,27-May-26
43.6769588,-79.414331,TRUE,rare,none,27-May-26
43.6769865,-79.4423774,TRUE,low,low,27-May-26
43.6770129,-79.3506814,TRUE,rare,rare,27-May-26
43.67716495,-79.47118549,TRUE,rare,none,27-May-26
43.6772624,-79.3523373,TRUE,mid,rare,27-May-26
43.6772724,-79.4281758,TRUE,mid,none,27-May-26
43.6773373,-79.4302417,TRUE,rare,rare,27-May-26
43.6774234,-79.3361705,TRUE,rare,rare,27-May-26
43.6774418,-79.3472396,TRUE,low,none,27-May-26
43.6775181,-79.3537308,TRUE,very_high,mid,27-May-26
43.6775624,-79.4155711,TRUE,rare,none,27-May-26
43.6776642,-79.3468108,TRUE,rare,none,27-May-26
43.6777177,-79.4885667,TRUE,low,low,27-May-26
43.6777962,-79.4428489,TRUE,rare,rare,27-May-26
43.6778851,-79.3395157,TRUE,rare,rare,27-May-26
43.677889,-79.3282337,TRUE,low,none,27-May-26
43.6781015,-79.4094159,TRUE,mid,mid,27-May-26
43.6781455,-79.4305786,TRUE,low,low,27-May-26
43.6783027,-79.3494659,TRUE,rare,rare,27-May-26
43.6783538,-79.4687796,TRUE,rare,none,27-May-26
43.6783628,-79.4367007,TRUE,mid,low,27-May-26
43.6784173,-79.4819295,TRUE,mid,mid,27-May-26
43.6784198,-79.3501099,TRUE,rare,none,27-May-26
43.6784477,-79.4008411,TRUE,rare,rare,27-May-26
43.67856221,-79.5477046,TRUE,rare,none,27-May-26
43.6785796,-79.3804366,TRUE,rare,rare,27-May-26
43.6785829,-79.3445514,TRUE,mid,mid,27-May-26
43.678615,-79.3524772,TRUE,rare,rare,27-May-26
43.6787341,-79.3466825,TRUE,rare,none,27-May-26
43.6788172,-79.4436313,TRUE,rare,rare,27-May-26
43.6788565,-79.5564559,TRUE,low,low,27-May-26
43.678931,-79.408114,TRUE,high,high,27-May-26
43.6789601,-79.3580442,TRUE,mid,low,27-May-26
43.6790056,-79.3437068,TRUE,rare,rare,27-May-26
43.6790915,-79.4874537,TRUE,mid,low,27-May-26
43.6791507,-79.3366385,TRUE,low,rare,27-May-26
43.6792639,-79.3425537,TRUE,low,low,27-May-26
43.6792896,-79.4447627,TRUE,rare,rare,27-May-26
43.6792947,-79.4416395,TRUE,rare,rare,27-May-26
43.679398,-79.5541145,TRUE,low,rare,27-May-26
43.679503,-79.4162153,TRUE,low,low,27-May-26
43.679585,-79.3409133,TRUE,low,low,27-May-26
43.6796448,-79.3406032,TRUE,low,rare,27-May-26
43.679653,-79.3377846,TRUE,rare,rare,27-May-26
43.6798063,-79.4352986,TRUE,rare,none,27-May-26
43.6798222,-79.4334579,TRUE,rare,rare,27-May-26
43.6800624,-79.4237774,TRUE,very_high,very_high,27-May-26
43.679889,-79.4229277,TRUE,mid,mid,27-May-26
43.6800882,-79.2897656,TRUE,rare,none,27-May-26
43.6801265,-79.3458056,TRUE,low,rare,27-May-26
43.6802552,-79.4334382,TRUE,rare,rare,27-May-26
43.680306,-79.2866831,TRUE,rare,rare,27-May-26
43.6804281,-79.3536517,TRUE,low,none,27-May-26
43.6804683,-79.4799974,TRUE,rare,rare,27-May-26
43.68058169,-79.45946881,TRUE,rare,none,27-May-26
43.6807695,-79.286555,TRUE,rare,none,27-May-26
43.6808455,-79.3305012,TRUE,mid,mid,27-May-26
43.68086,-79.293447,TRUE,low,low,27-May-26
43.6808902,-79.4566628,TRUE,rare,rare,27-May-26
43.6809024,-79.4223348,TRUE,rare,none,27-May-26
43.6809856,-79.3378136,TRUE,rare,rare,27-May-26
43.6810111,-79.337018,TRUE,mid,rare,27-May-26
43.6810361,-79.4272886,TRUE,mid,low,27-May-26
43.6811417,-79.3213121,TRUE,low,low,27-May-26
43.6811971,-79.4266157,TRUE,mid,rare,27-May-26
43.6813295,-79.4776908,TRUE,rare,rare,27-May-26
43.681374,-79.4476673,TRUE,rare,rare,27-May-26
43.6814254,-79.4183507,TRUE,mid,low,27-May-26
43.6814432,-79.4174626,TRUE,rare,rare,27-May-26
43.6814791,-79.32999,TRUE,low,none,27-May-26
43.681579,-79.2986276,TRUE,low,low,27-May-26
43.6817452,-79.4991935,TRUE,mid,mid,27-May-26
43.681872,-79.4229353,TRUE,low,rare,27-May-26
43.6819452,-79.390467,TRUE,mid,rare,27-May-26
43.6820604,-79.2991418,TRUE,low,rare,27-May-26
43.6821258,-79.4345297,TRUE,rare,rare,27-May-26
43.6821651,-79.3283748,TRUE,rare,none,27-May-26
43.6822337,-79.3367589,TRUE,low,rare,27-May-26
43.6822365,-79.4175946,TRUE,low,low,27-May-26
43.6823681,-79.3404876,TRUE,rare,none,27-May-26
43.6828622,-79.5432674,TRUE,rare,rare,27-May-26
43.6828786,-79.326425,TRUE,low,rare,27-May-26
43.6828913,-79.4126561,TRUE,rare,none,27-May-26
43.6829106,-79.2930696,TRUE,mid,mid,27-May-26
43.6829106,-79.4321052,TRUE,low,low,27-May-26
43.683104,-79.3337238,TRUE,low,rare,27-May-26
43.6833666,-79.2889715,TRUE,low,rare,27-May-26
43.6833924,-79.5411501,TRUE,mid,mid,27-May-26
43.6834165,-79.2994443,TRUE,rare,none,27-May-26
43.6835639,-79.4900087,TRUE,low,low,27-May-26
43.683585,-79.496645,TRUE,rare,rare,27-May-26
43.6836193,-79.3404169,TRUE,rare,none,27-May-26
43.6836338,-79.5125369,TRUE,low,rare,27-May-26
43.6836433,-79.3214034,TRUE,high,high,27-May-26
43.6836475,-79.3298923,TRUE,low,none,27-May-26
43.6837538,-79.4590275,TRUE,mid,low,27-May-26
43.6839442,-79.4395836,TRUE,low,rare,27-May-26
43.6839931,-79.472602,TRUE,rare,rare,27-May-26
43.6840892,-79.4025904,TRUE,rare,none,27-May-26
43.6841415,-79.3722328,TRUE,low,rare,27-May-26
43.6841883,-79.3151731,TRUE,low,low,27-May-26
43.6842253,-79.3650185,TRUE,very_high,very_high,27-May-26
43.6842461,-79.3998598,TRUE,low,none,27-May-26
43.684276,-79.4145047,TRUE,rare,rare,27-May-26
43.6843032,-79.4873101,TRUE,low,low,27-May-26
43.6843701,-79.5556016,TRUE,mid,mid,27-May-26
43.684471,-79.3177084,TRUE,rare,none,27-May-26
43.6844777,-79.5190759,TRUE,rare,rare,27-May-26
43.6845254,-79.4737629,TRUE,rare,rare,27-May-26
43.6846346,-79.3931534,TRUE,rare,none,27-May-26
43.684742,-79.3896662,TRUE,mid,mid,27-May-26
43.6848474,-79.3687013,TRUE,low,low,27-May-26
43.6850283,-79.4168316,TRUE,mid,rare,27-May-26
43.6854191,-79.3147986,TRUE,rare,rare,27-May-26
43.6855283,-79.4123728,TRUE,mid,low,27-May-26
43.6855511,-79.4083719,TRUE,low,none,27-May-26
43.6855732,-79.3152784,TRUE,low,low,27-May-26
43.6856213,-79.3138733,TRUE,high,mid,27-May-26
43.6856983,-79.3597464,TRUE,high,high,27-May-26
43.685799,-79.3130611,TRUE,rare,rare,27-May-26
43.686075,-79.3228208,TRUE,rare,rare,27-May-26
43.6861365,-79.5040722,TRUE,rare,rare,27-May-26
43.6863048,-79.4723454,TRUE,mid,mid,27-May-26
43.6863392,-79.4055944,TRUE,low,rare,27-May-26
43.6864333,-79.3003555,TRUE,rare,rare,27-May-26
43.6864581,-79.3103977,TRUE,rare,rare,27-May-26
43.6864595,-79.5278049,TRUE,mid,none,27-May-26
43.6865358,-79.3514331,TRUE,rare,rare,27-May-26
43.6865619,-79.4381346,TRUE,high,high,27-May-26
43.6866092,-79.4882248,TRUE,mid,mid,27-May-26
43.6866687,-79.461858,TRUE,low,low,27-May-26
43.6866806,-79.3927614,TRUE,low,rare,27-May-26
43.686851,-79.4281109,TRUE,low,low,27-May-26
43.6869783,-79.477096,TRUE,mid,mid,27-May-26
43.68707532,-79.36859918,TRUE,rare,none,27-May-26
43.6871838,-79.3779677,TRUE,low,low,27-May-26
43.6873937,-79.3517559,TRUE,low,low,27-May-26
43.693609,-79.27501,TRUE,mid,low,27-May-26
43.6875638,-79.3054609,TRUE,rare,none,27-May-26
43.6875978,-79.3098837,TRUE,rare,rare,27-May-26
43.6876981,-79.3048419,TRUE,rare,none,27-May-26
43.6878105,-79.2713008,TRUE,rare,none,27-May-26
43.7256276,-79.2303564,TRUE,rare,none,27-May-26
43.6878484,-79.3468833,TRUE,rare,none,27-May-26
43.687914,-79.2966836,TRUE,rare,rare,27-May-26
43.6879166,-79.2972165,TRUE,low,rare,27-May-26
43.6880395,-79.2714737,TRUE,low,none,27-May-26
43.6883528,-79.3022341,TRUE,rare,rare,27-May-26
43.688399,-79.2998499,TRUE,rare,rare,27-May-26
43.6886301,-79.5428768,TRUE,rare,rare,27-May-26
43.688662,-79.519406,TRUE,rare,none,27-May-26
43.6887454,-79.3924891,TRUE,rare,rare,27-May-26
43.6887892,-79.4504849,TRUE,rare,rare,27-May-26
43.6888743,-79.3026566,TRUE,rare,none,27-May-26
43.6888754,-79.2992095,TRUE,rare,none,27-May-26
43.6888837,-79.5084398,TRUE,mid,mid,27-May-26
43.6889034,-79.3260886,TRUE,low,none,27-May-26
43.688916,-79.4913149,TRUE,low,low,27-May-26
43.6889231,-79.5778707,TRUE,low,rare,27-May-26
43.6889942,-79.4956164,TRUE,rare,rare,27-May-26
43.6891992,-79.396123,TRUE,high,mid,27-May-26
43.6892142,-79.462232,TRUE,rare,rare,27-May-26
43.6893721,-79.3271314,TRUE,rare,rare,27-May-26
43.689388,-79.4922577,TRUE,rare,rare,27-May-26
43.6893965,-79.4948933,TRUE,high,mid,27-May-26
43.6894387,-79.2907986,TRUE,rare,rare,27-May-26
43.6895052,-79.2691262,TRUE,low,rare,27-May-26
43.689517,-79.4099435,TRUE,very_high,high,27-May-26
43.6895537,-79.296195,TRUE,low,rare,27-May-26
43.6896321,-79.3351249,TRUE,rare,none,27-May-26
43.6897302,-79.4997874,TRUE,low,low,27-May-26
43.6897648,-79.2906233,TRUE,rare,rare,27-May-26
43.6898214,-79.3912622,TRUE,rare,none,27-May-26
43.6898709,-79.2765175,TRUE,rare,none,27-May-26
43.6899634,-79.5835364,TRUE,low,low,27-May-26
43.690164,-79.4742846,TRUE,rare,rare,27-May-26
43.6902086,-79.3148795,TRUE,rare,none,27-May-26
43.6903024,-79.3957475,TRUE,high,mid,27-May-26
43.6906384,-79.3940777,TRUE,very_high,high,27-May-26
43.6907395,-79.4514242,TRUE,rare,none,27-May-26
43.6907457,-79.4091937,TRUE,rare,none,27-May-26
43.6907716,-79.3494964,TRUE,low,low,27-May-26
43.6909673,-79.4721021,TRUE,low,rare,27-May-26
43.6910384,-79.4769079,TRUE,rare,rare,27-May-26
43.6910656,-79.4399077,TRUE,mid,mid,27-May-26
43.6780624,-79.4412695,TRUE,rare,none,27-May-26
43.6911765,-79.2872782,TRUE,mid,mid,27-May-26
43.691217,-79.3284013,TRUE,rare,rare,27-May-26
43.6913084,-79.5629523,TRUE,rare,rare,27-May-26
43.6913805,-79.3147586,TRUE,low,none,27-May-26
43.6914234,-79.3278714,TRUE,rare,rare,27-May-26
43.6916058,-79.4553745,TRUE,rare,rare,27-May-26
43.6916521,-79.2661175,TRUE,rare,rare,27-May-26
43.6916599,-79.4581595,TRUE,rare,none,27-May-26
43.6918209,-79.30112,TRUE,low,low,27-May-26
43.6919638,-79.4407485,TRUE,high,high,27-May-26
43.6921284,-79.4433142,TRUE,rare,none,27-May-26
43.6921454,-79.3296806,TRUE,low,rare,27-May-26
43.6921591,-79.5765849,TRUE,low,low,27-May-26
43.6922407,-79.3479764,TRUE,rare,rare,27-May-26
43.6922814,-79.5512886,TRUE,high,high,27-May-26
43.6922876,-79.4329327,TRUE,rare,none,27-May-26
43.6923175,-79.3381853,TRUE,rare,rare,27-May-26
43.692431,-79.2882865,TRUE,rare,rare,27-May-26
43.6925051,-79.5375796,TRUE,rare,none,27-May-26
43.6925464,-79.5097077,TRUE,mid,low,27-May-26
43.6833984,-79.4719414,TRUE,rare,rare,27-May-26
43.6929178,-79.4037528,TRUE,low,none,27-May-26
43.6930222,-79.2973341,TRUE,rare,rare,27-May-26
43.6931755,-79.4760984,TRUE,mid,mid,27-May-26
43.6933481,-79.4791504,TRUE,rare,rare,27-May-26
43.6934418,-79.2841979,TRUE,low,low,27-May-26
43.693467,-79.2788228,TRUE,rare,rare,27-May-26
43.693603,-79.4484726,TRUE,rare,none,27-May-26
43.6936295,-79.2933125,TRUE,very_high,very_high,27-May-26
43.6936478,-79.2765063,TRUE,rare,none,27-May-26
43.6937365,-79.440958,TRUE,rare,none,27-May-26
43.6938107,-79.3425,TRUE,low,rare,27-May-26
43.6938199,-79.5381266,TRUE,rare,none,27-May-26
43.6938309,-79.3425463,TRUE,rare,none,27-May-26
43.6938385,-79.4937089,TRUE,rare,rare,27-May-26
43.6939378,-79.33119,TRUE,low,rare,27-May-26
43.6940457,-79.2587413,TRUE,rare,rare,27-May-26
43.6944261,-79.4475451,TRUE,low,rare,27-May-26
43.6944472,-79.4869646,TRUE,rare,rare,27-May-26
43.6945074,-79.3084526,TRUE,rare,rare,27-May-26
43.6945822,-79.4362566,TRUE,rare,rare,27-May-26
43.6946399,-79.506064,TRUE,rare,rare,27-May-26
43.6947015,-79.2619862,TRUE,rare,none,27-May-26
43.6948392,-79.4549863,TRUE,rare,none,27-May-26
43.6948612,-79.3315671,TRUE,low,rare,27-May-26
43.6949778,-79.3114784,TRUE,low,low,27-May-26
43.6950365,-79.2834069,TRUE,low,rare,27-May-26
43.6951558,-79.2816482,TRUE,rare,rare,27-May-26
43.695167,-79.4495403,TRUE,mid,low,27-May-26
43.6954353,-79.414458,TRUE,rare,rare,27-May-26
43.695537,-79.4242369,TRUE,rare,rare,27-May-26
43.6956191,-79.2632036,TRUE,rare,none,27-May-26
43.69568263,-79.37846637,TRUE,rare,rare,27-May-26
43.6957475,-79.2911495,TRUE,mid,mid,27-May-26
43.6957795,-79.4484902,TRUE,rare,rare,27-May-26
43.69581,-79.29236,TRUE,rare,rare,27-May-26
43.6958194,-79.4303748,TRUE,rare,rare,27-May-26
43.6958285,-79.2979859,TRUE,mid,low,27-May-26
43.6959482,-79.4666091,TRUE,mid,none,27-May-26
43.6960991,-79.4472821,TRUE,high,high,27-May-26
43.6961154,-79.5551736,TRUE,rare,none,27-May-26
43.6961596,-79.44823161,TRUE,rare,rare,27-May-26
43.6961763,-79.5135316,TRUE,low,low,27-May-26
43.6963052,-79.4481466,TRUE,low,low,27-May-26
43.6966373,-79.5437768,TRUE,low,low,27-May-26
43.6968603,-79.5259239,TRUE,low,rare,27-May-26
43.6969527,-79.2917997,TRUE,high,high,27-May-26
43.6971139,-79.2844137,TRUE,very_high,very_high,27-May-26
43.6972115,-79.2853274,TRUE,mid,mid,27-May-26
43.6972249,-79.4423435,TRUE,mid,mid,27-May-26
43.6976177,-79.4406173,TRUE,low,low,27-May-26
43.6977098,-79.477851,TRUE,low,low,27-May-26
43.6977905,-79.5504978,TRUE,low,low,27-May-26
43.6978033,-79.3893544,TRUE,rare,rare,27-May-26
43.6978529,-79.2595991,TRUE,low,rare,27-May-26
43.6978557,-79.5536116,TRUE,rare,rare,27-May-26
43.6980177,-79.5009096,TRUE,rare,rare,27-May-26
43.6981038,-79.3879959,TRUE,rare,rare,27-May-26
43.6981091,-79.437584,TRUE,mid,low,27-May-26
43.69818,-79.5023479,TRUE,rare,rare,27-May-26
43.6982847,-79.2968753,TRUE,high,high,27-May-26
43.6983247,-79.4254785,TRUE,mid,low,27-May-26
43.6983873,-79.3197596,TRUE,rare,none,27-May-26
43.6984615,-79.3141563,TRUE,rare,rare,27-May-26
43.6985075,-79.2593658,TRUE,mid,mid,27-May-26
43.6986721,-79.3824451,TRUE,rare,none,27-May-26
43.698952,-79.3869118,TRUE,rare,rare,27-May-26
43.6990915,-79.5119416,TRUE,low,low,27-May-26
43.6993087,-79.5978041,TRUE,rare,rare,27-May-26
43.6993415,-79.4326308,TRUE,rare,none,27-May-26
43.6993918,-79.5146066,TRUE,rare,rare,27-May-26
43.6994238,-79.3959051,TRUE,rare,rare,27-May-26
43.6994385,-79.3931761,TRUE,rare,none,27-May-26
43.6996703,-79.3924539,TRUE,rare,none,27-May-26
43.6997032,-79.3487028,TRUE,rare,rare,27-May-26
43.6997962,-79.3166021,TRUE,rare,rare,27-May-26
43.7000518,-79.5151745,TRUE,rare,rare,27-May-26
43.7000587,-79.2773939,TRUE,mid,low,27-May-26
43.7001377,-79.3137036,TRUE,mid,mid,27-May-26
43.7002487,-79.2866129,TRUE,mid,mid,27-May-26
43.7003034,-79.446509,TRUE,high,high,27-May-26
43.7004577,-79.5203244,TRUE,high,high,27-May-26
43.7004685,-79.515741,TRUE,low,none,27-May-26
43.7005372,-79.2702115,TRUE,mid,mid,27-May-26
43.7005869,-79.5160413,TRUE,low,low,27-May-26
43.7008059,-79.4521983,TRUE,low,low,27-May-26
43.700985,-79.45225875,TRUE,rare,none,27-May-26
43.701037,-79.510078,TRUE,rare,rare,27-May-26
43.7012488,-79.3849964,TRUE,low,rare,27-May-26
43.7013464,-79.5489364,TRUE,rare,rare,27-May-26
43.7014229,-79.5200352,TRUE,low,low,27-May-26
43.7014417,-79.2994495,TRUE,low,low,27-May-26
43.701532,-79.5202474,TRUE,low,rare,27-May-26
43.701793,-79.5206058,TRUE,rare,rare,27-May-26
43.7018685,-79.5198338,TRUE,low,none,27-May-26
43.7019724,-79.2784325,TRUE,rare,rare,27-May-26
43.702075,-79.34313,TRUE,high,high,27-May-26
43.7021905,-79.4957925,TRUE,rare,rare,27-May-26
43.702218,-79.2989421,TRUE,low,rare,27-May-26
43.702345,-79.5207054,TRUE,mid,mid,27-May-26
43.7023554,-79.3497306,TRUE,low,low,27-May-26
43.7023661,-79.4538811,TRUE,low,low,27-May-26
43.7023666,-79.4206252,TRUE,rare,rare,27-May-26
43.7023808,-79.373422,TRUE,rare,rare,27-May-26
43.7024247,-79.5004564,TRUE,rare,rare,27-May-26
43.7026155,-79.3880947,TRUE,rare,none,27-May-26
43.7028608,-79.433191,TRUE,low,low,27-May-26
43.7028769,-79.3415415,TRUE,rare,rare,27-May-26
43.7029052,-79.3635878,TRUE,low,low,27-May-26
43.7029518,-79.3425925,TRUE,mid,mid,27-May-26
43.7029532,-79.344936,TRUE,rare,rare,27-May-26
43.7030007,-79.3875721,TRUE,low,none,27-May-26
43.7030457,-79.4211484,TRUE,rare,rare,27-May-26
43.7034814,-79.5206308,TRUE,rare,none,27-May-26
43.7036869,-79.5107007,TRUE,rare,rare,27-May-26
43.7037427,-79.3518023,TRUE,rare,rare,27-May-26
43.7039289,-79.3881996,TRUE,rare,rare,27-May-26
43.7042521,-79.4085606,TRUE,rare,none,27-May-26
43.7043214,-79.3468893,TRUE,rare,rare,27-May-26
43.7043955,-79.5315499,TRUE,rare,rare,27-May-26
43.7046282,-79.2825381,TRUE,rare,rare,27-May-26
43.7048641,-79.5638653,TRUE,rare,rare,27-May-26
43.70487788,-79.25206387,TRUE,rare,rare,27-May-26
43.7049382,-79.3443235,TRUE,mid,mid,27-May-26
43.7051037,-79.4242532,TRUE,mid,mid,27-May-26
43.7052664,-79.3780756,TRUE,rare,none,27-May-26
43.7053205,-79.3120308,TRUE,mid,none,27-May-26
43.7053522,-79.3717258,TRUE,rare,none,27-May-26
43.7054872,-79.3435246,TRUE,low,low,27-May-26
43.7055934,-79.3672768,TRUE,low,low,27-May-26
43.705656,-79.3461332,TRUE,mid,mid,27-May-26
43.7057203,-79.4102447,TRUE,rare,none,27-May-26
43.7057315,-79.2772767,TRUE,rare,rare,27-May-26
43.7058323,-79.3985055,TRUE,low,none,27-May-26
43.7058815,-79.3754008,TRUE,rare,rare,27-May-26
43.7060609,-79.3451843,TRUE,low,low,27-May-26
43.7061085,-79.5091027,TRUE,rare,rare,27-May-26
43.7063768,-79.3898007,TRUE,high,mid,27-May-26
43.70649989,-79.42508522,TRUE,low,low,27-May-26
43.7065364,-79.3675693,TRUE,rare,rare,27-May-26
43.7065452,-79.2514488,TRUE,rare,rare,27-May-26
43.706703,-79.3946161,TRUE,low,rare,27-May-26
43.7067783,-79.3702703,TRUE,rare,none,27-May-26
43.7067846,-79.3572156,TRUE,rare,rare,27-May-26
43.706943,-79.2531911,TRUE,rare,none,27-May-26
43.7072829,-79.5134169,TRUE,mid,mid,27-May-26
43.7073153,-79.3971555,TRUE,rare,none,27-May-26
43.7074262,-79.50425062,TRUE,low,rare,27-May-26
43.7074995,-79.2664635,TRUE,rare,rare,27-May-26
43.7076197,-79.250127,TRUE,rare,none,27-May-26
43.7076588,-79.4090275,TRUE,rare,rare,27-May-26
43.70771679,-79.50227651,TRUE,low,rare,27-May-26
43.7077702,-79.3991984,TRUE,low,rare,27-May-26
43.7077991,-79.3056241,TRUE,mid,low,27-May-26
43.7078211,-79.3881164,TRUE,rare,rare,27-May-26
43.707892,-79.393505,TRUE,low,none,27-May-26
43.7079081,-79.4401653,TRUE,rare,none,27-May-26
43.7079915,-79.3406393,TRUE,rare,none,27-May-26
43.7080585,-79.4941737,TRUE,mid,mid,27-May-26
43.7080605,-79.269299,TRUE,mid,mid,27-May-26
43.7069,-79.2396,TRUE,rare,rare,27-May-26
43.7038158,-79.2419431,TRUE,rare,none,27-May-26
43.708166,-79.3895926,TRUE,rare,none,27-May-26
43.7081915,-79.2709001,TRUE,rare,none,27-May-26
43.7082504,-79.3345656,TRUE,high,mid,27-May-26
43.7083798,-79.4000683,TRUE,mid,mid,27-May-26
43.708473,-79.2480091,TRUE,rare,rare,27-May-26
43.7085757,-79.3437094,TRUE,mid,rare,27-May-26
43.7086325,-79.4918931,TRUE,rare,rare,27-May-26
43.7087999,-79.3991207,TRUE,rare,rare,27-May-26
43.708848,-79.3898482,TRUE,rare,none,27-May-26
43.7089887,-79.3413987,TRUE,mid,mid,27-May-26
43.7092585,-79.3966387,TRUE,low,rare,27-May-26
43.709517,-79.390482,TRUE,rare,none,27-May-26
43.7096422,-79.4120585,TRUE,low,low,27-May-26
43.7100002,-79.3323996,TRUE,mid,mid,27-May-26
43.7102374,-79.2934991,TRUE,rare,none,27-May-26
43.7105251,-79.3358381,TRUE,high,mid,27-May-26
43.7106344,-79.2488049,TRUE,rare,none,27-May-26
43.7106705,-79.480759,TRUE,rare,none,27-May-26
43.7108083,-79.3896692,TRUE,low,rare,27-May-26
43.7108159,-79.428834,TRUE,rare,rare,27-May-26
43.7108667,-79.4641586,TRUE,rare,rare,27-May-26
43.711037,-79.4536672,TRUE,rare,none,27-May-26
43.7112494,-79.3728646,TRUE,rare,rare,27-May-26
43.7112673,-79.4513478,TRUE,low,low,27-May-26
43.7116403,-79.4526879,TRUE,low,low,27-May-26
43.711728,-79.5174357,TRUE,rare,rare,27-May-26
43.7117339,-79.3316653,TRUE,rare,rare,27-May-26
43.7121543,-79.3137829,TRUE,rare,none,27-May-26
43.712419,-79.4016739,TRUE,low,rare,27-May-26
43.7125938,-79.3296635,TRUE,rare,rare,27-May-26
43.7127585,-79.28525362,TRUE,low,low,27-May-26
43.7128726,-79.4572995,TRUE,mid,low,27-May-26
43.7129505,-79.2752719,TRUE,mid,mid,27-May-26
43.7133661,-79.5045037,TRUE,mid,mid,27-May-26
43.7144064,-79.326727,TRUE,high,high,27-May-26
43.7144362,-79.3331597,TRUE,rare,rare,27-May-26
43.7144409,-79.2487441,TRUE,low,low,27-May-26
43.7145759,-79.369115,TRUE,low,rare,27-May-26
43.7146496,-79.4895457,TRUE,mid,low,27-May-26
43.7146865,-79.2802879,TRUE,rare,rare,27-May-26
43.7152085,-79.6041339,TRUE,rare,rare,27-May-26
43.7153476,-79.4028131,TRUE,very_high,rare,27-May-26
43.7155364,-79.2403567,TRUE,mid,mid,27-May-26
43.7155539,-79.4904912,TRUE,mid,rare,27-May-26
43.7156626,-79.284194,TRUE,low,rare,27-May-26
43.715708,-79.3052027,TRUE,rare,rare,27-May-26
43.7160385,-79.3046491,TRUE,rare,rare,27-May-26
43.71626,-79.5499607,TRUE,rare,rare,27-May-26
43.716265,-79.3249228,TRUE,low,rare,27-May-26
43.7164212,-79.4313034,TRUE,rare,rare,27-May-26
43.7164255,-79.3041205,TRUE,rare,rare,27-May-26
43.7164321,-79.2964576,TRUE,rare,none,27-May-26
43.7164563,-79.4472729,TRUE,mid,mid,27-May-26
43.7166324,-79.5038287,TRUE,rare,none,27-May-26
43.7168431,-79.5578951,TRUE,rare,rare,27-May-26
43.7170453,-79.2872454,TRUE,low,low,27-May-26
43.7170747,-79.3015709,TRUE,high,high,27-May-26
43.7171668,-79.5701456,TRUE,low,low,27-May-26
43.7173283,-79.3010556,TRUE,rare,rare,27-May-26
43.7173398,-79.4847187,TRUE,rare,none,27-May-26
43.7175386,-79.2557458,TRUE,rare,rare,27-May-26
43.7175845,-79.3319293,TRUE,low,low,27-May-26
43.7176502,-79.301817,TRUE,low,low,27-May-26
43.7177597,-79.3776205,TRUE,low,rare,27-May-26
43.7179158,-79.4396002,TRUE,low,low,27-May-26
43.7180395,-79.4422426,TRUE,mid,mid,27-May-26
43.718059,-79.3318199,TRUE,mid,mid,27-May-26
43.7186594,-79.373579,TRUE,mid,mid,27-May-26
43.7187048,-79.4090241,TRUE,low,low,27-May-26
43.7189286,-79.5148278,TRUE,high,high,27-May-26
43.7191105,-79.2751138,TRUE,rare,none,27-May-26
43.719296,-79.5136037,TRUE,rare,none,27-May-26
43.7193614,-79.5720962,TRUE,low,low,27-May-26
43.719534,-79.5656914,TRUE,rare,rare,27-May-26
43.7197086,-79.4801599,TRUE,rare,none,27-May-26
43.7198265,-79.5262225,TRUE,rare,rare,27-May-26
43.7198743,-79.5548106,TRUE,low,low,27-May-26
43.7199299,-79.3899443,TRUE,rare,none,27-May-26
43.7199701,-79.5740992,TRUE,rare,rare,27-May-26
43.7200528,-79.3874782,TRUE,rare,none,27-May-26
43.7200754,-79.2840128,TRUE,rare,rare,27-May-26
43.7201292,-79.3984314,TRUE,mid,mid,27-May-26
43.7202397,-79.444036,TRUE,low,low,27-May-26
43.7204023,-79.5079868,TRUE,low,low,27-May-26
43.7204207,-79.4516539,TRUE,mid,low,27-May-26
43.7204643,-79.4094673,TRUE,low,none,27-May-26
43.720471,-79.60057,TRUE,rare,none,27-May-26
43.7204816,-79.4479255,TRUE,rare,rare,27-May-26
43.7205045,-79.4134241,TRUE,mid,none,27-May-26
43.7206384,-79.3047607,TRUE,rare,none,27-May-26
43.7207556,-79.5724443,TRUE,rare,rare,27-May-26
43.720779,-79.4321831,TRUE,mid,mid,27-May-26
43.7211171,-79.5905372,TRUE,mid,mid,27-May-26
43.7213655,-79.3024892,TRUE,rare,none,27-May-26
43.7216025,-79.511318,TRUE,rare,rare,27-May-26
43.7217341,-79.4481277,TRUE,rare,rare,27-May-26
43.7215301,-79.4478191,TRUE,rare,rare,27-May-26
43.7219481,-79.497569,TRUE,mid,mid,27-May-26
43.7219736,-79.4108107,TRUE,mid,low,27-May-26
43.7222247,-79.5106917,TRUE,low,low,27-May-26
43.722235,-79.2919845,TRUE,rare,none,27-May-26
43.7226844,-79.4315548,TRUE,rare,rare,27-May-26
43.722692,-79.4313707,TRUE,rare,none,27-May-26
43.7231532,-79.5732862,TRUE,mid,rare,27-May-26
43.7232169,-79.3155859,TRUE,low,low,27-May-26
43.7232621,-79.4026057,TRUE,low,low,27-May-26
43.7233296,-79.2993483,TRUE,rare,none,27-May-26
43.7233609,-79.3004165,TRUE,rare,rare,27-May-26
43.7235048,-79.2374176,TRUE,low,low,27-May-26
43.7235244,-79.2996197,TRUE,rare,rare,27-May-26
43.7235801,-79.3792695,TRUE,mid,low,27-May-26
43.723826,-79.3372992,TRUE,rare,rare,27-May-26
43.7238586,-79.3334758,TRUE,low,rare,27-May-26
43.7239809,-79.5115963,TRUE,rare,rare,27-May-26
43.7248283,-79.4018372,TRUE,rare,none,27-May-26
43.7250296,-79.3804901,TRUE,rare,rare,27-May-26
43.7250757,-79.5714044,TRUE,mid,low,27-May-26
43.7253016,-79.3319921,TRUE,very_high,very_high,27-May-26
43.725377,-79.3383143,TRUE,rare,rare,27-May-26
43.72550806,-79.57218386,TRUE,rare,none,27-May-26
43.7256238,-79.4523079,TRUE,high,high,27-May-26
43.7261267,-79.5732276,TRUE,mid,mid,27-May-26
43.7261754,-79.231875,TRUE,rare,none,27-May-26
43.7262462,-79.2317226,TRUE,rare,none,27-May-26
43.7262575,-79.4016412,TRUE,rare,none,27-May-26
43.72626645,-79.48020953,TRUE,rare,rare,27-May-26
43.7263239,-79.329089,TRUE,rare,rare,27-May-26
43.7263926,-79.3483661,TRUE,mid,mid,27-May-26
43.7264289,-79.3349715,TRUE,mid,low,27-May-26
43.7265291,-79.5028824,TRUE,rare,rare,27-May-26
43.7265987,-79.2169429,TRUE,mid,mid,27-May-26
43.7267455,-79.302377,TRUE,low,low,27-May-26
43.7268682,-79.2621871,TRUE,low,rare,27-May-26
43.7272363,-79.2522651,TRUE,rare,rare,27-May-26
43.7272974,-79.5187397,TRUE,rare,rare,27-May-26
43.7273296,-79.6152684,TRUE,rare,rare,27-May-26
43.7273506,-79.5146585,TRUE,rare,rare,27-May-26
43.7273984,-79.2317916,TRUE,rare,none,27-May-26
43.7274322,-79.4264287,TRUE,rare,none,27-May-26
43.7276026,-79.4931152,TRUE,low,low,27-May-26
43.7276322,-79.4039273,TRUE,low,none,27-May-26
43.7276394,-79.2565016,TRUE,rare,rare,27-May-26
43.7276793,-79.401078,TRUE,low,rare,27-May-26
43.7277887,-79.56279,TRUE,low,low,27-May-26
43.7282411,-79.5322868,TRUE,rare,rare,27-May-26
43.7285966,-79.488525,TRUE,rare,none,27-May-26
43.7288029,-79.3837412,TRUE,rare,rare,27-May-26
43.72882,-79.4820448,TRUE,low,low,27-May-26
43.7289623,-79.4399818,TRUE,high,mid,27-May-26
43.7290139,-79.2510734,TRUE,low,low,27-May-26
43.7290756,-79.5978858,TRUE,rare,none,27-May-26
43.7294846,-79.4410217,TRUE,low,low,27-May-26
43.7295088,-79.4773377,TRUE,mid,mid,27-May-26
43.7296739,-79.6187872,TRUE,high,high,27-May-26
43.7299098,-79.2803666,TRUE,rare,rare,27-May-26
43.7301212,-79.5508122,TRUE,low,low,27-May-26
43.7301697,-79.3812726,TRUE,mid,mid,27-May-26
43.7302646,-79.4340919,TRUE,high,mid,27-May-26
43.7302894,-79.4403102,TRUE,rare,rare,27-May-26
43.7306438,-79.4784607,TRUE,rare,rare,27-May-26
43.7307942,-79.6084939,TRUE,high,mid,27-May-26
43.7311364,-79.3108616,TRUE,low,rare,27-May-26
43.7311747,-79.3286598,TRUE,rare,none,27-May-26
43.7312073,-79.4398821,TRUE,low,low,27-May-26
43.7312497,-79.5597203,TRUE,rare,rare,27-May-26
43.7312532,-79.5869789,TRUE,low,low,27-May-26
43.7312614,-79.5938031,TRUE,low,low,27-May-26
43.7314351,-79.5919612,TRUE,low,low,27-May-26
43.7317185,-79.6174314,TRUE,low,rare,27-May-26
43.7317645,-79.433215,TRUE,rare,none,27-May-26
43.7318619,-79.3486059,TRUE,rare,none,27-May-26
43.7318991,-79.2336607,TRUE,rare,none,27-May-26
43.7319101,-79.268292,TRUE,rare,rare,27-May-26
43.7322688,-79.2704268,TRUE,mid,mid,27-May-26
43.7322953,-79.2767984,TRUE,mid,mid,27-May-26
43.7323621,-79.2261529,TRUE,mid,mid,27-May-26
43.7324176,-79.3468155,TRUE,rare,rare,27-May-26
43.7326575,-79.261697,TRUE,low,low,27-May-26
43.7329594,-79.4668788,TRUE,low,rare,27-May-26
43.7330165,-79.3795952,TRUE,rare,rare,27-May-26
43.7334731,-79.2513829,TRUE,rare,none,27-May-26
43.7334781,-79.4533486,TRUE,rare,rare,27-May-26
43.7335128,-79.337868,TRUE,rare,none,27-May-26
43.7338465,-79.4230077,TRUE,rare,none,27-May-26
43.7341905,-79.358089,TRUE,mid,low,27-May-26
43.7342047,-79.5630797,TRUE,mid,low,27-May-26
43.734425,-79.2967464,TRUE,rare,rare,27-May-26
43.7346103,-79.3408873,TRUE,low,rare,27-May-26
43.7346127,-79.3009168,TRUE,rare,rare,27-May-26
43.73462455,-79.38042129,TRUE,rare,rare,27-May-26
43.7347935,-79.5886818,TRUE,rare,rare,27-May-26
43.7348108,-79.5829514,TRUE,low,low,27-May-26
43.7349989,-79.557696,TRUE,rare,none,27-May-26
43.7350215,-79.344992,TRUE,low,low,27-May-26
43.7350384,-79.3388079,TRUE,low,low,27-May-26
43.7353207,-79.433131,TRUE,low,low,27-May-26
43.7353996,-79.370883,TRUE,rare,rare,27-May-26
43.7354505,-79.5625274,TRUE,mid,mid,27-May-26
43.7355531,-79.5928849,TRUE,rare,rare,27-May-26
43.73584143,-79.28977924,TRUE,rare,rare,27-May-26
43.735846,-79.3141574,TRUE,low,none,27-May-26
43.7359156,-79.5899927,TRUE,low,low,27-May-26
43.7360115,-79.3129094,TRUE,low,low,27-May-26
43.7363471,-79.3922384,TRUE,rare,none,27-May-26
43.7363826,-79.3487254,TRUE,rare,none,27-May-26
43.7364108,-79.2499603,TRUE,high,high,27-May-26
43.7364663,-79.5802022,TRUE,rare,rare,27-May-26
43.7366676,-79.3473523,TRUE,mid,mid,27-May-26
43.7370203,-79.5604858,TRUE,rare,none,27-May-26
43.7370526,-79.5675436,TRUE,rare,none,27-May-26
43.7375029,-79.5537927,TRUE,rare,rare,27-May-26
43.7378772,-79.2747666,TRUE,rare,rare,27-May-26
43.7379059,-79.5946179,TRUE,rare,rare,27-May-26
43.738091,-79.3462932,TRUE,low,rare,27-May-26
43.7380996,-79.2585026,TRUE,rare,rare,27-May-26
43.738121,-79.2398504,TRUE,rare,rare,27-May-26
43.738356,-79.2384568,TRUE,low,none,27-May-26
43.7383616,-79.6028111,TRUE,rare,rare,27-May-26
43.7384639,-79.5035087,TRUE,low,low,27-May-26
43.7385341,-79.2935303,TRUE,rare,rare,27-May-26
43.7387915,-79.216648,TRUE,rare,rare,27-May-26
43.7388807,-79.3473643,TRUE,rare,none,27-May-26
43.7393348,-79.2254242,TRUE,low,low,27-May-26
43.7393656,-79.5423556,TRUE,low,rare,27-May-26
43.739443,-79.2153302,TRUE,rare,rare,27-May-26
43.7396075,-79.4257215,TRUE,low,none,27-May-26
43.7396929,-79.2886499,TRUE,low,none,27-May-26
43.7398714,-79.5848099,TRUE,high,high,27-May-26
43.7399208,-79.2358158,TRUE,low,low,27-May-26
43.739969,-79.5103862,TRUE,rare,rare,27-May-26
43.7399959,-79.5100812,TRUE,mid,mid,27-May-26
43.740158,-79.2167185,TRUE,high,high,27-May-26
43.7403257,-79.4466947,TRUE,mid,low,27-May-26
43.7403343,-79.5389179,TRUE,mid,low,27-May-26
43.7405531,-79.5035575,TRUE,rare,rare,27-May-26
43.7407074,-79.219843,TRUE,low,low,27-May-26
43.74083,-79.5022196,TRUE,rare,rare,27-May-26
43.740884,-79.2187095,TRUE,mid,rare,27-May-26
43.7410866,-79.3590026,TRUE,rare,none,27-May-26
43.7411755,-79.4149087,TRUE,rare,none,27-May-26
43.7412704,-79.429495,TRUE,rare,rare,27-May-26
43.7413081,-79.4101898,TRUE,rare,rare,27-May-26
43.7414895,-79.2150944,TRUE,high,high,27-May-26
43.7415919,-79.5171075,TRUE,rare,rare,27-May-26
43.7416516,-79.2637969,TRUE,rare,none,27-May-26
43.7416654,-79.5845434,TRUE,low,low,27-May-26
43.7420155,-79.438193,TRUE,rare,none,27-May-26
43.7421679,-79.3081801,TRUE,mid,none,27-May-26
43.7422891,-79.5127744,TRUE,low,rare,27-May-26
43.7424884,-79.2237742,TRUE,rare,none,27-May-26
43.7430679,-79.5748696,TRUE,rare,rare,27-May-26
43.7432782,-79.3024785,TRUE,mid,mid,27-May-26
43.7434654,-79.5877099,TRUE,rare,rare,27-May-26
43.7435262,-79.2398522,TRUE,rare,rare,27-May-26
43.7435564,-79.2221577,TRUE,low,low,27-May-26
43.7435608,-79.2100176,TRUE,rare,none,27-May-26
43.7438527,-79.4842149,TRUE,rare,rare,27-May-26
43.7438935,-79.5049115,TRUE,rare,rare,27-May-26
43.7440205,-79.3266504,TRUE,mid,rare,27-May-26
43.744055,-79.3032714,TRUE,rare,none,27-May-26
43.7440635,-79.2222932,TRUE,low,low,27-May-26
43.7443481,-79.5575535,TRUE,rare,none,27-May-26
43.7443765,-79.5790789,TRUE,high,high,27-May-26
43.7450763,-79.2597851,TRUE,rare,none,27-May-26
43.7451582,-79.4883625,TRUE,mid,mid,27-May-26
43.7451923,-79.2949032,TRUE,very_high,high,27-May-26
43.7453464,-79.5892723,TRUE,rare,rare,27-May-26
43.7455774,-79.5001617,TRUE,rare,rare,27-May-26
43.7455925,-79.2087312,TRUE,high,high,27-May-26
43.7455956,-79.2795145,TRUE,rare,rare,27-May-26
43.745653,-79.5872752,TRUE,rare,none,27-May-26
43.7459438,-79.2927345,TRUE,rare,none,27-May-26
43.7460536,-79.2104043,TRUE,rare,none,27-May-26
43.7460674,-79.2734887,TRUE,rare,rare,27-May-26
43.7462913,-79.5814787,TRUE,mid,mid,27-May-26
43.746355,-79.5475107,TRUE,rare,none,27-May-26
43.7463595,-79.3166717,TRUE,rare,none,27-May-26
43.7463839,-79.2600117,TRUE,low,low,27-May-26
43.7465951,-79.3641606,TRUE,low,rare,27-May-26
43.7466599,-79.1968171,TRUE,low,low,27-May-26
43.7467079,-79.3549338,TRUE,rare,rare,27-May-26
43.746772,-79.4791902,TRUE,mid,low,27-May-26
43.746878,-79.19368,TRUE,rare,rare,27-May-26
43.7469018,-79.2881811,TRUE,rare,rare,27-May-26
43.746989,-79.4052924,TRUE,rare,none,27-May-26
43.7470321,-79.2832562,TRUE,rare,none,27-May-26
43.7470538,-79.3272406,TRUE,rare,none,27-May-26
43.7473064,-79.2779812,TRUE,mid,mid,27-May-26
43.7473883,-79.2298897,TRUE,rare,rare,27-May-26
43.7475356,-79.5132624,TRUE,mid,mid,27-May-26
43.7475843,-79.5110854,TRUE,low,low,27-May-26
43.747601,-79.2800543,TRUE,rare,rare,27-May-26
43.7476083,-79.3490901,TRUE,rare,rare,27-May-26
43.7476682,-79.5861061,TRUE,low,rare,27-May-26
43.7476927,-79.1921871,TRUE,very_high,very_high,27-May-26
43.747934,-79.3498776,TRUE,rare,rare,27-May-26
43.7482175,-79.3053073,TRUE,rare,rare,27-May-26
43.7484278,-79.5117685,TRUE,high,mid,27-May-26
43.7484388,-79.5182037,TRUE,mid,mid,27-May-26
43.7488056,-79.5381634,TRUE,rare,rare,27-May-26
43.7488529,-79.4885425,TRUE,low,low,27-May-26
43.7490417,-79.2765282,TRUE,rare,rare,27-May-26
43.7491122,-79.5332656,TRUE,rare,none,27-May-26
43.7492728,-79.4470447,TRUE,rare,rare,27-May-26
43.7493856,-79.1866645,TRUE,low,none,27-May-26
43.7495385,-79.5326076,TRUE,low,rare,27-May-26
43.7497345,-79.596359,TRUE,low,low,27-May-26
43.7498528,-79.444375,TRUE,rare,none,27-May-26
43.7499321,-79.2050033,TRUE,rare,rare,27-May-26
43.750224,-79.4793518,TRUE,low,low,27-May-26
43.74989,-79.31723,TRUE,low,none,27-May-26
43.7502746,-79.3179011,TRUE,rare,none,27-May-26
43.7502903,-79.5138894,TRUE,mid,mid,27-May-26
43.7503827,-79.3421874,TRUE,rare,rare,27-May-26
43.7505847,-79.3381741,TRUE,low,none,27-May-26
43.7506107,-79.4601885,TRUE,rare,rare,27-May-26
43.7511041,-79.1992016,TRUE,low,rare,27-May-26
43.751114,-79.244029,TRUE,low,low,27-May-26
43.7511997,-79.4289782,TRUE,very_high,very_high,27-May-26
43.7514674,-79.3842768,TRUE,rare,none,27-May-26
43.7515565,-79.3891193,TRUE,rare,none,27-May-26
43.7518272,-79.5842832,TRUE,low,low,27-May-26
43.7518554,-79.4897587,TRUE,rare,rare,27-May-26
43.7518721,-79.4905687,TRUE,low,low,27-May-26
43.7519123,-79.3736426,TRUE,rare,rare,27-May-26
43.75192,-79.5200506,TRUE,low,low,27-May-26
43.7520369,-79.5436276,TRUE,low,low,27-May-26
43.7520776,-79.2114733,TRUE,low,rare,27-May-26
43.752323,-79.2678947,TRUE,rare,rare,27-May-26
43.7523808,-79.3231478,TRUE,rare,rare,27-May-26
43.7524034,-79.4539034,TRUE,rare,none,27-May-26
43.7524235,-79.4071701,TRUE,mid,low,27-May-26
43.7529668,-79.2586186,TRUE,low,low,27-May-26
43.7530875,-79.5031591,TRUE,rare,rare,27-May-26
43.7531562,-79.2424718,TRUE,rare,none,27-May-26
43.7532601,-79.3475761,TRUE,rare,rare,27-May-26
43.7533245,-79.4679291,TRUE,low,low,27-May-26
43.7533257,-79.5256496,TRUE,mid,mid,27-May-26
43.7538186,-79.5193739,TRUE,rare,rare,27-May-26
43.7539194,-79.4985429,TRUE,rare,rare,27-May-26
43.7540079,-79.265734,TRUE,rare,rare,27-May-26
43.7543758,-79.4588157,TRUE,rare,none,27-May-26
43.7543865,-79.4453762,TRUE,rare,rare,27-May-26
43.7544852,-79.5828799,TRUE,mid,mid,27-May-26
43.7544944,-79.3129304,TRUE,rare,none,27-May-26
43.7545196,-79.1877999,TRUE,rare,none,27-May-26
43.7546765,-79.2479192,TRUE,rare,rare,27-May-26
43.754805,-79.2519141,TRUE,mid,low,27-May-26
43.7549405,-79.224884,TRUE,low,low,27-May-26
43.7550782,-79.5104081,TRUE,mid,mid,27-May-26
43.7553829,-79.4768852,TRUE,low,none,27-May-26
43.7554847,-79.2242291,TRUE,mid,mid,27-May-26
43.7558349,-79.4416201,TRUE,rare,rare,27-May-26
43.755962,-79.3126296,TRUE,rare,none,27-May-26
43.7560367,-79.5213903,TRUE,low,rare,27-May-26
43.7560443,-79.5097272,TRUE,rare,none,27-May-26
43.7562381,-79.5262621,TRUE,low,low,27-May-26
43.75636,-79.3495217,TRUE,rare,none,27-May-26
43.7564316,-79.3697172,TRUE,rare,none,27-May-26
43.7565483,-79.2898992,TRUE,low,low,27-May-26
43.7570556,-79.5149765,TRUE,low,low,27-May-26
43.7572882,-79.3603386,TRUE,rare,none,27-May-26
43.7573446,-79.4405318,TRUE,rare,none,27-May-26
43.7574318,-79.2070932,TRUE,very_high,very_high,27-May-26
43.7575338,-79.1936735,TRUE,mid,mid,27-May-26
43.7575385,-79.2239622,TRUE,mid,mid,27-May-26
43.7575844,-79.2548031,TRUE,high,mid,27-May-26
43.7577984,-79.5268637,TRUE,rare,rare,27-May-26
43.7578657,-79.5559976,TRUE,rare,none,27-May-26
43.7582307,-79.5197749,TRUE,high,high,27-May-26
43.7583117,-79.5006458,TRUE,mid,low,27-May-26
43.7585831,-79.4941262,TRUE,low,low,27-May-26
43.7588675,-79.5073258,TRUE,very_high,very_high,27-May-26
43.7589002,-79.2531351,TRUE,high,high,27-May-26
43.758976,-79.2185684,TRUE,rare,rare,27-May-26
43.758982,-79.5715741,TRUE,low,low,27-May-26
43.759006,-79.1912126,TRUE,mid,low,27-May-26
43.7591245,-79.5063346,TRUE,rare,rare,27-May-26
43.7595475,-79.3258885,TRUE,rare,rare,27-May-26
43.75967465,-79.320126,TRUE,rare,rare,27-May-26
43.7600675,-79.2249821,TRUE,low,low,27-May-26
43.7600873,-79.5077497,TRUE,rare,rare,27-May-26
43.7601419,-79.2514223,TRUE,high,rare,27-May-26
43.7601733,-79.2227304,TRUE,low,low,27-May-26
43.7606617,-79.4542525,TRUE,rare,none,27-May-26
43.7606755,-79.2994824,TRUE,rare,rare,27-May-26
43.7607355,-79.1966999,TRUE,low,low,27-May-26
43.7607821,-79.2227619,TRUE,mid,low,27-May-26
43.760807,-79.351428,TRUE,low,none,27-May-26
43.7610423,-79.2092102,TRUE,low,low,27-May-26
43.7611235,-79.3858708,TRUE,low,none,27-May-26
43.7613883,-79.5304004,TRUE,rare,rare,27-May-26
43.7619712,-79.1943706,TRUE,rare,rare,27-May-26
43.7621144,-79.3596792,TRUE,very_high,none,27-May-26
43.7622503,-79.3081668,TRUE,low,rare,27-May-26
43.7623252,-79.4973197,TRUE,low,low,27-May-26
43.7624294,-79.1950582,TRUE,mid,mid,27-May-26
43.7625847,-79.4669184,TRUE,low,none,27-May-26
43.7625902,-79.5147203,TRUE,mid,low,27-May-26
43.7626353,-79.512434,TRUE,rare,rare,27-May-26
43.7626597,-79.4116085,TRUE,rare,rare,27-May-26
43.7627016,-79.2170315,TRUE,mid,mid,27-May-26
43.7627194,-79.5180516,TRUE,rare,none,27-May-26
43.7627524,-79.3698982,TRUE,rare,none,27-May-26
43.7628434,-79.4415631,TRUE,mid,low,27-May-26
43.7630482,-79.3967728,TRUE,rare,none,27-May-26
43.763076,-79.3203424,TRUE,low,rare,27-May-26
43.7632333,-79.4938286,TRUE,low,low,27-May-26
43.7633873,-79.2872826,TRUE,rare,rare,27-May-26
43.7634104,-79.3316336,TRUE,rare,none,27-May-26
43.7634546,-79.3082185,TRUE,rare,rare,27-May-26
43.7634932,-79.4112426,TRUE,rare,none,27-May-26
43.7635115,-79.4078088,TRUE,rare,none,27-May-26
43.7638059,-79.5221255,TRUE,mid,mid,27-May-26
43.7640682,-79.4097179,TRUE,high,mid,27-May-26
43.764287,-79.4136556,TRUE,rare,rare,27-May-26
43.7643736,-79.4887617,TRUE,high,high,27-May-26
43.7650046,-79.19654,TRUE,low,low,27-May-26
43.7651966,-79.5200868,TRUE,mid,mid,27-May-26
43.7654274,-79.5187635,TRUE,mid,mid,27-May-26
43.7654475,-79.4092562,TRUE,mid,mid,27-May-26
43.7659103,-79.1989175,TRUE,high,high,27-May-26
43.7660167,-79.4144524,TRUE,very_high,very_high,27-May-26
43.7660778,-79.1913057,TRUE,low,low,27-May-26
43.7663645,-79.4671891,TRUE,mid,mid,27-May-26
43.7663877,-79.553917,TRUE,rare,rare,27-May-26
43.7665377,-79.3912579,TRUE,rare,rare,27-May-26
43.7665872,-79.412971,TRUE,rare,rare,27-May-26
43.76673716,-79.19700517,TRUE,rare,rare,27-May-26
43.7668074,-79.2762856,TRUE,rare,none,27-May-26
43.766928,-79.3117214,TRUE,rare,rare,27-May-26
43.7669552,-79.1762837,TRUE,low,low,27-May-26
43.7670828,-79.1868311,TRUE,mid,low,27-May-26
43.7671965,-79.382324,TRUE,rare,none,27-May-26
43.7672319,-79.5173833,TRUE,mid,mid,27-May-26
43.7672717,-79.5164082,TRUE,rare,rare,27-May-26
43.7672818,-79.280716,TRUE,rare,rare,27-May-26
43.7674446,-79.3129554,TRUE,rare,rare,27-May-26
43.7676465,-79.3884564,TRUE,rare,none,27-May-26
43.767705,-79.2844057,TRUE,low,low,27-May-26
43.767814,-79.2155734,TRUE,mid,none,27-May-26
43.7683982,-79.5154542,TRUE,rare,rare,27-May-26
43.7681311,-79.4147988,TRUE,high,high,27-May-26
43.7682271,-79.1832456,TRUE,rare,none,27-May-26
43.7682386,-79.5180002,TRUE,rare,rare,27-May-26
43.7682654,-79.4130241,TRUE,very_high,very_high,27-May-26
43.76828574,-79.26385931,TRUE,low,low,27-May-26
43.7682973,-79.3783481,TRUE,rare,rare,27-May-26
43.7683329,-79.2404542,TRUE,rare,rare,27-May-26
43.768359,-79.5092187,TRUE,rare,rare,27-May-26
43.7684325,-79.1953253,TRUE,low,rare,27-May-26
43.7684454,-79.4610159,TRUE,rare,none,27-May-26
43.7684756,-79.1655828,TRUE,rare,rare,27-May-26
43.7685975,-79.2673747,TRUE,high,high,27-May-26
43.7686152,-79.409458,TRUE,very_high,very_high,27-May-26
43.7686787,-79.4126298,TRUE,low,low,27-May-26
43.7686938,-79.4121785,TRUE,high,mid,27-May-26
43.7688785,-79.1773217,TRUE,low,low,27-May-26
43.7688859,-79.4743447,TRUE,low,low,27-May-26
43.7689675,-79.4157842,TRUE,rare,rare,27-May-26
43.7690529,-79.5174395,TRUE,rare,rare,27-May-26
43.7690612,-79.5227155,TRUE,rare,rare,27-May-26
43.7691279,-79.3851861,TRUE,mid,mid,27-May-26
43.7691855,-79.3625797,TRUE,low,low,27-May-26
43.7692665,-79.3224086,TRUE,mid,mid,27-May-26
43.7693132,-79.3905607,TRUE,rare,rare,27-May-26
43.76939923,-79.46874101,TRUE,low,none,27-May-26
43.7694982,-79.5497129,TRUE,rare,none,27-May-26
43.7696256,-79.4260086,TRUE,rare,none,27-May-26
43.7696594,-79.4147519,TRUE,mid,mid,27-May-26
43.7698392,-79.406424,TRUE,very_high,high,27-May-26
43.7698626,-79.1783765,TRUE,mid,mid,27-May-26
43.770277,-79.2077959,TRUE,rare,rare,27-May-26
43.7703599,-79.3232424,TRUE,low,rare,27-May-26
43.7710081,-79.4265553,TRUE,low,low,27-May-26
43.771228,-79.3431164,TRUE,low,rare,27-May-26
43.7713248,-79.289735,TRUE,rare,none,27-May-26
43.771426,-79.4472871,TRUE,rare,rare,27-May-26
43.7716265,-79.4114421,TRUE,rare,rare,27-May-26
43.7717787,-79.3416224,TRUE,high,high,27-May-26
43.7721155,-79.4143766,TRUE,low,none,27-May-26
43.7724081,-79.4363063,TRUE,rare,rare,27-May-26
43.7724109,-79.2570901,TRUE,low,low,27-May-26
43.7726953,-79.5012012,TRUE,rare,rare,27-May-26
43.772803,-79.1860176,TRUE,rare,rare,27-May-26
43.7728787,-79.3445941,TRUE,high,mid,27-May-26
43.7729485,-79.2575865,TRUE,very_high,very_high,27-May-26
43.7729588,-79.4998868,TRUE,mid,none,27-May-26
43.7732712,-79.5212521,TRUE,high,high,27-May-26
43.7741382,-79.5026547,TRUE,rare,none,27-May-26
43.7741395,-79.4145726,TRUE,rare,rare,27-May-26
43.7741755,-79.504749,TRUE,very_high,very_high,27-May-26
43.7743677,-79.4461721,TRUE,mid,mid,27-May-26
43.7745517,-79.4083456,TRUE,rare,rare,27-May-26
43.7749816,-79.5188821,TRUE,mid,mid,27-May-26
43.7750616,-79.5003811,TRUE,rare,rare,27-May-26
43.7751854,-79.2147606,TRUE,low,low,27-May-26
43.7755215,-79.183151,TRUE,low,low,27-May-26
43.7755285,-79.2557111,TRUE,mid,low,27-May-26
43.775624,-79.1909033,TRUE,rare,rare,27-May-26
43.7757231,-79.2329319,TRUE,rare,rare,27-May-26
43.7757233,-79.414132,TRUE,low,rare,27-May-26
43.7758055,-79.43455,TRUE,rare,rare,27-May-26
43.7758645,-79.4099201,TRUE,rare,rare,27-May-26
43.7761341,-79.2584376,TRUE,mid,mid,27-May-26
43.776213,-79.5025145,TRUE,rare,rare,27-May-26
43.7763045,-79.3005797,TRUE,rare,rare,27-May-26
43.7764275,-79.4157663,TRUE,rare,rare,27-May-26
43.77685085,-79.13470029,TRUE,rare,rare,27-May-26
43.7771731,-79.4934568,TRUE,rare,none,27-May-26
43.7774536,-79.2108076,TRUE,rare,rare,27-May-26
43.7776967,-79.4296703,TRUE,rare,none,27-May-26
43.7777608,-79.3442922,TRUE,rare,none,27-May-26
43.7779927,-79.1585571,TRUE,low,none,27-May-26
43.778496,-79.3478693,TRUE,rare,rare,27-May-26
43.7787548,-79.4942807,TRUE,rare,rare,27-May-26
43.7788807,-79.2286428,TRUE,rare,rare,27-May-26
43.779043,-79.3466963,TRUE,very_high,high,27-May-26
43.779057,-79.1432535,TRUE,low,rare,27-May-26
43.779164,-79.4396128,TRUE,rare,rare,27-May-26
43.7794155,-79.1403942,TRUE,low,low,27-May-26
43.7797335,-79.3620659,TRUE,rare,none,27-May-26
43.780129,-79.1914,TRUE,low,low,27-May-26
43.7802531,-79.4657805,TRUE,rare,rare,27-May-26
43.780261,-79.2843374,TRUE,rare,rare,27-May-26
43.7808406,-79.357765,TRUE,rare,none,27-May-26
43.780843,-79.4175481,TRUE,low,rare,27-May-26
43.7810076,-79.2359336,TRUE,rare,rare,27-May-26
43.7811245,-79.3266267,TRUE,rare,none,27-May-26
43.7811463,-79.416504,TRUE,rare,rare,27-May-26
43.781186,-79.4469944,TRUE,rare,rare,27-May-26
43.781226,-79.3008305,TRUE,low,low,27-May-26
43.7813137,-79.3155213,TRUE,rare,none,27-May-26
43.7815444,-79.3026334,TRUE,low,rare,27-May-26
43.781646,-79.2031101,TRUE,high,low,27-May-26
43.7818272,-79.444486,TRUE,mid,none,27-May-26
43.7822308,-79.1721765,TRUE,rare,rare,27-May-26
43.7828345,-79.2938789,TRUE,low,none,27-May-26
43.7828401,-79.3312794,TRUE,rare,rare,27-May-26
43.783337,-79.1634133,TRUE,rare,none,27-May-26
43.7840897,-79.3515748,TRUE,rare,rare,27-May-26
43.78429,-79.2824038,TRUE,rare,none,27-May-26
43.7843055,-79.4414072,TRUE,rare,rare,27-May-26
43.7846672,-79.3032145,TRUE,low,low,27-May-26
43.7846826,-79.4176298,TRUE,rare,rare,27-May-26
43.7847707,-79.3222423,TRUE,rare,none,27-May-26
43.784774,-79.2449611,TRUE,rare,rare,27-May-26
43.784842,-79.2802085,TRUE,rare,none,27-May-26
43.784931,-79.2553923,TRUE,rare,rare,27-May-26
43.7849902,-79.2808298,TRUE,rare,rare,27-May-26
43.7850168,-79.3940478,TRUE,low,rare,27-May-26
43.7851882,-79.1893305,TRUE,very_high,high,27-May-26
43.7852139,-79.2972309,TRUE,rare,rare,27-May-26
43.785267,-79.2934478,TRUE,rare,rare,27-May-26
43.7853407,-79.1345928,TRUE,rare,rare,27-May-26
43.7855041,-79.1367489,TRUE,low,low,27-May-26
43.7842903,-79.2317714,TRUE,rare,none,27-May-26
43.6847261,-79.3488439,TRUE,low,rare,27-May-26
43.7860563,-79.3016552,TRUE,rare,none,27-May-26
43.7861508,-79.1928944,TRUE,rare,none,27-May-26
43.7864525,-79.4248415,TRUE,rare,rare,27-May-26
43.786537,-79.3023569,TRUE,rare,none,27-May-26
43.7867033,-79.4117459,TRUE,rare,rare,27-May-26
43.786774,-79.1896605,TRUE,low,low,27-May-26
43.7869676,-79.3233867,TRUE,rare,none,27-May-26
43.787308,-79.4042741,TRUE,mid,mid,27-May-26
43.7874776,-79.2476282,TRUE,rare,none,27-May-26
43.7877329,-79.4016007,TRUE,rare,rare,27-May-26
43.7881335,-79.4073951,TRUE,mid,low,27-May-26
43.7881845,-79.2400976,TRUE,rare,rare,27-May-26
43.7883125,-79.3599103,TRUE,rare,rare,27-May-26
43.7885729,-79.4096379,TRUE,rare,rare,27-May-26
43.789069,-79.2784703,TRUE,mid,low,27-May-26
43.7895947,-79.197306,TRUE,mid,mid,27-May-26
43.7897945,-79.1998865,TRUE,rare,rare,27-May-26
43.7898775,-79.4450542,TRUE,rare,rare,27-May-26
43.7902045,-79.2770758,TRUE,rare,rare,27-May-26
43.7903635,-79.3633983,TRUE,mid,mid,27-May-26
43.7909693,-79.3501573,TRUE,rare,none,27-May-26
43.7913816,-79.3376379,TRUE,rare,rare,27-May-26
43.791683,-79.447049,TRUE,low,low,27-May-26
43.7924668,-79.3877405,TRUE,rare,none,27-May-26
43.7930225,-79.1936482,TRUE,low,low,27-May-26
43.7930317,-79.2603926,TRUE,rare,none,27-May-26
43.7932785,-79.1792711,TRUE,low,rare,27-May-26
43.7937331,-79.3909377,TRUE,mid,rare,27-May-26
43.7938863,-79.425679,TRUE,low,rare,27-May-26
43.793965,-79.2342778,TRUE,mid,mid,27-May-26
43.7944585,-79.2340598,TRUE,very_high,mid,27-May-26
43.7944994,-79.4151444,TRUE,mid,mid,27-May-26
43.7953913,-79.1640943,TRUE,rare,rare,27-May-26
43.7957017,-79.4229127,TRUE,low,low,27-May-26
43.7959338,-79.316721,TRUE,mid,none,27-May-26
43.7966942,-79.3746968,TRUE,rare,none,27-May-26
43.7967304,-79.3493774,TRUE,low,rare,27-May-26
43.7968556,-79.2912701,TRUE,rare,rare,27-May-26
43.7970955,-79.368994,TRUE,rare,rare,27-May-26
43.7971146,-79.3639348,TRUE,rare,rare,27-May-26
43.797822,-79.2643301,TRUE,low,low,27-May-26
43.7978975,-79.2006885,TRUE,rare,rare,27-May-26
43.7982181,-79.3708727,TRUE,low,rare,27-May-26
43.7983269,-79.3908551,TRUE,mid,rare,27-May-26
43.7983335,-79.3252009,TRUE,mid,mid,27-May-26
43.7984984,-79.3232365,TRUE,mid,low,27-May-26
43.7987344,-79.3307145,TRUE,low,low,27-May-26
43.7988218,-79.2769829,TRUE,rare,none,27-May-26
43.7988385,-79.1399784,TRUE,rare,rare,27-May-26
43.7991697,-79.3507533,TRUE,rare,none,27-May-26
43.7992948,-79.1516524,TRUE,rare,none,27-May-26
43.7999107,-79.3314376,TRUE,low,low,27-May-26
43.8002275,-79.1613398,TRUE,low,low,27-May-26
43.8006575,-79.1994094,TRUE,low,low,27-May-26
43.8009043,-79.3142987,TRUE,rare,none,27-May-26
43.8013204,-79.2217834,TRUE,mid,mid,27-May-26
43.8019404,-79.4017228,TRUE,rare,rare,27-May-26
43.8021094,-79.2573606,TRUE,rare,none,27-May-26
43.8022836,-79.1716373,TRUE,low,rare,27-May-26
43.802408,-79.2938,TRUE,high,high,27-May-26
43.8025942,-79.2254192,TRUE,mid,mid,27-May-26
43.8026292,-79.1643853,TRUE,rare,rare,27-May-26
43.8032333,-79.3371869,TRUE,mid,mid,27-May-26
43.8033004,-79.3176976,TRUE,low,low,27-May-26
43.8033527,-79.1705132,TRUE,rare,rare,27-May-26
43.8034817,-79.2264836,TRUE,mid,mid,27-May-26
43.803567,-79.297393,TRUE,rare,rare,27-May-26
43.803588,-79.1890428,TRUE,mid,rare,27-May-26
43.8041163,-79.2134503,TRUE,rare,none,27-May-26
43.8042379,-79.3024871,TRUE,rare,none,27-May-26
43.8047162,-79.3670028,TRUE,low,low,27-May-26
43.8050074,-79.2061293,TRUE,rare,none,27-May-26
43.8053692,-79.3025636,TRUE,rare,rare,27-May-26
43.8060645,-79.2205843,TRUE,rare,rare,27-May-26
43.8067765,-79.2220259,TRUE,rare,rare,27-May-26
43.807204,-79.2015726,TRUE,rare,rare,27-May-26
43.8072044,-79.3323287,TRUE,rare,rare,27-May-26
43.8072619,-79.274645,TRUE,low,low,27-May-26
43.8078,-79.2187047,TRUE,mid,mid,27-May-26
43.807822,-79.3728202,TRUE,mid,none,27-May-26
43.8082653,-79.1971936,TRUE,rare,rare,27-May-26
43.8083403,-79.1907064,TRUE,rare,rare,27-May-26
43.8085674,-79.2161218,TRUE,high,high,27-May-26
43.8094011,-79.2830875,TRUE,high,high,27-May-26
43.8094756,-79.2151875,TRUE,mid,mid,27-May-26
43.8098873,-79.2696603,TRUE,low,low,27-May-26
43.8102563,-79.220702,TRUE,low,low,27-May-26
43.8104297,-79.2312732,TRUE,rare,rare,27-May-26
43.8112926,-79.2744242,TRUE,rare,none,27-May-26
43.8117478,-79.2076773,TRUE,rare,none,27-May-26
43.8125172,-79.31957,TRUE,mid,low,27-May-26
43.8130315,-79.3000348,TRUE,low,rare,27-May-26
43.8136895,-79.29217341,TRUE,rare,rare,27-May-26
43.8140344,-79.2373008,TRUE,rare,rare,27-May-26
43.81409936,-79.20637071,TRUE,rare,none,27-May-26
43.8147406,-79.3046955,TRUE,rare,none,27-May-26
43.8149646,-79.3231483,TRUE,rare,none,27-May-26
43.8154998,-79.3221583,TRUE,rare,rare,27-May-26
43.8155134,-79.2040911,TRUE,rare,none,27-May-26
43.8174495,-79.3047449,TRUE,rare,rare,27-May-26
43.8179301,-79.2063544,TRUE,rare,none,27-May-26
43.8185166,-79.2052061,TRUE,low,low,27-May-26
43.8191213,-79.2880196,TRUE,rare,none,27-May-26
43.8196233,-79.1844977,TRUE,mid,mid,27-May-26
43.8242319,-79.2262373,TRUE,rare,none,27-May-26
43.8253459,-79.2788616,TRUE,rare,rare,27-May-26
43.82705371,-79.2441146,TRUE,rare,none,27-May-26
43.8297703,-79.2741966,TRUE,low,low,27-May-26
43.8300911,-79.2335763,TRUE,rare,none,27-May-26
43.8301208,-79.2326333,TRUE,rare,none,27-May-26
43.8309626,-79.2749074,TRUE,low,low,27-May-26
43.83271,-79.18482,TRUE,rare,rare,27-May-26
43.6456129,-79.3999766,FALSE,,,05-Aug-26
43.715963,-79.601741,FALSE,,,05-Aug-26
43.6573461,-79.4480469,FALSE,,,05-Aug-26
43.646105,-79.402831,FALSE,,,05-Aug-26
43.74616,-79.46935,FALSE,,,05-Aug-26
43.64346,-79.379107,FALSE,,,05-Aug-26
43.6485493,-79.3875701,FALSE,,,05-Aug-26
43.6699155,-79.4364876,FALSE,,,05-Aug-26
43.65216,-79.40748,FALSE,,,05-Aug-26
43.80344126,-79.30938716,FALSE,,,05-Aug-26
43.74341254,-79.40431565,FALSE,,,05-Aug-26
43.667092,-79.400478,FALSE,,,05-Aug-26
43.65432338,-79.44429895,FALSE,,,05-Aug-26
43.74073511,-79.41673443,FALSE,,,05-Aug-26
43.63563878,-79.42307111,FALSE,,,05-Aug-26
43.63462796,-79.56885561,FALSE,,,05-Aug-26
43.65527256,-79.45658536,FALSE,,,05-Aug-26
43.7366477,-79.2196126,FALSE,,,05-Aug-26
43.7674918,-79.39008542,FALSE,,,05-Aug-26
43.70328529,-79.39125734,FALSE,,,05-Aug-26
43.703615,-79.336787,FALSE,,,05-Aug-26
43.775735,-79.425303,FALSE,,,05-Aug-26
43.70442147,-79.41073799,FALSE,,,05-Aug-26
43.64347149,-79.35629391,FALSE,,,05-Aug-26
43.638374,-79.519353,FALSE,,,05-Aug-26
43.6293331,-79.41511678,FALSE,,,05-Aug-26
43.686083,-79.41192,FALSE,,,05-Aug-26
43.771512,-79.257193,FALSE,,,05-Aug-26
43.708009,-79.389682,FALSE,,,05-Aug-26
43.615278,-79.391111,FALSE,,,05-Aug-26
43.616331,-79.477588,FALSE,,,05-Aug-26
43.71059795,-79.59012489,FALSE,,,05-Aug-26
43.742433,-79.270109,FALSE,,,05-Aug-26
43.66564485,-79.46623137,FALSE,,,05-Aug-26
43.720461,-79.399078,FALSE,,,05-Aug-26
43.67269234,-79.31947268,FALSE,,,05-Aug-26
43.70529391,-79.36877493,FALSE,,,05-Aug-26
43.638701,-79.414684,FALSE,,,05-Aug-26
43.59101274,-79.5451558,FALSE,,,05-Aug-26
43.725708,-79.58705649,FALSE,,,05-Aug-26
43.66053,-79.3824,FALSE,,,05-Aug-26
43.61084846,-79.49456328,FALSE,,,05-Aug-26
43.59268133,-79.54026494,FALSE,,,05-Aug-26
43.692287,-79.278759,FALSE,,,05-Aug-26
43.621393,-79.377546,FALSE,,,05-Aug-26
43.783321,-79.126793,FALSE,,,05-Aug-26
43.78559486,-79.44543878,FALSE,,,05-Aug-26
43.676503,-79.39034,FALSE,,,05-Aug-26
43.696211,-79.255457,FALSE,,,05-Aug-26
43.68299553,-79.46831532,FALSE,,,05-Aug-26
43.64405824,-79.38672399,FALSE,,,05-Aug-26
43.817567,-79.310287,FALSE,,,05-Aug-26
43.66201483,-79.42448335,FALSE,,,05-Aug-26
43.77170291,-79.17252997,FALSE,,,05-Aug-26
43.718249,-79.359333,FALSE,,,05-Aug-26
43.65073119,-79.39661511,FALSE,,,05-Aug-26
43.78416328,-79.16485708,FALSE,,,05-Aug-26
43.64669912,-79.55627753,FALSE,,,05-Aug-26
43.6496276,-79.48082528,FALSE,,,05-Aug-26
43.70120982,-79.53332985,FALSE,,,05-Aug-26
43.65956058,-79.43434736,FALSE,,,05-Aug-26
43.642901,-79.409727,FALSE,,,05-Aug-26
43.66240444,-79.4229895,FALSE,,,05-Aug-26
43.718659,-79.350566,FALSE,,,05-Aug-26
43.6597927,-79.3466106,FALSE,,,05-Aug-26
43.647007,-79.520319,FALSE,,,05-Aug-26
43.655396,-79.418186,FALSE,,,05-Aug-26
43.704962,-79.36727,FALSE,,,05-Aug-26
43.667262,-79.470588,FALSE,,,05-Aug-26
43.76576,-79.27237,FALSE,,,05-Aug-26
43.79209051,-79.12510451,FALSE,,,05-Aug-26
43.64781952,-79.39940498,FALSE,,,05-Aug-26
43.73463419,-79.30082361,FALSE,,,05-Aug-26
43.79348733,-79.3526797,FALSE,,,05-Aug-26
43.76624202,-79.3018113,FALSE,,,05-Aug-26
43.63888659,-79.38516651,FALSE,,,05-Aug-26
43.64523252,-79.38389701,FALSE,,,05-Aug-26
43.66568093,-79.47095964,FALSE,,,05-Aug-26
43.64906516,-79.39047051,FALSE,,,05-Aug-26
43.64925521,-79.4245,FALSE,,,05-Aug-26
43.66191529,-79.42460414,FALSE,,,05-Aug-26
43.73376978,-79.34456839,FALSE,,,05-Aug-26
43.647262,-79.37400998,FALSE,,,05-Aug-26
43.71085117,-79.30837458,FALSE,,,05-Aug-26
43.64997337,-79.43441392,FALSE,,,05-Aug-26
43.79768134,-79.13925045,FALSE,,,05-Aug-26
43.65524028,-79.41223514,FALSE,,,05-Aug-26
43.64771141,-79.40279276,FALSE,,,05-Aug-26
43.638366,-79.41732847,FALSE,,,05-Aug-26
43.71191655,-79.39978131,FALSE,,,05-Aug-26
43.67134556,-79.29488703,FALSE,,,05-Aug-26
43.66544779,-79.48922616,FALSE,,,05-Aug-26
43.6648323,-79.38035927,FALSE,,,05-Aug-26
43.67619659,-79.44982086,FALSE,,,05-Aug-26
43.65714525,-79.4057574,FALSE,,,05-Aug-26
43.66536507,-79.41148951,FALSE,,,05-Aug-26
43.67845527,-79.43954443,FALSE,,,05-Aug-26
43.73510914,-79.42026747,FALSE,,,05-Aug-26
43.65926307,-79.43948228,FALSE,,,05-Aug-26
43.66298507,-79.33049909,FALSE,,,05-Aug-26
43.6514962,-79.40922661,FALSE,,,05-Aug-26
43.64939177,-79.42779802,FALSE,,,05-Aug-26
43.6293331,-79.41511678,FALSE,,,05-Aug-26
43.65051771,-79.35882774,FALSE,,,05-Aug-26
43.65686729,-79.4072308,FALSE,,,05-Aug-26
43.68068553,-79.28754297,FALSE,,,05-Aug-26
43.647581,-79.389092,FALSE,,,05-Aug-26
43.678547,-79.345436,FALSE,,,05-Aug-26
43.64927443,-79.42431768,FALSE,,,05-Aug-26
43.67808331,-79.34786695,FALSE,,,05-Aug-26
43.647685,-79.388586,FALSE,,,05-Aug-26
43.65605918,-79.39900628,FALSE,,,05-Aug-26
43.65214985,-79.40755241,FALSE,,,05-Aug-26
43.66518879,-79.46519329,FALSE,,,05-Aug-26
43.76135723,-79.28027195,FALSE,,,05-Aug-26
43.69863263,-79.39643529,FALSE,,,05-Aug-26
43.66564043,-79.46434974,FALSE,,,05-Aug-26
43.64923923,-79.42597975,FALSE,,,05-Aug-26
43.65525002,-79.41640038,FALSE,,,05-Aug-26
43.68227055,-79.33007131,FALSE,,,05-Aug-26
43.65098569,-79.45114277,FALSE,,,05-Aug-26
43.65378394,-79.40060381,FALSE,,,05-Aug-26
43.644305,-79.399608,FALSE,,,05-Aug-26
43.75880336,-79.30965552,FALSE,,,05-Aug-26
43.60204641,-79.49853287,FALSE,,,05-Aug-26
43.652286,-79.375536,FALSE,,,05-Aug-26
43.68154514,-79.42537073,FALSE,,,05-Aug-26
43.65043398,-79.35842574,FALSE,,,05-Aug-26
43.68213931,-79.33034833,FALSE,,,05-Aug-26
43.64173746,-79.43022369,FALSE,,,05-Aug-26
43.65563421,-79.41309681,FALSE,,,05-Aug-26
43.65631184,-79.40706626,FALSE,,,05-Aug-26
43.650822,-79.412621,FALSE,,,05-Aug-26
43.74693419,-79.2091296,FALSE,,,05-Aug-26
43.68058024,-79.33788156,FALSE,,,05-Aug-26
43.64974691,-79.42013709,FALSE,,,05-Aug-26
43.64885743,-79.37530287,FALSE,,,05-Aug-26
43.66516149,-79.4100843,FALSE,,,05-Aug-26
43.66140573,-79.42762138,FALSE,,,05-Aug-26
43.66064293,-79.38538208,FALSE,,,05-Aug-26
43.77606334,-79.27463072,FALSE,,,05-Aug-26
43.807364,-79.176377,FALSE,,,05-Aug-26
43.64729809,-79.42016531,FALSE,,,05-Aug-26
43.64871837,-79.37448776,FALSE,,,05-Aug-26
43.65515957,-79.41277903,FALSE,,,05-Aug-26
43.62923374,-79.54666229,FALSE,,,05-Aug-26
43.70864422,-79.3983193,FALSE,,,05-Aug-26
43.647324,-79.387561,FALSE,,,05-Aug-26
43.68258462,-79.32827142,FALSE,,,05-Aug-26
43.708204,-79.393022,FALSE,,,05-Aug-26
43.65222624,-79.40717958,FALSE,,,05-Aug-26
43.73592753,-79.30680135,FALSE,,,05-Aug-26
43.76012917,-79.22709804,FALSE,,,05-Aug-26
43.59353318,-79.53672055,FALSE,,,05-Aug-26
43.64493901,-79.52128748,FALSE,,,05-Aug-26
43.64388869,-79.53358717,FALSE,,,05-Aug-26
43.6696988,-79.30251584,FALSE,,,05-Aug-26
43.66391303,-79.36898363,FALSE,,,05-Aug-26
43.679024,-79.345619,FALSE,,,05-Aug-26
43.644562,-79.418776,FALSE,,,05-Aug-26
43.641329,-79.433514,FALSE,,,05-Aug-26
43.65516311,-79.4129299,FALSE,,,05-Aug-26
43.60013574,-79.5448879,FALSE,,,05-Aug-26
43.6565853,-79.4025782,FALSE,,,05-Aug-26
43.792149,-79.257812,FALSE,,,05-Aug-26
43.662595,-79.423728,FALSE,,,05-Aug-26
43.655307,-79.456443,FALSE,,,05-Aug-26
43.65526105,-79.45665239,FALSE,,,05-Aug-26
43.706,-79.467,FALSE,,,05-Aug-26
43.79699084,-79.23359807,FALSE,,,05-Aug-26
43.64109646,-79.35421455,FALSE,,,05-Aug-26
43.67452342,-79.30791233,FALSE,,,05-Aug-26
43.6705649,-79.29918039,FALSE,,,05-Aug-26
43.66293578,-79.34115698,FALSE,,,05-Aug-26
43.6560858,-79.44584465,FALSE,,,05-Aug-26
43.74878396,-79.53414026,FALSE,,,05-Aug-26
43.80629878,-79.21403806,FALSE,,,05-Aug-26
43.649506,-79.395287,FALSE,,,05-Aug-26
43.73960538,-79.35547304,FALSE,,,05-Aug-26
43.65264626,-79.36853623,FALSE,,,05-Aug-26
43.61308895,-79.38368087,FALSE,,,05-Aug-26
43.66323732,-79.3412834,FALSE,,,05-Aug-26
43.75828101,-79.47641011,FALSE,,,05-Aug-26
43.64815595,-79.38992261,FALSE,,,05-Aug-26
43.65500253,-79.40057796,FALSE,,,05-Aug-26
43.69386536,-79.3424356,FALSE,,,05-Aug-26
43.66167216,-79.34009568,FALSE,,,05-Aug-26
43.65747002,-79.3572375,FALSE,,,05-Aug-26
43.696748,-79.446857,FALSE,,,05-Aug-26
43.8142181,-79.25827163,FALSE,,,05-Aug-26
43.657618,-79.357085,FALSE,,,05-Aug-26
43.70827327,-79.41750739,FALSE,,,05-Aug-26
43.675701,-79.35865872,FALSE,,,05-Aug-26
43.64763976,-79.40071244,FALSE,,,05-Aug-26
43.644913,-79.368322,FALSE,,,05-Aug-26
43.66251017,-79.32698568,FALSE,,,05-Aug-26
43.74706386,-79.53438353,FALSE,,,05-Aug-26
43.64333578,-79.41158997,FALSE,,,05-Aug-26
43.66538826,-79.48260817,FALSE,,,05-Aug-26
43.809,-79.294,FALSE,,,05-Aug-26
43.75828101,-79.47641011,FALSE,,,05-Aug-26
43.661976,-79.340126,FALSE,,,05-Aug-26
43.66542605,-79.48546618,FALSE,,,05-Aug-26
43.64158019,-79.35358674,FALSE,,,05-Aug-26
43.64711661,-79.35245462,FALSE,,,05-Aug-26
43.771449,-79.322548,FALSE,,,05-Aug-26
43.75426524,-79.27713028,FALSE,,,05-Aug-26
43.65565481,-79.4091606,FALSE,,,05-Aug-26
43.65559271,-79.40277695,FALSE,,,05-Aug-26
43.6456561,-79.39306735,FALSE,,,05-Aug-26
43.65622772,-79.34770703,FALSE,,,05-Aug-26
43.67294399,-79.33058405,FALSE,,,05-Aug-26
43.6574545,-79.35724823,FALSE,,,05-Aug-26
43.80054285,-79.20031779,FALSE,,,05-Aug-26
43.70749314,-79.2497505,FALSE,,,05-Aug-26
43.66999617,-79.45675416,FALSE,,,05-Aug-26
43.63922133,-79.44507026,FALSE,,,05-Aug-26
43.70754277,-79.39815501,FALSE,,,05-Aug-26
43.66536765,-79.48265943,FALSE,,,05-Aug-26
43.64383334,-79.42179357,FALSE,,,05-Aug-26
43.66974503,-79.46429235,FALSE,,,05-Aug-26
43.77167519,-79.51229616,FALSE,,,05-Aug-26
43.66573573,-79.46560656,FALSE,,,05-Aug-26
43.73872193,-79.60170324,FALSE,,,05-Aug-26
43.64356535,-79.42265154,FALSE,,,05-Aug-26
43.64335961,-79.42206682,FALSE,,,05-Aug-26
43.63976481,-79.44178642,FALSE,,,05-Aug-26
43.64322268,-79.40837875,FALSE,,,05-Aug-26
43.64291723,-79.42630764,FALSE,,,05-Aug-26
43.66950588,-79.43817474,FALSE,,,05-Aug-26
43.64078487,-79.44159278,FALSE,,,05-Aug-26
43.65471594,-79.42223587,FALSE,,,05-Aug-26
43.6690027,-79.33697259,FALSE,,,05-Aug-26
43.64135484,-79.43182315,FALSE,,,05-Aug-26
43.64920036,-79.422538,FALSE,,,05-Aug-26
43.64397922,-79.39950811,FALSE,,,05-Aug-26
43.64762035,-79.40072047,FALSE,,,05-Aug-26
43.70710108,-79.3900564,FALSE,,,05-Aug-26
43.66876784,-79.33620219,FALSE,,,05-Aug-26
43.66557338,-79.46524313,FALSE,,,05-Aug-26
43.64664322,-79.41998155,FALSE,,,05-Aug-26
43.635735,-79.41515,FALSE,,,05-Aug-26
43.65839671,-79.4007026,FALSE,,,05-Aug-26
43.64942,-79.39044,FALSE,,,05-Aug-26
43.73865,-79.62676,FALSE,,,05-Aug-26
43.75922,-79.35061,FALSE,,,05-Aug-26
43.77793,-79.34471,FALSE,,,05-Aug-26
43.64256,-79.38707,FALSE,,,05-Aug-26
43.66451,-79.37792,FALSE,,,05-Aug-26
43.61501,-79.52066,FALSE,,,05-Aug-26
43.61615,-79.37627,FALSE,,,05-Aug-26
43.64993,-79.36061,FALSE,,,05-Aug-26
43.66816,-79.29849,FALSE,,,05-Aug-26
43.64689,-79.38919,FALSE,,,05-Aug-26
43.66223,-79.39159,FALSE,,,05-Aug-26
43.81904,-79.17101,FALSE,,,05-Aug-26
43.76411,-79.44186,FALSE,,,05-Aug-26
43.65599,-79.45524,FALSE,,,05-Aug-26
43.64157,-79.38037,FALSE,,,05-Aug-26
43.65171,-79.47476,FALSE,,,05-Aug-26
43.64974,-79.36019,FALSE,,,05-Aug-26
43.6498,-79.38831,FALSE,,,05-Aug-26
43.741686,-79.381725,FALSE,,,05-Aug-26
43.689183,-79.299376,FALSE,,,05-Aug-26
43.706289,-79.295123,FALSE,,,05-Aug-26
43.67248,-79.322089,FALSE,,,05-Aug-26
43.59773,-79.51743,FALSE,,,05-Aug-26
43.595647,-79.514875,FALSE,,,05-Aug-26
43.64904,-79.52829,FALSE,,,05-Aug-26
43.7457981,-79.3070974,FALSE,,,05-Aug-26
43.7843695,-79.1870752,FALSE,,,05-Aug-26
43.7843695,-79.1870752,FALSE,,,05-Aug-26
43.7843695,-79.1870752,FALSE,,,05-Aug-26
43.74687,-79.19371,FALSE,,,05-Aug-26
43.69779,-79.44125,FALSE,,,05-Aug-26
43.68286,-79.42283,FALSE,,,05-Aug-26
43.68129,-79.4307,FALSE,,,05-Aug-26
43.812111,-79.33197,FALSE,,,05-Aug-26
43.818822,-79.294325,FALSE,,,05-Aug-26
43.772692,-79.49927,FALSE,,,05-Aug-26
43.725898,-79.451415,FALSE,,,05-Aug-26
43.661308,-79.344783,FALSE,,,05-Aug-26
43.59524,-79.5314,FALSE,,,05-Aug-26
43.660796,-79.395444,FALSE,,,22-May-26
43.646994,-79.37731,FALSE,,,22-May-26
43.7152085,-79.6041339,FALSE,,,22-May-26
43.70613216,-79.48361864,FALSE,,,22-May-26
43.732517,-79.465797,FALSE,,,22-May-26
43.66128158,-79.47426241,FALSE,,,22-May-26
43.67396359,-79.29882436,FALSE,,,22-May-26
43.662677,-79.420137,FALSE,,,22-May-26
43.745989,-79.322827,FALSE,,,22-May-26
43.68498759,-79.40080039,FALSE,,,22-May-26
43.73398159,-79.53906844,FALSE,,,22-May-26
43.77462261,-79.23681735,FALSE,,,22-May-26
43.768719,-79.37581,FALSE,,,22-May-26
43.69124159,-79.44798841,FALSE,,,22-May-26
43.676593,-79.314785,FALSE,,,22-May-26
43.708755,-79.455907,FALSE,,,22-May-26
43.79063461,-79.42216741,FALSE,,,22-May-26
43.606285,-79.526833,FALSE,,,22-May-26
43.81202062,-79.30509737,FALSE,,,22-May-26
43.68717259,-79.29985336,FALSE,,,22-May-26
43.64748558,-79.4328054,FALSE,,,22-May-26
43.66789459,-79.33977437,FALSE,,,22-May-26
43.601043,-79.501412,FALSE,,,22-May-26
43.70619459,-79.4042524,FALSE,,,22-May-26
43.6949756,-79.28362036,FALSE,,,22-May-26
43.643541,-79.37378,FALSE,,,22-May-26
43.78187861,-79.35113438,FALSE,,,22-May-26
43.5935,-79.515351,FALSE,,,22-May-26
43.794173,-79.351311,FALSE,,,22-May-26
43.78716164,-79.302686,FALSE,,,22-May-26
43.798513,-79.152052,FALSE,,,22-May-26
43.722471,-79.552824,FALSE,,,22-May-26
43.78945262,-79.19319133,FALSE,,,22-May-26
43.795071,-79.267998,FALSE,,,22-May-26
43.615066,-79.508338,FALSE,,,22-May-26
43.643443,-79.437478,FALSE,,,22-May-26
43.777299,-79.233071,FALSE,,,22-May-26
43.710792,-79.306949,FALSE,,,22-May-26
43.64633579,-79.36127763,FALSE,,,22-May-26
43.80531612,-79.189803,FALSE,,,22-May-26
43.646047,-79.343899,FALSE,,,22-May-26
43.704897,-79.421142,FALSE,,,22-May-26
43.7279541,-79.5795052,FALSE,,,22-May-26
43.6711775,-79.4809458,FALSE,,,22-May-26
43.7159473,-79.538784,FALSE,,,22-May-26
43.626956,-79.507001,FALSE,,,22-May-26
43.776197,-79.3552222,FALSE,,,22-May-26
43.726944,-79.467658,FALSE,,,22-May-26
43.7921232,-79.3891278,FALSE,,,22-May-26
43.797024,-79.338369,FALSE,,,22-May-26
43.6800695,-79.3297385,FALSE,,,22-May-26
43.668875,-79.328526,FALSE,,,22-May-26
43.7007079,-79.3885506,FALSE,,,22-May-26
43.69285,-79.436447,FALSE,,,22-May-26
43.6738189,-79.4241071,FALSE,,,22-May-26