venue_id,venue_name,geohash9,coverage_fraction
1,InterAccess,dpz828v8v,1.0
1,InterAccess,dpz828v8u,1.0
1,InterAccess,dpz828v8y,1.0
1,InterAccess,dpz828v8t,1.0
1,InterAccess,dpz828v8s,1.0
1,InterAccess,dpz828v8w,1.0
1,InterAccess,dpz828v9j,1.0
1,InterAccess,dpz828v9h,1.0
1,InterAccess,dpz828v9n,1.0
1,InterAccess,dpz828v8g,1.0
1,InterAccess,dpz828v8e,1.0
1,InterAccess,dpz828v95,1.0
1,InterAccess,dpz828v8z,1.0
1,InterAccess,dpz828v8x,1.0
1,InterAccess,dpz828v9p,1.0
1,InterAccess,dpz828v8m,1.0
1,InterAccess,dpz828v8k,1.0
1,InterAccess,dpz828v8q,1.0
1,InterAccess,dpz828v87,1.0
1,InterAccess,dpz828v8r,1.0
1,InterAccess,dpz828v9q,0.8278
1,InterAccess,dpz828v9r,0.9387
1,InterAccess,dpz828v8f,0.9905
1,InterAccess,dpz828v94,0.9845
1,InterAccess,dpz828vb8,0.989
1,InterAccess,dpz828vb2,0.9645
1,InterAccess,dpz828v85,0.8676
2,401 Richmond,dpz833fdd,1.0
2,401 Richmond,dpz833fd9,1.0
2,401 Richmond,dpz833fde,1.0
2,401 Richmond,dpz833fd6,1.0
2,401 Richmond,dpz833fd3,1.0
2,401 Richmond,dpz833fd7,1.0
2,401 Richmond,dpz833fdf,1.0
2,401 Richmond,dpz833fdc,1.0
2,401 Richmond,dpz833fdg,1.0
2,401 Richmond,dpz833fd8,1.0
2,401 Richmond,dpz833fd2,1.0
2,401 Richmond,dpz833fdb,1.0
2,401 Richmond,dpz833fds,1.0
2,401 Richmond,dpz833fdk,1.0
2,401 Richmond,dpz833fdu,1.0
2,401 Richmond,dpz833fd4,1.0
2,401 Richmond,dpz833fd1,1.0
2,401 Richmond,dpz833fd5,1.0
2,401 Richmond,dpz833fd0,1.0
2,401 Richmond,dpz833fdh,1.0
2,401 Richmond,dpz833fe4,1.0
2,401 Richmond,dpz833fe1,1.0
2,401 Richmond,dpz833fe5,1.0
2,401 Richmond,dpz833fe0,1.0
2,401 Richmond,dpz833feh,1.0
2,401 Richmond,dpz833f6x,1.0
2,401 Richmond,dpz833f6r,1.0
2,401 Richmond,dpz833f6z,1.0
2,401 Richmond,dpz833f6p,1.0
2,401 Richmond,dpz833f7p,1.0
2,401 Richmond,dpz833fdt,1.0
2,401 Richmond,dpz833fdm,1.0
2,401 Richmond,dpz833fdv,1.0
2,401 Richmond,dpz833fdj,1.0
2,401 Richmond,dpz833fej,1.0
2,401 Richmond,dpz833f9f,1.0
2,401 Richmond,dpz833f9c,1.0
2,401 Richmond,dpz833f9g,1.0
2,401 Richmond,dpz833f9b,1.0
2,401 Richmond,dpz833f9u,1.0
2,401 Richmond,dpz833f3z,1.0
2,401 Richmond,dpz833f9v,0.9999
2,401 Richmond,dpz833fe6,1.0
2,401 Richmond,dpz833fe3,1.0
2,401 Richmond,dpz833fe7,1.0
2,401 Richmond,dpz833fe2,1.0
2,401 Richmond,dpz833fek,1.0
2,401 Richmond,dpz833f7r,1.0
2,401 Richmond,dpz833fem,1.0
2,401 Richmond,dpz833f6w,1.0
2,401 Richmond,dpz833f6q,1.0
2,401 Richmond,dpz833f6y,1.0
2,401 Richmond,dpz833f6n,1.0
2,401 Richmond,dpz833f7n,1.0
2,401 Richmond,dpz833f3y,1.0
2,401 Richmond,dpz833f7q,1.0
2,401 Richmond,dpz833fdw,1.0
2,401 Richmond,dpz833fdq,1.0
2,401 Richmond,dpz833fdy,1.0
2,401 Richmond,dpz833fdn,1.0
2,401 Richmond,dpz833fen,1.0
2,401 Richmond,dpz833f9y,0.9287
2,401 Richmond,dpz833feq,1.0
2,401 Richmond,dpz833f99,0.9391
2,401 Richmond,dpz833f98,1.0
2,401 Richmond,dpz833f3x,1.0
2,401 Richmond,dpz833f3w,1.0
2,401 Richmond,dpz833fed,1.0
2,401 Richmond,dpz833fe9,1.0
2,401 Richmond,dpz833fee,1.0
2,401 Richmond,dpz833fe8,1.0
2,401 Richmond,dpz833fes,1.0
2,401 Richmond,dpz833f7x,1.0
2,401 Richmond,dpz833fet,1.0
2,401 Richmond,dpz833f7w,1.0
2,401 Richmond,dpz833few,1.0
2,401 Richmond,dpz833f6t,1.0
2,401 Richmond,dpz833f6m,1.0
2,401 Richmond,dpz833f6v,1.0
2,401 Richmond,dpz833f6j,1.0
2,401 Richmond,dpz833f7j,1.0
2,401 Richmond,dpz833f3v,1.0
2,401 Richmond,dpz833f7m,1.0
2,401 Richmond,dpz833f3t,1.0
2,401 Richmond,dpz833f7t,1.0
2,401 Richmond,dpz833fdx,1.0
2,401 Richmond,dpz833fdr,1.0
2,401 Richmond,dpz833fdz,1.0
2,401 Richmond,dpz833fdp,1.0
2,401 Richmond,dpz833fep,1.0
2,401 Richmond,dpz833f9z,1.0
2,401 Richmond,dpz833fer,1.0
2,401 Richmond,dpz833f9x,0.9095
2,401 Richmond,dpz833fex,1.0
2,401 Richmond,dpz833fef,1.0
2,401 Richmond,dpz833fec,1.0
2,401 Richmond,dpz833feg,1.0
2,401 Richmond,dpz833feb,1.0
2,401 Richmond,dpz833feu,1.0
2,401 Richmond,dpz833f7z,1.0
2,401 Richmond,dpz833fev,1.0
2,401 Richmond,dpz833f7y,0.9721
2,401 Richmond,dpz833fey,1.0
2,401 Richmond,dpz833fez,1.0
2,401 Richmond,dpz833f6s,1.0
2,401 Richmond,dpz833f6k,1.0
2,401 Richmond,dpz833f6u,1.0
2,401 Richmond,dpz833f6h,1.0
2,401 Richmond,dpz833f7h,1.0
2,401 Richmond,dpz833f3u,1.0
2,401 Richmond,dpz833f7k,1.0
2,401 Richmond,dpz833f3s,1.0
2,401 Richmond,dpz833f7s,1.0
2,401 Richmond,dpz833f3k,0.9756
2,401 Richmond,dpz833ff8,1.0
2,401 Richmond,dpz833ff2,1.0
2,401 Richmond,dpz833ffb,1.0
2,401 Richmond,dpz833ff0,1.0
2,401 Richmond,dpz833fg0,1.0
2,401 Richmond,dpz833fcb,1.0
2,401 Richmond,dpz833fg2,1.0
2,401 Richmond,dpz833fc8,0.8146
2,401 Richmond,dpz833fg8,1.0
2,401 Richmond,dpz833fs4,0.8452
2,401 Richmond,dpz833fs5,0.9944
2,401 Richmond,dpz833fsh,1.0
2,401 Richmond,dpz833fsj,1.0
2,401 Richmond,dpz833fsn,1.0
2,401 Richmond,dpz833f6e,1.0
2,401 Richmond,dpz833f67,1.0
2,401 Richmond,dpz833f6g,1.0
2,401 Richmond,dpz833f65,1.0
2,401 Richmond,dpz833f75,1.0
2,401 Richmond,dpz833f3g,1.0
2,401 Richmond,dpz833f77,1.0
2,401 Richmond,dpz833f3e,1.0
2,401 Richmond,dpz833f7e,1.0
2,401 Richmond,dpz833f37,1.0
2,401 Richmond,dpz833ff9,1.0
2,401 Richmond,dpz833ff3,1.0
2,401 Richmond,dpz833ffc,1.0
2,401 Richmond,dpz833ff1,1.0
2,401 Richmond,dpz833fg1,1.0
2,401 Richmond,dpz833fg3,1.0
2,401 Richmond,dpz833fg9,1.0
2,401 Richmond,dpz833fgc,0.8368
2,401 Richmond,dpz833f6d,1.0
2,401 Richmond,dpz833f66,1.0
2,401 Richmond,dpz833f6f,1.0
2,401 Richmond,dpz833f64,1.0
2,401 Richmond,dpz833f74,1.0
2,401 Richmond,dpz833f3f,1.0
2,401 Richmond,dpz833f76,1.0
2,401 Richmond,dpz833f3d,1.0
2,401 Richmond,dpz833f7d,1.0
2,401 Richmond,dpz833f36,1.0
2,401 Richmond,dpz833ffd,1.0
2,401 Richmond,dpz833ff6,1.0
2,401 Richmond,dpz833fff,1.0
2,401 Richmond,dpz833ff4,1.0
2,401 Richmond,dpz833fg4,0.9422
2,401 Richmond,dpz833fg6,0.8097
2,401 Richmond,dpz833fgd,0.9248
2,401 Richmond,dpz833fgf,0.9929
2,401 Richmond,dpz833f69,1.0
2,401 Richmond,dpz833f63,1.0
2,401 Richmond,dpz833f6c,1.0
2,401 Richmond,dpz833f61,1.0
2,401 Richmond,dpz833f71,1.0
2,401 Richmond,dpz833f3c,1.0
2,401 Richmond,dpz833f73,1.0
2,401 Richmond,dpz833f39,0.9963
2,401 Richmond,dpz833f79,0.9328
2,401 Richmond,dpz833ffe,1.0
2,401 Richmond,dpz833ff7,1.0
2,401 Richmond,dpz833ffg,1.0
2,401 Richmond,dpz833ff5,0.9151
2,401 Richmond,dpz833fgg,1.0
2,401 Richmond,dpz833f68,1.0
2,401 Richmond,dpz833f62,1.0
2,401 Richmond,dpz833f6b,1.0
2,401 Richmond,dpz833f60,0.9224
2,401 Richmond,dpz833f70,1.0
2,401 Richmond,dpz833f72,1.0
2,401 Richmond,dpz833ffs,1.0
2,401 Richmond,dpz833ffk,1.0
2,401 Richmond,dpz833ffu,0.9189
2,401 Richmond,dpz833fgu,1.0
2,401 Richmond,dpz833f4z,0.9977
2,401 Richmond,dpz833f5p,1.0
2,401 Richmond,dpz833f5r,1.0
2,401 Richmond,dpz833fgv,1.0
2,401 Richmond,dpz833f5q,0.9297
2,401 Richmond,dpz833fgw,1.0
2,401 Richmond,dpz833fgy,1.0
2,401 Richmond,dpz833fun,0.9148
2,401 Richmond,dpz833fgx,1.0
2,401 Richmond,dpz833fgz,1.0
2,401 Richmond,dpz833fup,1.0
2,401 Richmond,dpz833g58,1.0
2,401 Richmond,dpz833g5b,1.0
2,401 Richmond,dpz833gh0,1.0
2,401 Richmond,dpz833g59,1.0
2,401 Richmond,dpz833g5c,1.0
2,401 Richmond,dpz833gh1,1.0
2,401 Richmond,dpz833g5d,1.0
2,401 Richmond,dpz833g5f,1.0
2,401 Richmond,dpz833gh4,1.0
2,401 Richmond,dpz833g5e,0.9941
2,401 Richmond,dpz833g5g,1.0
2,401 Richmond,dpz833gh5,1.0
2,401 Richmond,dpz833gh7,0.9383
2,401 Richmond,dpz833g5s,0.8244
2,401 Richmond,dpz833g5u,0.8116
3,"918 Bathurst Centre for Culture, Arts, Media and Education",dpz82vt5z,1.0
3,"918 Bathurst Centre for Culture, Arts, Media and Education",dpz82vt5y,1.0
3,"918 Bathurst Centre for Culture, Arts, Media and Education",dpz82vt7b,1.0
3,"918 Bathurst Centre for Culture, Arts, Media and Education",dpz82vt5x,1.0
3,"918 Bathurst Centre for Culture, Arts, Media and Education",dpz82vt5w,1.0
3,"918 Bathurst Centre for Culture, Arts, Media and Education",dpz82vt78,1.0
3,"918 Bathurst Centre for Culture, Arts, Media and Education",dpz82vthp,1.0
3,"918 Bathurst Centre for Culture, Arts, Media and Education",dpz82vthn,1.0
3,"918 Bathurst Centre for Culture, Arts, Media and Education",dpz82vtk0,1.0
3,"918 Bathurst Centre for Culture, Arts, Media and Education",dpz82vt5v,1.0
3,"918 Bathurst Centre for Culture, Arts, Media and Education",dpz82vt5t,1.0
3,"918 Bathurst Centre for Culture, Arts, Media and Education",dpz82vthj,0.917
3,"918 Bathurst Centre for Culture, Arts, Media and Education",dpz82vt7c,1.0
3,"918 Bathurst Centre for Culture, Arts, Media and Education",dpz82vt79,1.0
3,"918 Bathurst Centre for Culture, Arts, Media and Education",dpz82vtk1,1.0
3,"918 Bathurst Centre for Culture, Arts, Media and Education",dpz82vt5r,0.9464
3,"918 Bathurst Centre for Culture, Arts, Media and Education",dpz82vt5q,1.0
3,"918 Bathurst Centre for Culture, Arts, Media and Education",dpz82vt5m,1.0
3,"918 Bathurst Centre for Culture, Arts, Media and Education",dpz82vtk3,0.8111
3,"918 Bathurst Centre for Culture, Arts, Media and Education",dpz82vt5u,1.0
3,"918 Bathurst Centre for Culture, Arts, Media and Education",dpz82vt5s,1.0
3,"918 Bathurst Centre for Culture, Arts, Media and Education",dpz82vt5k,1.0
3,"918 Bathurst Centre for Culture, Arts, Media and Education",dpz82vt7f,1.0
3,"918 Bathurst Centre for Culture, Arts, Media and Education",dpz82vt7d,1.0
3,"918 Bathurst Centre for Culture, Arts, Media and Education",dpz82vtk4,1.0
3,"918 Bathurst Centre for Culture, Arts, Media and Education",dpz82vtk6,0.9866
3,"918 Bathurst Centre for Culture, Arts, Media and Education",dpz82vt5g,0.9976
3,"918 Bathurst Centre for Culture, Arts, Media and Education",dpz82vtk5,0.9316
4,Albion Library,dpz2v4855,1.0
4,Albion Library,dpz2v4854,1.0
4,Albion Library,dpz2v485h,1.0
4,Albion Library,dpz2v484g,1.0
4,Albion Library,dpz2v484f,1.0
4,Albion Library,dpz2v484u,1.0
4,Albion Library,dpz2v4857,1.0
4,Albion Library,dpz2v4856,1.0
4,Albion Library,dpz2v485k,1.0
4,Albion Library,dpz2v4851,1.0
4,Albion Library,dpz2v484c,1.0
4,Albion Library,dpz2v4853,1.0
4,Albion Library,dpz2v485j,1.0
4,Albion Library,dpz2v484v,1.0
4,Albion Library,dpz2v485m,1.0
4,Albion Library,dpz2v484e,1.0
4,Albion Library,dpz2v484d,1.0
4,Albion Library,dpz2v484s,1.0
4,Albion Library,dpz2v4849,1.0
4,Albion Library,dpz2v484t,1.0
4,Albion Library,dpz2v485e,1.0
4,Albion Library,dpz2v485d,1.0
4,Albion Library,dpz2v485s,1.0
4,Albion Library,dpz2v4859,1.0
4,Albion Library,dpz2v485t,1.0
4,Albion Library,dpz2v4850,1.0
4,Albion Library,dpz2v484b,1.0
4,Albion Library,dpz2v4852,1.0
4,Albion Library,dpz2v4848,1.0
4,Albion Library,dpz2v4858,1.0
4,Albion Library,dpz2v485n,1.0
4,Albion Library,dpz2v484y,1.0
4,Albion Library,dpz2v485q,1.0
4,Albion Library,dpz2v484w,1.0
4,Albion Library,dpz2v485w,1.0
4,Albion Library,dpz2v4847,0.9498
4,Albion Library,dpz2v4846,0.8006
4,Albion Library,dpz2v484k,1.0
4,Albion Library,dpz2v484m,1.0
4,Albion Library,dpz2v484q,1.0
4,Albion Library,dpz2v485g,1.0
4,Albion Library,dpz2v485f,1.0
4,Albion Library,dpz2v485u,1.0
4,Albion Library,dpz2v485c,1.0
4,Albion Library,dpz2v485v,1.0
4,Albion Library,dpz2v485b,1.0
4,Albion Library,dpz2v485y,1.0
4,Albion Library,dpz2ufxgp,1.0
4,Albion Library,dpz2ufxfz,1.0
4,Albion Library,dpz2ufxgr,1.0
4,Albion Library,dpz2ufxfx,1.0
4,Albion Library,dpz2ufxgx,1.0
4,Albion Library,dpz2ufxgz,1.0
4,Albion Library,dpz2v485p,1.0
4,Albion Library,dpz2v484z,1.0
4,Albion Library,dpz2v485r,1.0
4,Albion Library,dpz2v484x,1.0
4,Albion Library,dpz2v485x,1.0
4,Albion Library,dpz2v484r,1.0
4,Albion Library,dpz2v485z,1.0
4,Albion Library,dpz2v48h5,1.0
4,Albion Library,dpz2v48h4,1.0
4,Albion Library,dpz2v48hh,1.0
4,Albion Library,dpz2v48h1,1.0
4,Albion Library,dpz2v48hj,1.0
4,Albion Library,dpz2v48h0,1.0
4,Albion Library,dpz2v48hn,1.0
4,Albion Library,dpz2ufxup,1.0
4,Albion Library,dpz2v48hp,1.0
4,Albion Library,dpz2ufxgn,1.0
4,Albion Library,dpz2ufxfy,1.0
4,Albion Library,dpz2ufxgq,1.0
4,Albion Library,dpz2ufxfw,1.0
4,Albion Library,dpz2ufxgw,1.0
4,Albion Library,dpz2ufxgy,1.0
4,Albion Library,dpz2ufxun,1.0
4,Albion Library,dpz2v4870,1.0
4,Albion Library,dpz2v486b,1.0
4,Albion Library,dpz2v4872,1.0
4,Albion Library,dpz2v4868,1.0
4,Albion Library,dpz2v4878,1.0
4,Albion Library,dpz2v4862,1.0
4,Albion Library,dpz2v487b,1.0
4,Albion Library,dpz2v48k0,1.0
4,Albion Library,dpz2v48h7,1.0
4,Albion Library,dpz2v48h6,1.0
4,Albion Library,dpz2v48hk,1.0
4,Albion Library,dpz2v48h3,1.0
4,Albion Library,dpz2v48hm,1.0
4,Albion Library,dpz2v48h2,1.0
4,Albion Library,dpz2v48hq,1.0
4,Albion Library,dpz2ufxur,1.0
4,Albion Library,dpz2v48hr,1.0
4,Albion Library,dpz2ufxuq,1.0
4,Albion Library,dpz2v48k2,1.0
4,Albion Library,dpz2ufxgj,1.0
4,Albion Library,dpz2ufxfv,1.0
4,Albion Library,dpz2ufxgm,1.0
4,Albion Library,dpz2ufxft,0.9961
4,Albion Library,dpz2ufxgt,1.0
4,Albion Library,dpz2ufxgv,1.0
4,Albion Library,dpz2ufxuj,1.0
4,Albion Library,dpz2ufxum,1.0
4,Albion Library,dpz2v4871,1.0
4,Albion Library,dpz2v486c,1.0
4,Albion Library,dpz2v4873,1.0
4,Albion Library,dpz2v4869,1.0
4,Albion Library,dpz2v4879,1.0
4,Albion Library,dpz2v4863,1.0
4,Albion Library,dpz2v487c,1.0
4,Albion Library,dpz2v4861,0.8632
4,Albion Library,dpz2v48k1,1.0
4,Albion Library,dpz2v48k3,1.0
4,Albion Library,dpz2v48he,1.0
4,Albion Library,dpz2v48hd,1.0
4,Albion Library,dpz2v48hs,1.0
4,Albion Library,dpz2v48h9,1.0
4,Albion Library,dpz2v48ht,1.0
4,Albion Library,dpz2v48h8,1.0
4,Albion Library,dpz2v48hw,1.0
4,Albion Library,dpz2ufxux,1.0
4,Albion Library,dpz2v48hx,1.0
4,Albion Library,dpz2ufxuw,1.0
4,Albion Library,dpz2v48k8,0.9474
4,Albion Library,dpz2ufxut,1.0
4,Albion Library,dpz2ufxgh,1.0
4,Albion Library,dpz2ufxfu,1.0
4,Albion Library,dpz2ufxgk,1.0
4,Albion Library,dpz2ufxfs,0.8898
4,Albion Library,dpz2ufxgs,1.0
4,Albion Library,dpz2ufxgu,0.9726
4,Albion Library,dpz2v4874,1.0
4,Albion Library,dpz2v486f,1.0
4,Albion Library,dpz2v4876,1.0
4,Albion Library,dpz2v486d,0.9914
4,Albion Library,dpz2v487d,1.0
4,Albion Library,dpz2v487f,1.0
4,Albion Library,dpz2v48k4,1.0
4,Albion Library,dpz2v48k6,1.0
4,Albion Library,dpz2v48hf,0.8895
4,Albion Library,dpz2v48hc,0.9967
4,Albion Library,dpz2v48hb,1.0
4,Albion Library,dpz2ufxuz,1.0
4,Albion Library,dpz2ufxuy,1.0
4,Albion Library,dpz2ufxuv,0.8551
4,Albion Library,dpz2ufxg5,0.9439
4,Albion Library,dpz2ufxfg,1.0
4,Albion Library,dpz2v4877,0.9933
4,Albion Library,dpz2v487e,1.0
4,Albion Library,dpz2v487g,1.0
4,Albion Library,dpz2v48k5,1.0
4,Albion Library,dpz2v48k7,1.0
4,Albion Library,dpz2v48kh,0.995
4,Albion Library,dpz2v48kk,1.0
5,Array Space,dpz82cpqp,0.8983
5,Array Space,dpz82cpqn,1.0
5,Array Space,dpz82cpqr,0.823
5,Array Space,dpz82cpw2,1.0
6,Art Gallery of Ontario,dpz836guw,1.0
6,Art Gallery of Ontario,dpz836gut,1.0
6,Art Gallery of Ontario,dpz836gux,1.0
6,Art Gallery of Ontario,dpz836guq,1.0
6,Art Gallery of Ontario,dpz836gum,1.0
6,Art Gallery of Ontario,dpz836gur,1.0
6,Art Gallery of Ontario,dpz836guy,1.0
6,Art Gallery of Ontario,dpz836guv,1.0
6,Art Gallery of Ontario,dpz836guz,1.0
6,Art Gallery of Ontario,dpz836gus,1.0
6,Art Gallery of Ontario,dpz836guk,1.0
6,Art Gallery of Ontario,dpz836guu,1.0
6,Art Gallery of Ontario,dpz836uh8,1.0
6,Art Gallery of Ontario,dpz836uh2,1.0
6,Art Gallery of Ontario,dpz836uhb,1.0
6,Art Gallery of Ontario,dpz836gun,1.0
6,Art Gallery of Ontario,dpz836guj,1.0
6,Art Gallery of Ontario,dpz836gup,1.0
6,Art Gallery of Ontario,dpz836guh,1.0
6,Art Gallery of Ontario,dpz836uh0,1.0
6,Art Gallery of Ontario,dpz836gvn,1.0
6,Art Gallery of Ontario,dpz836gvj,1.0
6,Art Gallery of Ontario,dpz836gvp,1.0
6,Art Gallery of Ontario,dpz836gvh,1.0
6,Art Gallery of Ontario,dpz836uj0,1.0
6,Art Gallery of Ontario,dpz836gue,1.0
6,Art Gallery of Ontario,dpz836gu7,1.0
6,Art Gallery of Ontario,dpz836gug,1.0
6,Art Gallery of Ontario,dpz836gu5,1.0
6,Art Gallery of Ontario,dpz836gv5,1.0
6,Art Gallery of Ontario,dpz836uh9,1.0
6,Art Gallery of Ontario,dpz836uh3,1.0
6,Art Gallery of Ontario,dpz836uhc,1.0
6,Art Gallery of Ontario,dpz836uh1,1.0
6,Art Gallery of Ontario,dpz836uj1,1.0
6,Art Gallery of Ontario,dpz836ggy,1.0
6,Art Gallery of Ontario,dpz836ggv,1.0
6,Art Gallery of Ontario,dpz836ggz,1.0
6,Art Gallery of Ontario,dpz836ggu,1.0
6,Art Gallery of Ontario,dpz836u5b,1.0
6,Art Gallery of Ontario,dpz836ggg,1.0
6,Art Gallery of Ontario,dpz836u5c,1.0
6,Art Gallery of Ontario,dpz836gvq,1.0
6,Art Gallery of Ontario,dpz836gvm,1.0
6,Art Gallery of Ontario,dpz836gvr,1.0
6,Art Gallery of Ontario,dpz836gvk,1.0
6,Art Gallery of Ontario,dpz836uj2,1.0
6,Art Gallery of Ontario,dpz836gv7,1.0
6,Art Gallery of Ontario,dpz836uj3,1.0
6,Art Gallery of Ontario,dpz836gud,1.0
6,Art Gallery of Ontario,dpz836gu6,1.0
6,Art Gallery of Ontario,dpz836guf,1.0
6,Art Gallery of Ontario,dpz836gu4,1.0
6,Art Gallery of Ontario,dpz836gv4,1.0
6,Art Gallery of Ontario,dpz836ggf,1.0
6,Art Gallery of Ontario,dpz836gv6,1.0
6,Art Gallery of Ontario,dpz836uhd,1.0
6,Art Gallery of Ontario,dpz836uh6,1.0
6,Art Gallery of Ontario,dpz836uhf,1.0
6,Art Gallery of Ontario,dpz836uh4,1.0
6,Art Gallery of Ontario,dpz836uj4,1.0
6,Art Gallery of Ontario,dpz836u5f,1.0
6,Art Gallery of Ontario,dpz836uj6,1.0
6,Art Gallery of Ontario,dpz836ggw,1.0
6,Art Gallery of Ontario,dpz836ggt,1.0
6,Art Gallery of Ontario,dpz836ggx,1.0
6,Art Gallery of Ontario,dpz836ggs,1.0
6,Art Gallery of Ontario,dpz836u58,1.0
6,Art Gallery of Ontario,dpz836gge,1.0
6,Art Gallery of Ontario,dpz836u59,1.0
6,Art Gallery of Ontario,dpz836ggd,1.0
6,Art Gallery of Ontario,dpz836u5d,1.0
6,Art Gallery of Ontario,dpz836gvw,1.0
6,Art Gallery of Ontario,dpz836gvt,1.0
6,Art Gallery of Ontario,dpz836gvx,1.0
6,Art Gallery of Ontario,dpz836gvs,1.0
6,Art Gallery of Ontario,dpz836uj8,1.0
6,Art Gallery of Ontario,dpz836gve,1.0
6,Art Gallery of Ontario,dpz836uj9,1.0
6,Art Gallery of Ontario,dpz836gvd,1.0
6,Art Gallery of Ontario,dpz836ujd,1.0
6,Art Gallery of Ontario,dpz836gu9,1.0
6,Art Gallery of Ontario,dpz836gu3,1.0
6,Art Gallery of Ontario,dpz836guc,1.0
6,Art Gallery of Ontario,dpz836gu1,1.0
6,Art Gallery of Ontario,dpz836gv1,1.0
6,Art Gallery of Ontario,dpz836ggc,1.0
6,Art Gallery of Ontario,dpz836gv3,1.0
6,Art Gallery of Ontario,dpz836gg9,1.0
6,Art Gallery of Ontario,dpz836gv9,1.0
6,Art Gallery of Ontario,dpz836uhe,1.0
6,Art Gallery of Ontario,dpz836uh7,1.0
6,Art Gallery of Ontario,dpz836uhg,1.0
6,Art Gallery of Ontario,dpz836uh5,1.0
6,Art Gallery of Ontario,dpz836uj5,1.0
6,Art Gallery of Ontario,dpz836u5g,1.0
6,Art Gallery of Ontario,dpz836uj7,1.0
6,Art Gallery of Ontario,dpz836u5e,1.0
6,Art Gallery of Ontario,dpz836uje,1.0
6,Art Gallery of Ontario,dpz836ggq,1.0
6,Art Gallery of Ontario,dpz836ggm,1.0
6,Art Gallery of Ontario,dpz836ggr,1.0
6,Art Gallery of Ontario,dpz836ggk,1.0
6,Art Gallery of Ontario,dpz836u52,1.0
6,Art Gallery of Ontario,dpz836gg7,1.0
6,Art Gallery of Ontario,dpz836u53,1.0
6,Art Gallery of Ontario,dpz836gg6,1.0
6,Art Gallery of Ontario,dpz836u56,1.0
6,Art Gallery of Ontario,dpz836gg3,1.0
6,Art Gallery of Ontario,dpz836u57,1.0
6,Art Gallery of Ontario,dpz836gvy,1.0
6,Art Gallery of Ontario,dpz836gvv,1.0
6,Art Gallery of Ontario,dpz836gvz,1.0
6,Art Gallery of Ontario,dpz836gvu,1.0
6,Art Gallery of Ontario,dpz836ujb,1.0
6,Art Gallery of Ontario,dpz836gvg,1.0
6,Art Gallery of Ontario,dpz836ujc,1.0
6,Art Gallery of Ontario,dpz836gvf,1.0
6,Art Gallery of Ontario,dpz836ujf,1.0
6,Art Gallery of Ontario,dpz836gvc,1.0
6,Art Gallery of Ontario,dpz836ujg,1.0
6,Art Gallery of Ontario,dpz836gu8,1.0
6,Art Gallery of Ontario,dpz836gu2,1.0
6,Art Gallery of Ontario,dpz836gub,1.0
6,Art Gallery of Ontario,dpz836gu0,1.0
6,Art Gallery of Ontario,dpz836gv0,1.0
6,Art Gallery of Ontario,dpz836ggb,1.0
6,Art Gallery of Ontario,dpz836gv2,1.0
6,Art Gallery of Ontario,dpz836gg8,1.0
6,Art Gallery of Ontario,dpz836gv8,1.0
6,Art Gallery of Ontario,dpz836gg2,1.0
6,Art Gallery of Ontario,dpz836gvb,1.0
6,Art Gallery of Ontario,dpz836uhs,1.0
6,Art Gallery of Ontario,dpz836uhk,1.0
6,Art Gallery of Ontario,dpz836uhu,1.0
6,Art Gallery of Ontario,dpz836uhh,1.0
6,Art Gallery of Ontario,dpz836ujh,1.0
6,Art Gallery of Ontario,dpz836u5u,1.0
6,Art Gallery of Ontario,dpz836ujk,1.0
6,Art Gallery of Ontario,dpz836u5s,1.0
6,Art Gallery of Ontario,dpz836ujs,1.0
6,Art Gallery of Ontario,dpz836u5k,1.0
6,Art Gallery of Ontario,dpz836uju,1.0
6,Art Gallery of Ontario,dpz836ggn,1.0
6,Art Gallery of Ontario,dpz836ggj,1.0
6,Art Gallery of Ontario,dpz836ggp,1.0
6,Art Gallery of Ontario,dpz836ggh,1.0
6,Art Gallery of Ontario,dpz836u50,1.0
6,Art Gallery of Ontario,dpz836gg5,1.0
6,Art Gallery of Ontario,dpz836u51,1.0
6,Art Gallery of Ontario,dpz836gg4,1.0
6,Art Gallery of Ontario,dpz836u54,1.0
6,Art Gallery of Ontario,dpz836gg1,1.0
6,Art Gallery of Ontario,dpz836u55,1.0
6,Art Gallery of Ontario,dpz836gg0,1.0
6,Art Gallery of Ontario,dpz836u5h,1.0
6,Art Gallery of Ontario,dpz836gyn,1.0
6,Art Gallery of Ontario,dpz836gyj,1.0
6,Art Gallery of Ontario,dpz836gyp,1.0
6,Art Gallery of Ontario,dpz836gyh,1.0
6,Art Gallery of Ontario,dpz836un0,1.0
6,Art Gallery of Ontario,dpz836gy5,1.0
6,Art Gallery of Ontario,dpz836un1,1.0
6,Art Gallery of Ontario,dpz836gy4,1.0
6,Art Gallery of Ontario,dpz836un4,1.0
6,Art Gallery of Ontario,dpz836gy1,1.0
6,Art Gallery of Ontario,dpz836un5,1.0
6,Art Gallery of Ontario,dpz836gy0,1.0
6,Art Gallery of Ontario,dpz836unh,1.0
6,Art Gallery of Ontario,dpz836gsx,1.0
6,Art Gallery of Ontario,dpz836gsr,1.0
6,Art Gallery of Ontario,dpz836gsz,1.0
6,Art Gallery of Ontario,dpz836gsp,1.0
6,Art Gallery of Ontario,dpz836gtp,1.0
6,Art Gallery of Ontario,dpz836gez,1.0
6,Art Gallery of Ontario,dpz836gtr,1.0
6,Art Gallery of Ontario,dpz836gex,1.0
6,Art Gallery of Ontario,dpz836gtx,1.0
6,Art Gallery of Ontario,dpz836ger,1.0
6,Art Gallery of Ontario,dpz836gtz,1.0
6,Art Gallery of Ontario,dpz836gep,1.0
6,Art Gallery of Ontario,dpz836gwp,1.0
6,Art Gallery of Ontario,dpz836uht,1.0
6,Art Gallery of Ontario,dpz836uhm,1.0
6,Art Gallery of Ontario,dpz836uhv,1.0
6,Art Gallery of Ontario,dpz836uhj,1.0
6,Art Gallery of Ontario,dpz836ujj,1.0
6,Art Gallery of Ontario,dpz836u5v,1.0
6,Art Gallery of Ontario,dpz836ujm,1.0
6,Art Gallery of Ontario,dpz836u5t,1.0
6,Art Gallery of Ontario,dpz836ujt,1.0
6,Art Gallery of Ontario,dpz836u5m,1.0
6,Art Gallery of Ontario,dpz836ujv,1.0
6,Art Gallery of Ontario,dpz836u5j,1.0
6,Art Gallery of Ontario,dpz836unj,1.0
6,Art Gallery of Ontario,dpz836gfy,1.0
6,Art Gallery of Ontario,dpz836gfv,1.0
6,Art Gallery of Ontario,dpz836gfz,1.0
6,Art Gallery of Ontario,dpz836gfu,1.0
6,Art Gallery of Ontario,dpz836u4b,1.0
6,Art Gallery of Ontario,dpz836gfg,1.0
6,Art Gallery of Ontario,dpz836u4c,1.0
6,Art Gallery of Ontario,dpz836gff,1.0
6,Art Gallery of Ontario,dpz836u4f,1.0
6,Art Gallery of Ontario,dpz836gfc,1.0
6,Art Gallery of Ontario,dpz836u4g,1.0
6,Art Gallery of Ontario,dpz836gfb,1.0
6,Art Gallery of Ontario,dpz836u4u,1.0
6,Art Gallery of Ontario,dpz836gdz,1.0
6,Art Gallery of Ontario,dpz836u4v,1.0
6,Art Gallery of Ontario,dpz836gyq,1.0
6,Art Gallery of Ontario,dpz836gym,1.0
6,Art Gallery of Ontario,dpz836gyr,1.0
6,Art Gallery of Ontario,dpz836gyk,1.0
6,Art Gallery of Ontario,dpz836un2,1.0
6,Art Gallery of Ontario,dpz836gy7,1.0
6,Art Gallery of Ontario,dpz836un3,1.0
6,Art Gallery of Ontario,dpz836gy6,1.0
6,Art Gallery of Ontario,dpz836un6,1.0
6,Art Gallery of Ontario,dpz836gy3,1.0
6,Art Gallery of Ontario,dpz836un7,1.0
6,Art Gallery of Ontario,dpz836gy2,1.0
6,Art Gallery of Ontario,dpz836unk,1.0
6,Art Gallery of Ontario,dpz836gwr,0.9036
6,Art Gallery of Ontario,dpz836unm,1.0
6,Art Gallery of Ontario,dpz836gsw,1.0
6,Art Gallery of Ontario,dpz836gsq,1.0
6,Art Gallery of Ontario,dpz836gsy,1.0
6,Art Gallery of Ontario,dpz836gsn,1.0
6,Art Gallery of Ontario,dpz836gtn,1.0
6,Art Gallery of Ontario,dpz836gey,1.0
6,Art Gallery of Ontario,dpz836gtq,1.0
6,Art Gallery of Ontario,dpz836gew,1.0
6,Art Gallery of Ontario,dpz836gtw,1.0
6,Art Gallery of Ontario,dpz836geq,1.0
6,Art Gallery of Ontario,dpz836gty,1.0
6,Art Gallery of Ontario,dpz836gen,1.0
6,Art Gallery of Ontario,dpz836gwn,1.0
6,Art Gallery of Ontario,dpz836gdy,1.0
6,Art Gallery of Ontario,dpz836uhw,1.0
6,Art Gallery of Ontario,dpz836uhq,1.0
6,Art Gallery of Ontario,dpz836uhy,1.0
6,Art Gallery of Ontario,dpz836uhn,1.0
6,Art Gallery of Ontario,dpz836ujn,1.0
6,Art Gallery of Ontario,dpz836u5y,1.0
6,Art Gallery of Ontario,dpz836ujq,1.0
6,Art Gallery of Ontario,dpz836u5w,1.0
6,Art Gallery of Ontario,dpz836ujw,1.0
6,Art Gallery of Ontario,dpz836u5q,1.0
6,Art Gallery of Ontario,dpz836ujy,1.0
6,Art Gallery of Ontario,dpz836u5n,1.0
6,Art Gallery of Ontario,dpz836unn,1.0
6,Art Gallery of Ontario,dpz836u4y,1.0
6,Art Gallery of Ontario,dpz836unq,1.0
6,Art Gallery of Ontario,dpz836gfw,1.0
6,Art Gallery of Ontario,dpz836gft,1.0
6,Art Gallery of Ontario,dpz836gfx,1.0
6,Art Gallery of Ontario,dpz836gfs,1.0
6,Art Gallery of Ontario,dpz836u48,1.0
6,Art Gallery of Ontario,dpz836gfe,1.0
6,Art Gallery of Ontario,dpz836u49,1.0
6,Art Gallery of Ontario,dpz836gfd,1.0
6,Art Gallery of Ontario,dpz836u4d,1.0
6,Art Gallery of Ontario,dpz836gf9,1.0
6,Art Gallery of Ontario,dpz836u4e,1.0
6,Art Gallery of Ontario,dpz836gf8,1.0
6,Art Gallery of Ontario,dpz836u4s,1.0
6,Art Gallery of Ontario,dpz836gdx,1.0
6,Art Gallery of Ontario,dpz836u4t,1.0
6,Art Gallery of Ontario,dpz836gdw,1.0
6,Art Gallery of Ontario,dpz836u4w,1.0
6,Art Gallery of Ontario,dpz836gyw,1.0
6,Art Gallery of Ontario,dpz836gyt,1.0
6,Art Gallery of Ontario,dpz836gyx,1.0
6,Art Gallery of Ontario,dpz836gys,0.9969
6,Art Gallery of Ontario,dpz836un8,1.0
6,Art Gallery of Ontario,dpz836gye,0.8446
6,Art Gallery of Ontario,dpz836un9,1.0
6,Art Gallery of Ontario,dpz836und,1.0
6,Art Gallery of Ontario,dpz836une,1.0
6,Art Gallery of Ontario,dpz836uns,1.0
6,Art Gallery of Ontario,dpz836unt,1.0
6,Art Gallery of Ontario,dpz836unw,1.0
6,Art Gallery of Ontario,dpz836gst,1.0
6,Art Gallery of Ontario,dpz836gsm,1.0
6,Art Gallery of Ontario,dpz836gsv,1.0
6,Art Gallery of Ontario,dpz836gsj,1.0
6,Art Gallery of Ontario,dpz836gtj,1.0
6,Art Gallery of Ontario,dpz836gev,1.0
6,Art Gallery of Ontario,dpz836gtm,1.0
6,Art Gallery of Ontario,dpz836get,1.0
6,Art Gallery of Ontario,dpz836gtt,1.0
6,Art Gallery of Ontario,dpz836gem,1.0
6,Art Gallery of Ontario,dpz836gtv,1.0
6,Art Gallery of Ontario,dpz836gej,1.0
6,Art Gallery of Ontario,dpz836gwj,1.0
6,Art Gallery of Ontario,dpz836gdv,1.0
6,Art Gallery of Ontario,dpz836gdt,1.0
6,Art Gallery of Ontario,dpz836uhx,1.0
6,Art Gallery of Ontario,dpz836uhr,1.0
6,Art Gallery of Ontario,dpz836uhz,1.0
6,Art Gallery of Ontario,dpz836uhp,1.0
6,Art Gallery of Ontario,dpz836ujp,1.0
6,Art Gallery of Ontario,dpz836u5z,1.0
6,Art Gallery of Ontario,dpz836ujr,1.0
6,Art Gallery of Ontario,dpz836u5x,1.0
6,Art Gallery of Ontario,dpz836ujx,1.0
6,Art Gallery of Ontario,dpz836u5r,1.0
6,Art Gallery of Ontario,dpz836ujz,1.0
6,Art Gallery of Ontario,dpz836u5p,1.0
6,Art Gallery of Ontario,dpz836unp,1.0
6,Art Gallery of Ontario,dpz836u4z,1.0
6,Art Gallery of Ontario,dpz836unr,1.0
6,Art Gallery of Ontario,dpz836u4x,1.0
6,Art Gallery of Ontario,dpz836unx,1.0
6,Art Gallery of Ontario,dpz836gfq,1.0
6,Art Gallery of Ontario,dpz836gfm,1.0
6,Art Gallery of Ontario,dpz836gfr,1.0
6,Art Gallery of Ontario,dpz836gfk,1.0
6,Art Gallery of Ontario,dpz836u42,1.0
6,Art Gallery of Ontario,dpz836gf7,1.0
6,Art Gallery of Ontario,dpz836u43,1.0
6,Art Gallery of Ontario,dpz836gf6,1.0
6,Art Gallery of Ontario,dpz836u46,1.0
6,Art Gallery of Ontario,dpz836gf3,1.0
6,Art Gallery of Ontario,dpz836u47,1.0
6,Art Gallery of Ontario,dpz836gf2,1.0
6,Art Gallery of Ontario,dpz836u4k,1.0
6,Art Gallery of Ontario,dpz836gdr,1.0
6,Art Gallery of Ontario,dpz836u4m,1.0
6,Art Gallery of Ontario,dpz836gdq,1.0
6,Art Gallery of Ontario,dpz836u4q,0.9137
6,Art Gallery of Ontario,dpz836gdm,1.0
6,Art Gallery of Ontario,dpz836unb,0.913
6,Art Gallery of Ontario,dpz836unc,1.0
6,Art Gallery of Ontario,dpz836unf,1.0
6,Art Gallery of Ontario,dpz836ung,1.0
6,Art Gallery of Ontario,dpz836unu,1.0
6,Art Gallery of Ontario,dpz836unv,1.0
6,Art Gallery of Ontario,dpz836uny,1.0
6,Art Gallery of Ontario,dpz836unz,1.0
6,Art Gallery of Ontario,dpz836gss,1.0
6,Art Gallery of Ontario,dpz836gsk,1.0
6,Art Gallery of Ontario,dpz836gsu,1.0
6,Art Gallery of Ontario,dpz836gsh,1.0
6,Art Gallery of Ontario,dpz836gth,1.0
6,Art Gallery of Ontario,dpz836geu,1.0
6,Art Gallery of Ontario,dpz836gtk,1.0
6,Art Gallery of Ontario,dpz836ges,1.0
6,Art Gallery of Ontario,dpz836gts,1.0
6,Art Gallery of Ontario,dpz836gek,1.0
6,Art Gallery of Ontario,dpz836gtu,1.0
6,Art Gallery of Ontario,dpz836geh,1.0
6,Art Gallery of Ontario,dpz836gwh,1.0
6,Art Gallery of Ontario,dpz836gdu,1.0
6,Art Gallery of Ontario,dpz836gds,1.0
6,Art Gallery of Ontario,dpz836gdk,1.0
6,Art Gallery of Ontario,dpz836uk8,1.0
6,Art Gallery of Ontario,dpz836uk2,1.0
6,Art Gallery of Ontario,dpz836ukb,1.0
6,Art Gallery of Ontario,dpz836uk0,1.0
6,Art Gallery of Ontario,dpz836um0,1.0
6,Art Gallery of Ontario,dpz836u7b,1.0
6,Art Gallery of Ontario,dpz836um2,1.0
6,Art Gallery of Ontario,dpz836u78,1.0
6,Art Gallery of Ontario,dpz836um8,1.0
6,Art Gallery of Ontario,dpz836u72,1.0
6,Art Gallery of Ontario,dpz836umb,1.0
6,Art Gallery of Ontario,dpz836u70,1.0
6,Art Gallery of Ontario,dpz836uq0,1.0
6,Art Gallery of Ontario,dpz836u6b,1.0
6,Art Gallery of Ontario,dpz836uq2,1.0
6,Art Gallery of Ontario,dpz836u68,1.0
6,Art Gallery of Ontario,dpz836uq8,1.0
6,Art Gallery of Ontario,dpz836uqb,1.0
6,Art Gallery of Ontario,dpz836gfn,1.0
6,Art Gallery of Ontario,dpz836gfj,1.0
6,Art Gallery of Ontario,dpz836gfp,1.0
6,Art Gallery of Ontario,dpz836gfh,1.0
6,Art Gallery of Ontario,dpz836u40,1.0
6,Art Gallery of Ontario,dpz836gf5,1.0
6,Art Gallery of Ontario,dpz836u41,0.9454
6,Art Gallery of Ontario,dpz836gf4,1.0
6,Art Gallery of Ontario,dpz836gf1,1.0
6,Art Gallery of Ontario,dpz836gf0,1.0
6,Art Gallery of Ontario,dpz836gdp,1.0
6,Art Gallery of Ontario,dpz836gdn,1.0
6,Art Gallery of Ontario,dpz836gdj,1.0
6,Art Gallery of Ontario,dpz836gdh,1.0
6,Art Gallery of Ontario,dpz836upj,0.9423
6,Art Gallery of Ontario,dpz836upn,1.0
6,Art Gallery of Ontario,dpz836upp,1.0
6,Art Gallery of Ontario,dpz836ur0,1.0
6,Art Gallery of Ontario,dpz836gse,1.0
6,Art Gallery of Ontario,dpz836gs7,1.0
6,Art Gallery of Ontario,dpz836gsg,1.0
6,Art Gallery of Ontario,dpz836gs5,1.0
6,Art Gallery of Ontario,dpz836gt5,1.0
6,Art Gallery of Ontario,dpz836geg,1.0
6,Art Gallery of Ontario,dpz836gt7,1.0
6,Art Gallery of Ontario,dpz836gee,1.0
6,Art Gallery of Ontario,dpz836gte,1.0
6,Art Gallery of Ontario,dpz836ge7,1.0
6,Art Gallery of Ontario,dpz836gtg,1.0
6,Art Gallery of Ontario,dpz836ge5,1.0
6,Art Gallery of Ontario,dpz836gw5,0.9284
6,Art Gallery of Ontario,dpz836gdg,1.0
6,Art Gallery of Ontario,dpz836gde,1.0
6,Art Gallery of Ontario,dpz836gd7,1.0
6,Art Gallery of Ontario,dpz836gd5,1.0
6,Art Gallery of Ontario,dpz836uk9,1.0
6,Art Gallery of Ontario,dpz836uk3,1.0
6,Art Gallery of Ontario,dpz836ukc,1.0
6,Art Gallery of Ontario,dpz836uk1,1.0
6,Art Gallery of Ontario,dpz836um1,1.0
6,Art Gallery of Ontario,dpz836u7c,1.0
6,Art Gallery of Ontario,dpz836um3,1.0
6,Art Gallery of Ontario,dpz836u79,1.0
6,Art Gallery of Ontario,dpz836um9,1.0
6,Art Gallery of Ontario,dpz836u73,1.0
6,Art Gallery of Ontario,dpz836umc,1.0
6,Art Gallery of Ontario,dpz836u71,1.0
6,Art Gallery of Ontario,dpz836uq1,1.0
6,Art Gallery of Ontario,dpz836u6c,1.0
6,Art Gallery of Ontario,dpz836uq3,1.0
6,Art Gallery of Ontario,dpz836u69,1.0
6,Art Gallery of Ontario,dpz836uq9,1.0
6,Art Gallery of Ontario,dpz836uqc,1.0
6,Art Gallery of Ontario,dpz836ur1,1.0
6,Art Gallery of Ontario,dpz836gcu,0.9927
6,Art Gallery of Ontario,dpz836gcg,1.0
6,Art Gallery of Ontario,dpz836gcf,1.0
6,Art Gallery of Ontario,dpz836gcc,1.0
6,Art Gallery of Ontario,dpz836gcb,1.0
6,Art Gallery of Ontario,dpz836g9z,1.0
6,Art Gallery of Ontario,dpz836g9y,1.0
6,Art Gallery of Ontario,dpz836g9v,1.0
6,Art Gallery of Ontario,dpz836g9u,1.0
6,Art Gallery of Ontario,dpz836g9g,1.0
6,Art Gallery of Ontario,dpz836gsd,1.0
6,Art Gallery of Ontario,dpz836gs6,1.0
6,Art Gallery of Ontario,dpz836gsf,1.0
6,Art Gallery of Ontario,dpz836gs4,1.0
6,Art Gallery of Ontario,dpz836gt4,1.0
6,Art Gallery of Ontario,dpz836gef,1.0
6,Art Gallery of Ontario,dpz836gt6,1.0
6,Art Gallery of Ontario,dpz836ged,1.0
6,Art Gallery of Ontario,dpz836gtd,1.0
6,Art Gallery of Ontario,dpz836ge6,1.0
6,Art Gallery of Ontario,dpz836gtf,1.0
6,Art Gallery of Ontario,dpz836ge4,1.0
6,Art Gallery of Ontario,dpz836gdf,1.0
6,Art Gallery of Ontario,dpz836gdd,1.0
6,Art Gallery of Ontario,dpz836gd6,1.0
6,Art Gallery of Ontario,dpz836gd4,1.0
6,Art Gallery of Ontario,dpz836g9f,1.0
6,Art Gallery of Ontario,dpz836ukd,1.0
6,Art Gallery of Ontario,dpz836uk6,1.0
6,Art Gallery of Ontario,dpz836ukf,1.0
6,Art Gallery of Ontario,dpz836uk4,1.0
6,Art Gallery of Ontario,dpz836um4,1.0
6,Art Gallery of Ontario,dpz836u7f,1.0
6,Art Gallery of Ontario,dpz836um6,1.0
6,Art Gallery of Ontario,dpz836u7d,1.0
6,Art Gallery of Ontario,dpz836umd,1.0
6,Art Gallery of Ontario,dpz836u76,1.0
6,Art Gallery of Ontario,dpz836umf,1.0
6,Art Gallery of Ontario,dpz836u74,1.0
6,Art Gallery of Ontario,dpz836uq4,1.0
6,Art Gallery of Ontario,dpz836u6f,1.0
6,Art Gallery of Ontario,dpz836uq6,1.0
6,Art Gallery of Ontario,dpz836u6d,0.9988
6,Art Gallery of Ontario,dpz836uqd,1.0
6,Art Gallery of Ontario,dpz836uqf,1.0
6,Art Gallery of Ontario,dpz836ur4,1.0
6,Art Gallery of Ontario,dpz836ur6,0.9191
6,Art Gallery of Ontario,dpz836gcs,0.998
6,Art Gallery of Ontario,dpz836gce,1.0
6,Art Gallery of Ontario,dpz836gcd,1.0
6,Art Gallery of Ontario,dpz836gc9,1.0
6,Art Gallery of Ontario,dpz836gc8,1.0
6,Art Gallery of Ontario,dpz836g9x,1.0
6,Art Gallery of Ontario,dpz836g9w,1.0
6,Art Gallery of Ontario,dpz836g9t,1.0
6,Art Gallery of Ontario,dpz836g9s,1.0
6,Art Gallery of Ontario,dpz836g9e,1.0
6,Art Gallery of Ontario,dpz836g9d,1.0
6,Art Gallery of Ontario,dpz836gs9,1.0
6,Art Gallery of Ontario,dpz836gs3,1.0
6,Art Gallery of Ontario,dpz836gsc,1.0
6,Art Gallery of Ontario,dpz836gs1,1.0
6,Art Gallery of Ontario,dpz836gt1,1.0
6,Art Gallery of Ontario,dpz836gec,1.0
6,Art Gallery of Ontario,dpz836gt3,1.0
6,Art Gallery of Ontario,dpz836ge9,1.0
6,Art Gallery of Ontario,dpz836gt9,1.0
6,Art Gallery of Ontario,dpz836ge3,1.0
6,Art Gallery of Ontario,dpz836gtc,1.0
6,Art Gallery of Ontario,dpz836ge1,1.0
6,Art Gallery of Ontario,dpz836gdc,1.0
6,Art Gallery of Ontario,dpz836gd1,0.9968
6,Art Gallery of Ontario,dpz836g9c,1.0
6,Art Gallery of Ontario,dpz836g99,0.8075
6,Art Gallery of Ontario,dpz836uke,1.0
6,Art Gallery of Ontario,dpz836uk7,1.0
6,Art Gallery of Ontario,dpz836ukg,1.0
6,Art Gallery of Ontario,dpz836uk5,1.0
6,Art Gallery of Ontario,dpz836um5,1.0
6,Art Gallery of Ontario,dpz836u7g,1.0
6,Art Gallery of Ontario,dpz836um7,1.0
6,Art Gallery of Ontario,dpz836u7e,1.0
6,Art Gallery of Ontario,dpz836ume,1.0
6,Art Gallery of Ontario,dpz836u77,1.0
6,Art Gallery of Ontario,dpz836umg,1.0
6,Art Gallery of Ontario,dpz836u75,1.0
6,Art Gallery of Ontario,dpz836uq5,1.0
6,Art Gallery of Ontario,dpz836u6g,1.0
6,Art Gallery of Ontario,dpz836uq7,1.0
6,Art Gallery of Ontario,dpz836u6e,0.8738
6,Art Gallery of Ontario,dpz836uqe,1.0
6,Art Gallery of Ontario,dpz836uqg,1.0
6,Art Gallery of Ontario,dpz836ur5,1.0
6,Art Gallery of Ontario,dpz836ur7,1.0
6,Art Gallery of Ontario,dpz836gc2,0.9712
6,Art Gallery of Ontario,dpz836g9r,1.0
6,Art Gallery of Ontario,dpz836g9q,1.0
6,Art Gallery of Ontario,dpz836g9m,1.0
6,Art Gallery of Ontario,dpz836g9k,1.0
6,Art Gallery of Ontario,dpz836g97,1.0
6,Art Gallery of Ontario,dpz836g96,1.0
6,Art Gallery of Ontario,dpz836gs8,1.0
6,Art Gallery of Ontario,dpz836gs2,1.0
6,Art Gallery of Ontario,dpz836gsb,1.0
6,Art Gallery of Ontario,dpz836gs0,1.0
6,Art Gallery of Ontario,dpz836gt0,1.0
6,Art Gallery of Ontario,dpz836geb,0.9594
6,Art Gallery of Ontario,dpz836gt2,1.0
6,Art Gallery of Ontario,dpz836ge8,0.8688
6,Art Gallery of Ontario,dpz836gt8,1.0
6,Art Gallery of Ontario,dpz836ge2,1.0
6,Art Gallery of Ontario,dpz836gtb,1.0
6,Art Gallery of Ontario,dpz836ge0,0.8832
6,Art Gallery of Ontario,dpz836uks,1.0
6,Art Gallery of Ontario,dpz836ukk,1.0
6,Art Gallery of Ontario,dpz836uku,1.0
6,Art Gallery of Ontario,dpz836ukh,1.0
6,Art Gallery of Ontario,dpz836umh,1.0
6,Art Gallery of Ontario,dpz836u7u,1.0
6,Art Gallery of Ontario,dpz836umk,1.0
6,Art Gallery of Ontario,dpz836u7s,1.0
6,Art Gallery of Ontario,dpz836ums,1.0
6,Art Gallery of Ontario,dpz836u7k,1.0
6,Art Gallery of Ontario,dpz836umu,1.0
6,Art Gallery of Ontario,dpz836u7h,1.0
6,Art Gallery of Ontario,dpz836uqh,1.0
6,Art Gallery of Ontario,dpz836u6u,1.0
6,Art Gallery of Ontario,dpz836uqk,1.0
6,Art Gallery of Ontario,dpz836uqs,1.0
6,Art Gallery of Ontario,dpz836uqu,1.0
6,Art Gallery of Ontario,dpz836urh,1.0
6,Art Gallery of Ontario,dpz836urk,1.0
6,Art Gallery of Ontario,dpz836g9h,0.826
6,Art Gallery of Ontario,dpz836g95,0.9882
6,Art Gallery of Ontario,dpz836g94,0.9566
6,Art Gallery of Ontario,dpz836gkx,1.0
6,Art Gallery of Ontario,dpz836gkr,1.0
6,Art Gallery of Ontario,dpz836gkz,1.0
6,Art Gallery of Ontario,dpz836gkp,1.0
6,Art Gallery of Ontario,dpz836gmp,1.0
6,Art Gallery of Ontario,dpz836gmr,1.0
6,Art Gallery of Ontario,dpz836gmx,1.0
6,Art Gallery of Ontario,dpz836gmz,0.9107
6,Art Gallery of Ontario,dpz836ukt,1.0
6,Art Gallery of Ontario,dpz836ukm,1.0
6,Art Gallery of Ontario,dpz836ukv,1.0
6,Art Gallery of Ontario,dpz836ukj,1.0
6,Art Gallery of Ontario,dpz836umj,1.0
6,Art Gallery of Ontario,dpz836u7v,1.0
6,Art Gallery of Ontario,dpz836umm,1.0
6,Art Gallery of Ontario,dpz836u7t,1.0
6,Art Gallery of Ontario,dpz836umt,1.0
6,Art Gallery of Ontario,dpz836u7m,1.0
6,Art Gallery of Ontario,dpz836umv,1.0
6,Art Gallery of Ontario,dpz836u7j,1.0
6,Art Gallery of Ontario,dpz836uqj,1.0
6,Art Gallery of Ontario,dpz836u6v,1.0
6,Art Gallery of Ontario,dpz836uqm,1.0
6,Art Gallery of Ontario,dpz836uqt,1.0
6,Art Gallery of Ontario,dpz836uqv,1.0
6,Art Gallery of Ontario,dpz836urj,1.0
6,Art Gallery of Ontario,dpz836urm,1.0
6,Art Gallery of Ontario,dpz836gkw,1.0
6,Art Gallery of Ontario,dpz836gkq,1.0
6,Art Gallery of Ontario,dpz836gky,1.0
6,Art Gallery of Ontario,dpz836gkn,1.0
6,Art Gallery of Ontario,dpz836gmn,1.0
6,Art Gallery of Ontario,dpz836g7y,0.8799
6,Art Gallery of Ontario,dpz836gmq,1.0
6,Art Gallery of Ontario,dpz836gmw,1.0
6,Art Gallery of Ontario,dpz836ukw,1.0
6,Art Gallery of Ontario,dpz836ukq,1.0
6,Art Gallery of Ontario,dpz836uky,1.0
6,Art Gallery of Ontario,dpz836ukn,1.0
6,Art Gallery of Ontario,dpz836umn,1.0
6,Art Gallery of Ontario,dpz836u7y,1.0
6,Art Gallery of Ontario,dpz836umq,0.8974
6,Art Gallery of Ontario,dpz836u7w,1.0
6,Art Gallery of Ontario,dpz836umw,0.845
6,Art Gallery of Ontario,dpz836u7q,1.0
6,Art Gallery of Ontario,dpz836umy,1.0
6,Art Gallery of Ontario,dpz836u7n,1.0
6,Art Gallery of Ontario,dpz836uqn,1.0
6,Art Gallery of Ontario,dpz836u6y,1.0
6,Art Gallery of Ontario,dpz836uqq,1.0
6,Art Gallery of Ontario,dpz836uqw,1.0
6,Art Gallery of Ontario,dpz836uqy,1.0
6,Art Gallery of Ontario,dpz836urn,1.0
6,Art Gallery of Ontario,dpz836urq,1.0
6,Art Gallery of Ontario,dpz836gkt,1.0
6,Art Gallery of Ontario,dpz836gkm,0.9972
6,Art Gallery of Ontario,dpz836gkv,1.0
6,Art Gallery of Ontario,dpz836gmj,1.0
6,Art Gallery of Ontario,dpz836ukx,0.9969
6,Art Gallery of Ontario,dpz836ukr,1.0
6,Art Gallery of Ontario,dpz836ukp,1.0
6,Art Gallery of Ontario,dpz836u7z,1.0
6,Art Gallery of Ontario,dpz836u7x,1.0
6,Art Gallery of Ontario,dpz836u7r,1.0
6,Art Gallery of Ontario,dpz836umz,1.0
6,Art Gallery of Ontario,dpz836u7p,1.0
6,Art Gallery of Ontario,dpz836uqp,1.0
6,Art Gallery of Ontario,dpz836u6z,0.9917
6,Art Gallery of Ontario,dpz836uqr,1.0
6,Art Gallery of Ontario,dpz836uqx,1.0
6,Art Gallery of Ontario,dpz836uqz,1.0
6,Art Gallery of Ontario,dpz836urp,1.0
6,Art Gallery of Ontario,dpz836urr,1.0
6,Art Gallery of Ontario,dpz836urx,0.8517
6,Art Gallery of Ontario,dpz836gku,0.9193
6,Art Gallery of Ontario,dpz836gmh,1.0
6,Art Gallery of Ontario,dpz836us0,0.9183
6,Art Gallery of Ontario,dpz836ueb,1.0
6,Art Gallery of Ontario,dpz836ue8,1.0
6,Art Gallery of Ontario,dpz836ue2,1.0
6,Art Gallery of Ontario,dpz836utb,1.0
6,Art Gallery of Ontario,dpz836ue0,1.0
6,Art Gallery of Ontario,dpz836uw0,1.0
6,Art Gallery of Ontario,dpz836udb,0.8366
6,Art Gallery of Ontario,dpz836uw2,1.0
6,Art Gallery of Ontario,dpz836uw8,1.0
6,Art Gallery of Ontario,dpz836uwb,1.0
6,Art Gallery of Ontario,dpz836ux0,1.0
6,Art Gallery of Ontario,dpz836ux2,1.0
6,Art Gallery of Ontario,dpz836ux8,0.9906
6,Art Gallery of Ontario,dpz836ue3,0.995
6,Art Gallery of Ontario,dpz836utc,1.0
6,Art Gallery of Ontario,dpz836ue1,1.0
6,Art Gallery of Ontario,dpz836uw1,1.0
6,Art Gallery of Ontario,dpz836uw3,1.0
6,Art Gallery of Ontario,dpz836uw9,1.0
6,Art Gallery of Ontario,dpz836uwc,1.0
6,Art Gallery of Ontario,dpz836ux1,1.0
6,Art Gallery of Ontario,dpz836ux3,1.0
6,Art Gallery of Ontario,dpz836ux9,0.9551
6,Art Gallery of Ontario,dpz836utf,0.9625
6,Art Gallery of Ontario,dpz836uw4,1.0
6,Art Gallery of Ontario,dpz836uw6,1.0
6,Art Gallery of Ontario,dpz836uwd,1.0
6,Art Gallery of Ontario,dpz836uwf,1.0
6,Art Gallery of Ontario,dpz836ux4,1.0
6,Art Gallery of Ontario,dpz836ux6,1.0
6,Art Gallery of Ontario,dpz836uw5,1.0
6,Art Gallery of Ontario,dpz836uw7,1.0
6,Art Gallery of Ontario,dpz836uwe,1.0
6,Art Gallery of Ontario,dpz836uwg,1.0
6,Art Gallery of Ontario,dpz836ux5,1.0
6,Art Gallery of Ontario,dpz836ux7,1.0
6,Art Gallery of Ontario,dpz836uwh,1.0
6,Art Gallery of Ontario,dpz836uwk,1.0
6,Art Gallery of Ontario,dpz836uws,1.0
6,Art Gallery of Ontario,dpz836uwu,1.0
6,Art Gallery of Ontario,dpz836uxh,1.0
6,Art Gallery of Ontario,dpz836uxk,1.0
6,Art Gallery of Ontario,dpz836uwj,1.0
6,Art Gallery of Ontario,dpz836uwm,1.0
6,Art Gallery of Ontario,dpz836uwt,1.0
6,Art Gallery of Ontario,dpz836uwv,1.0
6,Art Gallery of Ontario,dpz836uxj,1.0
6,Art Gallery of Ontario,dpz836uxm,1.0
6,Art Gallery of Ontario,dpz836uwq,1.0
6,Art Gallery of Ontario,dpz836uww,1.0
6,Art Gallery of Ontario,dpz836uwy,1.0
6,Art Gallery of Ontario,dpz836uxn,1.0
6,Art Gallery of Ontario,dpz836uxq,1.0
6,Art Gallery of Ontario,dpz836uwr,0.9996
6,Art Gallery of Ontario,dpz836uwx,1.0
6,Art Gallery of Ontario,dpz836uwz,1.0
6,Art Gallery of Ontario,dpz836uxp,1.0
6,Art Gallery of Ontario,dpz836uxr,1.0
6,Art Gallery of Ontario,dpz836uy2,0.8834
6,Art Gallery of Ontario,dpz836uy8,1.0
6,Art Gallery of Ontario,dpz836uyb,1.0
6,Art Gallery of Ontario,dpz836uz0,1.0
6,Art Gallery of Ontario,dpz836uz2,1.0
6,Art Gallery of Ontario,dpz836uy9,0.9594
6,Art Gallery of Ontario,dpz836uz3,1.0
6,Art Gallery of Ontario,dpz836uyd,0.8956
6,Art Gallery of Ontario,dpz836uye,1.0
6,Art Gallery of Ontario,dpz836uys,0.9936
7,Art Museum at the University of Toronto,dpz83kf30,1.0
7,Art Museum at the University of Toronto,dpz83kf1p,1.0
7,Art Museum at the University of Toronto,dpz83kf31,1.0
7,Art Museum at the University of Toronto,dpz83kf2b,0.9849
7,Art Museum at the University of Toronto,dpz83kf0z,1.0
7,Art Museum at the University of Toronto,dpz83kf2c,0.8271
7,Art Museum at the University of Toronto,dpz83kf32,1.0
7,Art Museum at the University of Toronto,dpz83kf1r,1.0
7,Art Museum at the University of Toronto,dpz83kf33,1.0
7,Art Museum at the University of Toronto,dpz83kf1n,1.0
7,Art Museum at the University of Toronto,dpz83kf0y,0.9799
7,Art Museum at the University of Toronto,dpz83kf1q,1.0
7,Art Museum at the University of Toronto,dpz83kf34,1.0
7,Art Museum at the University of Toronto,dpz83kf36,1.0
7,Art Museum at the University of Toronto,dpz83kf3d,0.9422
7,Art Museum at the University of Toronto,dpz83kf1m,0.8327
7,Art Museum at the University of Toronto,dpz83kf35,1.0
7,Art Museum at the University of Toronto,dpz83kf37,0.938
8,Arts Etobicoke,dpz2q616n,0.9981
8,Arts Etobicoke,dpz2q616j,0.8653
8,Arts Etobicoke,dpz2q613z,0.808
8,Arts Etobicoke,dpz2q616k,0.9504
8,Arts Etobicoke,dpz2q619b,1.0
8,Arts Etobicoke,dpz2q6167,0.9125
9,Gibraltar Point Centre for the Arts,dpz81e6rc,1.0
9,Gibraltar Point Centre for the Arts,dpz81e6rb,1.0
9,Gibraltar Point Centre for the Arts,dpz81e6rf,1.0
9,Gibraltar Point Centre for the Arts,dpz81e6r9,1.0
9,Gibraltar Point Centre for the Arts,dpz81e6r8,1.0
9,Gibraltar Point Centre for the Arts,dpz81e6rd,1.0
9,Gibraltar Point Centre for the Arts,dpz81ed21,1.0
9,Gibraltar Point Centre for the Arts,dpz81ed20,1.0
9,Gibraltar Point Centre for the Arts,dpz81ed24,1.0
9,Gibraltar Point Centre for the Arts,dpz81e6pz,1.0
9,Gibraltar Point Centre for the Arts,dpz81e6px,1.0
9,Gibraltar Point Centre for the Arts,dpz81ed0p,1.0
9,Gibraltar Point Centre for the Arts,dpz81e6rg,1.0
9,Gibraltar Point Centre for the Arts,dpz81e6re,1.0
9,Gibraltar Point Centre for the Arts,dpz81ed25,1.0
9,Gibraltar Point Centre for the Arts,dpz81e6r3,1.0
9,Gibraltar Point Centre for the Arts,dpz81e6r2,1.0
9,Gibraltar Point Centre for the Arts,dpz81e6r6,1.0
9,Gibraltar Point Centre for the Arts,dpz81e6pr,1.0
9,Gibraltar Point Centre for the Arts,dpz81e6r7,1.0
9,Gibraltar Point Centre for the Arts,dpz81ed23,1.0
9,Gibraltar Point Centre for the Arts,dpz81ed22,1.0
9,Gibraltar Point Centre for the Arts,dpz81ed26,1.0
9,Gibraltar Point Centre for the Arts,dpz81ed0r,1.0
9,Gibraltar Point Centre for the Arts,dpz81ed27,1.0
9,Gibraltar Point Centre for the Arts,dpz81e6py,0.8436
9,Gibraltar Point Centre for the Arts,dpz81e6pw,0.858
9,Gibraltar Point Centre for the Arts,dpz81ed0n,0.8291
9,Gibraltar Point Centre for the Arts,dpz81e6pq,0.8725
9,Gibraltar Point Centre for the Arts,dpz81ed0q,0.8163
9,Gibraltar Point Centre for the Arts,dpz81e6r1,0.9538
9,Gibraltar Point Centre for the Arts,dpz81e6r0,0.9264
9,Gibraltar Point Centre for the Arts,dpz81ed29,1.0
9,Gibraltar Point Centre for the Arts,dpz81ed28,1.0
9,Gibraltar Point Centre for the Arts,dpz81ed2d,1.0
9,Gibraltar Point Centre for the Arts,dpz81ed0x,1.0
9,Gibraltar Point Centre for the Arts,dpz81ed2e,1.0
9,Gibraltar Point Centre for the Arts,dpz81ed0w,1.0
9,Gibraltar Point Centre for the Arts,dpz81ed0t,1.0
9,Gibraltar Point Centre for the Arts,dpz81e6qc,0.9677
9,Gibraltar Point Centre for the Arts,dpz81e6qb,0.933
9,Gibraltar Point Centre for the Arts,dpz81e6nv,0.8719
9,Gibraltar Point Centre for the Arts,dpz81ed2c,1.0
9,Gibraltar Point Centre for the Arts,dpz81ed2b,1.0
9,Gibraltar Point Centre for the Arts,dpz81ed2f,1.0
9,Gibraltar Point Centre for the Arts,dpz81ed0z,1.0
9,Gibraltar Point Centre for the Arts,dpz81ed2g,1.0
9,Gibraltar Point Centre for the Arts,dpz81ed0y,0.8785
9,Gibraltar Point Centre for the Arts,dpz81ed2u,1.0
9,Gibraltar Point Centre for the Arts,dpz81ed2v,1.0
9,Gibraltar Point Centre for the Arts,dpz81ed0k,1.0
9,Gibraltar Point Centre for the Arts,dpz81ed0s,1.0
9,Gibraltar Point Centre for the Arts,dpz81e6nu,1.0
9,Gibraltar Point Centre for the Arts,dpz81ed0u,1.0
9,Gibraltar Point Centre for the Arts,dpz81ed2y,1.0
9,Gibraltar Point Centre for the Arts,dpz81e6q9,1.0
9,Gibraltar Point Centre for the Arts,dpz81e6q8,1.0
9,Gibraltar Point Centre for the Arts,dpz81e6qd,1.0
9,Gibraltar Point Centre for the Arts,dpz81e6nx,1.0
9,Gibraltar Point Centre for the Arts,dpz81e6qe,1.0
9,Gibraltar Point Centre for the Arts,dpz81e6nw,1.0
9,Gibraltar Point Centre for the Arts,dpz81e6qs,1.0
9,Gibraltar Point Centre for the Arts,dpz81e6nt,1.0
9,Gibraltar Point Centre for the Arts,dpz81e6qt,1.0
9,Gibraltar Point Centre for the Arts,dpz81e6ns,1.0
9,Gibraltar Point Centre for the Arts,dpz81e6qw,1.0
9,Gibraltar Point Centre for the Arts,dpz81ed31,0.8182
9,Gibraltar Point Centre for the Arts,dpz81ed34,1.0
9,Gibraltar Point Centre for the Arts,dpz81ed35,0.8517
9,Gibraltar Point Centre for the Arts,dpz81ed1h,0.8194
9,Gibraltar Point Centre for the Arts,dpz81ed3n,0.9764
9,Gibraltar Point Centre for the Arts,dpz81ed07,1.0
9,Gibraltar Point Centre for the Arts,dpz81ed0e,1.0
9,Gibraltar Point Centre for the Arts,dpz81ed0g,1.0
9,Gibraltar Point Centre for the Arts,dpz81e6ng,1.0
9,Gibraltar Point Centre for the Arts,dpz81e6ne,1.0
9,Gibraltar Point Centre for the Arts,dpz81ed15,0.8395
9,Gibraltar Point Centre for the Arts,dpz81ed2x,1.0
9,Gibraltar Point Centre for the Arts,dpz81ed2r,1.0
9,Gibraltar Point Centre for the Arts,dpz81ed2z,1.0
9,Gibraltar Point Centre for the Arts,dpz81ed3p,0.8042
9,Gibraltar Point Centre for the Arts,dpz81e6qm,0.8226
9,Gibraltar Point Centre for the Arts,dpz81e6qq,0.8551
9,Gibraltar Point Centre for the Arts,dpz81ed06,1.0
9,Gibraltar Point Centre for the Arts,dpz81ed0d,1.0
9,Gibraltar Point Centre for the Arts,dpz81ed0f,1.0
9,Gibraltar Point Centre for the Arts,dpz81ed14,0.8594
9,Gibraltar Point Centre for the Arts,dpz81e6nf,1.0
9,Gibraltar Point Centre for the Arts,dpz81e6nd,1.0
9,Gibraltar Point Centre for the Arts,dpz81ed88,1.0
9,Gibraltar Point Centre for the Arts,dpz81ed82,1.0
9,Gibraltar Point Centre for the Arts,dpz81ed8b,1.0
9,Gibraltar Point Centre for the Arts,dpz81ed03,1.0
9,Gibraltar Point Centre for the Arts,dpz81ed09,1.0
9,Gibraltar Point Centre for the Arts,dpz81ed0c,1.0
9,Gibraltar Point Centre for the Arts,dpz81ed11,0.8793
9,Gibraltar Point Centre for the Arts,dpz81e6nc,1.0
9,Gibraltar Point Centre for the Arts,dpz81e6n9,1.0
9,Gibraltar Point Centre for the Arts,dpz81ed89,1.0
9,Gibraltar Point Centre for the Arts,dpz81ed83,1.0
9,Gibraltar Point Centre for the Arts,dpz81ed8c,1.0
9,Gibraltar Point Centre for the Arts,dpz81ed81,0.8514
9,Gibraltar Point Centre for the Arts,dpz81ed02,1.0
9,Gibraltar Point Centre for the Arts,dpz81ed08,1.0
9,Gibraltar Point Centre for the Arts,dpz81ed0b,1.0
9,Gibraltar Point Centre for the Arts,dpz81ed10,0.8992
9,Gibraltar Point Centre for the Arts,dpz81e6nb,1.0
9,Gibraltar Point Centre for the Arts,dpz81e6n8,1.0
9,Gibraltar Point Centre for the Arts,dpz81ed8d,1.0
9,Gibraltar Point Centre for the Arts,dpz81ed86,1.0
9,Gibraltar Point Centre for the Arts,dpz81ed8f,1.0
9,Gibraltar Point Centre for the Arts,dpz81ed84,1.0
9,Gibraltar Point Centre for the Arts,dpz81e6xf,1.0
9,Gibraltar Point Centre for the Arts,dpz81e6xd,1.0
9,Gibraltar Point Centre for the Arts,dpz81e3yz,0.9909
9,Gibraltar Point Centre for the Arts,dpz81e3yx,1.0
9,Gibraltar Point Centre for the Arts,dpz81ed8e,0.9654
9,Gibraltar Point Centre for the Arts,dpz81ed8g,1.0
9,Gibraltar Point Centre for the Arts,dpz81e3yw,1.0
9,Gibraltar Point Centre for the Arts,dpz81ed8u,1.0
9,Gibraltar Point Centre for the Arts,dpz81ed9h,0.8113
9,Gibraltar Point Centre for the Arts,dpz81ed8v,1.0
9,Gibraltar Point Centre for the Arts,dpz81ed8y,0.816
10,Wychwood Barns,dpz82xtqg,1.0
10,Wychwood Barns,dpz82xtqf,1.0
10,Wychwood Barns,dpz82xtqu,1.0
10,Wychwood Barns,dpz82xtqe,1.0
10,Wychwood Barns,dpz82xtqd,1.0
10,Wychwood Barns,dpz82xtqs,1.0
10,Wychwood Barns,dpz82xtr5,1.0
10,Wychwood Barns,dpz82xtr4,1.0
10,Wychwood Barns,dpz82xtrh,1.0
10,Wychwood Barns,dpz82xtqc,1.0
10,Wychwood Barns,dpz82xtq9,1.0
10,Wychwood Barns,dpz82xtr1,1.0
10,Wychwood Barns,dpz82xtqv,1.0
10,Wychwood Barns,dpz82xtqt,1.0
10,Wychwood Barns,dpz82xtrj,1.0
10,Wychwood Barns,dpz82xtq7,1.0
10,Wychwood Barns,dpz82xtq6,1.0
10,Wychwood Barns,dpz82xtqk,1.0
10,Wychwood Barns,dpz82xtq3,1.0
10,Wychwood Barns,dpz82xtqm,1.0
10,Wychwood Barns,dpz82xtr7,1.0
10,Wychwood Barns,dpz82xtr6,1.0
10,Wychwood Barns,dpz82xtrk,1.0
10,Wychwood Barns,dpz82xtr3,1.0
10,Wychwood Barns,dpz82xtrm,1.0
10,Wychwood Barns,dpz82xtqb,1.0
10,Wychwood Barns,dpz82xtq8,1.0
10,Wychwood Barns,dpz82xtr0,1.0
10,Wychwood Barns,dpz82xtq2,1.0
10,Wychwood Barns,dpz82xtr2,1.0
10,Wychwood Barns,dpz82xtqy,1.0
10,Wychwood Barns,dpz82xtqw,1.0
10,Wychwood Barns,dpz82xtrn,1.0
10,Wychwood Barns,dpz82xtqq,1.0
10,Wychwood Barns,dpz82xtrq,1.0
10,Wychwood Barns,dpz82xtq5,1.0
10,Wychwood Barns,dpz82xtq4,1.0
10,Wychwood Barns,dpz82xtqh,1.0
10,Wychwood Barns,dpz82xtq1,1.0
10,Wychwood Barns,dpz82xtqj,1.0
10,Wychwood Barns,dpz82xtq0,1.0
10,Wychwood Barns,dpz82xtqn,1.0
10,Wychwood Barns,dpz82xtre,1.0
10,Wychwood Barns,dpz82xtrd,1.0
10,Wychwood Barns,dpz82xtrs,1.0
10,Wychwood Barns,dpz82xtr9,0.9977
10,Wychwood Barns,dpz82xtrt,1.0
10,Wychwood Barns,dpz82xtr8,0.8653
10,Wychwood Barns,dpz82xtrw,1.0
10,Wychwood Barns,dpz82xtnz,1.0
10,Wychwood Barns,dpz82xtnx,1.0
10,Wychwood Barns,dpz82xtpp,1.0
10,Wychwood Barns,dpz82xtnr,1.0
10,Wychwood Barns,dpz82xtpr,1.0
10,Wychwood Barns,dpz82xtnp,1.0
10,Wychwood Barns,dpz82xtqz,1.0
10,Wychwood Barns,dpz82xtqx,1.0
10,Wychwood Barns,dpz82xtrp,1.0
10,Wychwood Barns,dpz82xtqr,1.0
10,Wychwood Barns,dpz82xtrr,1.0
10,Wychwood Barns,dpz82xtqp,1.0
10,Wychwood Barns,dpz82xtrx,1.0
10,Wychwood Barns,dpz82xtmg,1.0
10,Wychwood Barns,dpz82xtmf,1.0
10,Wychwood Barns,dpz82xtmu,1.0
10,Wychwood Barns,dpz82xtmc,1.0
10,Wychwood Barns,dpz82xtmv,1.0
10,Wychwood Barns,dpz82xtmb,1.0
10,Wychwood Barns,dpz82xtmy,1.0
10,Wychwood Barns,dpz82xtjz,1.0
10,Wychwood Barns,dpz82xtmz,1.0
10,Wychwood Barns,dpz82xtrv,0.9031
10,Wychwood Barns,dpz82xtry,1.0
10,Wychwood Barns,dpz82xtrz,1.0
10,Wychwood Barns,dpz82xtny,1.0
10,Wychwood Barns,dpz82xtnw,1.0
10,Wychwood Barns,dpz82xtpn,1.0
10,Wychwood Barns,dpz82xtnq,1.0
10,Wychwood Barns,dpz82xtpq,1.0
10,Wychwood Barns,dpz82xtnn,1.0
10,Wychwood Barns,dpz82xtjy,1.0
10,Wychwood Barns,dpz82xtwb,1.0
10,Wychwood Barns,dpz82xtw8,1.0
10,Wychwood Barns,dpz82xtx0,1.0
10,Wychwood Barns,dpz82xtw2,1.0
10,Wychwood Barns,dpz82xtx2,1.0
10,Wychwood Barns,dpz82xtw0,1.0
10,Wychwood Barns,dpz82xtx8,1.0
10,Wychwood Barns,dpz82xttb,1.0
10,Wychwood Barns,dpz82xtxb,1.0
10,Wychwood Barns,dpz82xtme,1.0
10,Wychwood Barns,dpz82xtmd,1.0
10,Wychwood Barns,dpz82xtms,1.0
10,Wychwood Barns,dpz82xtm9,1.0
10,Wychwood Barns,dpz82xtmt,1.0
10,Wychwood Barns,dpz82xtm8,1.0
10,Wychwood Barns,dpz82xtmw,1.0
10,Wychwood Barns,dpz82xtjx,1.0
10,Wychwood Barns,dpz82xtmx,1.0
10,Wychwood Barns,dpz82xtjw,1.0
10,Wychwood Barns,dpz82xtt8,1.0
10,Wychwood Barns,dpz82xtnv,1.0
10,Wychwood Barns,dpz82xtnt,1.0
10,Wychwood Barns,dpz82xtpj,1.0
10,Wychwood Barns,dpz82xtnm,1.0
10,Wychwood Barns,dpz82xtpm,1.0
10,Wychwood Barns,dpz82xtnj,1.0
10,Wychwood Barns,dpz82xtjv,1.0
10,Wychwood Barns,dpz82xtjt,1.0
10,Wychwood Barns,dpz82xtwc,1.0
10,Wychwood Barns,dpz82xtw9,1.0
10,Wychwood Barns,dpz82xtx1,1.0
10,Wychwood Barns,dpz82xtw3,1.0
10,Wychwood Barns,dpz82xtx3,1.0
10,Wychwood Barns,dpz82xtw1,0.9333
10,Wychwood Barns,dpz82xtx9,1.0
10,Wychwood Barns,dpz82xtxc,1.0
10,Wychwood Barns,dpz82xtm7,1.0
10,Wychwood Barns,dpz82xtm6,1.0
10,Wychwood Barns,dpz82xtmk,1.0
10,Wychwood Barns,dpz82xtm3,1.0
10,Wychwood Barns,dpz82xtmm,1.0
10,Wychwood Barns,dpz82xtm2,1.0
10,Wychwood Barns,dpz82xtmq,1.0
10,Wychwood Barns,dpz82xtjr,1.0
10,Wychwood Barns,dpz82xtmr,1.0
10,Wychwood Barns,dpz82xtjq,1.0
10,Wychwood Barns,dpz82xtt2,0.992
10,Wychwood Barns,dpz82xtjm,1.0
10,Wychwood Barns,dpz82xtt3,0.8245
10,Wychwood Barns,dpz82xtnu,1.0
10,Wychwood Barns,dpz82xtns,1.0
10,Wychwood Barns,dpz82xtph,1.0
10,Wychwood Barns,dpz82xtnk,1.0
10,Wychwood Barns,dpz82xtpk,0.9886
10,Wychwood Barns,dpz82xtnh,1.0
10,Wychwood Barns,dpz82xtju,0.81
10,Wychwood Barns,dpz82xtwf,1.0
10,Wychwood Barns,dpz82xtwd,1.0
10,Wychwood Barns,dpz82xtx4,1.0
10,Wychwood Barns,dpz82xtw6,1.0
10,Wychwood Barns,dpz82xtx6,1.0
10,Wychwood Barns,dpz82xtxd,1.0
10,Wychwood Barns,dpz82xtxf,1.0
10,Wychwood Barns,dpz82xv84,0.9364
10,Wychwood Barns,dpz82xtm5,0.9992
10,Wychwood Barns,dpz82xtm4,1.0
10,Wychwood Barns,dpz82xtmh,0.8773
10,Wychwood Barns,dpz82xtm1,1.0
10,Wychwood Barns,dpz82xtm0,1.0
10,Wychwood Barns,dpz82xtjp,1.0
10,Wychwood Barns,dpz82xtjn,1.0
10,Wychwood Barns,dpz82xtjj,1.0
10,Wychwood Barns,dpz82xtjh,1.0
10,Wychwood Barns,dpz82xtng,1.0
10,Wychwood Barns,dpz82xtne,0.9508
10,Wychwood Barns,dpz82xtp5,1.0
10,Wychwood Barns,dpz82xtp7,0.8273
10,Wychwood Barns,dpz82xtj5,1.0
10,Wychwood Barns,dpz82xtwg,1.0
10,Wychwood Barns,dpz82xtwe,1.0
10,Wychwood Barns,dpz82xtx5,1.0
10,Wychwood Barns,dpz82xtw7,1.0
10,Wychwood Barns,dpz82xtx7,0.9839
10,Wychwood Barns,dpz82xtxe,0.9419
10,Wychwood Barns,dpz82xtxg,1.0
10,Wychwood Barns,dpz82xv85,1.0
10,Wychwood Barns,dpz82xthz,0.9153
10,Wychwood Barns,dpz82xthy,1.0
10,Wychwood Barns,dpz82xthv,1.0
10,Wychwood Barns,dpz82xthu,1.0
10,Wychwood Barns,dpz82xthg,0.9008
10,Wychwood Barns,dpz82xtwu,0.8717
10,Wychwood Barns,dpz82xtws,1.0
10,Wychwood Barns,dpz82xtwk,1.0
10,Wychwood Barns,dpz82xtxu,1.0
10,Wychwood Barns,dpz82xv8h,1.0
10,Wychwood Barns,dpz82xtxv,1.0
10,Wychwood Barns,dpz82xv8j,1.0
10,Wychwood Barns,dpz82xtxy,1.0
10,Wychwood Barns,dpz82xv8n,1.0
10,Wychwood Barns,dpz82xtxz,0.9203
10,Wychwood Barns,dpz82xv8p,1.0
10,Wychwood Barns,dpz82xv8r,0.9626
10,Wychwood Barns,dpz82xvb0,1.0
10,Wychwood Barns,dpz82xvb2,1.0
10,Wychwood Barns,dpz82xvb1,1.0
10,Wychwood Barns,dpz82xvb3,1.0
10,Wychwood Barns,dpz82xvb4,1.0
10,Wychwood Barns,dpz82xvb6,1.0
10,Wychwood Barns,dpz82xvb5,0.9996
10,Wychwood Barns,dpz82xvb7,1.0
10,Wychwood Barns,dpz82xvbe,0.8096
10,Wychwood Barns,dpz82xvbh,0.8837
10,Wychwood Barns,dpz82xvbk,1.0
10,Wychwood Barns,dpz82xvbs,0.9819
10,Wychwood Barns,dpz82xvbm,0.9667
11,Youngplace,dpz82c9vs,1.0
11,Youngplace,dpz82c9ve,1.0
11,Youngplace,dpz82c9vt,1.0
11,Youngplace,dpz82c9vk,1.0
11,Youngplace,dpz82c9v7,1.0
11,Youngplace,dpz82c9vm,1.0
11,Youngplace,dpz82c9vu,1.0
11,Youngplace,dpz82c9vg,1.0
11,Youngplace,dpz82c9vv,1.0
11,Youngplace,dpz82c9vd,1.0
11,Youngplace,dpz82c9v6,1.0
11,Youngplace,dpz82c9vw,1.0
11,Youngplace,dpz82c9vq,1.0
11,Youngplace,dpz82c9vy,1.0
11,Youngplace,dpz82c9vh,1.0
11,Youngplace,dpz82c9vj,1.0
11,Youngplace,dpz82c9v4,0.8967
11,Youngplace,dpz82c9vn,1.0
11,Youngplace,dpz82c9yh,1.0
11,Youngplace,dpz82c9y5,1.0
11,Youngplace,dpz82c9yj,1.0
11,Youngplace,dpz82c9y4,0.8367
11,Youngplace,dpz82c9yn,1.0
11,Youngplace,dpz82c9v9,1.0
11,Youngplace,dpz82c9v3,1.0
11,Youngplace,dpz82c9v1,1.0
11,Youngplace,dpz82c9vx,1.0
11,Youngplace,dpz82c9vr,1.0
11,Youngplace,dpz82c9vz,1.0
11,Youngplace,dpz82c9vp,1.0
11,Youngplace,dpz82c9yp,1.0
11,Youngplace,dpz82c9uu,0.9239
11,Youngplace,dpz82c9uv,1.0
11,Youngplace,dpz82c9uy,1.0
11,Youngplace,dpz82c9uz,1.0
11,Youngplace,dpz82c9yk,1.0
11,Youngplace,dpz82c9y7,1.0
11,Youngplace,dpz82c9ym,1.0
11,Youngplace,dpz82c9y6,1.0
11,Youngplace,dpz82c9yq,1.0
11,Youngplace,dpz82c9yr,0.8998
11,Youngplace,dpz82c9v8,1.0
11,Youngplace,dpz82c9v2,1.0
11,Youngplace,dpz82c9v0,1.0
11,Youngplace,dpz82cdj8,1.0
11,Youngplace,dpz82cdj2,1.0
11,Youngplace,dpz82cdjb,1.0
11,Youngplace,dpz82cdj0,1.0
11,Youngplace,dpz82cdhb,1.0
11,Youngplace,dpz82c9ut,1.0
11,Youngplace,dpz82c9uw,1.0
11,Youngplace,dpz82c9ux,1.0
11,Youngplace,dpz82cdh8,1.0
11,Youngplace,dpz82c9ys,1.0
11,Youngplace,dpz82c9ye,1.0
11,Youngplace,dpz82c9yt,1.0
11,Youngplace,dpz82c9yd,1.0
11,Youngplace,dpz82c9yw,1.0
11,Youngplace,dpz82c9tx,0.9305
11,Youngplace,dpz82c9tr,1.0
11,Youngplace,dpz82c9tp,1.0
11,Youngplace,dpz82cdj9,1.0
11,Youngplace,dpz82cdjc,0.9871
11,Youngplace,dpz82cdj1,0.879
11,Youngplace,dpz82cdhc,1.0
11,Youngplace,dpz82cdh9,1.0
11,Youngplace,dpz82c9um,0.9989
11,Youngplace,dpz82c9uq,1.0
11,Youngplace,dpz82c9ur,1.0
11,Youngplace,dpz82cdh2,1.0
11,Youngplace,dpz82cdh3,1.0
11,Youngplace,dpz82c9yu,1.0
11,Youngplace,dpz82c9yg,1.0
11,Youngplace,dpz82c9yv,1.0
11,Youngplace,dpz82c9yf,1.0
11,Youngplace,dpz82c9yy,0.9947
11,Youngplace,dpz82c9yc,0.9583
11,Youngplace,dpz82c9tq,1.0
11,Youngplace,dpz82c9tn,1.0
11,Youngplace,dpz82cdh6,0.9777
11,Youngplace,dpz82c9un,1.0
11,Youngplace,dpz82c9up,0.9878
11,Youngplace,dpz82cdh0,0.8265
11,Youngplace,dpz82c9zh,0.9999
11,Youngplace,dpz82c9z5,0.8903
11,Youngplace,dpz82c9zj,1.0
11,Youngplace,dpz82c9tm,1.0
11,Youngplace,dpz82c9tj,0.8369
12,Assembly Hall,dpz2n8dr5,1.0
12,Assembly Hall,dpz2n8dr4,1.0
12,Assembly Hall,dpz2n8drh,1.0
12,Assembly Hall,dpz2n8dqg,1.0
12,Assembly Hall,dpz2n8dqf,1.0
12,Assembly Hall,dpz2n8dqu,1.0
12,Assembly Hall,dpz2n8dr7,1.0
12,Assembly Hall,dpz2n8dr6,1.0
12,Assembly Hall,dpz2n8drk,1.0
12,Assembly Hall,dpz2n8dr1,1.0
12,Assembly Hall,dpz2n8dqc,1.0
12,Assembly Hall,dpz2n8dr3,1.0
12,Assembly Hall,dpz2n8dqv,1.0
12,Assembly Hall,dpz2n8dqe,1.0
12,Assembly Hall,dpz2n8dqd,1.0
12,Assembly Hall,dpz2n8dqs,1.0
12,Assembly Hall,dpz2n8dq9,0.9744
12,Assembly Hall,dpz2n8dqt,1.0
12,Assembly Hall,dpz2n8drd,1.0
12,Assembly Hall,dpz2n8dr9,0.9751
12,Assembly Hall,dpz2n8dr2,0.8076
12,Assembly Hall,dpz2n8dq7,1.0
12,Assembly Hall,dpz2n8dq6,1.0
12,Assembly Hall,dpz2n8dqk,1.0
12,Assembly Hall,dpz2n8dq3,1.0
12,Assembly Hall,dpz2n8dqm,1.0
12,Assembly Hall,dpz2n8dq2,1.0
12,Assembly Hall,dpz2n8dqq,0.9379
12,Assembly Hall,dpz2n8dq4,1.0
12,Assembly Hall,dpz2n8dq1,1.0
12,Assembly Hall,dpz2n8dq0,1.0
12,Assembly Hall,dpz2n8dmc,0.9806
13,Bentway Staging Grounds,dpz83211x,1.0
13,Bentway Staging Grounds,dpz83211w,1.0
13,Bentway Staging Grounds,dpz832138,1.0
13,Bentway Staging Grounds,dpz83211r,1.0
13,Bentway Staging Grounds,dpz83211q,1.0
13,Bentway Staging Grounds,dpz832132,1.0
13,Bentway Staging Grounds,dpz83211z,1.0
13,Bentway Staging Grounds,dpz83211y,1.0
13,Bentway Staging Grounds,dpz83213b,1.0
13,Bentway Staging Grounds,dpz83211t,1.0
13,Bentway Staging Grounds,dpz83211m,1.0
13,Bentway Staging Grounds,dpz83211v,1.0
13,Bentway Staging Grounds,dpz832139,1.0
13,Bentway Staging Grounds,dpz832133,1.0
13,Bentway Staging Grounds,dpz83213c,1.0
13,Bentway Staging Grounds,dpz83211p,1.0
13,Bentway Staging Grounds,dpz83211n,1.0
13,Bentway Staging Grounds,dpz832130,1.0
13,Bentway Staging Grounds,dpz83211j,1.0
13,Bentway Staging Grounds,dpz832131,1.0
13,Bentway Staging Grounds,dpz83214p,1.0
13,Bentway Staging Grounds,dpz83214n,1.0
13,Bentway Staging Grounds,dpz832160,1.0
13,Bentway Staging Grounds,dpz83214j,1.0
13,Bentway Staging Grounds,dpz832161,1.0
13,Bentway Staging Grounds,dpz83211s,1.0
13,Bentway Staging Grounds,dpz83211k,1.0
13,Bentway Staging Grounds,dpz83211u,1.0
13,Bentway Staging Grounds,dpz83211h,1.0
13,Bentway Staging Grounds,dpz83214h,1.0
13,Bentway Staging Grounds,dpz83213d,1.0
13,Bentway Staging Grounds,dpz832136,1.0
13,Bentway Staging Grounds,dpz83213f,1.0
13,Bentway Staging Grounds,dpz832134,1.0
13,Bentway Staging Grounds,dpz832164,1.0
13,Bentway Staging Grounds,dpz83210z,1.0
13,Bentway Staging Grounds,dpz83210y,1.0
13,Bentway Staging Grounds,dpz83212b,1.0
13,Bentway Staging Grounds,dpz83210v,1.0
13,Bentway Staging Grounds,dpz83212c,1.0
13,Bentway Staging Grounds,dpz83210u,1.0
13,Bentway Staging Grounds,dpz83212f,1.0
13,Bentway Staging Grounds,dpz83214r,1.0
13,Bentway Staging Grounds,dpz83214q,1.0
13,Bentway Staging Grounds,dpz832162,1.0
13,Bentway Staging Grounds,dpz83214m,1.0
13,Bentway Staging Grounds,dpz832163,1.0
13,Bentway Staging Grounds,dpz83214k,1.0
13,Bentway Staging Grounds,dpz832166,1.0
13,Bentway Staging Grounds,dpz83211e,1.0
13,Bentway Staging Grounds,dpz832117,1.0
13,Bentway Staging Grounds,dpz83211g,1.0
13,Bentway Staging Grounds,dpz832115,1.0
13,Bentway Staging Grounds,dpz832145,1.0
13,Bentway Staging Grounds,dpz83210g,1.0
13,Bentway Staging Grounds,dpz832147,1.0
13,Bentway Staging Grounds,dpz83213e,1.0
13,Bentway Staging Grounds,dpz832137,1.0
13,Bentway Staging Grounds,dpz83213g,1.0
13,Bentway Staging Grounds,dpz832135,1.0
13,Bentway Staging Grounds,dpz832165,1.0
13,Bentway Staging Grounds,dpz83212g,0.9226
13,Bentway Staging Grounds,dpz832167,1.0
13,Bentway Staging Grounds,dpz83210w,0.8185
13,Bentway Staging Grounds,dpz83210t,0.9764
13,Bentway Staging Grounds,dpz83210s,1.0
13,Bentway Staging Grounds,dpz83210e,1.0
13,Bentway Staging Grounds,dpz83214x,1.0
13,Bentway Staging Grounds,dpz83214w,1.0
13,Bentway Staging Grounds,dpz832168,1.0
13,Bentway Staging Grounds,dpz83214t,1.0
13,Bentway Staging Grounds,dpz832169,1.0
13,Bentway Staging Grounds,dpz83214s,1.0
13,Bentway Staging Grounds,dpz83216d,1.0
13,Bentway Staging Grounds,dpz83214e,1.0
13,Bentway Staging Grounds,dpz83216e,1.0
13,Bentway Staging Grounds,dpz83211d,1.0
13,Bentway Staging Grounds,dpz832116,1.0
13,Bentway Staging Grounds,dpz83211f,1.0
13,Bentway Staging Grounds,dpz832114,1.0
13,Bentway Staging Grounds,dpz832144,1.0
13,Bentway Staging Grounds,dpz83210f,1.0
13,Bentway Staging Grounds,dpz832146,1.0
13,Bentway Staging Grounds,dpz83210d,1.0
13,Bentway Staging Grounds,dpz83214d,0.9912
13,Bentway Staging Grounds,dpz83213s,1.0
13,Bentway Staging Grounds,dpz83213k,1.0
13,Bentway Staging Grounds,dpz83213u,1.0
13,Bentway Staging Grounds,dpz83213h,1.0
13,Bentway Staging Grounds,dpz83216h,1.0
13,Bentway Staging Grounds,dpz83216k,1.0
13,Bentway Staging Grounds,dpz83216s,1.0
13,Bentway Staging Grounds,dpz83214z,1.0
13,Bentway Staging Grounds,dpz83214y,0.9058
13,Bentway Staging Grounds,dpz83216b,1.0
13,Bentway Staging Grounds,dpz83216c,1.0
13,Bentway Staging Grounds,dpz83216f,1.0
13,Bentway Staging Grounds,dpz83216g,1.0
13,Bentway Staging Grounds,dpz83216u,1.0
13,Bentway Staging Grounds,dpz832119,1.0
13,Bentway Staging Grounds,dpz832113,1.0
13,Bentway Staging Grounds,dpz83211c,1.0
13,Bentway Staging Grounds,dpz832111,1.0
13,Bentway Staging Grounds,dpz832141,1.0
13,Bentway Staging Grounds,dpz83210c,1.0
13,Bentway Staging Grounds,dpz832143,1.0
13,Bentway Staging Grounds,dpz832109,1.0
13,Bentway Staging Grounds,dpz832149,0.831
13,Bentway Staging Grounds,dpz83213t,1.0
13,Bentway Staging Grounds,dpz83213m,1.0
13,Bentway Staging Grounds,dpz83213v,1.0
13,Bentway Staging Grounds,dpz83213j,1.0
13,Bentway Staging Grounds,dpz83216j,1.0
13,Bentway Staging Grounds,dpz83216m,1.0
13,Bentway Staging Grounds,dpz83216t,1.0
13,Bentway Staging Grounds,dpz83216v,1.0
13,Bentway Staging Grounds,dpz832175,0.9631
13,Bentway Staging Grounds,dpz83217h,1.0
13,Bentway Staging Grounds,dpz83217j,1.0
13,Bentway Staging Grounds,dpz832118,1.0
13,Bentway Staging Grounds,dpz832112,1.0
13,Bentway Staging Grounds,dpz83211b,1.0
13,Bentway Staging Grounds,dpz832110,1.0
13,Bentway Staging Grounds,dpz832140,1.0
13,Bentway Staging Grounds,dpz83210b,1.0
13,Bentway Staging Grounds,dpz832142,1.0
13,Bentway Staging Grounds,dpz832108,1.0
13,Bentway Staging Grounds,dpz832102,0.899
13,Bentway Staging Grounds,dpz83213w,1.0
13,Bentway Staging Grounds,dpz83213q,1.0
13,Bentway Staging Grounds,dpz83213y,1.0
13,Bentway Staging Grounds,dpz83213n,1.0
13,Bentway Staging Grounds,dpz83216n,1.0
13,Bentway Staging Grounds,dpz83216q,1.0
13,Bentway Staging Grounds,dpz83216w,1.0
13,Bentway Staging Grounds,dpz83216y,1.0
13,Bentway Staging Grounds,dpz83217n,1.0
13,Bentway Staging Grounds,dpz8320cx,1.0
13,Bentway Staging Grounds,dpz8320cr,1.0
13,Bentway Staging Grounds,dpz8320cz,1.0
13,Bentway Staging Grounds,dpz8320cp,1.0
13,Bentway Staging Grounds,dpz8320fp,1.0
13,Bentway Staging Grounds,dpz8320bz,1.0
13,Bentway Staging Grounds,dpz8320fr,1.0
13,Bentway Staging Grounds,dpz8320bx,1.0
13,Bentway Staging Grounds,dpz8320br,1.0
13,Bentway Staging Grounds,dpz83213x,1.0
13,Bentway Staging Grounds,dpz83213r,1.0
13,Bentway Staging Grounds,dpz83213z,1.0
13,Bentway Staging Grounds,dpz83213p,1.0
13,Bentway Staging Grounds,dpz83216p,1.0
13,Bentway Staging Grounds,dpz83216r,1.0
13,Bentway Staging Grounds,dpz83216x,1.0
13,Bentway Staging Grounds,dpz83216z,1.0
13,Bentway Staging Grounds,dpz83217p,1.0
13,Bentway Staging Grounds,dpz83217r,0.8418
13,Bentway Staging Grounds,dpz8320cw,1.0
13,Bentway Staging Grounds,dpz8320cq,1.0
13,Bentway Staging Grounds,dpz8320cy,1.0
13,Bentway Staging Grounds,dpz8320cn,1.0
13,Bentway Staging Grounds,dpz8320fn,1.0
13,Bentway Staging Grounds,dpz8320by,1.0
13,Bentway Staging Grounds,dpz8320fq,1.0
13,Bentway Staging Grounds,dpz8320bw,1.0
13,Bentway Staging Grounds,dpz8320bq,1.0
13,Bentway Staging Grounds,dpz832198,1.0
13,Bentway Staging Grounds,dpz832192,1.0
13,Bentway Staging Grounds,dpz83219b,1.0
13,Bentway Staging Grounds,dpz832190,0.9893
13,Bentway Staging Grounds,dpz8321d0,1.0
13,Bentway Staging Grounds,dpz8321d2,1.0
13,Bentway Staging Grounds,dpz8321d8,1.0
13,Bentway Staging Grounds,dpz8321db,1.0
13,Bentway Staging Grounds,dpz8321e0,1.0
13,Bentway Staging Grounds,dpz8321e2,0.994
13,Bentway Staging Grounds,dpz8320ct,1.0
13,Bentway Staging Grounds,dpz8320cm,1.0
13,Bentway Staging Grounds,dpz8320cv,1.0
13,Bentway Staging Grounds,dpz8320cj,1.0
13,Bentway Staging Grounds,dpz8320fj,1.0
13,Bentway Staging Grounds,dpz8320bv,1.0
13,Bentway Staging Grounds,dpz8320fm,0.9565
13,Bentway Staging Grounds,dpz8320bt,1.0
13,Bentway Staging Grounds,dpz8320bm,1.0
13,Bentway Staging Grounds,dpz8320bj,0.9045
13,Bentway Staging Grounds,dpz832199,1.0
13,Bentway Staging Grounds,dpz832193,1.0
13,Bentway Staging Grounds,dpz83219c,1.0
13,Bentway Staging Grounds,dpz832191,0.8486
13,Bentway Staging Grounds,dpz8321d1,1.0
13,Bentway Staging Grounds,dpz8321d3,1.0
13,Bentway Staging Grounds,dpz8321d9,1.0
13,Bentway Staging Grounds,dpz8321dc,1.0
13,Bentway Staging Grounds,dpz8321e1,1.0
13,Bentway Staging Grounds,dpz8321e3,1.0
13,Bentway Staging Grounds,dpz8320cs,1.0
13,Bentway Staging Grounds,dpz8320ck,1.0
13,Bentway Staging Grounds,dpz8320cu,1.0
13,Bentway Staging Grounds,dpz8320ch,1.0
13,Bentway Staging Grounds,dpz8320fh,1.0
13,Bentway Staging Grounds,dpz8320bu,1.0
13,Bentway Staging Grounds,dpz8320bs,1.0
13,Bentway Staging Grounds,dpz8320bk,1.0
13,Bentway Staging Grounds,dpz8320bh,1.0
13,Bentway Staging Grounds,dpz83219d,1.0
13,Bentway Staging Grounds,dpz832196,1.0
13,Bentway Staging Grounds,dpz83219f,1.0
13,Bentway Staging Grounds,dpz8321d4,1.0
13,Bentway Staging Grounds,dpz8321d6,1.0
13,Bentway Staging Grounds,dpz8321dd,1.0
13,Bentway Staging Grounds,dpz8321df,1.0
13,Bentway Staging Grounds,dpz8321e4,1.0
13,Bentway Staging Grounds,dpz8321e6,1.0
13,Bentway Staging Grounds,dpz8320ce,1.0
13,Bentway Staging Grounds,dpz8320c7,1.0
13,Bentway Staging Grounds,dpz8320cg,1.0
13,Bentway Staging Grounds,dpz8320c5,1.0
13,Bentway Staging Grounds,dpz8320f5,1.0
13,Bentway Staging Grounds,dpz8320bg,1.0
13,Bentway Staging Grounds,dpz8320be,1.0
13,Bentway Staging Grounds,dpz8320b7,1.0
13,Bentway Staging Grounds,dpz8320b5,1.0
13,Bentway Staging Grounds,dpz83219e,1.0
13,Bentway Staging Grounds,dpz832197,1.0
13,Bentway Staging Grounds,dpz83219g,1.0
13,Bentway Staging Grounds,dpz8321d5,1.0
13,Bentway Staging Grounds,dpz8321d7,1.0
13,Bentway Staging Grounds,dpz8321de,1.0
13,Bentway Staging Grounds,dpz8321dg,1.0
13,Bentway Staging Grounds,dpz8321e5,1.0
13,Bentway Staging Grounds,dpz8321e7,1.0
13,Bentway Staging Grounds,dpz8320cd,1.0
13,Bentway Staging Grounds,dpz8320c6,1.0
13,Bentway Staging Grounds,dpz8320cf,1.0
13,Bentway Staging Grounds,dpz8320c4,1.0
13,Bentway Staging Grounds,dpz8320f4,1.0
13,Bentway Staging Grounds,dpz8320bf,1.0
13,Bentway Staging Grounds,dpz8320bd,1.0
13,Bentway Staging Grounds,dpz8320b6,1.0
13,Bentway Staging Grounds,dpz8320b4,1.0
13,Bentway Staging Grounds,dpz81rbzf,0.9433
13,Bentway Staging Grounds,dpz83219s,1.0
13,Bentway Staging Grounds,dpz83219k,1.0
13,Bentway Staging Grounds,dpz83219u,1.0
13,Bentway Staging Grounds,dpz8321dh,1.0
13,Bentway Staging Grounds,dpz8321dk,1.0
13,Bentway Staging Grounds,dpz8321ds,1.0
13,Bentway Staging Grounds,dpz8321du,1.0
13,Bentway Staging Grounds,dpz8321eh,1.0
13,Bentway Staging Grounds,dpz8321ek,1.0
13,Bentway Staging Grounds,dpz8321es,0.9156
13,Bentway Staging Grounds,dpz8320c9,1.0
13,Bentway Staging Grounds,dpz8320c3,1.0
13,Bentway Staging Grounds,dpz8320cc,1.0
13,Bentway Staging Grounds,dpz8320c1,1.0
13,Bentway Staging Grounds,dpz8320f1,1.0
13,Bentway Staging Grounds,dpz8320bc,1.0
13,Bentway Staging Grounds,dpz8320b9,1.0
13,Bentway Staging Grounds,dpz8320b3,1.0
13,Bentway Staging Grounds,dpz8320b1,1.0
13,Bentway Staging Grounds,dpz81rbzc,1.0
13,Bentway Staging Grounds,dpz83219t,1.0
13,Bentway Staging Grounds,dpz83219m,1.0
13,Bentway Staging Grounds,dpz83219v,1.0
13,Bentway Staging Grounds,dpz8321dj,1.0
13,Bentway Staging Grounds,dpz8321dm,1.0
13,Bentway Staging Grounds,dpz8321dt,1.0
13,Bentway Staging Grounds,dpz8321dv,1.0
13,Bentway Staging Grounds,dpz8321ej,1.0
13,Bentway Staging Grounds,dpz8321em,1.0
13,Bentway Staging Grounds,dpz8321et,1.0
13,Bentway Staging Grounds,dpz8320c8,1.0
13,Bentway Staging Grounds,dpz8320c2,1.0
13,Bentway Staging Grounds,dpz8320cb,1.0
13,Bentway Staging Grounds,dpz8320c0,1.0
13,Bentway Staging Grounds,dpz8320f0,0.8954
13,Bentway Staging Grounds,dpz8320bb,1.0
13,Bentway Staging Grounds,dpz8320b8,1.0
13,Bentway Staging Grounds,dpz8320b2,1.0
13,Bentway Staging Grounds,dpz8320b0,0.9983
13,Bentway Staging Grounds,dpz83219w,1.0
13,Bentway Staging Grounds,dpz83219q,0.948
13,Bentway Staging Grounds,dpz83219y,1.0
13,Bentway Staging Grounds,dpz8321dn,1.0
13,Bentway Staging Grounds,dpz8321dq,1.0
13,Bentway Staging Grounds,dpz8321dw,1.0
13,Bentway Staging Grounds,dpz8321dy,1.0
13,Bentway Staging Grounds,dpz8321en,1.0
13,Bentway Staging Grounds,dpz8321eq,1.0
13,Bentway Staging Grounds,dpz8321ew,1.0
13,Bentway Staging Grounds,dpz83209x,1.0
13,Bentway Staging Grounds,dpz83209r,1.0
13,Bentway Staging Grounds,dpz83209z,1.0
13,Bentway Staging Grounds,dpz83209p,1.0
13,Bentway Staging Grounds,dpz83208z,1.0
13,Bentway Staging Grounds,dpz83208x,0.9829
13,Bentway Staging Grounds,dpz83219x,1.0
13,Bentway Staging Grounds,dpz83219z,1.0
13,Bentway Staging Grounds,dpz8321dp,1.0
13,Bentway Staging Grounds,dpz8321dr,1.0
13,Bentway Staging Grounds,dpz8321dx,1.0
13,Bentway Staging Grounds,dpz8321dz,1.0
13,Bentway Staging Grounds,dpz8321ep,0.938
13,Bentway Staging Grounds,dpz83209w,1.0
13,Bentway Staging Grounds,dpz83209q,1.0
13,Bentway Staging Grounds,dpz83209y,1.0
13,Bentway Staging Grounds,dpz83209n,0.9518
13,Bentway Staging Grounds,dpz8321c8,1.0
13,Bentway Staging Grounds,dpz8321cb,1.0
13,Bentway Staging Grounds,dpz8321f0,1.0
13,Bentway Staging Grounds,dpz8321f2,1.0
13,Bentway Staging Grounds,dpz83209t,0.9049
13,Bentway Staging Grounds,dpz83209v,1.0
13,Bentway Staging Grounds,dpz8321c9,1.0
13,Bentway Staging Grounds,dpz8321cc,0.9629
14,Bentway Strachan Gate,dpz80zzz1,1.0
14,Bentway Strachan Gate,dpz80zzz0,1.0
14,Bentway Strachan Gate,dpz80zzz4,1.0
14,Bentway Strachan Gate,dpz80zzyc,1.0
14,Bentway Strachan Gate,dpz80zzyb,1.0
14,Bentway Strachan Gate,dpz80zzyf,1.0
14,Bentway Strachan Gate,dpz80zzz3,1.0
14,Bentway Strachan Gate,dpz80zzz2,1.0
14,Bentway Strachan Gate,dpz80zzz6,1.0
14,Bentway Strachan Gate,dpz80zzxp,1.0
14,Bentway Strachan Gate,dpz80zzwz,1.0
14,Bentway Strachan Gate,dpz80zzxr,1.0
14,Bentway Strachan Gate,dpz80zzz5,1.0
14,Bentway Strachan Gate,dpz80zzyg,1.0
14,Bentway Strachan Gate,dpz80zzz7,1.0
14,Bentway Strachan Gate,dpz80zzy9,1.0
14,Bentway Strachan Gate,dpz80zzy8,1.0
14,Bentway Strachan Gate,dpz80zzyd,1.0
14,Bentway Strachan Gate,dpz80zzwx,1.0
14,Bentway Strachan Gate,dpz80zzye,1.0
14,Bentway Strachan Gate,dpz80zzxn,1.0
14,Bentway Strachan Gate,dpz80zzwy,1.0
14,Bentway Strachan Gate,dpz80zzxq,1.0
14,Bentway Strachan Gate,dpz80zzww,1.0
14,Bentway Strachan Gate,dpz80zzzh,1.0
14,Bentway Strachan Gate,dpz80zzyu,1.0
14,Bentway Strachan Gate,dpz80zzzk,1.0
14,Bentway Strachan Gate,dpz80zzys,1.0
14,Bentway Strachan Gate,dpz80zzy3,1.0
14,Bentway Strachan Gate,dpz80zzy2,1.0
14,Bentway Strachan Gate,dpz80zzy6,1.0
14,Bentway Strachan Gate,dpz80zzwr,1.0
14,Bentway Strachan Gate,dpz80zzy7,1.0
14,Bentway Strachan Gate,dpz80zzwq,1.0
14,Bentway Strachan Gate,dpz80zzyk,1.0
14,Bentway Strachan Gate,dpz80zzxj,1.0
14,Bentway Strachan Gate,dpz80zzwv,1.0
14,Bentway Strachan Gate,dpz80zzxm,1.0
14,Bentway Strachan Gate,dpz80zzwt,1.0
14,Bentway Strachan Gate,dpz80zzwm,1.0
14,Bentway Strachan Gate,dpz80zzzj,1.0
14,Bentway Strachan Gate,dpz80zzyv,1.0
14,Bentway Strachan Gate,dpz80zzzm,1.0
14,Bentway Strachan Gate,dpz80zzyt,1.0
14,Bentway Strachan Gate,dpz80zzym,1.0
14,Bentway Strachan Gate,dpz80zzxh,1.0
14,Bentway Strachan Gate,dpz80zzwu,1.0
14,Bentway Strachan Gate,dpz80zzxk,1.0
14,Bentway Strachan Gate,dpz80zzws,1.0
14,Bentway Strachan Gate,dpz80zzwk,1.0
14,Bentway Strachan Gate,dpz80zzzn,1.0
14,Bentway Strachan Gate,dpz80zzyy,1.0
14,Bentway Strachan Gate,dpz80zzzq,1.0
14,Bentway Strachan Gate,dpz80zzyw,1.0
14,Bentway Strachan Gate,dpz80zzyq,1.0
14,Bentway Strachan Gate,dpz80zzx5,1.0
14,Bentway Strachan Gate,dpz80zzwg,1.0
14,Bentway Strachan Gate,dpz80zzx7,1.0
14,Bentway Strachan Gate,dpz80zzwe,1.0
14,Bentway Strachan Gate,dpz80zzw7,1.0
14,Bentway Strachan Gate,dpz80zzzp,1.0
14,Bentway Strachan Gate,dpz80zzyz,1.0
14,Bentway Strachan Gate,dpz80zzzr,1.0
14,Bentway Strachan Gate,dpz80zzyx,1.0
14,Bentway Strachan Gate,dpz80zzyr,1.0
14,Bentway Strachan Gate,dpz80zzx4,1.0
14,Bentway Strachan Gate,dpz80zzwf,1.0
14,Bentway Strachan Gate,dpz80zzx6,1.0
14,Bentway Strachan Gate,dpz80zzwd,1.0
14,Bentway Strachan Gate,dpz80zzw6,1.0
14,Bentway Strachan Gate,dpz81pbp0,1.0
14,Bentway Strachan Gate,dpz81pbnb,1.0
14,Bentway Strachan Gate,dpz81pbp2,1.0
14,Bentway Strachan Gate,dpz81pbn8,1.0
14,Bentway Strachan Gate,dpz81pbn2,1.0
14,Bentway Strachan Gate,dpz80zzx1,1.0
14,Bentway Strachan Gate,dpz80zzwc,1.0
14,Bentway Strachan Gate,dpz80zzx3,1.0
14,Bentway Strachan Gate,dpz80zzw9,1.0
14,Bentway Strachan Gate,dpz80zzw3,1.0
14,Bentway Strachan Gate,dpz81pbp1,1.0
14,Bentway Strachan Gate,dpz81pbnc,1.0
14,Bentway Strachan Gate,dpz81pbp3,1.0
14,Bentway Strachan Gate,dpz81pbn9,1.0
14,Bentway Strachan Gate,dpz81pbn3,1.0
14,Bentway Strachan Gate,dpz80zzx0,1.0
14,Bentway Strachan Gate,dpz80zzwb,1.0
14,Bentway Strachan Gate,dpz80zzx2,1.0
14,Bentway Strachan Gate,dpz80zzw8,1.0
14,Bentway Strachan Gate,dpz80zzw2,1.0
14,Bentway Strachan Gate,dpz81pbp4,1.0
14,Bentway Strachan Gate,dpz81pbnf,1.0
14,Bentway Strachan Gate,dpz81pbp6,1.0
14,Bentway Strachan Gate,dpz81pbnd,1.0
14,Bentway Strachan Gate,dpz81pbn6,0.9107
14,Bentway Strachan Gate,dpz80zzrp,1.0
14,Bentway Strachan Gate,dpz80zzqz,1.0
14,Bentway Strachan Gate,dpz80zzrr,1.0
14,Bentway Strachan Gate,dpz80zzqx,1.0
14,Bentway Strachan Gate,dpz80zzqr,1.0
14,Bentway Strachan Gate,dpz81pbp5,1.0
14,Bentway Strachan Gate,dpz81pbng,1.0
14,Bentway Strachan Gate,dpz81pbp7,1.0
14,Bentway Strachan Gate,dpz81pbne,1.0
14,Bentway Strachan Gate,dpz80zzrn,1.0
14,Bentway Strachan Gate,dpz80zzqy,1.0
14,Bentway Strachan Gate,dpz80zzrq,1.0
14,Bentway Strachan Gate,dpz80zzqw,1.0
14,Bentway Strachan Gate,dpz80zzqq,1.0
14,Bentway Strachan Gate,dpz80zzqn,0.8115
14,Bentway Strachan Gate,dpz81pbph,1.0
14,Bentway Strachan Gate,dpz81pbnu,1.0
14,Bentway Strachan Gate,dpz81pbpk,1.0
14,Bentway Strachan Gate,dpz81pbns,1.0
14,Bentway Strachan Gate,dpz80zzrj,1.0
14,Bentway Strachan Gate,dpz80zzqv,1.0
14,Bentway Strachan Gate,dpz80zzrm,1.0
14,Bentway Strachan Gate,dpz80zzqt,1.0
14,Bentway Strachan Gate,dpz80zzqm,1.0
14,Bentway Strachan Gate,dpz80zzqj,0.8304
14,Bentway Strachan Gate,dpz81pbpj,1.0
14,Bentway Strachan Gate,dpz81pbnv,1.0
14,Bentway Strachan Gate,dpz81pbpm,1.0
14,Bentway Strachan Gate,dpz81pbnt,0.9927
14,Bentway Strachan Gate,dpz80zzrh,1.0
14,Bentway Strachan Gate,dpz80zzqu,0.9695
14,Bentway Strachan Gate,dpz80zzrk,1.0
14,Bentway Strachan Gate,dpz81pbpn,1.0
14,Bentway Strachan Gate,dpz81pbny,1.0
14,Bentway Strachan Gate,dpz81pbpq,1.0
15,Berkeley Street Theatre,dpz8642gj,1.0
15,Berkeley Street Theatre,dpz8642gh,1.0
15,Berkeley Street Theatre,dpz8642gn,0.977
15,Berkeley Street Theatre,dpz8642fv,1.0
15,Berkeley Street Theatre,dpz8642fu,1.0
15,Berkeley Street Theatre,dpz8642fy,1.0
15,Berkeley Street Theatre,dpz8642gm,1.0
15,Berkeley Street Theatre,dpz8642gk,1.0
15,Berkeley Street Theatre,dpz8642g7,0.9893
15,Berkeley Street Theatre,dpz8642ft,1.0
15,Berkeley Street Theatre,dpz8642fs,1.0
15,Berkeley Street Theatre,dpz8642fw,1.0
15,Berkeley Street Theatre,dpz8642fe,1.0
15,Berkeley Street Theatre,dpz8642fx,0.86
15,Berkeley Street Theatre,dpz8642gt,1.0
15,Berkeley Street Theatre,dpz8642gs,1.0
15,Berkeley Street Theatre,dpz8642ge,1.0
15,Berkeley Street Theatre,dpz8642fd,0.9971
15,Berkeley Street Theatre,dpz8642gd,1.0
15,Berkeley Street Theatre,dpz8642fm,1.0
15,Berkeley Street Theatre,dpz8642fk,1.0
15,Berkeley Street Theatre,dpz8642fq,1.0
15,Berkeley Street Theatre,dpz8642f7,1.0
15,Berkeley Street Theatre,dpz8642fr,1.0
15,Berkeley Street Theatre,dpz8642f6,1.0
15,Berkeley Street Theatre,dpz8642gv,0.8574
15,Berkeley Street Theatre,dpz8642gu,1.0
15,Berkeley Street Theatre,dpz8642gg,1.0
15,Berkeley Street Theatre,dpz8642gf,1.0
15,Berkeley Street Theatre,dpz8642f9,0.864
15,Berkeley Street Theatre,dpz8642g3,0.8002
15,Berkeley Street Theatre,dpz8642g9,1.0
15,Berkeley Street Theatre,dpz8642f3,1.0
15,Berkeley Street Theatre,dpz8642gc,1.0
15,Berkeley Street Theatre,dpz8642fj,1.0
15,Berkeley Street Theatre,dpz8642fh,1.0
15,Berkeley Street Theatre,dpz8642fn,0.9251
15,Berkeley Street Theatre,dpz8642f5,1.0
15,Berkeley Street Theatre,dpz8642f4,1.0
15,Berkeley Street Theatre,dpz8642f1,1.0
15,Berkeley Street Theatre,dpz8642uh,0.9859
15,Berkeley Street Theatre,dpz8642u5,0.8015
15,Berkeley Street Theatre,dpz8642f8,0.8405
15,Berkeley Street Theatre,dpz8642f2,1.0
15,Berkeley Street Theatre,dpz8642g2,0.9805
15,Berkeley Street Theatre,dpz8642g8,1.0
15,Berkeley Street Theatre,dpz8642gb,0.9992
15,Berkeley Street Theatre,dpz8642f0,1.0
15,Berkeley Street Theatre,dpz8642cf,0.806
15,Berkeley Street Theatre,dpz8642dx,1.0
15,Berkeley Street Theatre,dpz8642dr,1.0
15,Berkeley Street Theatre,dpz8642er,1.0
15,Berkeley Street Theatre,dpz8642ex,1.0
15,Berkeley Street Theatre,dpz8642ez,0.8639
15,Berkeley Street Theatre,dpz8642dw,1.0
15,Berkeley Street Theatre,dpz8642dq,1.0
15,Berkeley Street Theatre,dpz8642eq,1.0
15,Berkeley Street Theatre,dpz8642ew,1.0
15,Berkeley Street Theatre,dpz8642dt,1.0
15,Berkeley Street Theatre,dpz8642dm,1.0
15,Berkeley Street Theatre,dpz8642ej,0.9657
15,Berkeley Street Theatre,dpz8642em,1.0
15,Berkeley Street Theatre,dpz8642et,1.0
15,Berkeley Street Theatre,dpz8642ds,0.9972
15,Berkeley Street Theatre,dpz8642dk,1.0
15,Berkeley Street Theatre,dpz8642dh,0.9591
15,Berkeley Street Theatre,dpz8642ek,1.0
15,Berkeley Street Theatre,dpz8642es,1.0
15,Berkeley Street Theatre,dpz8642de,0.8542
15,Berkeley Street Theatre,dpz8642d7,0.9962
15,Berkeley Street Theatre,dpz8642e7,1.0
15,Berkeley Street Theatre,dpz8642ee,0.9222
15,Berkeley Street Theatre,dpz8642e6,1.0
15,Berkeley Street Theatre,dpz8642e1,0.8524
15,Berkeley Street Theatre,dpz8642e3,1.0
15,Berkeley Street Theatre,dpz8642e2,0.97
16,Buddies in Bad Times,dpz83sdvz,1.0
16,Buddies in Bad Times,dpz83sdvy,1.0
16,Buddies in Bad Times,dpz83sejb,1.0
16,Buddies in Bad Times,dpz83sdvx,1.0
16,Buddies in Bad Times,dpz83sdvw,1.0
16,Buddies in Bad Times,dpz83sej8,1.0
16,Buddies in Bad Times,dpz83sdyp,1.0
16,Buddies in Bad Times,dpz83sdyn,1.0
16,Buddies in Bad Times,dpz83sen0,1.0
16,Buddies in Bad Times,dpz83sdvv,0.9995
16,Buddies in Bad Times,dpz83sdyj,1.0
16,Buddies in Bad Times,dpz83sejc,1.0
16,Buddies in Bad Times,dpz83sej9,1.0
16,Buddies in Bad Times,dpz83sen1,0.9103
16,Buddies in Bad Times,dpz83sdvr,1.0
16,Buddies in Bad Times,dpz83sdvq,1.0
16,Buddies in Bad Times,dpz83sej2,1.0
16,Buddies in Bad Times,dpz83sej3,1.0
16,Buddies in Bad Times,dpz83sdyr,1.0
16,Buddies in Bad Times,dpz83sdyq,0.9957
16,Buddies in Bad Times,dpz83sen2,1.0
16,Buddies in Bad Times,dpz83sdym,0.8467
16,Buddies in Bad Times,dpz83sej6,0.9968
16,Buddies in Bad Times,dpz83sdvp,1.0
16,Buddies in Bad Times,dpz83sdvn,0.917
16,Buddies in Bad Times,dpz83sej0,1.0
16,Buddies in Bad Times,dpz83sej1,1.0
16,Buddies in Bad Times,dpz83sej4,1.0
16,Buddies in Bad Times,dpz83sduz,1.0
16,Buddies in Bad Times,dpz83sehb,1.0
16,Buddies in Bad Times,dpz83sehc,1.0
16,Buddies in Bad Times,dpz83sehf,1.0
16,Buddies in Bad Times,dpz83sehg,0.9302
16,Buddies in Bad Times,dpz83sdux,0.9917
16,Buddies in Bad Times,dpz83seh8,1.0
16,Buddies in Bad Times,dpz83seh9,1.0
16,Buddies in Bad Times,dpz83sehd,0.9753
17,Canadian Music Centre,dpz83t0t9,0.9213
17,Canadian Music Centre,dpz83t0t8,1.0
17,Canadian Music Centre,dpz83t0td,0.8298
17,Canadian Music Centre,dpz83t0t3,1.0
17,Canadian Music Centre,dpz83t0t2,0.8952
17,Canadian Music Centre,dpz83t0t6,1.0
17,Canadian Music Centre,dpz83t0tb,1.0
17,Canadian Music Centre,dpz83t0t1,0.9212
17,Canadian Music Centre,dpz83t0t4,0.9167
17,Canadian Music Centre,dpz83t0t5,0.8476
17,Canadian Music Centre,dpz83t0w0,0.9162
18,Casa de Bamba,dpz82rsf9,1.0
18,Casa de Bamba,dpz82rsf8,1.0
18,Casa de Bamba,dpz82rsfd,1.0
18,Casa de Bamba,dpz82rsf3,1.0
18,Casa de Bamba,dpz82rsf2,1.0
18,Casa de Bamba,dpz82rsf6,1.0
18,Casa de Bamba,dpz82rsfc,0.9122
18,Casa de Bamba,dpz82rsff,0.8215
18,Casa de Bamba,dpz82rsdx,1.0
18,Casa de Bamba,dpz82rsdr,0.9057
18,Casa de Bamba,dpz82rsf1,1.0
18,Casa de Bamba,dpz82rsf0,1.0
18,Casa de Bamba,dpz82rsf4,1.0
18,Casa de Bamba,dpz82rsf5,0.9987
18,Casa de Bamba,dpz82rscc,1.0
18,Casa de Bamba,dpz82rscb,0.9327
18,Casa de Bamba,dpz82rscf,0.9561
19,Cedar Ridge Creative Centre,dpz8vtg1s,1.0
19,Cedar Ridge Creative Centre,dpz8vtg1e,1.0
19,Cedar Ridge Creative Centre,dpz8vtg1t,1.0
19,Cedar Ridge Creative Centre,dpz8vtg1k,1.0
19,Cedar Ridge Creative Centre,dpz8vtg17,1.0
19,Cedar Ridge Creative Centre,dpz8vtg1m,1.0
19,Cedar Ridge Creative Centre,dpz8vtg1u,1.0
19,Cedar Ridge Creative Centre,dpz8vtg1g,0.9919
19,Cedar Ridge Creative Centre,dpz8vtg1d,0.9472
19,Cedar Ridge Creative Centre,dpz8vtg16,1.0
19,Cedar Ridge Creative Centre,dpz8vtg1w,1.0
19,Cedar Ridge Creative Centre,dpz8vtg1q,1.0
19,Cedar Ridge Creative Centre,dpz8vtg1h,1.0
19,Cedar Ridge Creative Centre,dpz8vtg15,1.0
19,Cedar Ridge Creative Centre,dpz8vtg14,1.0
19,Cedar Ridge Creative Centre,dpz8vtg19,0.8001
19,Cedar Ridge Creative Centre,dpz8vtg13,0.8257
19,Cedar Ridge Creative Centre,dpz8vtg1x,1.0
19,Cedar Ridge Creative Centre,dpz8vtg1r,1.0
19,Cedar Ridge Creative Centre,dpz8vtg1p,0.8134
19,Cedar Ridge Creative Centre,dpz8vtg0f,0.8116
20,Clark Centre for the Arts,dpz8vguuj,1.0
20,Clark Centre for the Arts,dpz8vguuh,1.0
20,Clark Centre for the Arts,dpz8vguun,0.9945
20,Clark Centre for the Arts,dpz8vgugv,1.0
20,Clark Centre for the Arts,dpz8vgugu,0.9537
20,Clark Centre for the Arts,dpz8vgugy,1.0
20,Clark Centre for the Arts,dpz8vguum,1.0
20,Clark Centre for the Arts,dpz8vguuk,1.0
20,Clark Centre for the Arts,dpz8vguu7,0.8574
20,Clark Centre for the Arts,dpz8vgugt,1.0
20,Clark Centre for the Arts,dpz8vgugw,1.0
20,Clark Centre for the Arts,dpz8vgugx,0.9472
20,Clark Centre for the Arts,dpz8vguut,0.9416
20,Clark Centre for the Arts,dpz8vguus,1.0
20,Clark Centre for the Arts,dpz8vguue,0.9604
20,Clark Centre for the Arts,dpz8vgugm,0.8783
22,Danforth Coxwell Library,dpz8dbrgt,1.0
22,Danforth Coxwell Library,dpz8dbrgs,1.0
22,Danforth Coxwell Library,dpz8dbrgw,1.0
22,Danforth Coxwell Library,dpz8dbrgm,1.0
22,Danforth Coxwell Library,dpz8dbrgk,1.0
22,Danforth Coxwell Library,dpz8dbrgq,0.8988
22,Danforth Coxwell Library,dpz8dbrgv,0.9705
22,Danforth Coxwell Library,dpz8dbrgu,0.8782
22,Danforth Coxwell Library,dpz8dbrgy,1.0
22,Danforth Coxwell Library,dpz8dbrge,1.0
22,Danforth Coxwell Library,dpz8dbrg7,1.0
22,Danforth Coxwell Library,dpz8dbrgx,1.0
22,Danforth Coxwell Library,dpz8dbrgz,1.0
22,Danforth Coxwell Library,dpz8dbrgd,1.0
22,Danforth Coxwell Library,dpz8dbrg6,1.0
22,Danforth Coxwell Library,dpz8e0258,0.9686
22,Danforth Coxwell Library,dpz8e025b,1.0
22,Danforth Coxwell Library,dpz8dbrg9,1.0
22,Danforth Coxwell Library,dpz8dbrg3,1.0
22,Danforth Coxwell Library,dpz8e025c,0.9672
23,Danforth Music Hall,dpz86pjby,1.0
23,Danforth Music Hall,dpz86pjbv,1.0
23,Danforth Music Hall,dpz86pjbz,1.0
23,Danforth Music Hall,dpz86pjbw,1.0
23,Danforth Music Hall,dpz86pjbt,1.0
23,Danforth Music Hall,dpz86pjbx,1.0
23,Danforth Music Hall,dpz86pjcn,1.0
23,Danforth Music Hall,dpz86pjcj,1.0
23,Danforth Music Hall,dpz86pjcp,1.0
23,Danforth Music Hall,dpz86pjbu,1.0
23,Danforth Music Hall,dpz86pjbs,1.0
23,Danforth Music Hall,dpz86pjch,1.0
23,Danforth Music Hall,dpz86pn0b,1.0
23,Danforth Music Hall,dpz86pn08,1.0
23,Danforth Music Hall,dpz86pn10,1.0
23,Danforth Music Hall,dpz86pjbq,1.0
23,Danforth Music Hall,dpz86pjbm,1.0
23,Danforth Music Hall,dpz86pjbr,1.0
23,Danforth Music Hall,dpz86pjbk,0.8441
23,Danforth Music Hall,dpz86pn02,1.0
23,Danforth Music Hall,dpz86pjcq,1.0
23,Danforth Music Hall,dpz86pjcm,1.0
23,Danforth Music Hall,dpz86pjcr,1.0
23,Danforth Music Hall,dpz86pjck,1.0
23,Danforth Music Hall,dpz86pn12,1.0
23,Danforth Music Hall,dpz86pjc5,0.8999
23,Danforth Music Hall,dpz86pjc7,1.0
23,Danforth Music Hall,dpz86pn0c,1.0
23,Danforth Music Hall,dpz86pn09,1.0
23,Danforth Music Hall,dpz86pn11,0.9545
23,Danforth Music Hall,dpz86pn03,1.0
23,Danforth Music Hall,dpz86pjbn,1.0
23,Danforth Music Hall,dpz86pjbj,1.0
23,Danforth Music Hall,dpz86pjbp,1.0
23,Danforth Music Hall,dpz86pn00,1.0
23,Danforth Music Hall,dpz86pn01,1.0
23,Danforth Music Hall,dpz86pjcx,0.9229
23,Danforth Music Hall,dpz86pn18,1.0
23,Danforth Music Hall,dpz86pn06,0.9882
23,Danforth Music Hall,dpz86pn04,1.0
23,Danforth Music Hall,dpz86nvzy,1.0
23,Danforth Music Hall,dpz86nvzv,0.9256
23,Danforth Music Hall,dpz86nvzz,1.0
23,Danforth Music Hall,dpz86nypb,1.0
23,Danforth Music Hall,dpz86nypc,1.0
23,Danforth Music Hall,dpz86nypf,1.0
23,Danforth Music Hall,dpz86nvzw,0.8141
23,Danforth Music Hall,dpz86nvzx,1.0
23,Danforth Music Hall,dpz86nyp8,0.9993
23,Danforth Music Hall,dpz86nyp9,0.8958
24,Daniels Spectrum,dpz86h43d,1.0
24,Daniels Spectrum,dpz86h439,1.0
24,Daniels Spectrum,dpz86h43e,1.0
24,Daniels Spectrum,dpz86h436,1.0
24,Daniels Spectrum,dpz86h433,1.0
24,Daniels Spectrum,dpz86h437,1.0
24,Daniels Spectrum,dpz86h43f,1.0
24,Daniels Spectrum,dpz86h43c,1.0
24,Daniels Spectrum,dpz86h43g,1.0
24,Daniels Spectrum,dpz86h438,1.0
24,Daniels Spectrum,dpz86h432,1.0
24,Daniels Spectrum,dpz86h43b,1.0
24,Daniels Spectrum,dpz86h43s,1.0
24,Daniels Spectrum,dpz86h43k,1.0
24,Daniels Spectrum,dpz86h43u,1.0
24,Daniels Spectrum,dpz86h434,1.0
24,Daniels Spectrum,dpz86h431,1.0
24,Daniels Spectrum,dpz86h435,1.0
24,Daniels Spectrum,dpz86h430,1.0
24,Daniels Spectrum,dpz86h43h,1.0
24,Daniels Spectrum,dpz86h464,1.0
24,Daniels Spectrum,dpz86h461,1.0
24,Daniels Spectrum,dpz86h465,1.0
24,Daniels Spectrum,dpz86h460,1.0
24,Daniels Spectrum,dpz86h46h,1.0
24,Daniels Spectrum,dpz86h41x,1.0
24,Daniels Spectrum,dpz86h41r,1.0
24,Daniels Spectrum,dpz86h41z,1.0
24,Daniels Spectrum,dpz86h41p,1.0
24,Daniels Spectrum,dpz86h44p,1.0
24,Daniels Spectrum,dpz86h43t,1.0
24,Daniels Spectrum,dpz86h43m,1.0
24,Daniels Spectrum,dpz86h43v,1.0
24,Daniels Spectrum,dpz86h43j,1.0
24,Daniels Spectrum,dpz86h46j,1.0
24,Daniels Spectrum,dpz86h42f,1.0
24,Daniels Spectrum,dpz86h42c,1.0
24,Daniels Spectrum,dpz86h42g,1.0
24,Daniels Spectrum,dpz86h42b,1.0
24,Daniels Spectrum,dpz86h42u,1.0
24,Daniels Spectrum,dpz86h40z,1.0
24,Daniels Spectrum,dpz86h42v,1.0
24,Daniels Spectrum,dpz86h466,1.0
24,Daniels Spectrum,dpz86h463,1.0
24,Daniels Spectrum,dpz86h467,1.0
24,Daniels Spectrum,dpz86h462,1.0
24,Daniels Spectrum,dpz86h46k,1.0
24,Daniels Spectrum,dpz86h44r,1.0
24,Daniels Spectrum,dpz86h46m,1.0
24,Daniels Spectrum,dpz86h41w,1.0
24,Daniels Spectrum,dpz86h41q,1.0
24,Daniels Spectrum,dpz86h41y,1.0
24,Daniels Spectrum,dpz86h41n,1.0
24,Daniels Spectrum,dpz86h44n,1.0
24,Daniels Spectrum,dpz86h40y,0.9816
24,Daniels Spectrum,dpz86h44q,1.0
24,Daniels Spectrum,dpz86h43w,1.0
24,Daniels Spectrum,dpz86h43q,1.0
24,Daniels Spectrum,dpz86h43y,1.0
24,Daniels Spectrum,dpz86h43n,1.0
24,Daniels Spectrum,dpz86h46n,1.0
24,Daniels Spectrum,dpz86h42y,1.0
24,Daniels Spectrum,dpz86h46q,0.9081
24,Daniels Spectrum,dpz86h42d,1.0
24,Daniels Spectrum,dpz86h429,1.0
24,Daniels Spectrum,dpz86h42e,1.0
24,Daniels Spectrum,dpz86h428,1.0
24,Daniels Spectrum,dpz86h42s,1.0
24,Daniels Spectrum,dpz86h40x,1.0
24,Daniels Spectrum,dpz86h42t,1.0
24,Daniels Spectrum,dpz86h42w,1.0
24,Daniels Spectrum,dpz86h46d,1.0
24,Daniels Spectrum,dpz86h469,1.0
24,Daniels Spectrum,dpz86h46e,1.0
24,Daniels Spectrum,dpz86h468,1.0
24,Daniels Spectrum,dpz86h46s,1.0
24,Daniels Spectrum,dpz86h44x,1.0
24,Daniels Spectrum,dpz86h46t,1.0
24,Daniels Spectrum,dpz86h44w,1.0
24,Daniels Spectrum,dpz86h41t,1.0
24,Daniels Spectrum,dpz86h41m,0.9044
24,Daniels Spectrum,dpz86h41v,1.0
24,Daniels Spectrum,dpz86h44j,1.0
24,Daniels Spectrum,dpz86h44m,1.0
24,Daniels Spectrum,dpz86h44t,0.9799
24,Daniels Spectrum,dpz86h43x,1.0
24,Daniels Spectrum,dpz86h43r,1.0
24,Daniels Spectrum,dpz86h43z,0.8036
24,Daniels Spectrum,dpz86h43p,1.0
24,Daniels Spectrum,dpz86h42z,1.0
24,Daniels Spectrum,dpz86h42x,1.0
24,Daniels Spectrum,dpz86h426,1.0
24,Daniels Spectrum,dpz86h423,1.0
24,Daniels Spectrum,dpz86h427,1.0
24,Daniels Spectrum,dpz86h422,1.0
24,Daniels Spectrum,dpz86h42k,1.0
24,Daniels Spectrum,dpz86h40r,1.0
24,Daniels Spectrum,dpz86h42m,0.9584
24,Daniels Spectrum,dpz86h46f,1.0
24,Daniels Spectrum,dpz86h46c,0.8977
24,Daniels Spectrum,dpz86h46g,1.0
24,Daniels Spectrum,dpz86h46u,1.0
24,Daniels Spectrum,dpz86h46v,0.9774
24,Daniels Spectrum,dpz86h44h,0.9994
24,Daniels Spectrum,dpz86h44k,1.0
24,Daniels Spectrum,dpz86h44s,0.8012
24,Daniels Spectrum,dpz86h490,0.8446
24,Daniels Spectrum,dpz86h48b,1.0
24,Daniels Spectrum,dpz86h488,1.0
24,Daniels Spectrum,dpz86h421,0.8733
24,Daniels Spectrum,dpz86h420,0.9995
24,Daniels Spectrum,dpz86h40p,0.8228
25,DROM Taberna,dpz831yyn,1.0
25,DROM Taberna,dpz831yyj,1.0
25,DROM Taberna,dpz831yyp,1.0
25,DROM Taberna,dpz831yvy,1.0
25,DROM Taberna,dpz831yvv,1.0
25,DROM Taberna,dpz831yvz,1.0
25,DROM Taberna,dpz831yyq,1.0
25,DROM Taberna,dpz831yym,1.0
25,DROM Taberna,dpz831yyr,0.9424
25,DROM Taberna,dpz831yyh,1.0
25,DROM Taberna,dpz831yvu,0.8855
25,DROM Taberna,dpz831yyk,1.0
25,DROM Taberna,dpz831yvx,1.0
25,DROM Taberna,dpz831zj8,0.9981
25,DROM Taberna,dpz831yyw,0.8443
25,DROM Taberna,dpz831yvr,0.96
25,DROM Taberna,dpz831zj2,1.0
26,St. Matthew's Clubhouse,dpz86m2qe,1.0
26,St. Matthew's Clubhouse,dpz86m2qd,1.0
26,St. Matthew's Clubhouse,dpz86m2qs,1.0
26,St. Matthew's Clubhouse,dpz86m2q7,0.897
26,St. Matthew's Clubhouse,dpz86m2qk,0.9996
26,St. Matthew's Clubhouse,dpz86m2qg,0.9875
26,St. Matthew's Clubhouse,dpz86m2qf,1.0
26,St. Matthew's Clubhouse,dpz86m2qu,0.8407
26,St. Matthew's Clubhouse,dpz86m2q9,1.0
26,St. Matthew's Clubhouse,dpz86m2qc,0.9279
26,St. Matthew's Clubhouse,dpz86m2qt,1.0
26,St. Matthew's Clubhouse,dpz86m2qm,0.8397
27,Elgin and Winter Garden Theatres,dpz83dy4z,1.0
27,Elgin and Winter Garden Theatres,dpz83dy4y,1.0
27,Elgin and Winter Garden Theatres,dpz83dy6b,1.0
27,Elgin and Winter Garden Theatres,dpz83dy4x,1.0
27,Elgin and Winter Garden Theatres,dpz83dy4w,1.0
27,Elgin and Winter Garden Theatres,dpz83dy68,1.0
27,Elgin and Winter Garden Theatres,dpz83dy5p,1.0
27,Elgin and Winter Garden Theatres,dpz83dy5n,1.0
27,Elgin and Winter Garden Theatres,dpz83dy70,1.0
27,Elgin and Winter Garden Theatres,dpz83dy4v,1.0
27,Elgin and Winter Garden Theatres,dpz83dy4t,1.0
27,Elgin and Winter Garden Theatres,dpz83dy5j,1.0
27,Elgin and Winter Garden Theatres,dpz83dy6c,1.0
27,Elgin and Winter Garden Theatres,dpz83dy69,1.0
27,Elgin and Winter Garden Theatres,dpz83dy71,1.0
27,Elgin and Winter Garden Theatres,dpz83dy4r,1.0
27,Elgin and Winter Garden Theatres,dpz83dy4q,1.0
27,Elgin and Winter Garden Theatres,dpz83dy62,1.0
27,Elgin and Winter Garden Theatres,dpz83dy4m,1.0
27,Elgin and Winter Garden Theatres,dpz83dy63,1.0
27,Elgin and Winter Garden Theatres,dpz83dy5r,1.0
27,Elgin and Winter Garden Theatres,dpz83dy5q,1.0
27,Elgin and Winter Garden Theatres,dpz83dy72,1.0
27,Elgin and Winter Garden Theatres,dpz83dy5m,1.0
27,Elgin and Winter Garden Theatres,dpz83dy73,1.0
27,Elgin and Winter Garden Theatres,dpz83dy4u,1.0
27,Elgin and Winter Garden Theatres,dpz83dy4s,1.0
27,Elgin and Winter Garden Theatres,dpz83dy5h,1.0
27,Elgin and Winter Garden Theatres,dpz83dy4k,1.0
27,Elgin and Winter Garden Theatres,dpz83dy5k,1.0
27,Elgin and Winter Garden Theatres,dpz83dy6f,1.0
27,Elgin and Winter Garden Theatres,dpz83dy6d,1.0
27,Elgin and Winter Garden Theatres,dpz83dy74,1.0
27,Elgin and Winter Garden Theatres,dpz83dy66,1.0
27,Elgin and Winter Garden Theatres,dpz83dy76,1.0
27,Elgin and Winter Garden Theatres,dpz83dy4p,1.0
27,Elgin and Winter Garden Theatres,dpz83dy4n,1.0
27,Elgin and Winter Garden Theatres,dpz83dy60,1.0
27,Elgin and Winter Garden Theatres,dpz83dy4j,1.0
27,Elgin and Winter Garden Theatres,dpz83dy61,1.0
27,Elgin and Winter Garden Theatres,dpz83dy4h,1.0
27,Elgin and Winter Garden Theatres,dpz83dy64,0.9833
27,Elgin and Winter Garden Theatres,dpz83dy5x,1.0
27,Elgin and Winter Garden Theatres,dpz83dy5w,1.0
27,Elgin and Winter Garden Theatres,dpz83dy78,1.0
27,Elgin and Winter Garden Theatres,dpz83dy5t,1.0
27,Elgin and Winter Garden Theatres,dpz83dy79,1.0
27,Elgin and Winter Garden Theatres,dpz83dy5s,1.0
27,Elgin and Winter Garden Theatres,dpz83dy7d,0.8677
27,Elgin and Winter Garden Theatres,dpz83dy4g,0.9985
27,Elgin and Winter Garden Theatres,dpz83dy55,1.0
27,Elgin and Winter Garden Theatres,dpz83dy57,1.0
27,Elgin and Winter Garden Theatres,dpz83dy45,0.9968
27,Elgin and Winter Garden Theatres,dpz83dy5e,1.0
27,Elgin and Winter Garden Theatres,dpz83dy6g,0.9902
27,Elgin and Winter Garden Theatres,dpz83dy6e,1.0
27,Elgin and Winter Garden Theatres,dpz83dy67,1.0
27,Elgin and Winter Garden Theatres,dpz83dy65,0.8064
27,Elgin and Winter Garden Theatres,dpz83dy1y,0.8906
27,Elgin and Winter Garden Theatres,dpz83dy1v,1.0
27,Elgin and Winter Garden Theatres,dpz83dy1u,1.0
27,Elgin and Winter Garden Theatres,dpz83dy1g,1.0
27,Elgin and Winter Garden Theatres,dpz83dy5z,1.0
27,Elgin and Winter Garden Theatres,dpz83dy5y,1.0
27,Elgin and Winter Garden Theatres,dpz83dy7b,1.0
27,Elgin and Winter Garden Theatres,dpz83dy5v,1.0
27,Elgin and Winter Garden Theatres,dpz83dy7c,1.0
27,Elgin and Winter Garden Theatres,dpz83dy5u,1.0
27,Elgin and Winter Garden Theatres,dpz83dy5g,1.0
27,Elgin and Winter Garden Theatres,dpz83dy56,0.9741
27,Elgin and Winter Garden Theatres,dpz83dy44,0.8442
27,Elgin and Winter Garden Theatres,dpz83dy5d,0.9592
27,Elgin and Winter Garden Theatres,dpz83dy1f,1.0
27,Elgin and Winter Garden Theatres,dpz83dy5f,0.992
27,Elgin and Winter Garden Theatres,dpz83dy6k,0.9167
27,Elgin and Winter Garden Theatres,dpz83dyhp,1.0
27,Elgin and Winter Garden Theatres,dpz83dyhn,1.0
27,Elgin and Winter Garden Theatres,dpz83dyk0,1.0
27,Elgin and Winter Garden Theatres,dpz83dyhj,1.0
27,Elgin and Winter Garden Theatres,dpz83dyk1,0.9698
27,Elgin and Winter Garden Theatres,dpz83dyhh,1.0
27,Elgin and Winter Garden Theatres,dpz83dyh5,1.0
27,Elgin and Winter Garden Theatres,dpz83dyh4,0.9001
27,Elgin and Winter Garden Theatres,dpz83dy1c,1.0
27,Elgin and Winter Garden Theatres,dpz83dy19,0.9588
27,Elgin and Winter Garden Theatres,dpz83dyhr,1.0
27,Elgin and Winter Garden Theatres,dpz83dyhq,1.0
27,Elgin and Winter Garden Theatres,dpz83dyk2,1.0
27,Elgin and Winter Garden Theatres,dpz83dyhm,1.0
27,Elgin and Winter Garden Theatres,dpz83dyhk,1.0
27,Elgin and Winter Garden Theatres,dpz83dyh7,1.0
27,Elgin and Winter Garden Theatres,dpz83dyh6,1.0
27,Elgin and Winter Garden Theatres,dpz83dy1b,1.0
27,Elgin and Winter Garden Theatres,dpz83dy18,1.0
27,Elgin and Winter Garden Theatres,dpz83dyhx,1.0
27,Elgin and Winter Garden Theatres,dpz83dyhw,1.0
27,Elgin and Winter Garden Theatres,dpz83dyk8,1.0
27,Elgin and Winter Garden Theatres,dpz83dyht,1.0
27,Elgin and Winter Garden Theatres,dpz83dyhs,1.0
27,Elgin and Winter Garden Theatres,dpz83dyhe,1.0
27,Elgin and Winter Garden Theatres,dpz83dyhd,1.0
27,Elgin and Winter Garden Theatres,dpz83dvcz,1.0
27,Elgin and Winter Garden Theatres,dpz83dvcx,1.0
27,Elgin and Winter Garden Theatres,dpz83dyhz,1.0
27,Elgin and Winter Garden Theatres,dpz83dyhy,1.0
27,Elgin and Winter Garden Theatres,dpz83dykb,0.8075
27,Elgin and Winter Garden Theatres,dpz83dyhv,1.0
27,Elgin and Winter Garden Theatres,dpz83dyhu,1.0
27,Elgin and Winter Garden Theatres,dpz83dyhg,0.9968
27,Elgin and Winter Garden Theatres,dpz83dyhf,0.8418
27,Elgin and Winter Garden Theatres,dpz83dvcy,0.9085
27,Elgin and Winter Garden Theatres,dpz83dvcw,1.0
27,Elgin and Winter Garden Theatres,dpz83dyjp,0.9738
27,Elgin and Winter Garden Theatres,dpz83dvct,1.0
27,Elgin and Winter Garden Theatres,dpz83dvcm,0.8422
27,Elgin and Winter Garden Theatres,dpz83dvcs,1.0
27,Elgin and Winter Garden Theatres,dpz83dvck,0.9944
27,Elgin and Winter Garden Theatres,dpz83dvce,1.0
27,Elgin and Winter Garden Theatres,dpz83dvc7,1.0
27,Elgin and Winter Garden Theatres,dpz83dvcd,0.988
27,Elgin and Winter Garden Theatres,dpz83dvc6,1.0
27,Elgin and Winter Garden Theatres,dpz83dvc9,0.8218
27,Elgin and Winter Garden Theatres,dpz83dvc3,1.0
27,Elgin and Winter Garden Theatres,dpz83dvc2,1.0
27,Elgin and Winter Garden Theatres,dpz83dvc0,0.9243
27,Elgin and Winter Garden Theatres,dpz83dv9r,1.0
27,Elgin and Winter Garden Theatres,dpz83dv9p,1.0
28,"Evergreen, The Kiln Building",dpz8d08dd,1.0
28,"Evergreen, The Kiln Building",dpz8d08d9,1.0
28,"Evergreen, The Kiln Building",dpz8d08de,1.0
28,"Evergreen, The Kiln Building",dpz8d08d6,1.0
28,"Evergreen, The Kiln Building",dpz8d08d3,1.0
28,"Evergreen, The Kiln Building",dpz8d08d7,1.0
28,"Evergreen, The Kiln Building",dpz8d08df,1.0
28,"Evergreen, The Kiln Building",dpz8d08dc,1.0
28,"Evergreen, The Kiln Building",dpz8d08dg,1.0
28,"Evergreen, The Kiln Building",dpz8d08d8,1.0
28,"Evergreen, The Kiln Building",dpz8d08d2,1.0
28,"Evergreen, The Kiln Building",dpz8d08db,1.0
28,"Evergreen, The Kiln Building",dpz8d08ds,1.0
28,"Evergreen, The Kiln Building",dpz8d08dk,1.0
28,"Evergreen, The Kiln Building",dpz8d08du,1.0
28,"Evergreen, The Kiln Building",dpz8d08d4,1.0
28,"Evergreen, The Kiln Building",dpz8d08d1,1.0
28,"Evergreen, The Kiln Building",dpz8d08d5,1.0
28,"Evergreen, The Kiln Building",dpz8d08d0,1.0
28,"Evergreen, The Kiln Building",dpz8d08dh,1.0
28,"Evergreen, The Kiln Building",dpz8d08e4,1.0
28,"Evergreen, The Kiln Building",dpz8d08e1,1.0
28,"Evergreen, The Kiln Building",dpz8d08e5,1.0
28,"Evergreen, The Kiln Building",dpz8d08e0,1.0
28,"Evergreen, The Kiln Building",dpz8d08eh,1.0
28,"Evergreen, The Kiln Building",dpz8d086x,1.0
28,"Evergreen, The Kiln Building",dpz8d086r,1.0
28,"Evergreen, The Kiln Building",dpz8d086z,1.0
28,"Evergreen, The Kiln Building",dpz8d086p,1.0
28,"Evergreen, The Kiln Building",dpz8d087p,1.0
28,"Evergreen, The Kiln Building",dpz8d08dt,1.0
28,"Evergreen, The Kiln Building",dpz8d08dm,1.0
28,"Evergreen, The Kiln Building",dpz8d08dv,1.0
28,"Evergreen, The Kiln Building",dpz8d08dj,1.0
28,"Evergreen, The Kiln Building",dpz8d08ej,1.0
28,"Evergreen, The Kiln Building",dpz8d089f,1.0
28,"Evergreen, The Kiln Building",dpz8d089c,1.0
28,"Evergreen, The Kiln Building",dpz8d089g,1.0
28,"Evergreen, The Kiln Building",dpz8d089b,1.0
28,"Evergreen, The Kiln Building",dpz8d089u,1.0
28,"Evergreen, The Kiln Building",dpz8d083z,1.0
28,"Evergreen, The Kiln Building",dpz8d089v,1.0
28,"Evergreen, The Kiln Building",dpz8d08e6,1.0
28,"Evergreen, The Kiln Building",dpz8d08e3,1.0
28,"Evergreen, The Kiln Building",dpz8d08e7,1.0
28,"Evergreen, The Kiln Building",dpz8d08e2,1.0
28,"Evergreen, The Kiln Building",dpz8d08ek,1.0
28,"Evergreen, The Kiln Building",dpz8d087r,1.0
28,"Evergreen, The Kiln Building",dpz8d08em,1.0
28,"Evergreen, The Kiln Building",dpz8d086w,1.0
28,"Evergreen, The Kiln Building",dpz8d086q,1.0
28,"Evergreen, The Kiln Building",dpz8d086y,1.0
28,"Evergreen, The Kiln Building",dpz8d086n,1.0
28,"Evergreen, The Kiln Building",dpz8d087n,1.0
28,"Evergreen, The Kiln Building",dpz8d083y,0.867
28,"Evergreen, The Kiln Building",dpz8d087q,1.0
28,"Evergreen, The Kiln Building",dpz8d08dw,1.0
28,"Evergreen, The Kiln Building",dpz8d08dq,1.0
28,"Evergreen, The Kiln Building",dpz8d08dy,1.0
28,"Evergreen, The Kiln Building",dpz8d08dn,1.0
28,"Evergreen, The Kiln Building",dpz8d08en,1.0
28,"Evergreen, The Kiln Building",dpz8d089y,1.0
28,"Evergreen, The Kiln Building",dpz8d08eq,0.9819
28,"Evergreen, The Kiln Building",dpz8d089d,1.0
28,"Evergreen, The Kiln Building",dpz8d0899,1.0
28,"Evergreen, The Kiln Building",dpz8d089e,1.0
28,"Evergreen, The Kiln Building",dpz8d0898,1.0
28,"Evergreen, The Kiln Building",dpz8d089s,1.0
28,"Evergreen, The Kiln Building",dpz8d083x,1.0
28,"Evergreen, The Kiln Building",dpz8d089t,1.0
28,"Evergreen, The Kiln Building",dpz8d089w,1.0
28,"Evergreen, The Kiln Building",dpz8d08ed,1.0
28,"Evergreen, The Kiln Building",dpz8d08e9,1.0
28,"Evergreen, The Kiln Building",dpz8d08ee,1.0
28,"Evergreen, The Kiln Building",dpz8d08e8,1.0
28,"Evergreen, The Kiln Building",dpz8d08es,1.0
28,"Evergreen, The Kiln Building",dpz8d087x,1.0
28,"Evergreen, The Kiln Building",dpz8d08et,1.0
28,"Evergreen, The Kiln Building",dpz8d087w,1.0
28,"Evergreen, The Kiln Building",dpz8d086t,0.9679
28,"Evergreen, The Kiln Building",dpz8d086v,1.0
28,"Evergreen, The Kiln Building",dpz8d087j,1.0
28,"Evergreen, The Kiln Building",dpz8d087m,1.0
28,"Evergreen, The Kiln Building",dpz8d087t,1.0
28,"Evergreen, The Kiln Building",dpz8d08dx,1.0
28,"Evergreen, The Kiln Building",dpz8d08dr,1.0
28,"Evergreen, The Kiln Building",dpz8d08dz,0.8885
28,"Evergreen, The Kiln Building",dpz8d08dp,1.0
28,"Evergreen, The Kiln Building",dpz8d089z,1.0
28,"Evergreen, The Kiln Building",dpz8d089x,1.0
28,"Evergreen, The Kiln Building",dpz8d0896,1.0
28,"Evergreen, The Kiln Building",dpz8d0893,1.0
28,"Evergreen, The Kiln Building",dpz8d0897,1.0
28,"Evergreen, The Kiln Building",dpz8d0892,1.0
28,"Evergreen, The Kiln Building",dpz8d089k,1.0
28,"Evergreen, The Kiln Building",dpz8d083r,0.988
28,"Evergreen, The Kiln Building",dpz8d089m,1.0
28,"Evergreen, The Kiln Building",dpz8d089q,1.0
28,"Evergreen, The Kiln Building",dpz8d089r,1.0
28,"Evergreen, The Kiln Building",dpz8d08ef,1.0
28,"Evergreen, The Kiln Building",dpz8d08ec,1.0
28,"Evergreen, The Kiln Building",dpz8d08eg,1.0
28,"Evergreen, The Kiln Building",dpz8d08eb,1.0
28,"Evergreen, The Kiln Building",dpz8d08eu,1.0
28,"Evergreen, The Kiln Building",dpz8d087z,1.0
28,"Evergreen, The Kiln Building",dpz8d08ev,1.0
28,"Evergreen, The Kiln Building",dpz8d087y,1.0
28,"Evergreen, The Kiln Building",dpz8d08ey,0.8733
28,"Evergreen, The Kiln Building",dpz8d087v,1.0
28,"Evergreen, The Kiln Building",dpz8d087h,0.8115
28,"Evergreen, The Kiln Building",dpz8d087k,1.0
28,"Evergreen, The Kiln Building",dpz8d087s,1.0
28,"Evergreen, The Kiln Building",dpz8d087u,1.0
28,"Evergreen, The Kiln Building",dpz8d08f0,0.9935
28,"Evergreen, The Kiln Building",dpz8d08cb,1.0
28,"Evergreen, The Kiln Building",dpz8d08c8,1.0
28,"Evergreen, The Kiln Building",dpz8d08c2,1.0
28,"Evergreen, The Kiln Building",dpz8d0894,1.0
28,"Evergreen, The Kiln Building",dpz8d0891,1.0
28,"Evergreen, The Kiln Building",dpz8d0895,1.0
28,"Evergreen, The Kiln Building",dpz8d0890,1.0
28,"Evergreen, The Kiln Building",dpz8d089h,1.0
28,"Evergreen, The Kiln Building",dpz8d089j,1.0
28,"Evergreen, The Kiln Building",dpz8d089n,1.0
28,"Evergreen, The Kiln Building",dpz8d089p,1.0
28,"Evergreen, The Kiln Building",dpz8d08c0,1.0
28,"Evergreen, The Kiln Building",dpz8d08s4,1.0
28,"Evergreen, The Kiln Building",dpz8d08s1,1.0
28,"Evergreen, The Kiln Building",dpz8d08s5,1.0
28,"Evergreen, The Kiln Building",dpz8d08s0,1.0
28,"Evergreen, The Kiln Building",dpz8d08sh,1.0
28,"Evergreen, The Kiln Building",dpz8d08kp,1.0
28,"Evergreen, The Kiln Building",dpz8d08sj,1.0
28,"Evergreen, The Kiln Building",dpz8d08kn,1.0
28,"Evergreen, The Kiln Building",dpz8d08sn,1.0
28,"Evergreen, The Kiln Building",dpz8d08kj,1.0
28,"Evergreen, The Kiln Building",dpz8d08kh,1.0
28,"Evergreen, The Kiln Building",dpz8d087g,0.9381
28,"Evergreen, The Kiln Building",dpz8d08k5,1.0
28,"Evergreen, The Kiln Building",dpz8d08c9,0.9199
28,"Evergreen, The Kiln Building",dpz8d08c3,1.0
28,"Evergreen, The Kiln Building",dpz8d08c1,1.0
28,"Evergreen, The Kiln Building",dpz8d088f,1.0
28,"Evergreen, The Kiln Building",dpz8d088c,1.0
28,"Evergreen, The Kiln Building",dpz8d088g,1.0
28,"Evergreen, The Kiln Building",dpz8d088b,1.0
28,"Evergreen, The Kiln Building",dpz8d088u,1.0
28,"Evergreen, The Kiln Building",dpz8d088v,1.0
28,"Evergreen, The Kiln Building",dpz8d088y,1.0
28,"Evergreen, The Kiln Building",dpz8d088z,1.0
28,"Evergreen, The Kiln Building",dpz8d08bb,1.0
28,"Evergreen, The Kiln Building",dpz8d08bc,1.0
28,"Evergreen, The Kiln Building",dpz8d08s6,1.0
28,"Evergreen, The Kiln Building",dpz8d08s3,1.0
28,"Evergreen, The Kiln Building",dpz8d08s7,1.0
28,"Evergreen, The Kiln Building",dpz8d08s2,1.0
28,"Evergreen, The Kiln Building",dpz8d08sk,1.0
28,"Evergreen, The Kiln Building",dpz8d08kr,1.0
28,"Evergreen, The Kiln Building",dpz8d08kq,1.0
28,"Evergreen, The Kiln Building",dpz8d08km,1.0
28,"Evergreen, The Kiln Building",dpz8d08kk,1.0
28,"Evergreen, The Kiln Building",dpz8d08k7,1.0
28,"Evergreen, The Kiln Building",dpz8d08bf,0.9905
28,"Evergreen, The Kiln Building",dpz8d088d,1.0
28,"Evergreen, The Kiln Building",dpz8d0889,1.0
28,"Evergreen, The Kiln Building",dpz8d088e,1.0
28,"Evergreen, The Kiln Building",dpz8d0888,0.9129
28,"Evergreen, The Kiln Building",dpz8d088s,1.0
28,"Evergreen, The Kiln Building",dpz8d088t,1.0
28,"Evergreen, The Kiln Building",dpz8d088w,1.0
28,"Evergreen, The Kiln Building",dpz8d088x,1.0
28,"Evergreen, The Kiln Building",dpz8d08b8,1.0
28,"Evergreen, The Kiln Building",dpz8d08b9,1.0
28,"Evergreen, The Kiln Building",dpz8d08bd,1.0
28,"Evergreen, The Kiln Building",dpz8d08sd,1.0
28,"Evergreen, The Kiln Building",dpz8d08s9,1.0
28,"Evergreen, The Kiln Building",dpz8d08se,1.0
28,"Evergreen, The Kiln Building",dpz8d08s8,1.0
28,"Evergreen, The Kiln Building",dpz8d08ss,0.9871
28,"Evergreen, The Kiln Building",dpz8d08kx,1.0
28,"Evergreen, The Kiln Building",dpz8d08kw,1.0
28,"Evergreen, The Kiln Building",dpz8d08kt,1.0
28,"Evergreen, The Kiln Building",dpz8d08ks,1.0
28,"Evergreen, The Kiln Building",dpz8d08ke,1.0
28,"Evergreen, The Kiln Building",dpz8d08kd,0.996
28,"Evergreen, The Kiln Building",dpz8d0886,1.0
28,"Evergreen, The Kiln Building",dpz8d0883,1.0
28,"Evergreen, The Kiln Building",dpz8d0887,1.0
28,"Evergreen, The Kiln Building",dpz8d088k,1.0
28,"Evergreen, The Kiln Building",dpz8d088m,1.0
28,"Evergreen, The Kiln Building",dpz8d088q,1.0
28,"Evergreen, The Kiln Building",dpz8d088r,1.0
28,"Evergreen, The Kiln Building",dpz8d08b2,1.0
28,"Evergreen, The Kiln Building",dpz8d08b3,1.0
28,"Evergreen, The Kiln Building",dpz8d08b6,1.0
28,"Evergreen, The Kiln Building",dpz8d08b7,0.8751
28,"Evergreen, The Kiln Building",dpz8d08sf,1.0
28,"Evergreen, The Kiln Building",dpz8d08sc,1.0
28,"Evergreen, The Kiln Building",dpz8d08sg,1.0
28,"Evergreen, The Kiln Building",dpz8d08sb,1.0
28,"Evergreen, The Kiln Building",dpz8d08kz,1.0
28,"Evergreen, The Kiln Building",dpz8d08ky,1.0
28,"Evergreen, The Kiln Building",dpz8d08kv,1.0
28,"Evergreen, The Kiln Building",dpz8d08ku,1.0
28,"Evergreen, The Kiln Building",dpz8d08kg,1.0
28,"Evergreen, The Kiln Building",dpz8d08kf,0.9708
28,"Evergreen, The Kiln Building",dpz8d0884,1.0
28,"Evergreen, The Kiln Building",dpz8d0881,0.9984
28,"Evergreen, The Kiln Building",dpz8d0885,1.0
28,"Evergreen, The Kiln Building",dpz8d088h,1.0
28,"Evergreen, The Kiln Building",dpz8d088j,1.0
28,"Evergreen, The Kiln Building",dpz8d088n,1.0
28,"Evergreen, The Kiln Building",dpz8d088p,1.0
28,"Evergreen, The Kiln Building",dpz8d08b0,1.0
28,"Evergreen, The Kiln Building",dpz8d08b1,1.0
28,"Evergreen, The Kiln Building",dpz8d08b4,1.0
28,"Evergreen, The Kiln Building",dpz8d08b5,1.0
28,"Evergreen, The Kiln Building",dpz8d08t4,1.0
28,"Evergreen, The Kiln Building",dpz8d08t1,1.0
28,"Evergreen, The Kiln Building",dpz8d08t5,1.0
28,"Evergreen, The Kiln Building",dpz8d08t0,1.0
28,"Evergreen, The Kiln Building",dpz8d08mp,0.9795
28,"Evergreen, The Kiln Building",dpz8d08mn,0.8069
28,"Evergreen, The Kiln Building",dpz8d02xf,1.0
28,"Evergreen, The Kiln Building",dpz8d02xg,1.0
28,"Evergreen, The Kiln Building",dpz8d02xu,1.0
28,"Evergreen, The Kiln Building",dpz8d02xv,1.0
28,"Evergreen, The Kiln Building",dpz8d02xy,1.0
28,"Evergreen, The Kiln Building",dpz8d02xz,1.0
28,"Evergreen, The Kiln Building",dpz8d02zb,1.0
28,"Evergreen, The Kiln Building",dpz8d02zc,1.0
28,"Evergreen, The Kiln Building",dpz8d02zf,1.0
28,"Evergreen, The Kiln Building",dpz8d02zg,1.0
28,"Evergreen, The Kiln Building",dpz8d02xd,1.0
28,"Evergreen, The Kiln Building",dpz8d02xe,1.0
28,"Evergreen, The Kiln Building",dpz8d02xs,1.0
28,"Evergreen, The Kiln Building",dpz8d02xt,1.0
28,"Evergreen, The Kiln Building",dpz8d02xw,1.0
28,"Evergreen, The Kiln Building",dpz8d02xx,1.0
28,"Evergreen, The Kiln Building",dpz8d02z8,1.0
28,"Evergreen, The Kiln Building",dpz8d02z9,1.0
28,"Evergreen, The Kiln Building",dpz8d02zd,1.0
28,"Evergreen, The Kiln Building",dpz8d02ze,1.0
28,"Evergreen, The Kiln Building",dpz8d02zs,0.9714
28,"Evergreen, The Kiln Building",dpz8d02x6,0.949
28,"Evergreen, The Kiln Building",dpz8d02x7,1.0
28,"Evergreen, The Kiln Building",dpz8d02xk,1.0
28,"Evergreen, The Kiln Building",dpz8d02xm,1.0
28,"Evergreen, The Kiln Building",dpz8d02xq,1.0
28,"Evergreen, The Kiln Building",dpz8d02xr,1.0
28,"Evergreen, The Kiln Building",dpz8d02z2,1.0
28,"Evergreen, The Kiln Building",dpz8d02z3,1.0
28,"Evergreen, The Kiln Building",dpz8d02z6,1.0
28,"Evergreen, The Kiln Building",dpz8d02z7,1.0
28,"Evergreen, The Kiln Building",dpz8d02zk,1.0
28,"Evergreen, The Kiln Building",dpz8d02x5,1.0
28,"Evergreen, The Kiln Building",dpz8d02xh,1.0
28,"Evergreen, The Kiln Building",dpz8d02xj,1.0
28,"Evergreen, The Kiln Building",dpz8d02xn,1.0
28,"Evergreen, The Kiln Building",dpz8d02xp,1.0
28,"Evergreen, The Kiln Building",dpz8d02z0,1.0
28,"Evergreen, The Kiln Building",dpz8d02z1,1.0
28,"Evergreen, The Kiln Building",dpz8d02z4,1.0
28,"Evergreen, The Kiln Building",dpz8d02z5,1.0
28,"Evergreen, The Kiln Building",dpz8d02zh,1.0
28,"Evergreen, The Kiln Building",dpz8d02zj,0.8194
28,"Evergreen, The Kiln Building",dpz8d02wg,1.0
28,"Evergreen, The Kiln Building",dpz8d02wu,1.0
28,"Evergreen, The Kiln Building",dpz8d02wv,1.0
28,"Evergreen, The Kiln Building",dpz8d02wy,1.0
28,"Evergreen, The Kiln Building",dpz8d02wz,1.0
28,"Evergreen, The Kiln Building",dpz8d02yb,1.0
28,"Evergreen, The Kiln Building",dpz8d02yc,1.0
28,"Evergreen, The Kiln Building",dpz8d02yf,1.0
28,"Evergreen, The Kiln Building",dpz8d02yg,1.0
28,"Evergreen, The Kiln Building",dpz8d02yu,1.0
28,"Evergreen, The Kiln Building",dpz8d02yv,1.0
28,"Evergreen, The Kiln Building",dpz8d02we,0.831
28,"Evergreen, The Kiln Building",dpz8d02ws,1.0
28,"Evergreen, The Kiln Building",dpz8d02wt,1.0
28,"Evergreen, The Kiln Building",dpz8d02ww,1.0
28,"Evergreen, The Kiln Building",dpz8d02wx,1.0
28,"Evergreen, The Kiln Building",dpz8d02y8,1.0
28,"Evergreen, The Kiln Building",dpz8d02y9,0.9641
28,"Evergreen, The Kiln Building",dpz8d02wk,0.9759
29,"Evergreen, Young Centre",dpz8d083d,1.0
29,"Evergreen, Young Centre",dpz8d0839,1.0
29,"Evergreen, Young Centre",dpz8d083e,1.0
29,"Evergreen, Young Centre",dpz8d0836,1.0
29,"Evergreen, Young Centre",dpz8d0833,1.0
29,"Evergreen, Young Centre",dpz8d0837,1.0
29,"Evergreen, Young Centre",dpz8d083f,1.0
29,"Evergreen, Young Centre",dpz8d083c,1.0
29,"Evergreen, Young Centre",dpz8d083g,1.0
29,"Evergreen, Young Centre",dpz8d0838,1.0
29,"Evergreen, Young Centre",dpz8d0832,1.0
29,"Evergreen, Young Centre",dpz8d083b,1.0
29,"Evergreen, Young Centre",dpz8d083s,0.922
29,"Evergreen, Young Centre",dpz8d083k,1.0
29,"Evergreen, Young Centre",dpz8d0834,1.0
29,"Evergreen, Young Centre",dpz8d0831,1.0
29,"Evergreen, Young Centre",dpz8d0835,0.8988
29,"Evergreen, Young Centre",dpz8d0830,0.992
29,"Evergreen, Young Centre",dpz8d0864,0.9888
29,"Evergreen, Young Centre",dpz8d0861,0.8247
29,"Evergreen, Young Centre",dpz8d0865,0.9983
29,"Evergreen, Young Centre",dpz8d081x,0.8892
29,"Evergreen, Young Centre",dpz8d081z,1.0
30,Factory Theatre,dpz831ktv,1.0
30,Factory Theatre,dpz831ktu,1.0
30,Factory Theatre,dpz831kty,1.0
30,Factory Theatre,dpz831ktt,1.0
30,Factory Theatre,dpz831kts,1.0
30,Factory Theatre,dpz831ktw,1.0
30,Factory Theatre,dpz831kwj,1.0
30,Factory Theatre,dpz831kwh,1.0
30,Factory Theatre,dpz831kwn,1.0
30,Factory Theatre,dpz831ktg,0.8387
30,Factory Theatre,dpz831kte,1.0
30,Factory Theatre,dpz831ktz,1.0
30,Factory Theatre,dpz831ktx,1.0
30,Factory Theatre,dpz831kwp,1.0
30,Factory Theatre,dpz831ktm,1.0
30,Factory Theatre,dpz831ktk,1.0
30,Factory Theatre,dpz831ktq,1.0
30,Factory Theatre,dpz831kt7,0.9792
30,Factory Theatre,dpz831ktr,1.0
30,Factory Theatre,dpz831kwm,0.9702
30,Factory Theatre,dpz831kwq,1.0
30,Factory Theatre,dpz831kwr,1.0
30,Factory Theatre,dpz831ktd,0.8414
30,Factory Theatre,dpz831kvb,1.0
30,Factory Theatre,dpz831kv8,1.0
30,Factory Theatre,dpz831ky0,0.8674
30,Factory Theatre,dpz831kv2,1.0
30,Factory Theatre,dpz831ktj,1.0
30,Factory Theatre,dpz831kth,1.0
30,Factory Theatre,dpz831ktn,1.0
30,Factory Theatre,dpz831kt5,0.8519
30,Factory Theatre,dpz831ktp,1.0
30,Factory Theatre,dpz831kv0,0.9519
30,Factory Theatre,dpz831kwx,0.8616
30,Factory Theatre,dpz831kv3,0.953
31,Fairview Library,dpz943trr,1.0
31,Fairview Library,dpz943trq,1.0
31,Fairview Library,dpz943tx2,1.0
31,Fairview Library,dpz943trp,1.0
31,Fairview Library,dpz943trn,1.0
31,Fairview Library,dpz943tx0,1.0
31,Fairview Library,dpz943trx,1.0
31,Fairview Library,dpz943trw,1.0
31,Fairview Library,dpz943tx8,1.0
31,Fairview Library,dpz943trm,1.0
31,Fairview Library,dpz943trj,1.0
31,Fairview Library,dpz943trt,1.0
31,Fairview Library,dpz943tx3,1.0
31,Fairview Library,dpz943tx1,1.0
31,Fairview Library,dpz943tx9,1.0
31,Fairview Library,dpz943tqz,0.935
31,Fairview Library,dpz943tqy,1.0
31,Fairview Library,dpz943tqv,1.0
31,Fairview Library,dpz943trz,1.0
31,Fairview Library,dpz943try,1.0
31,Fairview Library,dpz943txb,1.0
31,Fairview Library,dpz943trv,1.0
31,Fairview Library,dpz943txc,1.0
31,Fairview Library,dpz943trk,1.0
31,Fairview Library,dpz943trh,1.0
31,Fairview Library,dpz943trs,1.0
31,Fairview Library,dpz943tqu,1.0
31,Fairview Library,dpz943tru,1.0
31,Fairview Library,dpz943tx6,1.0
31,Fairview Library,dpz943txd,1.0
31,Fairview Library,dpz943txf,1.0
31,Fairview Library,dpz943tqw,0.9982
31,Fairview Library,dpz943tqt,1.0
31,Fairview Library,dpz943tqs,1.0
31,Fairview Library,dpz943v2p,1.0
31,Fairview Library,dpz943v2n,1.0
31,Fairview Library,dpz943v80,1.0
31,Fairview Library,dpz943v2j,1.0
31,Fairview Library,dpz943v81,1.0
31,Fairview Library,dpz943v2h,1.0
31,Fairview Library,dpz943v84,1.0
31,Fairview Library,dpz943tr7,1.0
31,Fairview Library,dpz943tr5,1.0
31,Fairview Library,dpz943tre,1.0
31,Fairview Library,dpz943tqg,1.0
31,Fairview Library,dpz943trg,1.0
31,Fairview Library,dpz943tqe,1.0
31,Fairview Library,dpz943v25,1.0
31,Fairview Library,dpz943tx7,1.0
31,Fairview Library,dpz943tx5,1.0
31,Fairview Library,dpz943txe,1.0
31,Fairview Library,dpz943txg,1.0
31,Fairview Library,dpz943v85,1.0
31,Fairview Library,dpz943tqm,1.0
31,Fairview Library,dpz943tqk,1.0
31,Fairview Library,dpz943tq7,1.0
31,Fairview Library,dpz943v2r,1.0
31,Fairview Library,dpz943v2q,1.0
31,Fairview Library,dpz943v82,1.0
31,Fairview Library,dpz943v2m,1.0
31,Fairview Library,dpz943v83,1.0
31,Fairview Library,dpz943v2k,1.0
31,Fairview Library,dpz943v86,1.0
31,Fairview Library,dpz943v27,1.0
31,Fairview Library,dpz943v87,0.9964
31,Fairview Library,dpz943tr6,1.0
31,Fairview Library,dpz943tr4,1.0
31,Fairview Library,dpz943trd,1.0
31,Fairview Library,dpz943tqf,1.0
31,Fairview Library,dpz943trf,1.0
31,Fairview Library,dpz943tqd,0.9987
31,Fairview Library,dpz943v24,1.0
31,Fairview Library,dpz943v26,1.0
31,Fairview Library,dpz943txk,1.0
31,Fairview Library,dpz943txh,0.9987
31,Fairview Library,dpz943txs,1.0
31,Fairview Library,dpz943txu,1.0
31,Fairview Library,dpz943v8h,1.0
31,Fairview Library,dpz943v8k,0.8117
31,Fairview Library,dpz943v2x,1.0
31,Fairview Library,dpz943v2w,1.0
31,Fairview Library,dpz943v88,1.0
31,Fairview Library,dpz943v2t,0.9214
31,Fairview Library,dpz943v89,1.0
31,Fairview Library,dpz943v8d,1.0
31,Fairview Library,dpz943tr3,1.0
31,Fairview Library,dpz943tr1,0.9515
31,Fairview Library,dpz943tr9,1.0
31,Fairview Library,dpz943trc,1.0
31,Fairview Library,dpz943v21,1.0
31,Fairview Library,dpz943v23,0.9956
31,Fairview Library,dpz943txm,1.0
31,Fairview Library,dpz943txj,0.8546
31,Fairview Library,dpz943txt,1.0
31,Fairview Library,dpz943txv,1.0
31,Fairview Library,dpz943v8j,0.9409
31,Fairview Library,dpz943v8f,0.9509
31,Fairview Library,dpz943tr2,1.0
31,Fairview Library,dpz943tr8,0.9925
31,Fairview Library,dpz943trb,1.0
31,Fairview Library,dpz943v20,1.0
31,Fairview Library,dpz943v22,0.8493
31,Fairview Library,dpz943txq,1.0
31,Fairview Library,dpz943txw,1.0
31,Fairview Library,dpz943txy,1.0
31,Fairview Library,dpz943v8n,0.911
31,Fairview Library,dpz943txr,1.0
31,Fairview Library,dpz943txx,1.0
31,Fairview Library,dpz943txz,0.9298
32,Four Seasons Centre for the Performing Arts,dpz83d35p,1.0
32,Four Seasons Centre for the Performing Arts,dpz83d35n,1.0
32,Four Seasons Centre for the Performing Arts,dpz83d370,1.0
32,Four Seasons Centre for the Performing Arts,dpz83d34z,1.0
32,Four Seasons Centre for the Performing Arts,dpz83d34y,1.0
32,Four Seasons Centre for the Performing Arts,dpz83d36b,1.0
32,Four Seasons Centre for the Performing Arts,dpz83d35r,1.0
32,Four Seasons Centre for the Performing Arts,dpz83d35q,1.0
32,Four Seasons Centre for the Performing Arts,dpz83d372,1.0
32,Four Seasons Centre for the Performing Arts,dpz83d35j,1.0
32,Four Seasons Centre for the Performing Arts,dpz83d34v,1.0
32,Four Seasons Centre for the Performing Arts,dpz83d35m,1.0
32,Four Seasons Centre for the Performing Arts,dpz83d371,1.0
32,Four Seasons Centre for the Performing Arts,dpz83d36c,1.0
32,Four Seasons Centre for the Performing Arts,dpz83d373,1.0
32,Four Seasons Centre for the Performing Arts,dpz83d34x,1.0
32,Four Seasons Centre for the Performing Arts,dpz83d34w,1.0
32,Four Seasons Centre for the Performing Arts,dpz83d368,1.0
32,Four Seasons Centre for the Performing Arts,dpz83d34t,1.0
32,Four Seasons Centre for the Performing Arts,dpz83d369,1.0
32,Four Seasons Centre for the Performing Arts,dpz83d35x,1.0
32,Four Seasons Centre for the Performing Arts,dpz83d35w,1.0
32,Four Seasons Centre for the Performing Arts,dpz83d378,1.0
32,Four Seasons Centre for the Performing Arts,dpz83d35t,1.0
32,Four Seasons Centre for the Performing Arts,dpz83d379,1.0
32,Four Seasons Centre for the Performing Arts,dpz83d35h,1.0
32,Four Seasons Centre for the Performing Arts,dpz83d34u,1.0
32,Four Seasons Centre for the Performing Arts,dpz83d35k,1.0
32,Four Seasons Centre for the Performing Arts,dpz83d34s,1.0
32,Four Seasons Centre for the Performing Arts,dpz83d35s,1.0
32,Four Seasons Centre for the Performing Arts,dpz83d374,1.0
32,Four Seasons Centre for the Performing Arts,dpz83d36f,1.0
32,Four Seasons Centre for the Performing Arts,dpz83d376,1.0
32,Four Seasons Centre for the Performing Arts,dpz83d36d,1.0
32,Four Seasons Centre for the Performing Arts,dpz83d37d,1.0
32,Four Seasons Centre for the Performing Arts,dpz83d34r,1.0
32,Four Seasons Centre for the Performing Arts,dpz83d34q,1.0
32,Four Seasons Centre for the Performing Arts,dpz83d362,1.0
32,Four Seasons Centre for the Performing Arts,dpz83d34m,1.0
32,Four Seasons Centre for the Performing Arts,dpz83d363,1.0
32,Four Seasons Centre for the Performing Arts,dpz83d34k,1.0
32,Four Seasons Centre for the Performing Arts,dpz83d366,1.0
32,Four Seasons Centre for the Performing Arts,dpz83d35z,1.0
32,Four Seasons Centre for the Performing Arts,dpz83d35y,1.0
32,Four Seasons Centre for the Performing Arts,dpz83d37b,1.0
32,Four Seasons Centre for the Performing Arts,dpz83d35v,1.0
32,Four Seasons Centre for the Performing Arts,dpz83d37c,1.0
32,Four Seasons Centre for the Performing Arts,dpz83d35u,1.0
32,Four Seasons Centre for the Performing Arts,dpz83d37f,1.0
32,Four Seasons Centre for the Performing Arts,dpz83d355,1.0
32,Four Seasons Centre for the Performing Arts,dpz83d34g,1.0
32,Four Seasons Centre for the Performing Arts,dpz83d357,1.0
32,Four Seasons Centre for the Performing Arts,dpz83d34e,1.0
32,Four Seasons Centre for the Performing Arts,dpz83d35e,1.0
32,Four Seasons Centre for the Performing Arts,dpz83d347,1.0
32,Four Seasons Centre for the Performing Arts,dpz83d35g,1.0
32,Four Seasons Centre for the Performing Arts,dpz83d375,1.0
32,Four Seasons Centre for the Performing Arts,dpz83d36g,1.0
32,Four Seasons Centre for the Performing Arts,dpz83d377,1.0
32,Four Seasons Centre for the Performing Arts,dpz83d36e,1.0
32,Four Seasons Centre for the Performing Arts,dpz83d37e,1.0
32,Four Seasons Centre for the Performing Arts,dpz83d367,1.0
32,Four Seasons Centre for the Performing Arts,dpz83d37g,1.0
32,Four Seasons Centre for the Performing Arts,dpz83d34p,1.0
32,Four Seasons Centre for the Performing Arts,dpz83d34n,1.0
32,Four Seasons Centre for the Performing Arts,dpz83d360,1.0
32,Four Seasons Centre for the Performing Arts,dpz83d34j,1.0
32,Four Seasons Centre for the Performing Arts,dpz83d361,1.0
32,Four Seasons Centre for the Performing Arts,dpz83d34h,1.0
32,Four Seasons Centre for the Performing Arts,dpz83d364,1.0
32,Four Seasons Centre for the Performing Arts,dpz83d345,1.0
32,Four Seasons Centre for the Performing Arts,dpz83d365,0.9986
32,Four Seasons Centre for the Performing Arts,dpz83d3hp,1.0
32,Four Seasons Centre for the Performing Arts,dpz83d3hn,1.0
32,Four Seasons Centre for the Performing Arts,dpz83d3k0,1.0
32,Four Seasons Centre for the Performing Arts,dpz83d3hj,1.0
32,Four Seasons Centre for the Performing Arts,dpz83d3k1,1.0
32,Four Seasons Centre for the Performing Arts,dpz83d3hh,1.0
32,Four Seasons Centre for the Performing Arts,dpz83d3k4,1.0
32,Four Seasons Centre for the Performing Arts,dpz83d3h5,1.0
32,Four Seasons Centre for the Performing Arts,dpz83d3k5,1.0
32,Four Seasons Centre for the Performing Arts,dpz83d354,1.0
32,Four Seasons Centre for the Performing Arts,dpz83d34f,1.0
32,Four Seasons Centre for the Performing Arts,dpz83d356,1.0
32,Four Seasons Centre for the Performing Arts,dpz83d34d,1.0
32,Four Seasons Centre for the Performing Arts,dpz83d35d,1.0
32,Four Seasons Centre for the Performing Arts,dpz83d346,1.0
32,Four Seasons Centre for the Performing Arts,dpz83d35f,1.0
32,Four Seasons Centre for the Performing Arts,dpz83d344,1.0
32,Four Seasons Centre for the Performing Arts,dpz83d3h4,1.0
32,Four Seasons Centre for the Performing Arts,dpz83d37h,1.0
32,Four Seasons Centre for the Performing Arts,dpz83d36u,1.0
32,Four Seasons Centre for the Performing Arts,dpz83d37k,1.0
32,Four Seasons Centre for the Performing Arts,dpz83d36s,1.0
32,Four Seasons Centre for the Performing Arts,dpz83d37s,1.0
32,Four Seasons Centre for the Performing Arts,dpz83d36k,1.0
32,Four Seasons Centre for the Performing Arts,dpz83d37u,1.0
32,Four Seasons Centre for the Performing Arts,dpz83d36h,0.8691
32,Four Seasons Centre for the Performing Arts,dpz83d3kh,1.0
32,Four Seasons Centre for the Performing Arts,dpz83d31z,0.9316
32,Four Seasons Centre for the Performing Arts,dpz83d31y,1.0
32,Four Seasons Centre for the Performing Arts,dpz83d31v,1.0
32,Four Seasons Centre for the Performing Arts,dpz83d31u,1.0
32,Four Seasons Centre for the Performing Arts,dpz83d31g,1.0
32,Four Seasons Centre for the Performing Arts,dpz83d31f,1.0
32,Four Seasons Centre for the Performing Arts,dpz83d3hr,1.0
32,Four Seasons Centre for the Performing Arts,dpz83d3hq,1.0
32,Four Seasons Centre for the Performing Arts,dpz83d3k2,1.0
32,Four Seasons Centre for the Performing Arts,dpz83d3hm,1.0
32,Four Seasons Centre for the Performing Arts,dpz83d3k3,1.0
32,Four Seasons Centre for the Performing Arts,dpz83d3hk,1.0
32,Four Seasons Centre for the Performing Arts,dpz83d3k6,1.0
32,Four Seasons Centre for the Performing Arts,dpz83d3h7,1.0
32,Four Seasons Centre for the Performing Arts,dpz83d3k7,1.0
32,Four Seasons Centre for the Performing Arts,dpz83d3h6,1.0
32,Four Seasons Centre for the Performing Arts,dpz83d3kk,1.0
32,Four Seasons Centre for the Performing Arts,dpz83d351,1.0
32,Four Seasons Centre for the Performing Arts,dpz83d34c,1.0
32,Four Seasons Centre for the Performing Arts,dpz83d353,1.0
32,Four Seasons Centre for the Performing Arts,dpz83d349,1.0
32,Four Seasons Centre for the Performing Arts,dpz83d359,1.0
32,Four Seasons Centre for the Performing Arts,dpz83d343,1.0
32,Four Seasons Centre for the Performing Arts,dpz83d35c,1.0
32,Four Seasons Centre for the Performing Arts,dpz83d341,1.0
32,Four Seasons Centre for the Performing Arts,dpz83d3h1,1.0
32,Four Seasons Centre for the Performing Arts,dpz83d31c,1.0
32,Four Seasons Centre for the Performing Arts,dpz83d3h3,1.0
32,Four Seasons Centre for the Performing Arts,dpz83d37j,1.0
32,Four Seasons Centre for the Performing Arts,dpz83d36v,1.0
32,Four Seasons Centre for the Performing Arts,dpz83d37m,1.0
32,Four Seasons Centre for the Performing Arts,dpz83d36t,1.0
32,Four Seasons Centre for the Performing Arts,dpz83d37t,1.0
32,Four Seasons Centre for the Performing Arts,dpz83d36m,1.0
32,Four Seasons Centre for the Performing Arts,dpz83d37v,1.0
32,Four Seasons Centre for the Performing Arts,dpz83d3kj,1.0
32,Four Seasons Centre for the Performing Arts,dpz83d3km,1.0
32,Four Seasons Centre for the Performing Arts,dpz83d31d,0.9746
32,Four Seasons Centre for the Performing Arts,dpz83d319,1.0
32,Four Seasons Centre for the Performing Arts,dpz83d3hx,1.0
32,Four Seasons Centre for the Performing Arts,dpz83d3hw,1.0
32,Four Seasons Centre for the Performing Arts,dpz83d3k8,1.0
32,Four Seasons Centre for the Performing Arts,dpz83d3ht,1.0
32,Four Seasons Centre for the Performing Arts,dpz83d3k9,1.0
32,Four Seasons Centre for the Performing Arts,dpz83d3hs,1.0
32,Four Seasons Centre for the Performing Arts,dpz83d3kd,1.0
32,Four Seasons Centre for the Performing Arts,dpz83d3he,1.0
32,Four Seasons Centre for the Performing Arts,dpz83d3ke,1.0
32,Four Seasons Centre for the Performing Arts,dpz83d3hd,1.0
32,Four Seasons Centre for the Performing Arts,dpz83d3ks,1.0
32,Four Seasons Centre for the Performing Arts,dpz83d3h9,1.0
32,Four Seasons Centre for the Performing Arts,dpz83d3kt,1.0
32,Four Seasons Centre for the Performing Arts,dpz83d350,1.0
32,Four Seasons Centre for the Performing Arts,dpz83d34b,1.0
32,Four Seasons Centre for the Performing Arts,dpz83d352,1.0
32,Four Seasons Centre for the Performing Arts,dpz83d348,1.0
32,Four Seasons Centre for the Performing Arts,dpz83d358,1.0
32,Four Seasons Centre for the Performing Arts,dpz83d342,1.0
32,Four Seasons Centre for the Performing Arts,dpz83d35b,1.0
32,Four Seasons Centre for the Performing Arts,dpz83d340,1.0
32,Four Seasons Centre for the Performing Arts,dpz83d3h0,1.0
32,Four Seasons Centre for the Performing Arts,dpz83d31b,1.0
32,Four Seasons Centre for the Performing Arts,dpz83d3h2,1.0
32,Four Seasons Centre for the Performing Arts,dpz83d318,1.0
32,Four Seasons Centre for the Performing Arts,dpz83d3h8,1.0
32,Four Seasons Centre for the Performing Arts,dpz83d37n,1.0
32,Four Seasons Centre for the Performing Arts,dpz83d36y,1.0
32,Four Seasons Centre for the Performing Arts,dpz83d37q,1.0
32,Four Seasons Centre for the Performing Arts,dpz83d36w,1.0
32,Four Seasons Centre for the Performing Arts,dpz83d37w,1.0
32,Four Seasons Centre for the Performing Arts,dpz83d36q,1.0
32,Four Seasons Centre for the Performing Arts,dpz83d37y,1.0
32,Four Seasons Centre for the Performing Arts,dpz83d3kn,1.0
32,Four Seasons Centre for the Performing Arts,dpz83d3kq,1.0
32,Four Seasons Centre for the Performing Arts,dpz83d3kw,1.0
32,Four Seasons Centre for the Performing Arts,dpz83d3hz,1.0
32,Four Seasons Centre for the Performing Arts,dpz83d3hy,1.0
32,Four Seasons Centre for the Performing Arts,dpz83d3kb,1.0
32,Four Seasons Centre for the Performing Arts,dpz83d3hv,1.0
32,Four Seasons Centre for the Performing Arts,dpz83d3kc,1.0
32,Four Seasons Centre for the Performing Arts,dpz83d3hu,1.0
32,Four Seasons Centre for the Performing Arts,dpz83d3kf,1.0
32,Four Seasons Centre for the Performing Arts,dpz83d3hg,1.0
32,Four Seasons Centre for the Performing Arts,dpz83d3kg,1.0
32,Four Seasons Centre for the Performing Arts,dpz83d3hf,1.0
32,Four Seasons Centre for the Performing Arts,dpz83d3ku,1.0
32,Four Seasons Centre for the Performing Arts,dpz83d3hc,1.0
32,Four Seasons Centre for the Performing Arts,dpz83d3kv,1.0
32,Four Seasons Centre for the Performing Arts,dpz83d3hb,0.9588
32,Four Seasons Centre for the Performing Arts,dpz83d3ky,1.0
32,Four Seasons Centre for the Performing Arts,dpz83d2gp,1.0
32,Four Seasons Centre for the Performing Arts,dpz83d2fz,1.0
32,Four Seasons Centre for the Performing Arts,dpz83d2gr,1.0
32,Four Seasons Centre for the Performing Arts,dpz83d2fx,1.0
32,Four Seasons Centre for the Performing Arts,dpz83d2gx,1.0
32,Four Seasons Centre for the Performing Arts,dpz83d2fr,1.0
32,Four Seasons Centre for the Performing Arts,dpz83d2gz,1.0
32,Four Seasons Centre for the Performing Arts,dpz83d2fp,1.0
32,Four Seasons Centre for the Performing Arts,dpz83d2up,1.0
32,Four Seasons Centre for the Performing Arts,dpz83d2cz,1.0
32,Four Seasons Centre for the Performing Arts,dpz83d2ur,1.0
32,Four Seasons Centre for the Performing Arts,dpz83d2cx,1.0
32,Four Seasons Centre for the Performing Arts,dpz83d2ux,1.0
32,Four Seasons Centre for the Performing Arts,dpz83d37p,1.0
32,Four Seasons Centre for the Performing Arts,dpz83d36z,1.0
32,Four Seasons Centre for the Performing Arts,dpz83d37r,1.0
32,Four Seasons Centre for the Performing Arts,dpz83d36x,1.0
32,Four Seasons Centre for the Performing Arts,dpz83d37x,1.0
32,Four Seasons Centre for the Performing Arts,dpz83d36r,1.0
32,Four Seasons Centre for the Performing Arts,dpz83d37z,1.0
32,Four Seasons Centre for the Performing Arts,dpz83d3kp,1.0
32,Four Seasons Centre for the Performing Arts,dpz83d3kr,1.0
32,Four Seasons Centre for the Performing Arts,dpz83d3kx,1.0
32,Four Seasons Centre for the Performing Arts,dpz83d3kz,1.0
32,Four Seasons Centre for the Performing Arts,dpz83d3jp,0.9925
32,Four Seasons Centre for the Performing Arts,dpz83d3jn,0.957
32,Four Seasons Centre for the Performing Arts,dpz83d3m0,1.0
32,Four Seasons Centre for the Performing Arts,dpz83d3jj,0.9877
32,Four Seasons Centre for the Performing Arts,dpz83d3m1,1.0
32,Four Seasons Centre for the Performing Arts,dpz83d3jh,0.8217
32,Four Seasons Centre for the Performing Arts,dpz83d3m4,1.0
32,Four Seasons Centre for the Performing Arts,dpz83d3m5,1.0
32,Four Seasons Centre for the Performing Arts,dpz83d3mh,1.0
32,Four Seasons Centre for the Performing Arts,dpz83d3mj,1.0
32,Four Seasons Centre for the Performing Arts,dpz83d3mn,1.0
32,Four Seasons Centre for the Performing Arts,dpz83d3mp,1.0
32,Four Seasons Centre for the Performing Arts,dpz83d2gn,1.0
32,Four Seasons Centre for the Performing Arts,dpz83d2fy,1.0
32,Four Seasons Centre for the Performing Arts,dpz83d2gq,1.0
32,Four Seasons Centre for the Performing Arts,dpz83d2fw,1.0
32,Four Seasons Centre for the Performing Arts,dpz83d2gw,1.0
32,Four Seasons Centre for the Performing Arts,dpz83d2fq,1.0
32,Four Seasons Centre for the Performing Arts,dpz83d2gy,1.0
32,Four Seasons Centre for the Performing Arts,dpz83d2fn,1.0
32,Four Seasons Centre for the Performing Arts,dpz83d2un,1.0
32,Four Seasons Centre for the Performing Arts,dpz83d2cy,1.0
32,Four Seasons Centre for the Performing Arts,dpz83d2uq,1.0
32,Four Seasons Centre for the Performing Arts,dpz83d2cw,1.0
32,Four Seasons Centre for the Performing Arts,dpz83d2uw,1.0
32,Four Seasons Centre for the Performing Arts,dpz83d2cq,0.8448
32,Four Seasons Centre for the Performing Arts,dpz83d3e0,1.0
32,Four Seasons Centre for the Performing Arts,dpz83d3db,1.0
32,Four Seasons Centre for the Performing Arts,dpz83d3e2,1.0
32,Four Seasons Centre for the Performing Arts,dpz83d3d8,1.0
32,Four Seasons Centre for the Performing Arts,dpz83d3e8,1.0
32,Four Seasons Centre for the Performing Arts,dpz83d3d2,0.9806
32,Four Seasons Centre for the Performing Arts,dpz83d3eb,1.0
32,Four Seasons Centre for the Performing Arts,dpz83d3s0,1.0
32,Four Seasons Centre for the Performing Arts,dpz83d3s2,1.0
32,Four Seasons Centre for the Performing Arts,dpz83d3s8,1.0
32,Four Seasons Centre for the Performing Arts,dpz83d3sb,1.0
32,Four Seasons Centre for the Performing Arts,dpz83d3t0,1.0
32,Four Seasons Centre for the Performing Arts,dpz83d3m7,0.8969
32,Four Seasons Centre for the Performing Arts,dpz83d3mk,1.0
32,Four Seasons Centre for the Performing Arts,dpz83d3mm,1.0
32,Four Seasons Centre for the Performing Arts,dpz83d3mq,1.0
32,Four Seasons Centre for the Performing Arts,dpz83d3mr,1.0
32,Four Seasons Centre for the Performing Arts,dpz83d3t2,1.0
32,Four Seasons Centre for the Performing Arts,dpz83d2gj,1.0
32,Four Seasons Centre for the Performing Arts,dpz83d2fv,1.0
32,Four Seasons Centre for the Performing Arts,dpz83d2gm,1.0
32,Four Seasons Centre for the Performing Arts,dpz83d2ft,1.0
32,Four Seasons Centre for the Performing Arts,dpz83d2gt,1.0
32,Four Seasons Centre for the Performing Arts,dpz83d2fm,1.0
32,Four Seasons Centre for the Performing Arts,dpz83d2gv,1.0
32,Four Seasons Centre for the Performing Arts,dpz83d2fj,1.0
32,Four Seasons Centre for the Performing Arts,dpz83d2uj,1.0
32,Four Seasons Centre for the Performing Arts,dpz83d2cv,1.0
32,Four Seasons Centre for the Performing Arts,dpz83d2um,1.0
32,Four Seasons Centre for the Performing Arts,dpz83d2ct,1.0
32,Four Seasons Centre for the Performing Arts,dpz83d2ut,1.0
32,Four Seasons Centre for the Performing Arts,dpz83d2cm,0.9943
32,Four Seasons Centre for the Performing Arts,dpz83d3e1,1.0
32,Four Seasons Centre for the Performing Arts,dpz83d3dc,1.0
32,Four Seasons Centre for the Performing Arts,dpz83d3e3,1.0
32,Four Seasons Centre for the Performing Arts,dpz83d3d9,1.0
32,Four Seasons Centre for the Performing Arts,dpz83d3e9,1.0
32,Four Seasons Centre for the Performing Arts,dpz83d3d3,0.8028
32,Four Seasons Centre for the Performing Arts,dpz83d3ec,1.0
32,Four Seasons Centre for the Performing Arts,dpz83d3s1,1.0
32,Four Seasons Centre for the Performing Arts,dpz83d3s3,1.0
32,Four Seasons Centre for the Performing Arts,dpz83d3s9,1.0
32,Four Seasons Centre for the Performing Arts,dpz83d3sc,1.0
32,Four Seasons Centre for the Performing Arts,dpz83d3t1,1.0
32,Four Seasons Centre for the Performing Arts,dpz83d3t3,1.0
32,Four Seasons Centre for the Performing Arts,dpz83d3t8,0.947
32,Four Seasons Centre for the Performing Arts,dpz83d3t9,1.0
32,Four Seasons Centre for the Performing Arts,dpz83d2gh,1.0
32,Four Seasons Centre for the Performing Arts,dpz83d2fu,1.0
32,Four Seasons Centre for the Performing Arts,dpz83d2gk,1.0
32,Four Seasons Centre for the Performing Arts,dpz83d2fs,1.0
32,Four Seasons Centre for the Performing Arts,dpz83d2gs,1.0
32,Four Seasons Centre for the Performing Arts,dpz83d2fk,1.0
32,Four Seasons Centre for the Performing Arts,dpz83d2gu,1.0
32,Four Seasons Centre for the Performing Arts,dpz83d2fh,1.0
32,Four Seasons Centre for the Performing Arts,dpz83d2uh,1.0
32,Four Seasons Centre for the Performing Arts,dpz83d2cu,1.0
32,Four Seasons Centre for the Performing Arts,dpz83d2uk,1.0
32,Four Seasons Centre for the Performing Arts,dpz83d2cs,1.0
32,Four Seasons Centre for the Performing Arts,dpz83d2us,1.0
32,Four Seasons Centre for the Performing Arts,dpz83d2ck,0.8426
32,Four Seasons Centre for the Performing Arts,dpz83d3e4,1.0
32,Four Seasons Centre for the Performing Arts,dpz83d3df,1.0
32,Four Seasons Centre for the Performing Arts,dpz83d3e6,1.0
32,Four Seasons Centre for the Performing Arts,dpz83d3dd,1.0
32,Four Seasons Centre for the Performing Arts,dpz83d3ed,1.0
32,Four Seasons Centre for the Performing Arts,dpz83d3ef,1.0
32,Four Seasons Centre for the Performing Arts,dpz83d3s4,1.0
32,Four Seasons Centre for the Performing Arts,dpz83d3s6,1.0
32,Four Seasons Centre for the Performing Arts,dpz83d3sd,1.0
32,Four Seasons Centre for the Performing Arts,dpz83d3sf,1.0
32,Four Seasons Centre for the Performing Arts,dpz83d3t4,1.0
32,Four Seasons Centre for the Performing Arts,dpz83d3t6,1.0
32,Four Seasons Centre for the Performing Arts,dpz83d3td,1.0
32,Four Seasons Centre for the Performing Arts,dpz83d2g5,1.0
32,Four Seasons Centre for the Performing Arts,dpz83d2fg,1.0
32,Four Seasons Centre for the Performing Arts,dpz83d2g7,1.0
32,Four Seasons Centre for the Performing Arts,dpz83d2fe,1.0
32,Four Seasons Centre for the Performing Arts,dpz83d2ge,1.0
32,Four Seasons Centre for the Performing Arts,dpz83d2f7,1.0
32,Four Seasons Centre for the Performing Arts,dpz83d2gg,0.9125
32,Four Seasons Centre for the Performing Arts,dpz83d2f5,0.9749
32,Four Seasons Centre for the Performing Arts,dpz83d2u7,0.9896
32,Four Seasons Centre for the Performing Arts,dpz83d2ue,0.9129
32,Four Seasons Centre for the Performing Arts,dpz83d3e5,1.0
32,Four Seasons Centre for the Performing Arts,dpz83d3dg,1.0
32,Four Seasons Centre for the Performing Arts,dpz83d3e7,1.0
32,Four Seasons Centre for the Performing Arts,dpz83d3de,1.0
32,Four Seasons Centre for the Performing Arts,dpz83d3ee,1.0
32,Four Seasons Centre for the Performing Arts,dpz83d3eg,0.8774
32,Four Seasons Centre for the Performing Arts,dpz83d3s5,0.8738
32,Four Seasons Centre for the Performing Arts,dpz83d3s7,1.0
32,Four Seasons Centre for the Performing Arts,dpz83d3se,1.0
32,Four Seasons Centre for the Performing Arts,dpz83d3sg,1.0
32,Four Seasons Centre for the Performing Arts,dpz83d3t5,1.0
32,Four Seasons Centre for the Performing Arts,dpz83d3t7,1.0
32,Four Seasons Centre for the Performing Arts,dpz83d3te,1.0
32,Four Seasons Centre for the Performing Arts,dpz83d2g4,1.0
32,Four Seasons Centre for the Performing Arts,dpz83d2ff,1.0
32,Four Seasons Centre for the Performing Arts,dpz83d2g6,1.0
32,Four Seasons Centre for the Performing Arts,dpz83d2fd,0.8631
32,Four Seasons Centre for the Performing Arts,dpz83d2gd,1.0
32,Four Seasons Centre for the Performing Arts,dpz83d3eh,0.9875
32,Four Seasons Centre for the Performing Arts,dpz83d3du,1.0
32,Four Seasons Centre for the Performing Arts,dpz83d3ds,1.0
32,Four Seasons Centre for the Performing Arts,dpz83d3sk,1.0
32,Four Seasons Centre for the Performing Arts,dpz83d3ss,1.0
32,Four Seasons Centre for the Performing Arts,dpz83d3su,1.0
32,Four Seasons Centre for the Performing Arts,dpz83d3th,1.0
32,Four Seasons Centre for the Performing Arts,dpz83d3tk,0.8717
32,Four Seasons Centre for the Performing Arts,dpz83d2g3,0.9826
32,Four Seasons Centre for the Performing Arts,dpz83d2g9,1.0
32,Four Seasons Centre for the Performing Arts,dpz83d3dt,0.8609
32,Four Seasons Centre for the Performing Arts,dpz83d3sm,1.0
32,Four Seasons Centre for the Performing Arts,dpz83d3st,0.9873
33,Gallery TPW,dpz824zwg,1.0
33,Gallery TPW,dpz824zwf,1.0
33,Gallery TPW,dpz824zwu,1.0
33,Gallery TPW,dpz824zwe,1.0
33,Gallery TPW,dpz824zwd,1.0
33,Gallery TPW,dpz824zws,0.9894
33,Gallery TPW,dpz824zx5,1.0
33,Gallery TPW,dpz824zx4,1.0
33,Gallery TPW,dpz824zxh,1.0
33,Gallery TPW,dpz824zwc,1.0
33,Gallery TPW,dpz824zw9,1.0
33,Gallery TPW,dpz824zx1,1.0
33,Gallery TPW,dpz824zwv,1.0
33,Gallery TPW,dpz824zwt,0.8302
33,Gallery TPW,dpz824zxj,1.0
33,Gallery TPW,dpz824zxk,0.8988
33,Gallery TPW,dpz824zxm,1.0
33,Gallery TPW,dpz824zwb,1.0
33,Gallery TPW,dpz824zw8,1.0
33,Gallery TPW,dpz824zx0,0.9972
33,Gallery TPW,dpz824zw2,0.8518
33,Gallery TPW,dpz824zwy,1.0
33,Gallery TPW,dpz824zxn,1.0
33,Gallery TPW,dpz824zxq,1.0
33,Gallery TPW,dpz824zqz,0.8556
33,Gallery TPW,dpz824zrp,0.8626
33,Gallery TPW,dpz824zwz,0.9999
34,Gardiner Museum,dpz83mec2,1.0
34,Gardiner Museum,dpz83me9r,1.0
34,Gardiner Museum,dpz83mec3,1.0
34,Gardiner Museum,dpz83mec0,1.0
34,Gardiner Museum,dpz83me9p,1.0
34,Gardiner Museum,dpz83mec1,1.0
34,Gardiner Museum,dpz83mec8,1.0
34,Gardiner Museum,dpz83me9x,1.0
34,Gardiner Museum,dpz83mec9,1.0
34,Gardiner Museum,dpz83me9q,1.0
34,Gardiner Museum,dpz83me9n,1.0
34,Gardiner Museum,dpz83me9w,1.0
34,Gardiner Museum,dpz83mec6,1.0
34,Gardiner Museum,dpz83mec4,1.0
34,Gardiner Museum,dpz83mecd,0.9998
34,Gardiner Museum,dpz83mebb,1.0
34,Gardiner Museum,dpz83me8z,1.0
34,Gardiner Museum,dpz83mebc,0.9203
34,Gardiner Museum,dpz83me8y,0.9304
34,Gardiner Museum,dpz83mecb,1.0
34,Gardiner Museum,dpz83me9z,1.0
34,Gardiner Museum,dpz83mecc,1.0
34,Gardiner Museum,dpz83me9y,1.0
34,Gardiner Museum,dpz83me9t,0.9913
34,Gardiner Museum,dpz83me9v,1.0
34,Gardiner Museum,dpz83mec5,0.9513
34,Gardiner Museum,dpz83mef0,1.0
34,Gardiner Museum,dpz83medp,1.0
34,Gardiner Museum,dpz83mef1,1.0
34,Gardiner Museum,dpz83medn,1.0
34,Gardiner Museum,dpz83medj,0.9744
34,Gardiner Museum,dpz83mef2,1.0
34,Gardiner Museum,dpz83medr,1.0
34,Gardiner Museum,dpz83mef3,0.9339
34,Gardiner Museum,dpz83medq,1.0
34,Gardiner Museum,dpz83medm,0.9022
35,Harbourfront Centre Main / Artport Building,dpz8385pj,1.0
35,Harbourfront Centre Main / Artport Building,dpz8385ph,1.0
35,Harbourfront Centre Main / Artport Building,dpz8385pn,1.0
35,Harbourfront Centre Main / Artport Building,dpz8385nv,1.0
35,Harbourfront Centre Main / Artport Building,dpz8385nu,1.0
35,Harbourfront Centre Main / Artport Building,dpz8385ny,1.0
35,Harbourfront Centre Main / Artport Building,dpz8385pm,1.0
35,Harbourfront Centre Main / Artport Building,dpz8385pk,1.0
35,Harbourfront Centre Main / Artport Building,dpz8385pq,1.0
35,Harbourfront Centre Main / Artport Building,dpz8385p5,1.0
35,Harbourfront Centre Main / Artport Building,dpz8385ng,1.0
35,Harbourfront Centre Main / Artport Building,dpz8385p7,1.0
35,Harbourfront Centre Main / Artport Building,dpz8385pp,1.0
35,Harbourfront Centre Main / Artport Building,dpz8385nz,1.0
35,Harbourfront Centre Main / Artport Building,dpz8385pr,1.0
35,Harbourfront Centre Main / Artport Building,dpz8385nt,1.0
35,Harbourfront Centre Main / Artport Building,dpz8385ns,1.0
35,Harbourfront Centre Main / Artport Building,dpz8385nw,1.0
35,Harbourfront Centre Main / Artport Building,dpz8385ne,1.0
35,Harbourfront Centre Main / Artport Building,dpz8385nx,1.0
35,Harbourfront Centre Main / Artport Building,dpz8385pt,1.0
35,Harbourfront Centre Main / Artport Building,dpz8385ps,1.0
35,Harbourfront Centre Main / Artport Building,dpz8385pw,1.0
35,Harbourfront Centre Main / Artport Building,dpz8385pe,1.0
35,Harbourfront Centre Main / Artport Building,dpz8385px,1.0
35,Harbourfront Centre Main / Artport Building,dpz8385p4,1.0
35,Harbourfront Centre Main / Artport Building,dpz8385nf,1.0
35,Harbourfront Centre Main / Artport Building,dpz8385p6,1.0
35,Harbourfront Centre Main / Artport Building,dpz8385nd,1.0
35,Harbourfront Centre Main / Artport Building,dpz8385pd,1.0
35,Harbourfront Centre Main / Artport Building,dpz8385r0,1.0
35,Harbourfront Centre Main / Artport Building,dpz8385qb,1.0
35,Harbourfront Centre Main / Artport Building,dpz8385r2,1.0
35,Harbourfront Centre Main / Artport Building,dpz8385q8,1.0
35,Harbourfront Centre Main / Artport Building,dpz8385r8,1.0
35,Harbourfront Centre Main / Artport Building,dpz8385nm,1.0
35,Harbourfront Centre Main / Artport Building,dpz8385nk,1.0
35,Harbourfront Centre Main / Artport Building,dpz8385nq,1.0
35,Harbourfront Centre Main / Artport Building,dpz8385n7,1.0
35,Harbourfront Centre Main / Artport Building,dpz8385nr,1.0
35,Harbourfront Centre Main / Artport Building,dpz8385n6,1.0
35,Harbourfront Centre Main / Artport Building,dpz8385q2,1.0
35,Harbourfront Centre Main / Artport Building,dpz8385pv,1.0
35,Harbourfront Centre Main / Artport Building,dpz8385pu,1.0
35,Harbourfront Centre Main / Artport Building,dpz8385py,1.0
35,Harbourfront Centre Main / Artport Building,dpz8385pg,1.0
35,Harbourfront Centre Main / Artport Building,dpz8385pz,1.0
35,Harbourfront Centre Main / Artport Building,dpz8385pf,1.0
35,Harbourfront Centre Main / Artport Building,dpz8385rb,1.0
35,Harbourfront Centre Main / Artport Building,dpz8385p1,1.0
35,Harbourfront Centre Main / Artport Building,dpz8385nc,1.0
35,Harbourfront Centre Main / Artport Building,dpz8385p3,1.0
35,Harbourfront Centre Main / Artport Building,dpz8385n9,1.0
35,Harbourfront Centre Main / Artport Building,dpz8385p9,1.0
35,Harbourfront Centre Main / Artport Building,dpz8385n3,0.9352
35,Harbourfront Centre Main / Artport Building,dpz8385pc,1.0
35,Harbourfront Centre Main / Artport Building,dpz8385r1,1.0
35,Harbourfront Centre Main / Artport Building,dpz8385qc,1.0
35,Harbourfront Centre Main / Artport Building,dpz8385r3,1.0
35,Harbourfront Centre Main / Artport Building,dpz8385q9,1.0
35,Harbourfront Centre Main / Artport Building,dpz8385r9,1.0
35,Harbourfront Centre Main / Artport Building,dpz8385q3,1.0
35,Harbourfront Centre Main / Artport Building,dpz8385rc,0.9727
35,Harbourfront Centre Main / Artport Building,dpz8385nj,1.0
35,Harbourfront Centre Main / Artport Building,dpz8385nh,1.0
35,Harbourfront Centre Main / Artport Building,dpz8385nn,1.0
35,Harbourfront Centre Main / Artport Building,dpz8385n5,1.0
35,Harbourfront Centre Main / Artport Building,dpz8385np,1.0
35,Harbourfront Centre Main / Artport Building,dpz8385n4,1.0
35,Harbourfront Centre Main / Artport Building,dpz8385q0,1.0
35,Harbourfront Centre Main / Artport Building,dpz8385q1,1.0
35,Harbourfront Centre Main / Artport Building,dpz83870j,1.0
35,Harbourfront Centre Main / Artport Building,dpz83870h,1.0
35,Harbourfront Centre Main / Artport Building,dpz83870n,1.0
35,Harbourfront Centre Main / Artport Building,dpz838705,1.0
35,Harbourfront Centre Main / Artport Building,dpz83870p,1.0
35,Harbourfront Centre Main / Artport Building,dpz838704,1.0
35,Harbourfront Centre Main / Artport Building,dpz838720,1.0
35,Harbourfront Centre Main / Artport Building,dpz838701,1.0
35,Harbourfront Centre Main / Artport Building,dpz8385p0,1.0
35,Harbourfront Centre Main / Artport Building,dpz8385nb,0.8097
35,Harbourfront Centre Main / Artport Building,dpz8385p2,1.0
35,Harbourfront Centre Main / Artport Building,dpz8385p8,1.0
35,Harbourfront Centre Main / Artport Building,dpz8385pb,1.0
35,Harbourfront Centre Main / Artport Building,dpz838700,1.0
35,Harbourfront Centre Main / Artport Building,dpz8385r4,1.0
35,Harbourfront Centre Main / Artport Building,dpz8385qf,1.0
35,Harbourfront Centre Main / Artport Building,dpz8385r6,0.8828
35,Harbourfront Centre Main / Artport Building,dpz8385qd,1.0
35,Harbourfront Centre Main / Artport Building,dpz8385q6,1.0
35,Harbourfront Centre Main / Artport Building,dpz8385q4,1.0
35,Harbourfront Centre Main / Artport Building,dpz8385jv,1.0
35,Harbourfront Centre Main / Artport Building,dpz8385ju,1.0
35,Harbourfront Centre Main / Artport Building,dpz8385jy,1.0
35,Harbourfront Centre Main / Artport Building,dpz8385jg,1.0
35,Harbourfront Centre Main / Artport Building,dpz8385jz,1.0
35,Harbourfront Centre Main / Artport Building,dpz8385jf,0.9947
35,Harbourfront Centre Main / Artport Building,dpz8385mb,1.0
35,Harbourfront Centre Main / Artport Building,dpz8385mc,1.0
35,Harbourfront Centre Main / Artport Building,dpz83870m,1.0
35,Harbourfront Centre Main / Artport Building,dpz83870k,1.0
35,Harbourfront Centre Main / Artport Building,dpz83870q,1.0
35,Harbourfront Centre Main / Artport Building,dpz838707,1.0
35,Harbourfront Centre Main / Artport Building,dpz83870r,1.0
35,Harbourfront Centre Main / Artport Building,dpz838706,1.0
35,Harbourfront Centre Main / Artport Building,dpz838722,1.0
35,Harbourfront Centre Main / Artport Building,dpz838703,1.0
35,Harbourfront Centre Main / Artport Building,dpz838702,0.9828
35,Harbourfront Centre Main / Artport Building,dpz8384zx,0.974
35,Harbourfront Centre Main / Artport Building,dpz8384zz,1.0
35,Harbourfront Centre Main / Artport Building,dpz8386bp,1.0
35,Harbourfront Centre Main / Artport Building,dpz8386br,0.8263
35,Harbourfront Centre Main / Artport Building,dpz8385qe,0.9962
35,Harbourfront Centre Main / Artport Building,dpz8385q7,1.0
35,Harbourfront Centre Main / Artport Building,dpz8385q5,0.9429
35,Harbourfront Centre Main / Artport Building,dpz8385jt,1.0
35,Harbourfront Centre Main / Artport Building,dpz8385js,1.0
35,Harbourfront Centre Main / Artport Building,dpz8385jw,1.0
35,Harbourfront Centre Main / Artport Building,dpz8385je,1.0
35,Harbourfront Centre Main / Artport Building,dpz8385jx,0.9464
35,Harbourfront Centre Main / Artport Building,dpz83870t,0.9438
35,Harbourfront Centre Main / Artport Building,dpz83870w,1.0
35,Harbourfront Centre Main / Artport Building,dpz83870x,1.0
35,Harbourfront Centre Main / Artport Building,dpz838728,0.8016
35,Harbourfront Centre Main / Artport Building,dpz8386bn,0.8824
35,Harbourfront Centre Main / Artport Building,dpz8386bq,0.9532
35,Harbourfront Centre Main / Artport Building,dpz8385jm,1.0
35,Harbourfront Centre Main / Artport Building,dpz8385jk,1.0
35,Harbourfront Centre Main / Artport Building,dpz8385jq,1.0
35,Harbourfront Centre Main / Artport Building,dpz8385j7,1.0
35,Harbourfront Centre Main / Artport Building,dpz8386bm,0.9416
35,Harbourfront Centre Main / Artport Building,dpz8386bt,1.0
35,Harbourfront Centre Main / Artport Building,dpz8386bv,1.0
35,Harbourfront Centre Main / Artport Building,dpz8385jj,1.0
35,Harbourfront Centre Main / Artport Building,dpz8385jh,1.0
35,Harbourfront Centre Main / Artport Building,dpz8385jn,1.0
35,Harbourfront Centre Main / Artport Building,dpz8385j5,0.8843
35,Harbourfront Centre Main / Artport Building,dpz8386bk,1.0
35,Harbourfront Centre Main / Artport Building,dpz8386bs,1.0
35,Harbourfront Centre Main / Artport Building,dpz8386bu,1.0
35,Harbourfront Centre Main / Artport Building,dpz8386cj,0.857
35,Harbourfront Centre Main / Artport Building,dpz8386ch,0.9547
35,Harbourfront Centre Main / Artport Building,dpz8385hv,1.0
35,Harbourfront Centre Main / Artport Building,dpz8385hu,1.0
35,Harbourfront Centre Main / Artport Building,dpz8385hy,1.0
35,Harbourfront Centre Main / Artport Building,dpz8385hz,0.9768
35,Harbourfront Centre Main / Artport Building,dpz8386b7,1.0
35,Harbourfront Centre Main / Artport Building,dpz8386be,1.0
35,Harbourfront Centre Main / Artport Building,dpz8386bg,1.0
35,Harbourfront Centre Main / Artport Building,dpz8385ht,1.0
35,Harbourfront Centre Main / Artport Building,dpz8385hs,0.9772
35,Harbourfront Centre Main / Artport Building,dpz8385hw,1.0
35,Harbourfront Centre Main / Artport Building,dpz8385hx,1.0
35,Harbourfront Centre Main / Artport Building,dpz8386b6,1.0
35,Harbourfront Centre Main / Artport Building,dpz8386bd,1.0
35,Harbourfront Centre Main / Artport Building,dpz8386bf,1.0
35,Harbourfront Centre Main / Artport Building,dpz8385hm,1.0
35,Harbourfront Centre Main / Artport Building,dpz8385hq,1.0
35,Harbourfront Centre Main / Artport Building,dpz8385hr,1.0
35,Harbourfront Centre Main / Artport Building,dpz8385k2,0.8815
35,Harbourfront Centre Main / Artport Building,dpz8386b3,1.0
35,Harbourfront Centre Main / Artport Building,dpz8386b9,1.0
35,Harbourfront Centre Main / Artport Building,dpz8386bc,1.0
35,Harbourfront Centre Main / Artport Building,dpz8385hj,0.9625
35,Harbourfront Centre Main / Artport Building,dpz8386b0,0.9412
35,Harbourfront Centre Main / Artport Building,dpz8386b2,1.0
35,Harbourfront Centre Main / Artport Building,dpz8386b8,1.0
35,Harbourfront Centre Main / Artport Building,dpz8386bb,0.9997
35,Harbourfront Centre Main / Artport Building,dpz83868r,0.9976
35,Harbourfront Centre Main / Artport Building,dpz83868x,1.0
35,Harbourfront Centre Main / Artport Building,dpz83868z,0.8789
36,Harbourfront Concert Stage,dpz8384dp,1.0
36,Harbourfront Concert Stage,dpz8384dn,1.0
36,Harbourfront Concert Stage,dpz8384f0,1.0
36,Harbourfront Concert Stage,dpz83849z,1.0
36,Harbourfront Concert Stage,dpz83849y,1.0
36,Harbourfront Concert Stage,dpz8384cb,1.0
36,Harbourfront Concert Stage,dpz8384dr,1.0
36,Harbourfront Concert Stage,dpz8384dq,1.0
36,Harbourfront Concert Stage,dpz8384f2,1.0
36,Harbourfront Concert Stage,dpz8384dj,1.0
36,Harbourfront Concert Stage,dpz83849v,1.0
36,Harbourfront Concert Stage,dpz8384dm,1.0
36,Harbourfront Concert Stage,dpz8384f1,1.0
36,Harbourfront Concert Stage,dpz8384cc,1.0
36,Harbourfront Concert Stage,dpz8384f3,1.0
36,Harbourfront Concert Stage,dpz83849x,1.0
36,Harbourfront Concert Stage,dpz83849w,1.0
36,Harbourfront Concert Stage,dpz8384c8,1.0
36,Harbourfront Concert Stage,dpz83849t,0.9947
36,Harbourfront Concert Stage,dpz8384c9,1.0
36,Harbourfront Concert Stage,dpz8384dx,0.9999
36,Harbourfront Concert Stage,dpz8384dw,0.8879
36,Harbourfront Concert Stage,dpz8384f8,1.0
36,Harbourfront Concert Stage,dpz8384f9,1.0
36,Harbourfront Concert Stage,dpz8384dh,1.0
36,Harbourfront Concert Stage,dpz83849u,1.0
36,Harbourfront Concert Stage,dpz8384dk,1.0
36,Harbourfront Concert Stage,dpz8384f4,1.0
36,Harbourfront Concert Stage,dpz8384cf,1.0
36,Harbourfront Concert Stage,dpz8384f6,1.0
36,Harbourfront Concert Stage,dpz8384cd,1.0
36,Harbourfront Concert Stage,dpz8384fd,0.8659
36,Harbourfront Concert Stage,dpz83849r,0.9359
36,Harbourfront Concert Stage,dpz8384c2,1.0
36,Harbourfront Concert Stage,dpz8384c3,1.0
36,Harbourfront Concert Stage,dpz8384c6,1.0
36,Harbourfront Concert Stage,dpz8384d5,1.0
36,Harbourfront Concert Stage,dpz83849g,0.9162
36,Harbourfront Concert Stage,dpz8384d7,1.0
36,Harbourfront Concert Stage,dpz8384f5,1.0
36,Harbourfront Concert Stage,dpz8384cg,1.0
36,Harbourfront Concert Stage,dpz8384f7,0.9856
36,Harbourfront Concert Stage,dpz8384ce,1.0
36,Harbourfront Concert Stage,dpz8384c7,1.0
36,Harbourfront Concert Stage,dpz8384d4,0.8386
36,Harbourfront Concert Stage,dpz8384d6,0.9861
36,Harbourfront Concert Stage,dpz8384cu,0.962
36,Harbourfront Concert Stage,dpz8384cs,1.0
36,Harbourfront Concert Stage,dpz8384ck,1.0
36,Harbourfront Concert Stage,dpz8384cm,0.9271
37,The Fleck at Harbourfront Centre Theatre,dpz8385tr,1.0
37,The Fleck at Harbourfront Centre Theatre,dpz8385tq,1.0
37,The Fleck at Harbourfront Centre Theatre,dpz8385v2,1.0
37,The Fleck at Harbourfront Centre Theatre,dpz8385tp,1.0
37,The Fleck at Harbourfront Centre Theatre,dpz8385tn,1.0
37,The Fleck at Harbourfront Centre Theatre,dpz8385v0,1.0
37,The Fleck at Harbourfront Centre Theatre,dpz8385tx,1.0
37,The Fleck at Harbourfront Centre Theatre,dpz8385tw,1.0
37,The Fleck at Harbourfront Centre Theatre,dpz8385v8,1.0
37,The Fleck at Harbourfront Centre Theatre,dpz8385tm,1.0
37,The Fleck at Harbourfront Centre Theatre,dpz8385tj,1.0
37,The Fleck at Harbourfront Centre Theatre,dpz8385tt,1.0
37,The Fleck at Harbourfront Centre Theatre,dpz8385v3,1.0
37,The Fleck at Harbourfront Centre Theatre,dpz8385v1,1.0
37,The Fleck at Harbourfront Centre Theatre,dpz8385v9,1.0
37,The Fleck at Harbourfront Centre Theatre,dpz8385sz,1.0
37,The Fleck at Harbourfront Centre Theatre,dpz8385sy,1.0
37,The Fleck at Harbourfront Centre Theatre,dpz8385ub,1.0
37,The Fleck at Harbourfront Centre Theatre,dpz8385sv,1.0
37,The Fleck at Harbourfront Centre Theatre,dpz8385uc,1.0
37,The Fleck at Harbourfront Centre Theatre,dpz8385tz,0.9845
37,The Fleck at Harbourfront Centre Theatre,dpz8385ty,0.8153
37,The Fleck at Harbourfront Centre Theatre,dpz8385vb,1.0
37,The Fleck at Harbourfront Centre Theatre,dpz8385vc,1.0
37,The Fleck at Harbourfront Centre Theatre,dpz8385tk,1.0
37,The Fleck at Harbourfront Centre Theatre,dpz8385th,1.0
37,The Fleck at Harbourfront Centre Theatre,dpz8385ts,1.0
37,The Fleck at Harbourfront Centre Theatre,dpz8385su,1.0
37,The Fleck at Harbourfront Centre Theatre,dpz8385v6,1.0
37,The Fleck at Harbourfront Centre Theatre,dpz8385v4,1.0
37,The Fleck at Harbourfront Centre Theatre,dpz8385vd,1.0
37,The Fleck at Harbourfront Centre Theatre,dpz8385uf,0.9978
37,The Fleck at Harbourfront Centre Theatre,dpz8385vf,1.0
37,The Fleck at Harbourfront Centre Theatre,dpz8385t7,1.0
37,The Fleck at Harbourfront Centre Theatre,dpz8385t5,1.0
37,The Fleck at Harbourfront Centre Theatre,dpz8385te,1.0
37,The Fleck at Harbourfront Centre Theatre,dpz8385sg,1.0
37,The Fleck at Harbourfront Centre Theatre,dpz8385v7,1.0
37,The Fleck at Harbourfront Centre Theatre,dpz8385v5,0.9976
37,The Fleck at Harbourfront Centre Theatre,dpz8385ve,1.0
37,The Fleck at Harbourfront Centre Theatre,dpz8385ug,0.9392
37,The Fleck at Harbourfront Centre Theatre,dpz8385vg,0.8824
37,The Fleck at Harbourfront Centre Theatre,dpz8385t6,1.0
37,The Fleck at Harbourfront Centre Theatre,dpz8385t4,0.8906
37,The Fleck at Harbourfront Centre Theatre,dpz8385td,0.9631
38,Helen Gardiner Phelan Playhouse,dpz83k8tb,1.0
38,Helen Gardiner Phelan Playhouse,dpz83k8mz,1.0
38,Helen Gardiner Phelan Playhouse,dpz83k8tc,1.0
38,Helen Gardiner Phelan Playhouse,dpz83k8t8,1.0
38,Helen Gardiner Phelan Playhouse,dpz83k8mx,1.0
38,Helen Gardiner Phelan Playhouse,dpz83k8t9,1.0
38,Helen Gardiner Phelan Playhouse,dpz83k8w0,1.0
38,Helen Gardiner Phelan Playhouse,dpz83k8qp,1.0
38,Helen Gardiner Phelan Playhouse,dpz83k8w1,1.0
38,Helen Gardiner Phelan Playhouse,dpz83k8my,1.0
38,Helen Gardiner Phelan Playhouse,dpz83k8mw,1.0
38,Helen Gardiner Phelan Playhouse,dpz83k8qn,0.9694
38,Helen Gardiner Phelan Playhouse,dpz83k8tf,1.0
38,Helen Gardiner Phelan Playhouse,dpz83k8td,1.0
38,Helen Gardiner Phelan Playhouse,dpz83k8w4,1.0
38,Helen Gardiner Phelan Playhouse,dpz83k8t2,0.9774
38,Helen Gardiner Phelan Playhouse,dpz83k8mr,1.0
38,Helen Gardiner Phelan Playhouse,dpz83k8mq,0.8417
38,Helen Gardiner Phelan Playhouse,dpz83k8mv,0.9993
38,Helen Gardiner Phelan Playhouse,dpz83k8mt,1.0
38,Helen Gardiner Phelan Playhouse,dpz83k8tg,1.0
38,Helen Gardiner Phelan Playhouse,dpz83k8te,1.0
38,Helen Gardiner Phelan Playhouse,dpz83k8w5,1.0
38,Helen Gardiner Phelan Playhouse,dpz83k8mu,0.8704
38,Helen Gardiner Phelan Playhouse,dpz83k8ms,1.0
38,Helen Gardiner Phelan Playhouse,dpz83k8mk,0.9482
38,Helen Gardiner Phelan Playhouse,dpz83k8tu,1.0
38,Helen Gardiner Phelan Playhouse,dpz83k8ts,1.0
38,Helen Gardiner Phelan Playhouse,dpz83k8wh,1.0
38,Helen Gardiner Phelan Playhouse,dpz83k8me,1.0
38,Helen Gardiner Phelan Playhouse,dpz83k8m7,1.0
38,Helen Gardiner Phelan Playhouse,dpz83k8tt,0.8863
38,Helen Gardiner Phelan Playhouse,dpz83k8md,1.0
38,Helen Gardiner Phelan Playhouse,dpz83k8m6,1.0
38,Helen Gardiner Phelan Playhouse,dpz83k8m9,1.0
38,Helen Gardiner Phelan Playhouse,dpz83k8m3,1.0
38,Helen Gardiner Phelan Playhouse,dpz83k8m8,0.9565
38,Helen Gardiner Phelan Playhouse,dpz83k8m2,1.0
38,Helen Gardiner Phelan Playhouse,dpz83k8m0,0.8577
38,Helen Gardiner Phelan Playhouse,dpz83k8jr,0.9462
39,Heliconian Hall,dpz83q5x5,1.0
39,Heliconian Hall,dpz83q5x4,1.0
39,Heliconian Hall,dpz83q5xh,0.9966
39,Heliconian Hall,dpz83q5x7,0.8587
39,Heliconian Hall,dpz83q5xk,0.9971
39,Heliconian Hall,dpz83q5x1,1.0
39,Heliconian Hall,dpz83q5xj,0.8558
39,Heliconian Hall,dpz83q5xm,0.9272
40,History,dpz87jm88,1.0
40,History,dpz87jm2x,1.0
40,History,dpz87jm89,1.0
40,History,dpz87jm82,1.0
40,History,dpz87jm2r,1.0
40,History,dpz87jm83,1.0
40,History,dpz87jm8b,1.0
40,History,dpz87jm2z,1.0
40,History,dpz87jm8c,1.0
40,History,dpz87jm2w,1.0
40,History,dpz87jm2q,1.0
40,History,dpz87jm2y,1.0
40,History,dpz87jm8d,1.0
40,History,dpz87jm86,1.0
40,History,dpz87jm8f,1.0
40,History,dpz87jm80,1.0
40,History,dpz87jm2p,1.0
40,History,dpz87jm81,1.0
40,History,dpz87jm2n,1.0
40,History,dpz87jm84,1.0
40,History,dpz87jm90,1.0
40,History,dpz87jm3p,1.0
40,History,dpz87jm91,1.0
40,History,dpz87jm3n,1.0
40,History,dpz87jm94,1.0
40,History,dpz87jm2t,1.0
40,History,dpz87jm2m,1.0
40,History,dpz87jm2v,1.0
40,History,dpz87jm2j,1.0
40,History,dpz87jm3j,1.0
40,History,dpz87jm8e,1.0
40,History,dpz87jm87,1.0
40,History,dpz87jm8g,1.0
40,History,dpz87jm85,1.0
40,History,dpz87jm95,1.0
40,History,dpz87jjxb,1.0
40,History,dpz87jjrz,1.0
40,History,dpz87jjxc,1.0
40,History,dpz87jjry,1.0
40,History,dpz87jjxf,1.0
40,History,dpz87jjrv,0.8203
40,History,dpz87jjxg,1.0
40,History,dpz87jm92,1.0
40,History,dpz87jm3r,1.0
40,History,dpz87jm93,1.0
40,History,dpz87jm3q,1.0
40,History,dpz87jm96,1.0
40,History,dpz87jm3m,1.0
40,History,dpz87jm97,1.0
40,History,dpz87jm2s,1.0
40,History,dpz87jm2k,1.0
40,History,dpz87jm2u,1.0
40,History,dpz87jm2h,1.0
40,History,dpz87jm3h,1.0
40,History,dpz87jjru,1.0
40,History,dpz87jm3k,0.9979
40,History,dpz87jm8s,1.0
40,History,dpz87jm8k,1.0
40,History,dpz87jm8u,1.0
40,History,dpz87jm8h,1.0
40,History,dpz87jm9h,1.0
40,History,dpz87jjxu,1.0
40,History,dpz87jm9k,1.0
40,History,dpz87jjx8,1.0
40,History,dpz87jjrx,1.0
40,History,dpz87jjx9,1.0
40,History,dpz87jjrw,0.9284
40,History,dpz87jjxd,1.0
40,History,dpz87jjxe,1.0
40,History,dpz87jjrs,1.0
40,History,dpz87jjxs,1.0
40,History,dpz87jm98,1.0
40,History,dpz87jm3x,0.8833
40,History,dpz87jm99,1.0
40,History,dpz87jm9d,1.0
40,History,dpz87jm9e,1.0
40,History,dpz87jm9s,1.0
40,History,dpz87jm2e,1.0
40,History,dpz87jm27,1.0
40,History,dpz87jm2g,1.0
40,History,dpz87jm25,1.0
40,History,dpz87jm35,1.0
40,History,dpz87jjrg,1.0
40,History,dpz87jm37,0.8354
40,History,dpz87jjre,1.0
40,History,dpz87jm8t,1.0
40,History,dpz87jm8m,1.0
40,History,dpz87jm8v,1.0
40,History,dpz87jm8j,1.0
40,History,dpz87jm9j,1.0
40,History,dpz87jjxv,1.0
40,History,dpz87jm9m,1.0
40,History,dpz87jjxt,1.0
40,History,dpz87jm9t,1.0
40,History,dpz87jjx2,1.0
40,History,dpz87jjrr,1.0
40,History,dpz87jjx3,1.0
40,History,dpz87jjx6,0.8563
40,History,dpz87jjrm,0.8658
40,History,dpz87jjrk,1.0
40,History,dpz87jjr7,1.0
40,History,dpz87jm9u,0.9162
40,History,dpz87jm9v,0.9997
40,History,dpz87jm2d,1.0
40,History,dpz87jm26,1.0
40,History,dpz87jm2f,1.0
40,History,dpz87jm24,1.0
40,History,dpz87jm34,1.0
40,History,dpz87jjrf,1.0
40,History,dpz87jjrd,1.0
40,History,dpz87jjr6,1.0
40,History,dpz87jm8w,1.0
40,History,dpz87jm8q,1.0
40,History,dpz87jm8y,1.0
40,History,dpz87jm8n,1.0
40,History,dpz87jm9n,1.0
40,History,dpz87jjxy,1.0
40,History,dpz87jm9q,1.0
40,History,dpz87jjxw,0.9715
40,History,dpz87jm9w,1.0
40,History,dpz87jm9y,1.0
40,History,dpz87jjrp,0.9359
40,History,dpz87jjr5,0.8064
40,History,dpz87jjr4,0.9841
40,History,dpz87jm29,1.0
40,History,dpz87jm23,1.0
40,History,dpz87jm2c,1.0
40,History,dpz87jm21,1.0
40,History,dpz87jm31,1.0
40,History,dpz87jjrc,1.0
40,History,dpz87jjr9,1.0
40,History,dpz87jjr3,1.0
40,History,dpz87jjr1,1.0
40,History,dpz87jm8x,1.0
40,History,dpz87jm8r,1.0
40,History,dpz87jm8z,1.0
40,History,dpz87jm8p,1.0
40,History,dpz87jm9p,1.0
40,History,dpz87jjxz,1.0
40,History,dpz87jm9r,1.0
40,History,dpz87jjxx,0.9626
40,History,dpz87jm9x,1.0
40,History,dpz87jm9z,1.0
40,History,dpz87jm28,1.0
40,History,dpz87jm22,1.0
40,History,dpz87jm2b,1.0
40,History,dpz87jm20,1.0
40,History,dpz87jm30,0.9871
40,History,dpz87jjrb,1.0
40,History,dpz87jjr8,1.0
40,History,dpz87jjr2,1.0
40,History,dpz87jjr0,1.0
40,History,dpz87jmb8,1.0
40,History,dpz87jmb2,1.0
40,History,dpz87jmbb,1.0
40,History,dpz87jmb0,1.0
40,History,dpz87jmc0,1.0
40,History,dpz87jjzb,1.0
40,History,dpz87jmc2,1.0
40,History,dpz87jjz8,0.9292
40,History,dpz87jmc8,1.0
40,History,dpz87jmcb,1.0
40,History,dpz87jmf0,0.9592
40,History,dpz87jm0x,1.0
40,History,dpz87jm0r,1.0
40,History,dpz87jm0z,1.0
40,History,dpz87jm0p,1.0
40,History,dpz87jjpz,1.0
40,History,dpz87jjpx,1.0
40,History,dpz87jjpr,1.0
40,History,dpz87jjpp,1.0
40,History,dpz87jjnz,0.9865
40,History,dpz87jmb9,1.0
40,History,dpz87jmb3,1.0
40,History,dpz87jmbc,1.0
40,History,dpz87jmb1,1.0
40,History,dpz87jmc1,1.0
40,History,dpz87jjzc,1.0
40,History,dpz87jmc3,1.0
40,History,dpz87jmc9,1.0
40,History,dpz87jmcc,1.0
40,History,dpz87jmf1,1.0
40,History,dpz87jm0w,1.0
40,History,dpz87jm0q,1.0
40,History,dpz87jm0y,1.0
40,History,dpz87jm0n,1.0
40,History,dpz87jjpy,1.0
40,History,dpz87jjpw,1.0
40,History,dpz87jjpq,1.0
40,History,dpz87jjpn,1.0
40,History,dpz87jjny,0.9546
40,History,dpz87jmbd,1.0
40,History,dpz87jmb6,1.0
40,History,dpz87jmbf,1.0
40,History,dpz87jmb4,1.0
40,History,dpz87jmc4,1.0
40,History,dpz87jjzf,1.0
40,History,dpz87jmc6,1.0
40,History,dpz87jmcd,1.0
40,History,dpz87jmcf,1.0
40,History,dpz87jmf4,1.0
40,History,dpz87jm0t,1.0
40,History,dpz87jm0m,1.0
40,History,dpz87jm0v,0.9482
40,History,dpz87jm0j,1.0
40,History,dpz87jjpv,1.0
40,History,dpz87jjpt,1.0
40,History,dpz87jjpm,1.0
40,History,dpz87jjpj,1.0
40,History,dpz87jjnv,1.0
40,History,dpz87jmbe,1.0
40,History,dpz87jmb7,1.0
40,History,dpz87jmbg,1.0
40,History,dpz87jmb5,1.0
40,History,dpz87jmc5,1.0
40,History,dpz87jjzg,0.9681
40,History,dpz87jmc7,1.0
40,History,dpz87jmce,1.0
40,History,dpz87jmcg,1.0
40,History,dpz87jmf5,1.0
40,History,dpz87jm0s,1.0
40,History,dpz87jm0k,1.0
40,History,dpz87jm0h,1.0
40,History,dpz87jjpu,1.0
40,History,dpz87jjps,1.0
40,History,dpz87jjpk,1.0
40,History,dpz87jjph,1.0
40,History,dpz87jjnu,1.0
40,History,dpz87jmbs,1.0
40,History,dpz87jmbk,1.0
40,History,dpz87jmbu,1.0
40,History,dpz87jmbh,1.0
40,History,dpz87jmch,1.0
40,History,dpz87jmck,1.0
40,History,dpz87jmcs,1.0
40,History,dpz87jmcu,1.0
40,History,dpz87jmfh,1.0
40,History,dpz87jmfk,0.904
40,History,dpz87jm0e,1.0
40,History,dpz87jm07,1.0
40,History,dpz87jm05,1.0
40,History,dpz87jjpg,1.0
40,History,dpz87jjpe,1.0
40,History,dpz87jjp7,1.0
40,History,dpz87jjp5,1.0
40,History,dpz87jjng,1.0
40,History,dpz87jjne,1.0
40,History,dpz87jmbt,1.0
40,History,dpz87jmbm,1.0
40,History,dpz87jmbv,1.0
40,History,dpz87jmbj,1.0
40,History,dpz87jmcj,1.0
40,History,dpz87jmcm,1.0
40,History,dpz87jmct,1.0
40,History,dpz87jmcv,1.0
40,History,dpz87jmfj,1.0
40,History,dpz87jmfm,1.0
40,History,dpz87jm0d,1.0
40,History,dpz87jm06,1.0
40,History,dpz87jm04,1.0
40,History,dpz87jjpf,1.0
40,History,dpz87jjpd,1.0
40,History,dpz87jjp6,1.0
40,History,dpz87jjp4,1.0
40,History,dpz87jjnf,1.0
40,History,dpz87jjnd,1.0
40,History,dpz87jmbw,1.0
40,History,dpz87jmbq,1.0
40,History,dpz87jmby,1.0
40,History,dpz87jmbn,1.0
40,History,dpz87jmcn,1.0
40,History,dpz87jmcq,1.0
40,History,dpz87jmcw,1.0
40,History,dpz87jmcy,1.0
40,History,dpz87jmfn,1.0
40,History,dpz87jmfq,1.0
40,History,dpz87jm09,1.0
40,History,dpz87jm03,1.0
40,History,dpz87jm01,1.0
40,History,dpz87jjpc,1.0
40,History,dpz87jjp9,1.0
40,History,dpz87jjp3,1.0
40,History,dpz87jjp1,1.0
40,History,dpz87jjnc,1.0
40,History,dpz87jjn9,1.0
40,History,dpz87jjn3,0.8996
40,History,dpz87jmbx,1.0
40,History,dpz87jmbr,1.0
40,History,dpz87jmbz,1.0
40,History,dpz87jmbp,0.9714
40,History,dpz87jmcp,1.0
40,History,dpz87jmcr,1.0
40,History,dpz87jmcx,1.0
40,History,dpz87jmcz,1.0
40,History,dpz87jmfp,1.0
40,History,dpz87jmfr,0.8897
40,History,dpz87jm08,1.0
40,History,dpz87jm02,1.0
40,History,dpz87jm00,1.0
40,History,dpz87jjpb,1.0
40,History,dpz87jjp8,1.0
40,History,dpz87jjp2,1.0
40,History,dpz87jjp0,1.0
40,History,dpz87jjnb,1.0
40,History,dpz87jjn8,1.0
40,History,dpz87jjn2,1.0
40,History,dpz87jq08,1.0
40,History,dpz87jq02,1.0
40,History,dpz87jq0b,1.0
40,History,dpz87jq00,0.9995
40,History,dpz87jq10,1.0
40,History,dpz87jq12,1.0
40,History,dpz87jq18,1.0
40,History,dpz87jq1b,1.0
40,History,dpz87jq40,1.0
40,History,dpz87jq42,0.8953
40,History,dpz87jkbx,0.9968
40,History,dpz87jkbr,1.0
40,History,dpz87jkbp,1.0
40,History,dpz87jhzz,1.0
40,History,dpz87jhzx,1.0
40,History,dpz87jhzr,1.0
40,History,dpz87jhzp,1.0
40,History,dpz87jhyz,1.0
40,History,dpz87jhyx,1.0
40,History,dpz87jhyr,0.9731
40,History,dpz87jq09,1.0
40,History,dpz87jq03,1.0
40,History,dpz87jq0c,1.0
40,History,dpz87jq01,0.8996
40,History,dpz87jq11,1.0
40,History,dpz87jq13,1.0
40,History,dpz87jq19,1.0
40,History,dpz87jq1c,1.0
40,History,dpz87jq41,1.0
40,History,dpz87jq43,0.9983
40,History,dpz87jkbw,0.8089
40,History,dpz87jkbn,1.0
40,History,dpz87jhzy,1.0
40,History,dpz87jhzw,1.0
40,History,dpz87jhzq,1.0
40,History,dpz87jhzn,1.0
40,History,dpz87jhyy,1.0
40,History,dpz87jhyw,1.0
40,History,dpz87jhyq,0.8565
40,History,dpz87jq06,0.9017
40,History,dpz87jq0f,0.8077
40,History,dpz87jq14,1.0
40,History,dpz87jq16,1.0
40,History,dpz87jq1d,1.0
40,History,dpz87jq1f,1.0
40,History,dpz87jq44,1.0
40,History,dpz87jq46,1.0
40,History,dpz87jkbj,1.0
40,History,dpz87jhzv,1.0
40,History,dpz87jhzt,1.0
40,History,dpz87jhzm,1.0
40,History,dpz87jhzj,1.0
40,History,dpz87jhyv,1.0
40,History,dpz87jhyt,1.0
40,History,dpz87jhym,0.9619
40,History,dpz87jq15,1.0
40,History,dpz87jq17,1.0
40,History,dpz87jq1e,1.0
40,History,dpz87jq1g,1.0
40,History,dpz87jq45,1.0
40,History,dpz87jq47,1.0
40,History,dpz87jq4e,0.997
40,History,dpz87jkbh,0.9632
40,History,dpz87jhzu,1.0
40,History,dpz87jhzs,1.0
40,History,dpz87jhzk,1.0
40,History,dpz87jhzh,1.0
40,History,dpz87jhyu,1.0
40,History,dpz87jhys,1.0
40,History,dpz87jhyk,1.0
40,History,dpz87jq1h,0.9629
40,History,dpz87jq1k,1.0
40,History,dpz87jq1s,0.8573
40,History,dpz87jq1u,0.8316
40,History,dpz87jq4s,0.8569
40,History,dpz87jhzg,0.9854
40,History,dpz87jhze,1.0
40,History,dpz87jhz7,1.0
40,History,dpz87jhz5,1.0
40,History,dpz87jhyg,1.0
40,History,dpz87jhye,0.9262
40,History,dpz87jhz4,0.8955
41,Hot Docs Ted Rogers Cinema,dpz82vp49,1.0
41,Hot Docs Ted Rogers Cinema,dpz82vp48,1.0
41,Hot Docs Ted Rogers Cinema,dpz82vp4d,1.0
41,Hot Docs Ted Rogers Cinema,dpz82vp43,1.0
41,Hot Docs Ted Rogers Cinema,dpz82vp42,1.0
41,Hot Docs Ted Rogers Cinema,dpz82vp46,1.0
41,Hot Docs Ted Rogers Cinema,dpz82vp4c,1.0
41,Hot Docs Ted Rogers Cinema,dpz82vp4b,1.0
41,Hot Docs Ted Rogers Cinema,dpz82vp4f,1.0
41,Hot Docs Ted Rogers Cinema,dpz82vnfx,0.8282
41,Hot Docs Ted Rogers Cinema,dpz82vnfz,1.0
41,Hot Docs Ted Rogers Cinema,dpz82vp47,0.9894
41,Hot Docs Ted Rogers Cinema,dpz82vp41,1.0
41,Hot Docs Ted Rogers Cinema,dpz82vp40,0.9705
41,Hot Docs Ted Rogers Cinema,dpz82vp44,1.0
41,Hot Docs Ted Rogers Cinema,dpz82vp45,1.0
41,Hot Docs Ted Rogers Cinema,dpz82vp51,1.0
41,Hot Docs Ted Rogers Cinema,dpz82vp50,1.0
41,Hot Docs Ted Rogers Cinema,dpz82vp54,0.9076
41,Hot Docs Ted Rogers Cinema,dpz82vngp,1.0
41,Hot Docs Ted Rogers Cinema,dpz82vp1c,1.0
41,Hot Docs Ted Rogers Cinema,dpz82vp1f,1.0
41,Hot Docs Ted Rogers Cinema,dpz82vp1g,1.0
41,Hot Docs Ted Rogers Cinema,dpz82vp1u,0.8803
41,Hot Docs Ted Rogers Cinema,dpz82vp53,1.0
41,Hot Docs Ted Rogers Cinema,dpz82vp52,1.0
41,Hot Docs Ted Rogers Cinema,dpz82vngr,1.0
41,Hot Docs Ted Rogers Cinema,dpz82vngq,0.9543
41,Hot Docs Ted Rogers Cinema,dpz82vp19,1.0
41,Hot Docs Ted Rogers Cinema,dpz82vp1d,1.0
41,Hot Docs Ted Rogers Cinema,dpz82vp1e,1.0
41,Hot Docs Ted Rogers Cinema,dpz82vp1s,1.0
41,Hot Docs Ted Rogers Cinema,dpz82vp59,0.9961
41,Hot Docs Ted Rogers Cinema,dpz82vp58,0.9941
41,Hot Docs Ted Rogers Cinema,dpz82vngx,0.848
42,Isabel Bader Theatre,dpz83mkhr,1.0
42,Isabel Bader Theatre,dpz83mkhq,1.0
42,Isabel Bader Theatre,dpz83mkk2,1.0
42,Isabel Bader Theatre,dpz83mkhp,1.0
42,Isabel Bader Theatre,dpz83mkhn,1.0
42,Isabel Bader Theatre,dpz83mkk0,1.0
42,Isabel Bader Theatre,dpz83mkhx,1.0
42,Isabel Bader Theatre,dpz83mkhw,1.0
42,Isabel Bader Theatre,dpz83mkk8,1.0
42,Isabel Bader Theatre,dpz83mkhm,1.0
42,Isabel Bader Theatre,dpz83mkhj,1.0
42,Isabel Bader Theatre,dpz83mkht,0.9879
42,Isabel Bader Theatre,dpz83mkk3,1.0
42,Isabel Bader Theatre,dpz83mkk1,1.0
42,Isabel Bader Theatre,dpz83mkk9,1.0
42,Isabel Bader Theatre,dpz83mk5z,1.0
42,Isabel Bader Theatre,dpz83mk5y,1.0
42,Isabel Bader Theatre,dpz83mk7b,1.0
42,Isabel Bader Theatre,dpz83mk5v,1.0
42,Isabel Bader Theatre,dpz83mk7c,1.0
42,Isabel Bader Theatre,dpz83mkkb,0.9659
42,Isabel Bader Theatre,dpz83mkkc,1.0
42,Isabel Bader Theatre,dpz83mkhk,1.0
42,Isabel Bader Theatre,dpz83mkhh,1.0
42,Isabel Bader Theatre,dpz83mkhs,0.8235
42,Isabel Bader Theatre,dpz83mk5u,1.0
42,Isabel Bader Theatre,dpz83mkk6,1.0
42,Isabel Bader Theatre,dpz83mkk4,1.0
42,Isabel Bader Theatre,dpz83mkkd,1.0
42,Isabel Bader Theatre,dpz83mk7f,1.0
42,Isabel Bader Theatre,dpz83mkkf,1.0
42,Isabel Bader Theatre,dpz83mk5x,1.0
42,Isabel Bader Theatre,dpz83mk5w,1.0
42,Isabel Bader Theatre,dpz83mk78,1.0
42,Isabel Bader Theatre,dpz83mk5t,1.0
42,Isabel Bader Theatre,dpz83mk79,1.0
42,Isabel Bader Theatre,dpz83mk5s,1.0
42,Isabel Bader Theatre,dpz83mk7d,0.893
42,Isabel Bader Theatre,dpz83mkh7,1.0
42,Isabel Bader Theatre,dpz83mkh5,1.0
42,Isabel Bader Theatre,dpz83mkhe,0.8342
42,Isabel Bader Theatre,dpz83mk5g,0.989
42,Isabel Bader Theatre,dpz83mkk7,1.0
42,Isabel Bader Theatre,dpz83mkk5,1.0
42,Isabel Bader Theatre,dpz83mkke,1.0
42,Isabel Bader Theatre,dpz83mk7g,1.0
42,Isabel Bader Theatre,dpz83mkkg,1.0
42,Isabel Bader Theatre,dpz83mk5r,0.8501
42,Isabel Bader Theatre,dpz83mk5q,0.8497
42,Isabel Bader Theatre,dpz83mk5m,0.8726
42,Isabel Bader Theatre,dpz83mk5k,0.9967
42,Isabel Bader Theatre,dpz83mkh6,0.8974
42,Isabel Bader Theatre,dpz83mkhd,0.9171
42,Isabel Bader Theatre,dpz83mkkk,1.0
42,Isabel Bader Theatre,dpz83mkkh,1.0
42,Isabel Bader Theatre,dpz83mkks,0.8959
43,It's Ok* Studios,dpz831ytk,1.0
43,It's Ok* Studios,dpz831yt7,1.0
43,It's Ok* Studios,dpz831yth,1.0
43,It's Ok* Studios,dpz831yt5,1.0
43,It's Ok* Studios,dpz831ytj,0.9979
43,It's Ok* Studios,dpz831yts,1.0
43,It's Ok* Studios,dpz831yte,1.0
43,It's Ok* Studios,dpz831yt6,0.8586
43,It's Ok* Studios,dpz831ytd,1.0
43,It's Ok* Studios,dpz831ysu,1.0
43,It's Ok* Studios,dpz831ysg,0.9755
43,It's Ok* Studios,dpz831ysv,1.0
43,It's Ok* Studios,dpz831ytu,0.9257
43,It's Ok* Studios,dpz831ytg,1.0
43,It's Ok* Studios,dpz831ytf,1.0
43,It's Ok* Studios,dpz831yss,0.9005
44,Jazz Bistro,dpz83emcq,0.9944
44,Jazz Bistro,dpz83emcm,1.0
44,Jazz Bistro,dpz83emcr,0.8376
44,Jazz Bistro,dpz83emcx,0.8696
44,Jazz Bistro,dpz83emck,1.0
44,Jazz Bistro,dpz83eq18,0.9983
44,Jazz Bistro,dpz83emc7,0.9896
44,Jazz Bistro,dpz83eq19,1.0
44,Jazz Bistro,dpz83emc6,0.8303
45,Lakeshore Arts,dpz2p5v9p,0.9846
45,Lakeshore Arts,dpz2p5v9n,0.8484
45,Lakeshore Arts,dpz2p5vc0,0.9329
46,Lula Lounge,dpz826jsc,1.0
46,Lula Lounge,dpz826jsb,1.0
46,Lula Lounge,dpz826jsf,1.0
46,Lula Lounge,dpz826js9,1.0
46,Lula Lounge,dpz826js8,1.0
46,Lula Lounge,dpz826jsd,1.0
46,Lula Lounge,dpz826jt1,1.0
46,Lula Lounge,dpz826jt0,1.0
46,Lula Lounge,dpz826jt4,1.0
46,Lula Lounge,dpz826jmp,0.9567
46,Lula Lounge,dpz826jsg,1.0
46,Lula Lounge,dpz826jse,1.0
46,Lula Lounge,dpz826jt5,1.0
46,Lula Lounge,dpz826jt3,1.0
46,Lula Lounge,dpz826jt2,1.0
46,Lula Lounge,dpz826jt6,1.0
46,Lula Lounge,dpz826jmr,1.0
46,Lula Lounge,dpz826jt7,0.8215
46,Lula Lounge,dpz826jss,0.8736
46,Lula Lounge,dpz826jt9,1.0
46,Lula Lounge,dpz826jt8,1.0
46,Lula Lounge,dpz826jtd,1.0
46,Lula Lounge,dpz826jmx,1.0
46,Lula Lounge,dpz826jmw,0.8072
46,Lula Lounge,dpz826jtc,1.0
46,Lula Lounge,dpz826jtb,1.0
46,Lula Lounge,dpz826jtf,0.9868
46,Lula Lounge,dpz826jmz,1.0
46,Lula Lounge,dpz826jmy,1.0
47,Mabelle Park,dpz2q33q8,1.0
47,Mabelle Park,dpz2q33nx,1.0
47,Mabelle Park,dpz2q33q9,1.0
47,Mabelle Park,dpz2q33q2,1.0
47,Mabelle Park,dpz2q33nr,1.0
47,Mabelle Park,dpz2q33q3,1.0
47,Mabelle Park,dpz2q33qb,1.0
47,Mabelle Park,dpz2q33nz,1.0
47,Mabelle Park,dpz2q33qc,1.0
47,Mabelle Park,dpz2q33nw,1.0
47,Mabelle Park,dpz2q33nq,1.0
47,Mabelle Park,dpz2q33ny,0.8142
47,Mabelle Park,dpz2q33qd,1.0
47,Mabelle Park,dpz2q33q6,1.0
47,Mabelle Park,dpz2q33qf,0.9995
47,Mabelle Park,dpz2q33q0,1.0
47,Mabelle Park,dpz2q33np,1.0
47,Mabelle Park,dpz2q33q1,1.0
47,Mabelle Park,dpz2q33nn,1.0
47,Mabelle Park,dpz2q33q4,1.0
47,Mabelle Park,dpz2q33r0,1.0
47,Mabelle Park,dpz2q33r1,0.9249
47,Mabelle Park,dpz2q33nt,0.9152
47,Mabelle Park,dpz2q33nm,1.0
47,Mabelle Park,dpz2q33nj,1.0
47,Mabelle Park,dpz2q33qe,1.0
47,Mabelle Park,dpz2q33q7,1.0
47,Mabelle Park,dpz2q33q5,1.0
47,Mabelle Park,dpz2q33mb,1.0
47,Mabelle Park,dpz2q33jz,1.0
47,Mabelle Park,dpz2q33mc,1.0
47,Mabelle Park,dpz2q33jy,1.0
47,Mabelle Park,dpz2q33mf,1.0
47,Mabelle Park,dpz2q33jv,1.0
47,Mabelle Park,dpz2q33mg,1.0
47,Mabelle Park,dpz2q33nk,0.9771
47,Mabelle Park,dpz2q33nh,1.0
47,Mabelle Park,dpz2q33ju,1.0
47,Mabelle Park,dpz2q33qs,0.8692
47,Mabelle Park,dpz2q33qk,1.0
47,Mabelle Park,dpz2q33qh,1.0
47,Mabelle Park,dpz2q33mu,1.0
47,Mabelle Park,dpz2q33m8,1.0
47,Mabelle Park,dpz2q33jx,1.0
47,Mabelle Park,dpz2q33m9,1.0
47,Mabelle Park,dpz2q33jw,1.0
47,Mabelle Park,dpz2q33md,1.0
47,Mabelle Park,dpz2q33jt,1.0
47,Mabelle Park,dpz2q33me,1.0
47,Mabelle Park,dpz2q33js,0.9861
47,Mabelle Park,dpz2q33ms,1.0
47,Mabelle Park,dpz2q33n5,0.9999
47,Mabelle Park,dpz2q33jg,1.0
47,Mabelle Park,dpz2q33qm,0.988
47,Mabelle Park,dpz2q33qj,1.0
47,Mabelle Park,dpz2q33mv,1.0
47,Mabelle Park,dpz2q33mt,1.0
47,Mabelle Park,dpz2q33m2,1.0
47,Mabelle Park,dpz2q33jr,1.0
47,Mabelle Park,dpz2q33m3,1.0
47,Mabelle Park,dpz2q33jq,0.9523
47,Mabelle Park,dpz2q33m6,1.0
47,Mabelle Park,dpz2q33m7,1.0
47,Mabelle Park,dpz2q33mk,1.0
47,Mabelle Park,dpz2q33mm,1.0
47,Mabelle Park,dpz2q33jf,0.9892
47,Mabelle Park,dpz2q33qn,1.0
47,Mabelle Park,dpz2q33my,1.0
47,Mabelle Park,dpz2q33mw,1.0
47,Mabelle Park,dpz2q33mq,1.0
47,Mabelle Park,dpz2q33m0,0.805
47,Mabelle Park,dpz2q33m1,1.0
47,Mabelle Park,dpz2q33m4,1.0
47,Mabelle Park,dpz2q33m5,1.0
47,Mabelle Park,dpz2q33mh,1.0
47,Mabelle Park,dpz2q33mj,1.0
47,Mabelle Park,dpz2q33mn,1.0
47,Mabelle Park,dpz2q33mz,1.0
47,Mabelle Park,dpz2q33mx,1.0
47,Mabelle Park,dpz2q33mr,1.0
47,Mabelle Park,dpz2q33mp,1.0
47,Mabelle Park,dpz2q33tb,0.9612
47,Mabelle Park,dpz2q33t8,1.0
47,Mabelle Park,dpz2q33t2,1.0
47,Mabelle Park,dpz2q33t0,0.9235
47,Mabelle Park,dpz2q33t9,1.0
47,Mabelle Park,dpz2q33t3,1.0
47,Mabelle Park,dpz2q33t6,1.0
48,Malvern Library,dpz9jrh9d,1.0
48,Malvern Library,dpz9jrh99,1.0
48,Malvern Library,dpz9jrh9e,1.0
48,Malvern Library,dpz9jrh96,1.0
48,Malvern Library,dpz9jrh93,1.0
48,Malvern Library,dpz9jrh97,1.0
48,Malvern Library,dpz9jrh9f,1.0
48,Malvern Library,dpz9jrh9c,1.0
48,Malvern Library,dpz9jrh9g,1.0
48,Malvern Library,dpz9jrh98,1.0
48,Malvern Library,dpz9jrh92,1.0
48,Malvern Library,dpz9jrh9b,1.0
48,Malvern Library,dpz9jrh9s,1.0
48,Malvern Library,dpz9jrh9k,1.0
48,Malvern Library,dpz9jrh9u,1.0
48,Malvern Library,dpz9jrh94,1.0
48,Malvern Library,dpz9jrh91,1.0
48,Malvern Library,dpz9jrh95,1.0
48,Malvern Library,dpz9jrh90,1.0
48,Malvern Library,dpz9jrh9h,1.0
48,Malvern Library,dpz9jrhd4,1.0
48,Malvern Library,dpz9jrhd1,1.0
48,Malvern Library,dpz9jrhd5,1.0
48,Malvern Library,dpz9jrhd0,1.0
48,Malvern Library,dpz9jrhdh,1.0
48,Malvern Library,dpz9jrh3x,1.0
48,Malvern Library,dpz9jrh3r,1.0
48,Malvern Library,dpz9jrh3z,1.0
48,Malvern Library,dpz9jrh3p,1.0
48,Malvern Library,dpz9jrh6p,1.0
48,Malvern Library,dpz9jrh9t,1.0
48,Malvern Library,dpz9jrh9m,1.0
48,Malvern Library,dpz9jrh9v,1.0
48,Malvern Library,dpz9jrh9j,1.0
48,Malvern Library,dpz9jrhdj,1.0
48,Malvern Library,dpz9jrh8f,1.0
48,Malvern Library,dpz9jrh8c,1.0
48,Malvern Library,dpz9jrh8g,1.0
48,Malvern Library,dpz9jrh8b,1.0
48,Malvern Library,dpz9jrh8u,1.0
48,Malvern Library,dpz9jrh2z,1.0
48,Malvern Library,dpz9jrh8v,1.0
48,Malvern Library,dpz9jrhd6,1.0
48,Malvern Library,dpz9jrhd3,1.0
48,Malvern Library,dpz9jrhd7,1.0
48,Malvern Library,dpz9jrhd2,1.0
48,Malvern Library,dpz9jrhdk,1.0
48,Malvern Library,dpz9jrh6r,1.0
48,Malvern Library,dpz9jrhdm,1.0
48,Malvern Library,dpz9jrh3w,1.0
48,Malvern Library,dpz9jrh3q,1.0
48,Malvern Library,dpz9jrh3y,1.0
48,Malvern Library,dpz9jrh3n,1.0
48,Malvern Library,dpz9jrh6n,1.0
48,Malvern Library,dpz9jrh2y,1.0
48,Malvern Library,dpz9jrh6q,1.0
48,Malvern Library,dpz9jrh9w,1.0
48,Malvern Library,dpz9jrh9q,1.0
48,Malvern Library,dpz9jrh9y,1.0
48,Malvern Library,dpz9jrh9n,1.0
48,Malvern Library,dpz9jrhdn,1.0
48,Malvern Library,dpz9jrh8y,1.0
48,Malvern Library,dpz9jrhdq,1.0
48,Malvern Library,dpz9jrh8d,1.0
48,Malvern Library,dpz9jrh89,1.0
48,Malvern Library,dpz9jrh8e,1.0
48,Malvern Library,dpz9jrh88,1.0
48,Malvern Library,dpz9jrh8s,1.0
48,Malvern Library,dpz9jrh2x,1.0
48,Malvern Library,dpz9jrh8t,1.0
48,Malvern Library,dpz9jrh2w,1.0
48,Malvern Library,dpz9jrh8w,1.0
48,Malvern Library,dpz9jrhdd,1.0
48,Malvern Library,dpz9jrhd9,1.0
48,Malvern Library,dpz9jrhde,1.0
48,Malvern Library,dpz9jrhd8,1.0
48,Malvern Library,dpz9jrhds,1.0
48,Malvern Library,dpz9jrh6x,1.0
48,Malvern Library,dpz9jrhdt,1.0
48,Malvern Library,dpz9jrh6w,1.0
48,Malvern Library,dpz9jrhdw,1.0
48,Malvern Library,dpz9jrh3t,1.0
48,Malvern Library,dpz9jrh3m,1.0
48,Malvern Library,dpz9jrh3v,1.0
48,Malvern Library,dpz9jrh3j,1.0
48,Malvern Library,dpz9jrh6j,1.0
48,Malvern Library,dpz9jrh2v,1.0
48,Malvern Library,dpz9jrh6m,1.0
48,Malvern Library,dpz9jrh2t,1.0
48,Malvern Library,dpz9jrh6t,1.0
48,Malvern Library,dpz9jrh9x,1.0
48,Malvern Library,dpz9jrh9r,1.0
48,Malvern Library,dpz9jrh9z,1.0
48,Malvern Library,dpz9jrh9p,0.94
48,Malvern Library,dpz9jrhdp,1.0
48,Malvern Library,dpz9jrh8z,1.0
48,Malvern Library,dpz9jrhdr,1.0
48,Malvern Library,dpz9jrh8x,1.0
48,Malvern Library,dpz9jrhdx,1.0
48,Malvern Library,dpz9jrh86,1.0
48,Malvern Library,dpz9jrh83,1.0
48,Malvern Library,dpz9jrh87,1.0
48,Malvern Library,dpz9jrh82,1.0
48,Malvern Library,dpz9jrh8k,1.0
48,Malvern Library,dpz9jrh2r,1.0
48,Malvern Library,dpz9jrh8m,1.0
48,Malvern Library,dpz9jrh2q,1.0
48,Malvern Library,dpz9jrh8q,1.0
48,Malvern Library,dpz9jrh2m,1.0
48,Malvern Library,dpz9jrh8r,1.0
48,Malvern Library,dpz9jrhdf,1.0
48,Malvern Library,dpz9jrhdc,1.0
48,Malvern Library,dpz9jrhdg,1.0
48,Malvern Library,dpz9jrhdb,1.0
48,Malvern Library,dpz9jrhdu,1.0
48,Malvern Library,dpz9jrh6z,1.0
48,Malvern Library,dpz9jrhdv,1.0
48,Malvern Library,dpz9jrh6y,1.0
48,Malvern Library,dpz9jrhdy,1.0
48,Malvern Library,dpz9jrh6v,1.0
48,Malvern Library,dpz9jrhdz,1.0
48,Malvern Library,dpz9jrh3s,1.0
48,Malvern Library,dpz9jrh3k,1.0
48,Malvern Library,dpz9jrh3u,1.0
48,Malvern Library,dpz9jrh3h,1.0
48,Malvern Library,dpz9jrh6h,1.0
48,Malvern Library,dpz9jrh2u,1.0
48,Malvern Library,dpz9jrh6k,1.0
48,Malvern Library,dpz9jrh2s,1.0
48,Malvern Library,dpz9jrh6s,1.0
48,Malvern Library,dpz9jrh2k,1.0
48,Malvern Library,dpz9jrh6u,1.0
48,Malvern Library,dpz9jrhc8,1.0
48,Malvern Library,dpz9jrhc2,1.0
48,Malvern Library,dpz9jrhcb,1.0
48,Malvern Library,dpz9jrhf0,1.0
48,Malvern Library,dpz9jrhf2,1.0
48,Malvern Library,dpz9jrhf8,1.0
48,Malvern Library,dpz9jrhb2,0.9787
48,Malvern Library,dpz9jrhfb,1.0
48,Malvern Library,dpz9jrh84,1.0
48,Malvern Library,dpz9jrh81,1.0
48,Malvern Library,dpz9jrh85,1.0
48,Malvern Library,dpz9jrh80,1.0
48,Malvern Library,dpz9jrh8h,1.0
48,Malvern Library,dpz9jrh2p,1.0
48,Malvern Library,dpz9jrh8j,1.0
48,Malvern Library,dpz9jrh2n,1.0
48,Malvern Library,dpz9jrh8n,1.0
48,Malvern Library,dpz9jrh2j,1.0
48,Malvern Library,dpz9jrh8p,1.0
48,Malvern Library,dpz9jrh2h,0.933
48,Malvern Library,dpz9jrhb0,1.0
48,Malvern Library,dpz9jrhe4,1.0
48,Malvern Library,dpz9jrhe1,1.0
48,Malvern Library,dpz9jrhe5,1.0
48,Malvern Library,dpz9jrhe0,1.0
48,Malvern Library,dpz9jrheh,1.0
48,Malvern Library,dpz9jrh7p,1.0
48,Malvern Library,dpz9jrhej,1.0
48,Malvern Library,dpz9jrh7n,1.0
48,Malvern Library,dpz9jrhen,1.0
48,Malvern Library,dpz9jrh7j,1.0
48,Malvern Library,dpz9jrhep,1.0
48,Malvern Library,dpz9jrh7h,1.0
48,Malvern Library,dpz9jrhg0,1.0
48,Malvern Library,dpz9jrh3e,1.0
48,Malvern Library,dpz9jrh37,1.0
48,Malvern Library,dpz9jrh3g,0.9999
48,Malvern Library,dpz9jrh35,1.0
48,Malvern Library,dpz9jrh65,0.9863
48,Malvern Library,dpz9jrh2g,1.0
48,Malvern Library,dpz9jrh67,1.0
48,Malvern Library,dpz9jrh2e,1.0
48,Malvern Library,dpz9jrh6e,1.0
48,Malvern Library,dpz9jrh27,1.0
48,Malvern Library,dpz9jrh6g,1.0
48,Malvern Library,dpz9jrh25,0.994
48,Malvern Library,dpz9jrh75,1.0
48,Malvern Library,dpz9jrhc9,1.0
48,Malvern Library,dpz9jrhc3,0.9835
48,Malvern Library,dpz9jrhcc,1.0
48,Malvern Library,dpz9jrhf1,1.0
48,Malvern Library,dpz9jrhf3,1.0
48,Malvern Library,dpz9jrhf9,1.0
48,Malvern Library,dpz9jrhfc,1.0
48,Malvern Library,dpz9jrhb1,0.9961
48,Malvern Library,dpz9jrhg1,1.0
48,Malvern Library,dpz9jquxf,1.0
48,Malvern Library,dpz9jquxc,1.0
48,Malvern Library,dpz9jquxg,1.0
48,Malvern Library,dpz9jquxb,1.0
48,Malvern Library,dpz9jquxu,1.0
48,Malvern Library,dpz9jqurz,1.0
48,Malvern Library,dpz9jquxv,1.0
48,Malvern Library,dpz9jqury,1.0
48,Malvern Library,dpz9jquxy,1.0
48,Malvern Library,dpz9jquxz,0.999
48,Malvern Library,dpz9jrhe6,1.0
48,Malvern Library,dpz9jrhe3,1.0
48,Malvern Library,dpz9jrhe7,1.0
48,Malvern Library,dpz9jrhe2,1.0
48,Malvern Library,dpz9jrhek,1.0
48,Malvern Library,dpz9jrh7r,1.0
48,Malvern Library,dpz9jrhem,1.0
48,Malvern Library,dpz9jrh7q,0.9952
48,Malvern Library,dpz9jrheq,1.0
48,Malvern Library,dpz9jrh7m,0.8388
48,Malvern Library,dpz9jrher,1.0
48,Malvern Library,dpz9jrhg2,1.0
48,Malvern Library,dpz9jrhg3,1.0
48,Malvern Library,dpz9jrh3d,1.0
48,Malvern Library,dpz9jrh36,1.0
48,Malvern Library,dpz9jrh3f,0.8802
48,Malvern Library,dpz9jrh34,1.0
48,Malvern Library,dpz9jrh2f,0.9996
48,Malvern Library,dpz9jrh6d,0.9294
48,Malvern Library,dpz9jrh6f,1.0
48,Malvern Library,dpz9jrh74,1.0
48,Malvern Library,dpz9jrhcd,1.0
48,Malvern Library,dpz9jrhcf,1.0
48,Malvern Library,dpz9jrhf4,1.0
48,Malvern Library,dpz9jrhf6,1.0
48,Malvern Library,dpz9jrhfd,1.0
48,Malvern Library,dpz9jrhff,1.0
48,Malvern Library,dpz9jrhg4,1.0
48,Malvern Library,dpz9jrhg6,1.0
48,Malvern Library,dpz9jquxd,1.0
48,Malvern Library,dpz9jqux9,1.0
48,Malvern Library,dpz9jquxe,1.0
48,Malvern Library,dpz9jqux8,1.0
48,Malvern Library,dpz9jquxs,1.0
48,Malvern Library,dpz9jqurx,1.0
48,Malvern Library,dpz9jquxt,0.957
48,Malvern Library,dpz9jrhed,0.9623
48,Malvern Library,dpz9jrhee,1.0
48,Malvern Library,dpz9jrhes,1.0
48,Malvern Library,dpz9jrhet,1.0
48,Malvern Library,dpz9jrhew,1.0
48,Malvern Library,dpz9jrhex,1.0
48,Malvern Library,dpz9jrhg8,1.0
48,Malvern Library,dpz9jrhg9,1.0
48,Malvern Library,dpz9jrhgd,1.0
48,Malvern Library,dpz9jrh39,1.0
48,Malvern Library,dpz9jrh33,0.9865
48,Malvern Library,dpz9jrhce,1.0
48,Malvern Library,dpz9jrhcg,1.0
48,Malvern Library,dpz9jrhf5,1.0
48,Malvern Library,dpz9jrhf7,1.0
48,Malvern Library,dpz9jrhfe,1.0
48,Malvern Library,dpz9jrhfg,1.0
48,Malvern Library,dpz9jrhg5,1.0
48,Malvern Library,dpz9jrhg7,1.0
48,Malvern Library,dpz9jrhge,1.0
48,Malvern Library,dpz9jqux6,1.0
48,Malvern Library,dpz9jqux3,1.0
48,Malvern Library,dpz9jqux7,1.0
48,Malvern Library,dpz9jqux2,0.963
48,Malvern Library,dpz9jquxk,0.8822
48,Malvern Library,dpz9jrhey,0.8982
48,Malvern Library,dpz9jrhez,1.0
48,Malvern Library,dpz9jrhgb,1.0
48,Malvern Library,dpz9jrhgc,1.0
48,Malvern Library,dpz9jrhgf,1.0
48,Malvern Library,dpz9jrhgg,1.0
48,Malvern Library,dpz9jrh38,1.0
48,Malvern Library,dpz9jrhcs,1.0
48,Malvern Library,dpz9jrhcu,1.0
48,Malvern Library,dpz9jrhfh,1.0
48,Malvern Library,dpz9jrhfk,1.0
48,Malvern Library,dpz9jrhfs,1.0
48,Malvern Library,dpz9jrhfu,1.0
48,Malvern Library,dpz9jrhgh,1.0
48,Malvern Library,dpz9jrhgk,1.0
48,Malvern Library,dpz9jrhgs,0.8554
48,Malvern Library,dpz9jqux5,0.8639
48,Malvern Library,dpz9jrhu4,0.814
48,Malvern Library,dpz9jrhu5,0.9453
48,Malvern Library,dpz9jrhct,0.9803
48,Malvern Library,dpz9jrhcv,1.0
48,Malvern Library,dpz9jrhfj,1.0
48,Malvern Library,dpz9jrhfm,1.0
48,Malvern Library,dpz9jrhft,1.0
48,Malvern Library,dpz9jrhfv,0.9913
48,Malvern Library,dpz9jrhcy,1.0
48,Malvern Library,dpz9jrhfn,1.0
48,Malvern Library,dpz9jrhfq,0.9299
48,Malvern Library,dpz9jrhcz,1.0
48,Malvern Library,dpz9jrhfp,0.9992
48,Malvern Library,dpz9jrj1b,1.0
48,Malvern Library,dpz9jrj40,1.0
48,Malvern Library,dpz9jrj1c,0.9521
49,Massey Hall,dpz83dvyz,1.0
49,Massey Hall,dpz83dvyy,1.0
49,Massey Hall,dpz83dynb,1.0
49,Massey Hall,dpz83dvyx,1.0
49,Massey Hall,dpz83dvyw,1.0
49,Massey Hall,dpz83dyn8,1.0
49,Massey Hall,dpz83dvzp,1.0
49,Massey Hall,dpz83dvzn,1.0
49,Massey Hall,dpz83dyp0,1.0
49,Massey Hall,dpz83dvyv,1.0
49,Massey Hall,dpz83dvyt,1.0
49,Massey Hall,dpz83dvzj,1.0
49,Massey Hall,dpz83dync,1.0
49,Massey Hall,dpz83dyn9,1.0
49,Massey Hall,dpz83dyp1,1.0
49,Massey Hall,dpz83dvyr,1.0
49,Massey Hall,dpz83dvyq,1.0
49,Massey Hall,dpz83dyn2,1.0
49,Massey Hall,dpz83dvym,1.0
49,Massey Hall,dpz83dyn3,1.0
49,Massey Hall,dpz83dvzr,1.0
49,Massey Hall,dpz83dvzq,1.0
49,Massey Hall,dpz83dyp2,1.0
49,Massey Hall,dpz83dvzm,1.0
49,Massey Hall,dpz83dyp3,1.0
49,Massey Hall,dpz83dvyu,1.0
49,Massey Hall,dpz83dvys,1.0
49,Massey Hall,dpz83dvzh,1.0
49,Massey Hall,dpz83dvyk,1.0
49,Massey Hall,dpz83dvzk,1.0
49,Massey Hall,dpz83dynf,1.0
49,Massey Hall,dpz83dynd,1.0
49,Massey Hall,dpz83dyp4,1.0
49,Massey Hall,dpz83dyn6,1.0
49,Massey Hall,dpz83dyp6,1.0
49,Massey Hall,dpz83dvyp,1.0
49,Massey Hall,dpz83dvyn,1.0
49,Massey Hall,dpz83dyn0,1.0
49,Massey Hall,dpz83dvyj,1.0
49,Massey Hall,dpz83dyn1,1.0
49,Massey Hall,dpz83dvyh,1.0
49,Massey Hall,dpz83dyn4,1.0
49,Massey Hall,dpz83dvzx,1.0
49,Massey Hall,dpz83dvzw,1.0
49,Massey Hall,dpz83dyp8,1.0
49,Massey Hall,dpz83dvzt,1.0
49,Massey Hall,dpz83dyp9,1.0
49,Massey Hall,dpz83dvzs,1.0
49,Massey Hall,dpz83dypd,1.0
49,Massey Hall,dpz83dvyg,1.0
49,Massey Hall,dpz83dvye,1.0
49,Massey Hall,dpz83dvz5,1.0
49,Massey Hall,dpz83dvy7,0.9962
49,Massey Hall,dpz83dvz7,1.0
49,Massey Hall,dpz83dvze,1.0
49,Massey Hall,dpz83dyng,1.0
49,Massey Hall,dpz83dyne,1.0
49,Massey Hall,dpz83dyp5,1.0
49,Massey Hall,dpz83dyn7,1.0
49,Massey Hall,dpz83dyp7,1.0
49,Massey Hall,dpz83dyn5,1.0
49,Massey Hall,dpz83dvvz,1.0
49,Massey Hall,dpz83dvvy,1.0
49,Massey Hall,dpz83dyjb,1.0
49,Massey Hall,dpz83dvvv,1.0
49,Massey Hall,dpz83dyjc,1.0
49,Massey Hall,dpz83dvvu,1.0
49,Massey Hall,dpz83dyjf,1.0
49,Massey Hall,dpz83dyjg,1.0
49,Massey Hall,dpz83dvzz,1.0
49,Massey Hall,dpz83dvzy,1.0
49,Massey Hall,dpz83dypb,1.0
49,Massey Hall,dpz83dvzv,0.9951
49,Massey Hall,dpz83dypc,1.0
49,Massey Hall,dpz83dvzu,0.8483
49,Massey Hall,dpz83dypf,1.0
49,Massey Hall,dpz83dvyf,0.9254
49,Massey Hall,dpz83dvz4,1.0
49,Massey Hall,dpz83dvz6,1.0
49,Massey Hall,dpz83dvzd,1.0
49,Massey Hall,dpz83dynu,0.955
49,Massey Hall,dpz83dyns,1.0
49,Massey Hall,dpz83dynk,1.0
49,Massey Hall,dpz83dynh,1.0
49,Massey Hall,dpz83dyju,0.9672
49,Massey Hall,dpz83dvvx,0.9921
49,Massey Hall,dpz83dvvw,1.0
49,Massey Hall,dpz83dyj8,0.836
49,Massey Hall,dpz83dvvt,1.0
49,Massey Hall,dpz83dvvs,0.9095
49,Massey Hall,dpz83en04,0.8267
49,Massey Hall,dpz83dvz9,0.9729
49,Massey Hall,dpz83dynm,0.821
49,Massey Hall,dpz83dynj,1.0
50,Mercer Union,dpz827b47,1.0
50,Mercer Union,dpz827b4k,1.0
50,Mercer Union,dpz827b45,0.9783
50,Mercer Union,dpz827b4h,1.0
50,Mercer Union,dpz827b4e,1.0
50,Mercer Union,dpz827b4d,0.8424
50,Mercer Union,dpz827b4s,1.0
50,Mercer Union,dpz827b4j,0.9888
50,Mercer Union,dpz827b4g,1.0
50,Mercer Union,dpz827b4f,1.0
50,Mercer Union,dpz827b4u,0.9119
51,Meridian Arts Centre,dpz8bzk5t,1.0
51,Meridian Arts Centre,dpz8bzk5s,1.0
51,Meridian Arts Centre,dpz8bzk5w,1.0
51,Meridian Arts Centre,dpz8bzk5m,1.0
51,Meridian Arts Centre,dpz8bzk5k,1.0
51,Meridian Arts Centre,dpz8bzk5q,1.0
51,Meridian Arts Centre,dpz8bzk5v,1.0
51,Meridian Arts Centre,dpz8bzk5u,1.0
51,Meridian Arts Centre,dpz8bzk5y,1.0
51,Meridian Arts Centre,dpz8bzk5e,1.0
51,Meridian Arts Centre,dpz8bzk57,1.0
51,Meridian Arts Centre,dpz8bzk5g,1.0
51,Meridian Arts Centre,dpz8bzk5x,1.0
51,Meridian Arts Centre,dpz8bzk5r,1.0
51,Meridian Arts Centre,dpz8bzk5z,1.0
51,Meridian Arts Centre,dpz8bzk5j,1.0
51,Meridian Arts Centre,dpz8bzk5h,1.0
51,Meridian Arts Centre,dpz8bzk5n,1.0
51,Meridian Arts Centre,dpz8bzk55,1.0
51,Meridian Arts Centre,dpz8bzk5p,1.0
51,Meridian Arts Centre,dpz8bzkhj,1.0
51,Meridian Arts Centre,dpz8bzkhh,1.0
51,Meridian Arts Centre,dpz8bzkhn,1.0
51,Meridian Arts Centre,dpz8bzkh5,1.0
51,Meridian Arts Centre,dpz8bzkhp,1.0
51,Meridian Arts Centre,dpz8bzk5d,1.0
51,Meridian Arts Centre,dpz8bzk56,1.0
51,Meridian Arts Centre,dpz8bzk5f,1.0
51,Meridian Arts Centre,dpz8bzk54,1.0
51,Meridian Arts Centre,dpz8bzkh4,1.0
51,Meridian Arts Centre,dpz8bzk78,1.0
51,Meridian Arts Centre,dpz8bzk72,1.0
51,Meridian Arts Centre,dpz8bzk7b,1.0
51,Meridian Arts Centre,dpz8bzk70,1.0
51,Meridian Arts Centre,dpz8bzkk0,1.0
51,Meridian Arts Centre,dpz8bzk4v,1.0
51,Meridian Arts Centre,dpz8bzk4u,1.0
51,Meridian Arts Centre,dpz8bzk4y,1.0
51,Meridian Arts Centre,dpz8bzk4g,1.0
51,Meridian Arts Centre,dpz8bzk4z,1.0
51,Meridian Arts Centre,dpz8bzk4f,1.0
51,Meridian Arts Centre,dpz8bzk6b,1.0
51,Meridian Arts Centre,dpz8bzkhm,1.0
51,Meridian Arts Centre,dpz8bzkhk,1.0
51,Meridian Arts Centre,dpz8bzkhq,1.0
51,Meridian Arts Centre,dpz8bzkh7,1.0
51,Meridian Arts Centre,dpz8bzkhr,1.0
51,Meridian Arts Centre,dpz8bzkh6,1.0
51,Meridian Arts Centre,dpz8bzkk2,1.0
51,Meridian Arts Centre,dpz8bzk59,1.0
51,Meridian Arts Centre,dpz8bzk53,1.0
51,Meridian Arts Centre,dpz8bzk5c,1.0
51,Meridian Arts Centre,dpz8bzk51,1.0
51,Meridian Arts Centre,dpz8bzkh1,1.0
51,Meridian Arts Centre,dpz8bzk4c,1.0
51,Meridian Arts Centre,dpz8bzkh3,1.0
51,Meridian Arts Centre,dpz8bzk79,1.0
51,Meridian Arts Centre,dpz8bzk73,1.0
51,Meridian Arts Centre,dpz8bzk7c,1.0
51,Meridian Arts Centre,dpz8bzk71,1.0
51,Meridian Arts Centre,dpz8bzkk1,1.0
51,Meridian Arts Centre,dpz8bzk6c,1.0
51,Meridian Arts Centre,dpz8bzkk3,1.0
51,Meridian Arts Centre,dpz8bzk4t,1.0
51,Meridian Arts Centre,dpz8bzk4s,1.0
51,Meridian Arts Centre,dpz8bzk4w,1.0
51,Meridian Arts Centre,dpz8bzk4e,1.0
51,Meridian Arts Centre,dpz8bzk4x,1.0
51,Meridian Arts Centre,dpz8bzk4d,1.0
51,Meridian Arts Centre,dpz8bzk68,1.0
51,Meridian Arts Centre,dpz8bzk49,1.0
51,Meridian Arts Centre,dpz8bzk69,1.0
51,Meridian Arts Centre,dpz8bzkht,1.0
51,Meridian Arts Centre,dpz8bzkhs,1.0
51,Meridian Arts Centre,dpz8bzkhw,1.0
51,Meridian Arts Centre,dpz8bzkhe,1.0
51,Meridian Arts Centre,dpz8bzkhx,1.0
51,Meridian Arts Centre,dpz8bzkhd,1.0
51,Meridian Arts Centre,dpz8bzkk8,1.0
51,Meridian Arts Centre,dpz8bzkh9,1.0
51,Meridian Arts Centre,dpz8bzkk9,1.0
51,Meridian Arts Centre,dpz8bzk58,1.0
51,Meridian Arts Centre,dpz8bzk52,1.0
51,Meridian Arts Centre,dpz8bzk5b,1.0
51,Meridian Arts Centre,dpz8bzk50,1.0
51,Meridian Arts Centre,dpz8bzkh0,1.0
51,Meridian Arts Centre,dpz8bzk4b,1.0
51,Meridian Arts Centre,dpz8bzkh2,1.0
51,Meridian Arts Centre,dpz8bzk48,1.0
51,Meridian Arts Centre,dpz8bzkh8,1.0
51,Meridian Arts Centre,dpz8bzk7d,1.0
51,Meridian Arts Centre,dpz8bzk76,1.0
51,Meridian Arts Centre,dpz8bzk7f,1.0
51,Meridian Arts Centre,dpz8bzk74,1.0
51,Meridian Arts Centre,dpz8bzkk4,1.0
51,Meridian Arts Centre,dpz8bzk6f,1.0
51,Meridian Arts Centre,dpz8bzkk6,1.0
51,Meridian Arts Centre,dpz8bzk6d,1.0
51,Meridian Arts Centre,dpz8bzkkd,1.0
51,Meridian Arts Centre,dpz8bzk4m,1.0
51,Meridian Arts Centre,dpz8bzk4k,1.0
51,Meridian Arts Centre,dpz8bzk4q,1.0
51,Meridian Arts Centre,dpz8bzk47,1.0
51,Meridian Arts Centre,dpz8bzk4r,1.0
51,Meridian Arts Centre,dpz8bzk46,1.0
51,Meridian Arts Centre,dpz8bzk62,1.0
51,Meridian Arts Centre,dpz8bzk43,1.0
51,Meridian Arts Centre,dpz8bzk63,1.0
51,Meridian Arts Centre,dpz8bzk42,1.0
51,Meridian Arts Centre,dpz8bzk66,1.0
51,Meridian Arts Centre,dpz8bzkhv,1.0
51,Meridian Arts Centre,dpz8bzkhu,1.0
51,Meridian Arts Centre,dpz8bzkhy,1.0
51,Meridian Arts Centre,dpz8bzkhg,1.0
51,Meridian Arts Centre,dpz8bzkhz,1.0
51,Meridian Arts Centre,dpz8bzkhf,1.0
51,Meridian Arts Centre,dpz8bzkkb,1.0
51,Meridian Arts Centre,dpz8bzkhc,1.0
51,Meridian Arts Centre,dpz8bzkkc,1.0
51,Meridian Arts Centre,dpz8bzkhb,1.0
51,Meridian Arts Centre,dpz8bzkkf,1.0
51,Meridian Arts Centre,dpz8bz7gx,1.0
51,Meridian Arts Centre,dpz8bz7gr,1.0
51,Meridian Arts Centre,dpz8bz7gz,1.0
51,Meridian Arts Centre,dpz8bz7gp,1.0
51,Meridian Arts Centre,dpz8bz7up,1.0
51,Meridian Arts Centre,dpz8bz7fz,1.0
51,Meridian Arts Centre,dpz8bz7ur,1.0
51,Meridian Arts Centre,dpz8bz7fx,1.0
51,Meridian Arts Centre,dpz8bz7ux,1.0
51,Meridian Arts Centre,dpz8bz7fr,1.0
51,Meridian Arts Centre,dpz8bz7uz,1.0
51,Meridian Arts Centre,dpz8bzk7e,1.0
51,Meridian Arts Centre,dpz8bzk77,1.0
51,Meridian Arts Centre,dpz8bzk7g,1.0
51,Meridian Arts Centre,dpz8bzk75,1.0
51,Meridian Arts Centre,dpz8bzkk5,1.0
51,Meridian Arts Centre,dpz8bzk6g,1.0
51,Meridian Arts Centre,dpz8bzkk7,1.0
51,Meridian Arts Centre,dpz8bzk6e,1.0
51,Meridian Arts Centre,dpz8bzkke,1.0
51,Meridian Arts Centre,dpz8bzk67,1.0
51,Meridian Arts Centre,dpz8bzkkg,1.0
51,Meridian Arts Centre,dpz8bzk4j,1.0
51,Meridian Arts Centre,dpz8bzk4h,1.0
51,Meridian Arts Centre,dpz8bzk4n,1.0
51,Meridian Arts Centre,dpz8bzk45,1.0
51,Meridian Arts Centre,dpz8bzk4p,1.0
51,Meridian Arts Centre,dpz8bzk44,1.0
51,Meridian Arts Centre,dpz8bzk60,1.0
51,Meridian Arts Centre,dpz8bzk41,1.0
51,Meridian Arts Centre,dpz8bzk61,1.0
51,Meridian Arts Centre,dpz8bzk40,1.0
51,Meridian Arts Centre,dpz8bzk64,1.0
51,Meridian Arts Centre,dpz8bz7fp,1.0
51,Meridian Arts Centre,dpz8bzk65,1.0
51,Meridian Arts Centre,dpz8bzkjj,1.0
51,Meridian Arts Centre,dpz8bzkjh,1.0
51,Meridian Arts Centre,dpz8bzkjn,1.0
51,Meridian Arts Centre,dpz8bzkj5,1.0
51,Meridian Arts Centre,dpz8bzkjp,1.0
51,Meridian Arts Centre,dpz8bzkj4,1.0
51,Meridian Arts Centre,dpz8bzkm0,1.0
51,Meridian Arts Centre,dpz8bzkj1,1.0
51,Meridian Arts Centre,dpz8bzkm1,1.0
51,Meridian Arts Centre,dpz8bzkj0,1.0
51,Meridian Arts Centre,dpz8bzkm4,1.0
51,Meridian Arts Centre,dpz8bz7vp,1.0
51,Meridian Arts Centre,dpz8bzkm5,1.0
51,Meridian Arts Centre,dpz8bz7gw,1.0
51,Meridian Arts Centre,dpz8bz7gq,1.0
51,Meridian Arts Centre,dpz8bz7gy,1.0
51,Meridian Arts Centre,dpz8bz7gn,1.0
51,Meridian Arts Centre,dpz8bz7un,1.0
51,Meridian Arts Centre,dpz8bz7fy,1.0
51,Meridian Arts Centre,dpz8bz7uq,1.0
51,Meridian Arts Centre,dpz8bz7fw,1.0
51,Meridian Arts Centre,dpz8bz7uw,1.0
51,Meridian Arts Centre,dpz8bz7fq,1.0
51,Meridian Arts Centre,dpz8bz7uy,1.0
51,Meridian Arts Centre,dpz8bz7fn,1.0
51,Meridian Arts Centre,dpz8bz7vn,1.0
51,Meridian Arts Centre,dpz8bzk7s,1.0
51,Meridian Arts Centre,dpz8bzk7k,1.0
51,Meridian Arts Centre,dpz8bzk7u,1.0
51,Meridian Arts Centre,dpz8bzk7h,1.0
51,Meridian Arts Centre,dpz8bzkkh,1.0
51,Meridian Arts Centre,dpz8bzk6u,1.0
51,Meridian Arts Centre,dpz8bzkkk,1.0
51,Meridian Arts Centre,dpz8bzk6s,1.0
51,Meridian Arts Centre,dpz8bzkks,1.0
51,Meridian Arts Centre,dpz8bzk6k,1.0
51,Meridian Arts Centre,dpz8bzkku,1.0
51,Meridian Arts Centre,dpz8bzk6h,1.0
51,Meridian Arts Centre,dpz8bzkmh,1.0
51,Meridian Arts Centre,dpz8bzk1v,1.0
51,Meridian Arts Centre,dpz8bzk1u,1.0
51,Meridian Arts Centre,dpz8bzk1y,1.0
51,Meridian Arts Centre,dpz8bzk1g,1.0
51,Meridian Arts Centre,dpz8bzk1z,1.0
51,Meridian Arts Centre,dpz8bzk1f,1.0
51,Meridian Arts Centre,dpz8bzk3b,1.0
51,Meridian Arts Centre,dpz8bzk1c,1.0
51,Meridian Arts Centre,dpz8bzk3c,1.0
51,Meridian Arts Centre,dpz8bzk3f,1.0
51,Meridian Arts Centre,dpz8bzk3g,1.0
51,Meridian Arts Centre,dpz8bz7cy,0.8107
51,Meridian Arts Centre,dpz8bzk3u,1.0
51,Meridian Arts Centre,dpz8bzkjm,1.0
51,Meridian Arts Centre,dpz8bzkjk,1.0
51,Meridian Arts Centre,dpz8bzkjq,1.0
51,Meridian Arts Centre,dpz8bzkj7,1.0
51,Meridian Arts Centre,dpz8bzkjr,1.0
51,Meridian Arts Centre,dpz8bzkj6,1.0
51,Meridian Arts Centre,dpz8bzkm2,1.0
51,Meridian Arts Centre,dpz8bzkj3,1.0
51,Meridian Arts Centre,dpz8bzkm3,1.0
51,Meridian Arts Centre,dpz8bzkj2,1.0
51,Meridian Arts Centre,dpz8bzkm6,1.0
51,Meridian Arts Centre,dpz8bz7vr,0.9249
51,Meridian Arts Centre,dpz8bzkm7,1.0
51,Meridian Arts Centre,dpz8bz7vq,0.8147
51,Meridian Arts Centre,dpz8bzkmk,1.0
51,Meridian Arts Centre,dpz8bz7gt,1.0
51,Meridian Arts Centre,dpz8bz7gm,1.0
51,Meridian Arts Centre,dpz8bz7gv,1.0
51,Meridian Arts Centre,dpz8bz7gj,1.0
51,Meridian Arts Centre,dpz8bz7uj,1.0
51,Meridian Arts Centre,dpz8bz7fv,1.0
51,Meridian Arts Centre,dpz8bz7um,1.0
51,Meridian Arts Centre,dpz8bz7ft,1.0
51,Meridian Arts Centre,dpz8bz7ut,1.0
51,Meridian Arts Centre,dpz8bz7fm,1.0
51,Meridian Arts Centre,dpz8bz7uv,1.0
51,Meridian Arts Centre,dpz8bz7fj,1.0
51,Meridian Arts Centre,dpz8bz7vj,1.0
51,Meridian Arts Centre,dpz8bz7cv,0.9865
51,Meridian Arts Centre,dpz8bzk7t,1.0
51,Meridian Arts Centre,dpz8bzk7m,1.0
51,Meridian Arts Centre,dpz8bzk7v,1.0
51,Meridian Arts Centre,dpz8bzk7j,1.0
51,Meridian Arts Centre,dpz8bzkkj,1.0
51,Meridian Arts Centre,dpz8bzk6v,1.0
51,Meridian Arts Centre,dpz8bzkkm,1.0
51,Meridian Arts Centre,dpz8bzk6t,1.0
51,Meridian Arts Centre,dpz8bzkkt,1.0
51,Meridian Arts Centre,dpz8bzk6m,1.0
51,Meridian Arts Centre,dpz8bzkkv,1.0
51,Meridian Arts Centre,dpz8bzk6j,1.0
51,Meridian Arts Centre,dpz8bzkmj,1.0
51,Meridian Arts Centre,dpz8bzk3v,1.0
51,Meridian Arts Centre,dpz8bzkmm,1.0
51,Meridian Arts Centre,dpz8bzk1t,1.0
51,Meridian Arts Centre,dpz8bzk1s,1.0
51,Meridian Arts Centre,dpz8bzk1w,1.0
51,Meridian Arts Centre,dpz8bzk1e,1.0
51,Meridian Arts Centre,dpz8bzk1x,1.0
51,Meridian Arts Centre,dpz8bzk1d,1.0
51,Meridian Arts Centre,dpz8bzk38,1.0
51,Meridian Arts Centre,dpz8bzk19,0.9986
51,Meridian Arts Centre,dpz8bzk39,1.0
51,Meridian Arts Centre,dpz8bzk3d,1.0
51,Meridian Arts Centre,dpz8bzk3e,1.0
51,Meridian Arts Centre,dpz8bzk3s,0.9999
51,Meridian Arts Centre,dpz8bzk3t,0.8833
51,Meridian Arts Centre,dpz8bzkjt,1.0
51,Meridian Arts Centre,dpz8bzkjs,1.0
51,Meridian Arts Centre,dpz8bzkjw,1.0
51,Meridian Arts Centre,dpz8bzkje,1.0
51,Meridian Arts Centre,dpz8bzkjx,1.0
51,Meridian Arts Centre,dpz8bzkjd,1.0
51,Meridian Arts Centre,dpz8bzkm8,1.0
51,Meridian Arts Centre,dpz8bzkj9,1.0
51,Meridian Arts Centre,dpz8bzkm9,1.0
51,Meridian Arts Centre,dpz8bzkmd,1.0
51,Meridian Arts Centre,dpz8bzkme,1.0
51,Meridian Arts Centre,dpz8bzkms,1.0
51,Meridian Arts Centre,dpz8bzkmt,1.0
51,Meridian Arts Centre,dpz8bz7gs,1.0
51,Meridian Arts Centre,dpz8bz7gk,1.0
51,Meridian Arts Centre,dpz8bz7gu,1.0
51,Meridian Arts Centre,dpz8bz7gh,1.0
51,Meridian Arts Centre,dpz8bz7uh,1.0
51,Meridian Arts Centre,dpz8bz7fu,1.0
51,Meridian Arts Centre,dpz8bz7uk,1.0
51,Meridian Arts Centre,dpz8bz7fs,1.0
51,Meridian Arts Centre,dpz8bz7us,1.0
51,Meridian Arts Centre,dpz8bz7fk,1.0
51,Meridian Arts Centre,dpz8bz7uu,1.0
51,Meridian Arts Centre,dpz8bz7fh,1.0
51,Meridian Arts Centre,dpz8bz7vh,1.0
51,Meridian Arts Centre,dpz8bz7cu,1.0
51,Meridian Arts Centre,dpz8bzk7w,1.0
51,Meridian Arts Centre,dpz8bzk7q,1.0
51,Meridian Arts Centre,dpz8bzk7y,1.0
51,Meridian Arts Centre,dpz8bzk7n,1.0
51,Meridian Arts Centre,dpz8bzkkn,1.0
51,Meridian Arts Centre,dpz8bzk6y,1.0
51,Meridian Arts Centre,dpz8bzkkq,1.0
51,Meridian Arts Centre,dpz8bzk6w,1.0
51,Meridian Arts Centre,dpz8bzkkw,1.0
51,Meridian Arts Centre,dpz8bzk6q,1.0
51,Meridian Arts Centre,dpz8bzkky,1.0
51,Meridian Arts Centre,dpz8bzk6n,1.0
51,Meridian Arts Centre,dpz8bzkmn,1.0
51,Meridian Arts Centre,dpz8bzk3y,1.0
51,Meridian Arts Centre,dpz8bzkmq,1.0
51,Meridian Arts Centre,dpz8bzkmw,1.0
51,Meridian Arts Centre,dpz8bzk1m,1.0
51,Meridian Arts Centre,dpz8bzk1k,1.0
51,Meridian Arts Centre,dpz8bzk1q,1.0
51,Meridian Arts Centre,dpz8bzk17,1.0
51,Meridian Arts Centre,dpz8bzk1r,1.0
51,Meridian Arts Centre,dpz8bzk16,1.0
51,Meridian Arts Centre,dpz8bzk32,0.9696
51,Meridian Arts Centre,dpz8bzkju,0.8142
51,Meridian Arts Centre,dpz8bzkjz,1.0
51,Meridian Arts Centre,dpz8bzkmb,1.0
51,Meridian Arts Centre,dpz8bzkmc,1.0
51,Meridian Arts Centre,dpz8bzkmf,1.0
51,Meridian Arts Centre,dpz8bzkmg,1.0
51,Meridian Arts Centre,dpz8bzkmu,1.0
51,Meridian Arts Centre,dpz8bzkmv,1.0
51,Meridian Arts Centre,dpz8bzkmy,1.0
51,Meridian Arts Centre,dpz8bz7ge,1.0
51,Meridian Arts Centre,dpz8bz7g7,1.0
51,Meridian Arts Centre,dpz8bz7gg,1.0
51,Meridian Arts Centre,dpz8bz7g5,1.0
51,Meridian Arts Centre,dpz8bz7u5,1.0
51,Meridian Arts Centre,dpz8bz7fg,1.0
51,Meridian Arts Centre,dpz8bz7u7,1.0
51,Meridian Arts Centre,dpz8bz7fe,1.0
51,Meridian Arts Centre,dpz8bz7ue,1.0
51,Meridian Arts Centre,dpz8bz7f7,1.0
51,Meridian Arts Centre,dpz8bz7ug,1.0
51,Meridian Arts Centre,dpz8bz7f5,1.0
51,Meridian Arts Centre,dpz8bz7v5,1.0
51,Meridian Arts Centre,dpz8bz7cg,1.0
51,Meridian Arts Centre,dpz8bz7v7,0.8574
51,Meridian Arts Centre,dpz8bzk7x,1.0
51,Meridian Arts Centre,dpz8bzk7r,1.0
51,Meridian Arts Centre,dpz8bzk7z,1.0
51,Meridian Arts Centre,dpz8bzk7p,1.0
51,Meridian Arts Centre,dpz8bzkkp,1.0
51,Meridian Arts Centre,dpz8bzk6z,1.0
51,Meridian Arts Centre,dpz8bzkkr,1.0
51,Meridian Arts Centre,dpz8bzk6x,0.9849
51,Meridian Arts Centre,dpz8bzkkx,1.0
51,Meridian Arts Centre,dpz8bzk6r,0.9936
51,Meridian Arts Centre,dpz8bzkkz,1.0
51,Meridian Arts Centre,dpz8bzk6p,1.0
51,Meridian Arts Centre,dpz8bzkmp,1.0
51,Meridian Arts Centre,dpz8bzk3z,1.0
51,Meridian Arts Centre,dpz8bzk1h,0.8841
51,Meridian Arts Centre,dpz8bzk15,0.9999
51,Meridian Arts Centre,dpz8bzk14,1.0
51,Meridian Arts Centre,dpz8bzkq0,0.9267
51,Meridian Arts Centre,dpz8bzkq1,1.0
51,Meridian Arts Centre,dpz8bzkq4,1.0
51,Meridian Arts Centre,dpz8bzkq5,1.0
51,Meridian Arts Centre,dpz8bzkqh,1.0
51,Meridian Arts Centre,dpz8bzkqj,1.0
51,Meridian Arts Centre,dpz8bzkqn,0.9822
51,Meridian Arts Centre,dpz8bz7gd,1.0
51,Meridian Arts Centre,dpz8bz7g6,1.0
51,Meridian Arts Centre,dpz8bz7gf,1.0
51,Meridian Arts Centre,dpz8bz7g4,1.0
51,Meridian Arts Centre,dpz8bz7u4,1.0
51,Meridian Arts Centre,dpz8bz7ff,1.0
51,Meridian Arts Centre,dpz8bz7u6,1.0
51,Meridian Arts Centre,dpz8bz7fd,1.0
51,Meridian Arts Centre,dpz8bz7ud,1.0
51,Meridian Arts Centre,dpz8bz7f6,1.0
51,Meridian Arts Centre,dpz8bz7uf,1.0
51,Meridian Arts Centre,dpz8bz7f4,0.9665
51,Meridian Arts Centre,dpz8bz7v4,1.0
51,Meridian Arts Centre,dpz8bzke8,1.0
51,Meridian Arts Centre,dpz8bzke2,1.0
51,Meridian Arts Centre,dpz8bzkeb,1.0
51,Meridian Arts Centre,dpz8bzke0,1.0
51,Meridian Arts Centre,dpz8bzks0,0.9931
51,Meridian Arts Centre,dpz8bzkdb,1.0
51,Meridian Arts Centre,dpz8bzks2,0.9932
51,Meridian Arts Centre,dpz8bzks8,1.0
51,Meridian Arts Centre,dpz8bzksb,1.0
51,Meridian Arts Centre,dpz8bzk9b,0.9313
51,Meridian Arts Centre,dpz8bzkq7,0.8902
51,Meridian Arts Centre,dpz8bzkqk,1.0
51,Meridian Arts Centre,dpz8bzkqm,0.9915
51,Meridian Arts Centre,dpz8bz7g9,1.0
51,Meridian Arts Centre,dpz8bz7g3,1.0
51,Meridian Arts Centre,dpz8bz7gc,1.0
51,Meridian Arts Centre,dpz8bz7g1,1.0
51,Meridian Arts Centre,dpz8bz7u1,1.0
51,Meridian Arts Centre,dpz8bz7fc,1.0
51,Meridian Arts Centre,dpz8bz7u3,1.0
51,Meridian Arts Centre,dpz8bz7f9,0.8719
51,Meridian Arts Centre,dpz8bz7u9,1.0
51,Meridian Arts Centre,dpz8bz7uc,1.0
51,Meridian Arts Centre,dpz8bz7v1,1.0
51,Meridian Arts Centre,dpz8bzke9,0.9367
51,Meridian Arts Centre,dpz8bzke3,1.0
51,Meridian Arts Centre,dpz8bzke1,1.0
51,Meridian Arts Centre,dpz8bzkdc,1.0
51,Meridian Arts Centre,dpz8bzks9,1.0
51,Meridian Arts Centre,dpz8bzksc,0.9395
51,Meridian Arts Centre,dpz8bz7g8,0.9652
51,Meridian Arts Centre,dpz8bz7gb,1.0
51,Meridian Arts Centre,dpz8bz7u0,1.0
51,Meridian Arts Centre,dpz8bz7u2,1.0
51,Meridian Arts Centre,dpz8bz7u8,1.0
51,Meridian Arts Centre,dpz8bz7ub,1.0
51,Meridian Arts Centre,dpz8bz7v0,1.0
51,Meridian Arts Centre,dpz8bzke4,0.8235
51,Meridian Arts Centre,dpz8bzkdf,1.0
51,Meridian Arts Centre,dpz8bzksd,1.0
51,Meridian Arts Centre,dpz8bz7sr,0.9548
51,Meridian Arts Centre,dpz8bz7sx,1.0
51,Meridian Arts Centre,dpz8bz7sz,1.0
51,Meridian Arts Centre,dpz8bz7tp,0.9569
51,Meridian Arts Centre,dpz8bzkse,0.9956
52,Meridian Hall,dpz83c8h7,1.0
52,Meridian Hall,dpz83c8h6,1.0
52,Meridian Hall,dpz83c8hk,1.0
52,Meridian Hall,dpz83c8h5,1.0
52,Meridian Hall,dpz83c8h4,1.0
52,Meridian Hall,dpz83c8hh,1.0
52,Meridian Hall,dpz83c8he,1.0
52,Meridian Hall,dpz83c8hd,1.0
52,Meridian Hall,dpz83c8hs,1.0
52,Meridian Hall,dpz83c8h3,1.0
52,Meridian Hall,dpz83c8h1,1.0
52,Meridian Hall,dpz83c8h9,1.0
52,Meridian Hall,dpz83c8hm,1.0
52,Meridian Hall,dpz83c8hj,1.0
52,Meridian Hall,dpz83c8ht,1.0
52,Meridian Hall,dpz83c85g,1.0
52,Meridian Hall,dpz83c85f,1.0
52,Meridian Hall,dpz83c85u,1.0
52,Meridian Hall,dpz83c85c,1.0
52,Meridian Hall,dpz83c85v,1.0
52,Meridian Hall,dpz83c8hg,1.0
52,Meridian Hall,dpz83c8hf,1.0
52,Meridian Hall,dpz83c8hu,1.0
52,Meridian Hall,dpz83c8hc,1.0
52,Meridian Hall,dpz83c8hv,1.0
52,Meridian Hall,dpz83c8h2,1.0
52,Meridian Hall,dpz83c8h0,1.0
52,Meridian Hall,dpz83c8h8,1.0
52,Meridian Hall,dpz83c85b,1.0
52,Meridian Hall,dpz83c8hb,1.0
52,Meridian Hall,dpz83c8hq,1.0
52,Meridian Hall,dpz83c8hn,1.0
52,Meridian Hall,dpz83c8hw,1.0
52,Meridian Hall,dpz83c85y,1.0
52,Meridian Hall,dpz83c8hy,1.0
52,Meridian Hall,dpz83c85e,1.0
52,Meridian Hall,dpz83c85d,1.0
52,Meridian Hall,dpz83c85s,1.0
52,Meridian Hall,dpz83c859,1.0
52,Meridian Hall,dpz83c85t,1.0
52,Meridian Hall,dpz83c858,1.0
52,Meridian Hall,dpz83c85w,1.0
52,Meridian Hall,dpz83c8j5,1.0
52,Meridian Hall,dpz83c8j4,1.0
52,Meridian Hall,dpz83c8jh,1.0
52,Meridian Hall,dpz83c8j1,1.0
52,Meridian Hall,dpz83c8jj,1.0
52,Meridian Hall,dpz83c8j0,1.0
52,Meridian Hall,dpz83c8jn,1.0
52,Meridian Hall,dpz839xur,1.0
52,Meridian Hall,dpz839xup,1.0
52,Meridian Hall,dpz839xux,1.0
52,Meridian Hall,dpz839xgz,1.0
52,Meridian Hall,dpz839xuz,1.0
52,Meridian Hall,dpz839xgx,1.0
52,Meridian Hall,dpz839xvp,1.0
52,Meridian Hall,dpz83c8hr,1.0
52,Meridian Hall,dpz83c8hp,1.0
52,Meridian Hall,dpz83c8hx,1.0
52,Meridian Hall,dpz83c85z,1.0
52,Meridian Hall,dpz83c8hz,1.0
52,Meridian Hall,dpz83c85x,1.0
52,Meridian Hall,dpz83c8jp,1.0
52,Meridian Hall,dpz83c857,1.0
52,Meridian Hall,dpz83c856,1.0
52,Meridian Hall,dpz83c85k,1.0
52,Meridian Hall,dpz83c853,1.0
52,Meridian Hall,dpz83c85m,1.0
52,Meridian Hall,dpz83c852,1.0
52,Meridian Hall,dpz83c85q,1.0
52,Meridian Hall,dpz839xgr,1.0
52,Meridian Hall,dpz83c85r,1.0
52,Meridian Hall,dpz83c8j7,1.0
52,Meridian Hall,dpz83c8j6,1.0
52,Meridian Hall,dpz83c8jk,1.0
52,Meridian Hall,dpz83c8j3,1.0
52,Meridian Hall,dpz83c8jm,1.0
52,Meridian Hall,dpz83c8j2,1.0
52,Meridian Hall,dpz83c8jq,1.0
52,Meridian Hall,dpz839xvr,1.0
52,Meridian Hall,dpz83c8jr,1.0
52,Meridian Hall,dpz839xuq,1.0
52,Meridian Hall,dpz839xun,1.0
52,Meridian Hall,dpz839xuw,1.0
52,Meridian Hall,dpz839xgy,1.0
52,Meridian Hall,dpz839xuy,1.0
52,Meridian Hall,dpz839xgw,1.0
52,Meridian Hall,dpz839xvn,1.0
52,Meridian Hall,dpz839xgq,1.0
52,Meridian Hall,dpz839xvq,1.0
52,Meridian Hall,dpz83c8k2,1.0
52,Meridian Hall,dpz83c8k0,1.0
52,Meridian Hall,dpz83c8k8,1.0
52,Meridian Hall,dpz83c87b,1.0
52,Meridian Hall,dpz83c8kb,1.0
52,Meridian Hall,dpz83c878,1.0
52,Meridian Hall,dpz83c8m0,1.0
52,Meridian Hall,dpz83c872,1.0
52,Meridian Hall,dpz83c8m2,1.0
52,Meridian Hall,dpz83c855,1.0
52,Meridian Hall,dpz83c854,1.0
52,Meridian Hall,dpz83c85h,1.0
52,Meridian Hall,dpz83c851,1.0
52,Meridian Hall,dpz83c85j,1.0
52,Meridian Hall,dpz83c850,1.0
52,Meridian Hall,dpz83c85n,1.0
52,Meridian Hall,dpz839xgp,1.0
52,Meridian Hall,dpz83c85p,1.0
52,Meridian Hall,dpz839xgn,1.0
52,Meridian Hall,dpz83c870,1.0
52,Meridian Hall,dpz83c8je,1.0
52,Meridian Hall,dpz83c8jd,1.0
52,Meridian Hall,dpz83c8js,1.0
52,Meridian Hall,dpz83c8j9,1.0
52,Meridian Hall,dpz83c8jt,1.0
52,Meridian Hall,dpz83c8j8,1.0
52,Meridian Hall,dpz83c8jw,1.0
52,Meridian Hall,dpz839xvx,1.0
52,Meridian Hall,dpz83c8jx,1.0
52,Meridian Hall,dpz839xvw,1.0
52,Meridian Hall,dpz83c8m8,1.0
52,Meridian Hall,dpz839xum,1.0
52,Meridian Hall,dpz839xuj,1.0
52,Meridian Hall,dpz839xut,1.0
52,Meridian Hall,dpz839xgv,1.0
52,Meridian Hall,dpz839xuv,1.0
52,Meridian Hall,dpz839xgt,1.0
52,Meridian Hall,dpz839xvj,1.0
52,Meridian Hall,dpz839xgm,1.0
52,Meridian Hall,dpz839xvm,1.0
52,Meridian Hall,dpz839xgj,1.0
52,Meridian Hall,dpz839xvt,1.0
52,Meridian Hall,dpz83c8k3,1.0
52,Meridian Hall,dpz83c8k1,1.0
52,Meridian Hall,dpz83c8k9,1.0
52,Meridian Hall,dpz83c87c,1.0
52,Meridian Hall,dpz83c8kc,1.0
52,Meridian Hall,dpz83c879,1.0
52,Meridian Hall,dpz83c8m1,1.0
52,Meridian Hall,dpz83c873,1.0
52,Meridian Hall,dpz83c8m3,1.0
52,Meridian Hall,dpz83c871,1.0
52,Meridian Hall,dpz83c8m9,1.0
52,Meridian Hall,dpz83c84g,1.0
52,Meridian Hall,dpz83c84f,1.0
52,Meridian Hall,dpz83c84u,1.0
52,Meridian Hall,dpz83c84c,1.0
52,Meridian Hall,dpz83c84v,1.0
52,Meridian Hall,dpz83c84b,1.0
52,Meridian Hall,dpz83c84y,1.0
52,Meridian Hall,dpz839xfz,1.0
52,Meridian Hall,dpz83c84z,1.0
52,Meridian Hall,dpz839xfy,1.0
52,Meridian Hall,dpz83c86b,1.0
52,Meridian Hall,dpz839xfv,1.0
52,Meridian Hall,dpz83c86c,1.0
52,Meridian Hall,dpz83c8jg,1.0
52,Meridian Hall,dpz83c8jf,1.0
52,Meridian Hall,dpz83c8ju,1.0
52,Meridian Hall,dpz83c8jc,1.0
52,Meridian Hall,dpz83c8jv,1.0
52,Meridian Hall,dpz83c8jb,1.0
52,Meridian Hall,dpz83c8jy,1.0
52,Meridian Hall,dpz839xvz,1.0
52,Meridian Hall,dpz83c8jz,1.0
52,Meridian Hall,dpz839xvy,1.0
52,Meridian Hall,dpz83c8mb,0.9974
52,Meridian Hall,dpz839xvv,0.867
52,Meridian Hall,dpz83c8mc,1.0
52,Meridian Hall,dpz839xuk,1.0
52,Meridian Hall,dpz839xuh,1.0
52,Meridian Hall,dpz839xus,1.0
52,Meridian Hall,dpz839xgu,1.0
52,Meridian Hall,dpz839xuu,1.0
52,Meridian Hall,dpz839xgs,1.0
52,Meridian Hall,dpz839xvh,1.0
52,Meridian Hall,dpz839xgk,1.0
52,Meridian Hall,dpz839xvk,1.0
52,Meridian Hall,dpz839xgh,0.942
52,Meridian Hall,dpz839xvs,1.0
52,Meridian Hall,dpz83c8k6,1.0
52,Meridian Hall,dpz83c8k4,1.0
52,Meridian Hall,dpz83c8kd,1.0
52,Meridian Hall,dpz83c87f,1.0
52,Meridian Hall,dpz83c8kf,1.0
52,Meridian Hall,dpz83c87d,1.0
52,Meridian Hall,dpz83c8m4,1.0
52,Meridian Hall,dpz83c876,1.0
52,Meridian Hall,dpz83c8m6,0.9904
52,Meridian Hall,dpz83c874,1.0
52,Meridian Hall,dpz83c86f,1.0
52,Meridian Hall,dpz83c84e,1.0
52,Meridian Hall,dpz83c84d,1.0
52,Meridian Hall,dpz83c84s,1.0
52,Meridian Hall,dpz83c849,0.9541
52,Meridian Hall,dpz83c84t,1.0
52,Meridian Hall,dpz83c848,0.8807
52,Meridian Hall,dpz83c84w,1.0
52,Meridian Hall,dpz839xfx,0.9998
52,Meridian Hall,dpz83c84x,1.0
52,Meridian Hall,dpz839xfw,1.0
52,Meridian Hall,dpz83c868,1.0
52,Meridian Hall,dpz839xft,0.9872
52,Meridian Hall,dpz83c869,1.0
52,Meridian Hall,dpz83c86d,1.0
52,Meridian Hall,dpz83c8n5,1.0
52,Meridian Hall,dpz83c8n4,1.0
52,Meridian Hall,dpz83c8nh,1.0
52,Meridian Hall,dpz83c8n1,1.0
52,Meridian Hall,dpz83c8nj,1.0
52,Meridian Hall,dpz83c8n0,1.0
52,Meridian Hall,dpz83c8nn,1.0
52,Meridian Hall,dpz839xyp,0.8038
52,Meridian Hall,dpz839xu7,1.0
52,Meridian Hall,dpz839xu5,1.0
52,Meridian Hall,dpz839xue,1.0
52,Meridian Hall,dpz839xgg,0.9995
52,Meridian Hall,dpz839xug,1.0
52,Meridian Hall,dpz839xv5,1.0
52,Meridian Hall,dpz839xv7,1.0
52,Meridian Hall,dpz839xve,0.8607
52,Meridian Hall,dpz83c8k7,1.0
52,Meridian Hall,dpz83c8k5,1.0
52,Meridian Hall,dpz83c8ke,1.0
52,Meridian Hall,dpz83c87g,1.0
52,Meridian Hall,dpz83c8kg,0.9297
52,Meridian Hall,dpz83c87e,1.0
52,Meridian Hall,dpz83c877,1.0
52,Meridian Hall,dpz83c875,1.0
52,Meridian Hall,dpz83c86g,1.0
52,Meridian Hall,dpz83c86e,1.0
52,Meridian Hall,dpz83c847,1.0
52,Meridian Hall,dpz83c846,1.0
52,Meridian Hall,dpz83c84k,1.0
52,Meridian Hall,dpz83c84m,1.0
52,Meridian Hall,dpz83c84q,1.0
52,Meridian Hall,dpz83c84r,1.0
52,Meridian Hall,dpz83c862,1.0
52,Meridian Hall,dpz83c863,1.0
52,Meridian Hall,dpz83c866,1.0
52,Meridian Hall,dpz83c867,1.0
52,Meridian Hall,dpz83c8n7,1.0
52,Meridian Hall,dpz83c8n6,0.9984
52,Meridian Hall,dpz83c8nk,1.0
52,Meridian Hall,dpz83c8nm,1.0
52,Meridian Hall,dpz83c8nq,1.0
52,Meridian Hall,dpz839xu6,0.9373
52,Meridian Hall,dpz839xud,1.0
52,Meridian Hall,dpz839xuf,1.0
52,Meridian Hall,dpz839xv4,0.9953
52,Meridian Hall,dpz83c8kk,0.8128
52,Meridian Hall,dpz83c8kh,1.0
52,Meridian Hall,dpz83c87u,1.0
52,Meridian Hall,dpz83c87s,1.0
52,Meridian Hall,dpz83c87k,1.0
52,Meridian Hall,dpz83c87h,1.0
52,Meridian Hall,dpz83c86u,1.0
52,Meridian Hall,dpz83c86s,1.0
52,Meridian Hall,dpz83c86k,1.0
52,Meridian Hall,dpz83c845,1.0
52,Meridian Hall,dpz83c844,1.0
52,Meridian Hall,dpz83c84h,1.0
52,Meridian Hall,dpz83c84j,1.0
52,Meridian Hall,dpz83c84n,1.0
52,Meridian Hall,dpz83c84p,1.0
52,Meridian Hall,dpz83c860,1.0
52,Meridian Hall,dpz83c861,1.0
52,Meridian Hall,dpz83c864,0.9623
52,Meridian Hall,dpz83c8ns,0.9899
52,Meridian Hall,dpz83c8nt,1.0
52,Meridian Hall,dpz83c8nw,0.8247
52,Meridian Hall,dpz839xv1,0.9013
52,Meridian Hall,dpz83c87t,0.9803
52,Meridian Hall,dpz83c87m,1.0
52,Meridian Hall,dpz83c87j,1.0
52,Meridian Hall,dpz83c86v,1.0
52,Meridian Hall,dpz83c86t,1.0
52,Meridian Hall,dpz83c86m,0.8834
52,Meridian Hall,dpz83c81g,1.0
52,Meridian Hall,dpz83c81f,0.8566
52,Meridian Hall,dpz83c81u,1.0
52,Meridian Hall,dpz83c81v,1.0
52,Meridian Hall,dpz83c81y,0.9537
52,Meridian Hall,dpz83c87n,0.9061
52,Meridian Hall,dpz83c86y,1.0
52,Meridian Hall,dpz83c86w,1.0
53,MUSE Arts Creative Lab,dpz2ryzdx,1.0
53,MUSE Arts Creative Lab,dpz2ryzdw,1.0
54,Museum of Contemporary Art,dpz825jf8,1.0
54,Museum of Contemporary Art,dpz825jdx,1.0
54,Museum of Contemporary Art,dpz825jf9,1.0
54,Museum of Contemporary Art,dpz825jf2,1.0
54,Museum of Contemporary Art,dpz825jdr,1.0
54,Museum of Contemporary Art,dpz825jf3,1.0
54,Museum of Contemporary Art,dpz825jfb,1.0
54,Museum of Contemporary Art,dpz825jdz,1.0
54,Museum of Contemporary Art,dpz825jfc,1.0
54,Museum of Contemporary Art,dpz825jdw,1.0
54,Museum of Contemporary Art,dpz825jdq,0.9984
54,Museum of Contemporary Art,dpz825jdy,1.0
54,Museum of Contemporary Art,dpz825jfd,1.0
54,Museum of Contemporary Art,dpz825jf6,1.0
54,Museum of Contemporary Art,dpz825jff,0.9997
54,Museum of Contemporary Art,dpz825jf0,1.0
54,Museum of Contemporary Art,dpz825jdp,1.0
54,Museum of Contemporary Art,dpz825jf1,1.0
54,Museum of Contemporary Art,dpz825jf4,1.0
54,Museum of Contemporary Art,dpz825jg0,1.0
54,Museum of Contemporary Art,dpz825jep,1.0
54,Museum of Contemporary Art,dpz825jg1,1.0
54,Museum of Contemporary Art,dpz825jen,1.0
54,Museum of Contemporary Art,dpz825jdv,0.887
54,Museum of Contemporary Art,dpz825jej,1.0
54,Museum of Contemporary Art,dpz825jf7,0.8929
54,Museum of Contemporary Art,dpz825jf5,1.0
54,Museum of Contemporary Art,dpz825jcb,1.0
54,Museum of Contemporary Art,dpz825j9z,1.0
54,Museum of Contemporary Art,dpz825jcc,1.0
54,Museum of Contemporary Art,dpz825jcf,1.0
54,Museum of Contemporary Art,dpz825jcg,1.0
54,Museum of Contemporary Art,dpz825jg2,1.0
54,Museum of Contemporary Art,dpz825jer,1.0
54,Museum of Contemporary Art,dpz825jg3,1.0
54,Museum of Contemporary Art,dpz825jeq,1.0
54,Museum of Contemporary Art,dpz825jem,1.0
54,Museum of Contemporary Art,dpz825jc8,1.0
54,Museum of Contemporary Art,dpz825j9x,0.9697
54,Museum of Contemporary Art,dpz825jc9,1.0
54,Museum of Contemporary Art,dpz825jcd,1.0
54,Museum of Contemporary Art,dpz825jce,1.0
54,Museum of Contemporary Art,dpz825jcs,0.9682
54,Museum of Contemporary Art,dpz825jg8,1.0
54,Museum of Contemporary Art,dpz825jex,1.0
54,Museum of Contemporary Art,dpz825jg9,0.9755
54,Museum of Contemporary Art,dpz825jew,1.0
54,Museum of Contemporary Art,dpz825jet,0.9552
54,Museum of Contemporary Art,dpz825jc2,1.0
54,Museum of Contemporary Art,dpz825jc3,0.9734
54,Museum of Contemporary Art,dpz825jc6,0.8004
55,Nia Centre for the Arts,dpz883bgy,1.0
55,Nia Centre for the Arts,dpz883bgv,1.0
55,Nia Centre for the Arts,dpz883bgz,1.0
55,Nia Centre for the Arts,dpz883bgw,0.93
55,Nia Centre for the Arts,dpz883bgt,1.0
55,Nia Centre for the Arts,dpz883bun,1.0
55,Nia Centre for the Arts,dpz883buj,1.0
55,Nia Centre for the Arts,dpz883bup,1.0
55,Nia Centre for the Arts,dpz883bgu,1.0
55,Nia Centre for the Arts,dpz883bgs,1.0
55,Nia Centre for the Arts,dpz883buh,0.9432
55,Nia Centre for the Arts,dpz883c5b,1.0
55,Nia Centre for the Arts,dpz883ch0,1.0
55,Nia Centre for the Arts,dpz883ch2,0.851
55,Nia Centre for the Arts,dpz883bgg,1.0
55,Nia Centre for the Arts,dpz883bge,1.0
55,Nia Centre for the Arts,dpz883c5c,1.0
55,Nia Centre for the Arts,dpz883ch1,1.0
55,Nia Centre for the Arts,dpz883ch3,0.997
55,Nia Centre for the Arts,dpz883bgf,1.0
55,Nia Centre for the Arts,dpz883bgd,0.975
55,Nia Centre for the Arts,dpz883c5f,0.9844
55,Nia Centre for the Arts,dpz883ch4,0.8522
56,P.C. Ho Theatre,dpz9huxcf,1.0
56,P.C. Ho Theatre,dpz9huxcc,1.0
56,P.C. Ho Theatre,dpz9huxcg,1.0
56,P.C. Ho Theatre,dpz9huxcd,1.0
56,P.C. Ho Theatre,dpz9huxc9,1.0
56,P.C. Ho Theatre,dpz9huxce,1.0
56,P.C. Ho Theatre,dpz9huxf4,1.0
56,P.C. Ho Theatre,dpz9huxf1,1.0
56,P.C. Ho Theatre,dpz9huxf5,1.0
56,P.C. Ho Theatre,dpz9huxcb,1.0
56,P.C. Ho Theatre,dpz9huxc8,1.0
56,P.C. Ho Theatre,dpz9huxf0,1.0
56,P.C. Ho Theatre,dpz9huxcu,1.0
56,P.C. Ho Theatre,dpz9huxcs,1.0
56,P.C. Ho Theatre,dpz9huxfh,1.0
56,P.C. Ho Theatre,dpz9huxc6,1.0
56,P.C. Ho Theatre,dpz9huxc3,1.0
56,P.C. Ho Theatre,dpz9huxc7,1.0
56,P.C. Ho Theatre,dpz9huxc2,1.0
56,P.C. Ho Theatre,dpz9huxck,1.0
56,P.C. Ho Theatre,dpz9huxf6,1.0
56,P.C. Ho Theatre,dpz9huxf3,1.0
56,P.C. Ho Theatre,dpz9huxf7,1.0
56,P.C. Ho Theatre,dpz9huxf2,1.0
56,P.C. Ho Theatre,dpz9huxfk,1.0
56,P.C. Ho Theatre,dpz9hux9z,1.0
56,P.C. Ho Theatre,dpz9hux9x,1.0
56,P.C. Ho Theatre,dpz9huxdp,1.0
56,P.C. Ho Theatre,dpz9hux9r,1.0
56,P.C. Ho Theatre,dpz9huxdr,0.932
56,P.C. Ho Theatre,dpz9huxcv,1.0
56,P.C. Ho Theatre,dpz9huxct,1.0
56,P.C. Ho Theatre,dpz9huxfj,1.0
56,P.C. Ho Theatre,dpz9huxcm,1.0
56,P.C. Ho Theatre,dpz9huxfm,1.0
56,P.C. Ho Theatre,dpz9huxc4,1.0
56,P.C. Ho Theatre,dpz9huxc1,1.0
56,P.C. Ho Theatre,dpz9huxc5,1.0
56,P.C. Ho Theatre,dpz9huxc0,1.0
56,P.C. Ho Theatre,dpz9huxch,0.9297
56,P.C. Ho Theatre,dpz9hux9p,1.0
56,P.C. Ho Theatre,dpz9huxfs,0.9642
56,P.C. Ho Theatre,dpz9huxft,1.0
56,P.C. Ho Theatre,dpz9hux9y,1.0
56,P.C. Ho Theatre,dpz9hux9w,1.0
56,P.C. Ho Theatre,dpz9huxdn,1.0
56,P.C. Ho Theatre,dpz9hux9q,0.9802
56,P.C. Ho Theatre,dpz9huxcy,1.0
56,P.C. Ho Theatre,dpz9huxcw,1.0
56,P.C. Ho Theatre,dpz9huxfn,0.9605
56,P.C. Ho Theatre,dpz9huxcq,1.0
56,P.C. Ho Theatre,dpz9hux8z,0.8944
56,P.C. Ho Theatre,dpz9hux9v,0.9071
56,P.C. Ho Theatre,dpz9huxdj,1.0
56,P.C. Ho Theatre,dpz9huxcr,0.9884
57,Paradise Theatre,dpz82s22d,1.0
57,Paradise Theatre,dpz82s229,1.0
57,Paradise Theatre,dpz82s22e,1.0
57,Paradise Theatre,dpz82s226,1.0
57,Paradise Theatre,dpz82s223,1.0
57,Paradise Theatre,dpz82s227,1.0
57,Paradise Theatre,dpz82s22f,1.0
57,Paradise Theatre,dpz82s22c,1.0
57,Paradise Theatre,dpz82s22g,0.9434
57,Paradise Theatre,dpz82s228,0.9497
57,Paradise Theatre,dpz82s22b,1.0
57,Paradise Theatre,dpz82s22s,0.9824
57,Paradise Theatre,dpz82s22k,1.0
57,Paradise Theatre,dpz82s224,1.0
57,Paradise Theatre,dpz82s221,0.9985
57,Paradise Theatre,dpz82s225,1.0
57,Paradise Theatre,dpz82s22h,1.0
57,Paradise Theatre,dpz82s234,1.0
57,Paradise Theatre,dpz82s231,1.0
57,Paradise Theatre,dpz82s230,1.0
57,Paradise Theatre,dpz82s21p,0.8317
57,Paradise Theatre,dpz82s0rf,1.0
57,Paradise Theatre,dpz82s0rg,1.0
57,Paradise Theatre,dpz82s0ru,0.996
57,Paradise Theatre,dpz82s236,0.9307
57,Paradise Theatre,dpz82s233,1.0
57,Paradise Theatre,dpz82s232,0.9885
57,Paradise Theatre,dpz82s21r,0.8206
58,Phoenix Concert Theatre,dpz83uckv,1.0
58,Phoenix Concert Theatre,dpz83ucku,1.0
58,Phoenix Concert Theatre,dpz83ucky,1.0
58,Phoenix Concert Theatre,dpz83uckt,1.0
58,Phoenix Concert Theatre,dpz83ucks,0.9599
58,Phoenix Concert Theatre,dpz83uckw,1.0
58,Phoenix Concert Theatre,dpz83ucmj,1.0
58,Phoenix Concert Theatre,dpz83ucmh,1.0
58,Phoenix Concert Theatre,dpz83ucmn,1.0
58,Phoenix Concert Theatre,dpz83ucm5,0.8317
58,Phoenix Concert Theatre,dpz83uckz,1.0
58,Phoenix Concert Theatre,dpz83uckx,1.0
58,Phoenix Concert Theatre,dpz83ucmp,1.0
58,Phoenix Concert Theatre,dpz83uckm,1.0
58,Phoenix Concert Theatre,dpz83uckq,1.0
58,Phoenix Concert Theatre,dpz83uckr,1.0
58,Phoenix Concert Theatre,dpz83ucmm,1.0
58,Phoenix Concert Theatre,dpz83ucmk,1.0
58,Phoenix Concert Theatre,dpz83ucmq,1.0
58,Phoenix Concert Theatre,dpz83ucm7,1.0
58,Phoenix Concert Theatre,dpz83ucmr,0.9608
58,Phoenix Concert Theatre,dpz83ucsb,0.8004
58,Phoenix Concert Theatre,dpz83ucs8,1.0
58,Phoenix Concert Theatre,dpz83ucs2,0.9106
58,Phoenix Concert Theatre,dpz83ucmt,1.0
58,Phoenix Concert Theatre,dpz83ucms,1.0
58,Phoenix Concert Theatre,dpz83ucmw,0.8034
58,Phoenix Concert Theatre,dpz83ucme,1.0
58,Phoenix Concert Theatre,dpz83ucmv,0.947
58,Phoenix Concert Theatre,dpz83ucmu,1.0
58,Phoenix Concert Theatre,dpz83ucmg,1.0
58,Phoenix Concert Theatre,dpz83ucmf,0.9711
58,Phoenix Concert Theatre,dpz83ucqh,1.0
58,Phoenix Concert Theatre,dpz83ucq5,1.0
58,Phoenix Concert Theatre,dpz83ucq4,0.9673
59,Princess of Wales Theatre,dpz833ww2,1.0
59,Princess of Wales Theatre,dpz833wqr,1.0
59,Princess of Wales Theatre,dpz833ww3,1.0
59,Princess of Wales Theatre,dpz833ww0,1.0
59,Princess of Wales Theatre,dpz833wqp,1.0
59,Princess of Wales Theatre,dpz833ww1,1.0
59,Princess of Wales Theatre,dpz833ww8,1.0
59,Princess of Wales Theatre,dpz833wqx,1.0
59,Princess of Wales Theatre,dpz833ww9,1.0
59,Princess of Wales Theatre,dpz833wqq,1.0
59,Princess of Wales Theatre,dpz833wqn,1.0
59,Princess of Wales Theatre,dpz833wqw,1.0
59,Princess of Wales Theatre,dpz833ww6,1.0
59,Princess of Wales Theatre,dpz833ww4,1.0
59,Princess of Wales Theatre,dpz833wwd,1.0
59,Princess of Wales Theatre,dpz833wtb,1.0
59,Princess of Wales Theatre,dpz833wmz,1.0
59,Princess of Wales Theatre,dpz833wtc,1.0
59,Princess of Wales Theatre,dpz833wmy,1.0
59,Princess of Wales Theatre,dpz833wtf,1.0
59,Princess of Wales Theatre,dpz833wwb,1.0
59,Princess of Wales Theatre,dpz833wqz,0.9517
59,Princess of Wales Theatre,dpz833wwc,1.0
59,Princess of Wales Theatre,dpz833wwf,1.0
59,Princess of Wales Theatre,dpz833wqm,1.0
59,Princess of Wales Theatre,dpz833wqj,1.0
59,Princess of Wales Theatre,dpz833wqt,1.0
59,Princess of Wales Theatre,dpz833wmv,1.0
59,Princess of Wales Theatre,dpz833ww7,1.0
59,Princess of Wales Theatre,dpz833ww5,1.0
59,Princess of Wales Theatre,dpz833wwe,1.0
59,Princess of Wales Theatre,dpz833wtg,1.0
59,Princess of Wales Theatre,dpz833wwg,1.0
59,Princess of Wales Theatre,dpz833wt8,1.0
59,Princess of Wales Theatre,dpz833wmx,1.0
59,Princess of Wales Theatre,dpz833wt9,0.9636
59,Princess of Wales Theatre,dpz833wmw,1.0
59,Princess of Wales Theatre,dpz833wmt,1.0
59,Princess of Wales Theatre,dpz833wqk,1.0
59,Princess of Wales Theatre,dpz833wqh,1.0
59,Princess of Wales Theatre,dpz833wqs,1.0
59,Princess of Wales Theatre,dpz833wmu,0.9569
59,Princess of Wales Theatre,dpz833wwk,1.0
59,Princess of Wales Theatre,dpz833wwh,1.0
59,Princess of Wales Theatre,dpz833wws,1.0
59,Princess of Wales Theatre,dpz833wtu,1.0
59,Princess of Wales Theatre,dpz833wwu,1.0
59,Princess of Wales Theatre,dpz833wxh,0.8805
59,Princess of Wales Theatre,dpz833wmm,0.8355
59,Princess of Wales Theatre,dpz833wqe,0.9951
59,Princess of Wales Theatre,dpz833wwm,1.0
59,Princess of Wales Theatre,dpz833wwj,1.0
59,Princess of Wales Theatre,dpz833wwt,0.9451
59,Princess of Wales Theatre,dpz833wtv,1.0
59,Princess of Wales Theatre,dpz833wty,0.9086
60,Randolph Theatre,dpz82uwwn,1.0
60,Randolph Theatre,dpz82uwwj,1.0
60,Randolph Theatre,dpz82uwwp,1.0
60,Randolph Theatre,dpz82uwty,1.0
60,Randolph Theatre,dpz82uwtv,1.0
60,Randolph Theatre,dpz82uwtz,1.0
60,Randolph Theatre,dpz82uwwq,1.0
60,Randolph Theatre,dpz82uwwm,1.0
60,Randolph Theatre,dpz82uwwr,1.0
60,Randolph Theatre,dpz82uwwh,1.0
60,Randolph Theatre,dpz82uwtu,1.0
60,Randolph Theatre,dpz82uwwk,1.0
60,Randolph Theatre,dpz82uwy0,0.8725
60,Randolph Theatre,dpz82uwy2,1.0
60,Randolph Theatre,dpz82uwtw,1.0
60,Randolph Theatre,dpz82uwtt,1.0
60,Randolph Theatre,dpz82uwtx,1.0
60,Randolph Theatre,dpz82uwts,1.0
60,Randolph Theatre,dpz82uwww,1.0
60,Randolph Theatre,dpz82uwwt,1.0
60,Randolph Theatre,dpz82uwwx,1.0
60,Randolph Theatre,dpz82uwws,1.0
60,Randolph Theatre,dpz82uwy8,1.0
60,Randolph Theatre,dpz82uww5,1.0
60,Randolph Theatre,dpz82uwtg,0.9938
60,Randolph Theatre,dpz82uww7,1.0
60,Randolph Theatre,dpz82uwwe,1.0
60,Randolph Theatre,dpz82uwy3,1.0
60,Randolph Theatre,dpz82uwy9,1.0
60,Randolph Theatre,dpz82uwtq,1.0
60,Randolph Theatre,dpz82uwtm,1.0
60,Randolph Theatre,dpz82uwtr,1.0
60,Randolph Theatre,dpz82uwtk,1.0
60,Randolph Theatre,dpz82uwv2,0.9659
60,Randolph Theatre,dpz82uwwy,1.0
60,Randolph Theatre,dpz82uwwv,1.0
60,Randolph Theatre,dpz82uwwz,1.0
60,Randolph Theatre,dpz82uwwu,1.0
60,Randolph Theatre,dpz82uwyb,1.0
60,Randolph Theatre,dpz82uwwg,1.0
60,Randolph Theatre,dpz82uwyc,1.0
60,Randolph Theatre,dpz82uww4,0.9036
60,Randolph Theatre,dpz82uww6,1.0
60,Randolph Theatre,dpz82uwwd,1.0
60,Randolph Theatre,dpz82uwwf,1.0
60,Randolph Theatre,dpz82uwy6,1.0
60,Randolph Theatre,dpz82uwyd,1.0
60,Randolph Theatre,dpz82uwyf,1.0
60,Randolph Theatre,dpz82uwtn,1.0
60,Randolph Theatre,dpz82uwtj,1.0
60,Randolph Theatre,dpz82uwtp,1.0
60,Randolph Theatre,dpz82uwth,0.8724
60,Randolph Theatre,dpz82uwv0,1.0
60,Randolph Theatre,dpz82uwxn,0.9446
60,Randolph Theatre,dpz82uwxp,1.0
60,Randolph Theatre,dpz82uwz0,1.0
60,Randolph Theatre,dpz82uwz1,1.0
60,Randolph Theatre,dpz82uwz4,1.0
60,Randolph Theatre,dpz82uwwc,0.888
60,Randolph Theatre,dpz82uwy7,1.0
60,Randolph Theatre,dpz82uwye,1.0
60,Randolph Theatre,dpz82uwyg,0.8623
60,Randolph Theatre,dpz82uwsv,0.9192
61,Roy Thomson Hall,dpz8398es,1.0
61,Roy Thomson Hall,dpz8398ee,1.0
61,Roy Thomson Hall,dpz8398et,1.0
61,Roy Thomson Hall,dpz8398ek,1.0
61,Roy Thomson Hall,dpz8398e7,1.0
61,Roy Thomson Hall,dpz8398em,1.0
61,Roy Thomson Hall,dpz8398eu,1.0
61,Roy Thomson Hall,dpz8398eg,1.0
61,Roy Thomson Hall,dpz8398ev,1.0
61,Roy Thomson Hall,dpz8398ed,1.0
61,Roy Thomson Hall,dpz8398e6,1.0
61,Roy Thomson Hall,dpz8398ef,1.0
61,Roy Thomson Hall,dpz8398ew,1.0
61,Roy Thomson Hall,dpz8398eq,1.0
61,Roy Thomson Hall,dpz8398ey,1.0
61,Roy Thomson Hall,dpz8398eh,1.0
61,Roy Thomson Hall,dpz8398e5,1.0
61,Roy Thomson Hall,dpz8398ej,1.0
61,Roy Thomson Hall,dpz8398e4,1.0
61,Roy Thomson Hall,dpz8398en,1.0
61,Roy Thomson Hall,dpz8398sh,1.0
61,Roy Thomson Hall,dpz8398s5,1.0
61,Roy Thomson Hall,dpz8398sj,1.0
61,Roy Thomson Hall,dpz8398s4,1.0
61,Roy Thomson Hall,dpz8398sn,1.0
61,Roy Thomson Hall,dpz8398e9,1.0
61,Roy Thomson Hall,dpz8398e3,1.0
61,Roy Thomson Hall,dpz8398ec,1.0
61,Roy Thomson Hall,dpz8398e1,1.0
61,Roy Thomson Hall,dpz8398s1,1.0
61,Roy Thomson Hall,dpz8398ex,1.0
61,Roy Thomson Hall,dpz8398er,1.0
61,Roy Thomson Hall,dpz8398ez,1.0
61,Roy Thomson Hall,dpz8398ep,1.0
61,Roy Thomson Hall,dpz8398sp,1.0
61,Roy Thomson Hall,dpz8398du,1.0
61,Roy Thomson Hall,dpz8398dg,1.0
61,Roy Thomson Hall,dpz8398dv,1.0
61,Roy Thomson Hall,dpz8398df,1.0
61,Roy Thomson Hall,dpz8398dy,1.0
61,Roy Thomson Hall,dpz8398dc,1.0
61,Roy Thomson Hall,dpz8398dz,1.0
61,Roy Thomson Hall,dpz8398sk,1.0
61,Roy Thomson Hall,dpz8398s7,1.0
61,Roy Thomson Hall,dpz8398sm,1.0
61,Roy Thomson Hall,dpz8398s6,1.0
61,Roy Thomson Hall,dpz8398sq,1.0
61,Roy Thomson Hall,dpz8398s3,1.0
61,Roy Thomson Hall,dpz8398sr,1.0
61,Roy Thomson Hall,dpz8398e8,1.0
61,Roy Thomson Hall,dpz8398e2,1.0
61,Roy Thomson Hall,dpz8398eb,1.0
61,Roy Thomson Hall,dpz8398e0,1.0
61,Roy Thomson Hall,dpz8398s0,1.0
61,Roy Thomson Hall,dpz8398db,1.0
61,Roy Thomson Hall,dpz8398s2,1.0
61,Roy Thomson Hall,dpz8398g8,1.0
61,Roy Thomson Hall,dpz8398g2,1.0
61,Roy Thomson Hall,dpz8398gb,1.0
61,Roy Thomson Hall,dpz8398g0,1.0
61,Roy Thomson Hall,dpz8398u0,1.0
61,Roy Thomson Hall,dpz8398fb,1.0
61,Roy Thomson Hall,dpz8398u2,1.0
61,Roy Thomson Hall,dpz8398ds,1.0
61,Roy Thomson Hall,dpz8398de,1.0
61,Roy Thomson Hall,dpz8398dt,1.0
61,Roy Thomson Hall,dpz8398dd,1.0
61,Roy Thomson Hall,dpz8398dw,1.0
61,Roy Thomson Hall,dpz8398d9,1.0
61,Roy Thomson Hall,dpz8398dx,1.0
61,Roy Thomson Hall,dpz8398d8,1.0
61,Roy Thomson Hall,dpz8398f8,1.0
61,Roy Thomson Hall,dpz8398ss,1.0
61,Roy Thomson Hall,dpz8398se,1.0
61,Roy Thomson Hall,dpz8398st,1.0
61,Roy Thomson Hall,dpz8398sd,1.0
61,Roy Thomson Hall,dpz8398sw,1.0
61,Roy Thomson Hall,dpz8398s9,1.0
61,Roy Thomson Hall,dpz8398sx,1.0
61,Roy Thomson Hall,dpz8398s8,1.0
61,Roy Thomson Hall,dpz8398u8,1.0
61,Roy Thomson Hall,dpz83987x,1.0
61,Roy Thomson Hall,dpz83987r,1.0
61,Roy Thomson Hall,dpz83987z,1.0
61,Roy Thomson Hall,dpz83987p,1.0
61,Roy Thomson Hall,dpz8398kp,1.0
61,Roy Thomson Hall,dpz83986z,1.0
61,Roy Thomson Hall,dpz8398kr,1.0
61,Roy Thomson Hall,dpz83986x,1.0
61,Roy Thomson Hall,dpz8398kx,1.0
61,Roy Thomson Hall,dpz8398g9,1.0
61,Roy Thomson Hall,dpz8398g3,1.0
61,Roy Thomson Hall,dpz8398gc,1.0
61,Roy Thomson Hall,dpz8398g1,1.0
61,Roy Thomson Hall,dpz8398u1,1.0
61,Roy Thomson Hall,dpz8398fc,1.0
61,Roy Thomson Hall,dpz8398u3,1.0
61,Roy Thomson Hall,dpz8398f9,1.0
61,Roy Thomson Hall,dpz8398u9,1.0
61,Roy Thomson Hall,dpz8398dk,1.0
61,Roy Thomson Hall,dpz8398d7,1.0
61,Roy Thomson Hall,dpz8398dm,1.0
61,Roy Thomson Hall,dpz8398d6,1.0
61,Roy Thomson Hall,dpz8398dq,1.0
61,Roy Thomson Hall,dpz8398d3,1.0
61,Roy Thomson Hall,dpz8398dr,0.9831
61,Roy Thomson Hall,dpz8398d2,1.0
61,Roy Thomson Hall,dpz8398f2,0.8011
61,Roy Thomson Hall,dpz83986r,1.0
61,Roy Thomson Hall,dpz8398su,1.0
61,Roy Thomson Hall,dpz8398sg,1.0
61,Roy Thomson Hall,dpz8398sv,1.0
61,Roy Thomson Hall,dpz8398sf,1.0
61,Roy Thomson Hall,dpz8398sy,1.0
61,Roy Thomson Hall,dpz8398sc,1.0
61,Roy Thomson Hall,dpz8398sz,1.0
61,Roy Thomson Hall,dpz8398sb,1.0
61,Roy Thomson Hall,dpz8398ub,1.0
61,Roy Thomson Hall,dpz8398kz,1.0
61,Roy Thomson Hall,dpz8398uc,1.0
61,Roy Thomson Hall,dpz83987w,1.0
61,Roy Thomson Hall,dpz83987q,1.0
61,Roy Thomson Hall,dpz83987y,1.0
61,Roy Thomson Hall,dpz83987n,1.0
61,Roy Thomson Hall,dpz8398kn,1.0
61,Roy Thomson Hall,dpz83986y,1.0
61,Roy Thomson Hall,dpz8398kq,1.0
61,Roy Thomson Hall,dpz83986w,1.0
61,Roy Thomson Hall,dpz8398kw,1.0
61,Roy Thomson Hall,dpz83986q,1.0
61,Roy Thomson Hall,dpz8398ky,1.0
61,Roy Thomson Hall,dpz8398gd,1.0
61,Roy Thomson Hall,dpz8398g6,1.0
61,Roy Thomson Hall,dpz8398gf,1.0
61,Roy Thomson Hall,dpz8398g4,1.0
61,Roy Thomson Hall,dpz8398u4,1.0
61,Roy Thomson Hall,dpz8398ff,1.0
61,Roy Thomson Hall,dpz8398u6,1.0
61,Roy Thomson Hall,dpz8398fd,1.0
61,Roy Thomson Hall,dpz8398ud,1.0
61,Roy Thomson Hall,dpz8398uf,1.0
61,Roy Thomson Hall,dpz8398d5,0.9184
61,Roy Thomson Hall,dpz8398d4,1.0
61,Roy Thomson Hall,dpz8398d1,1.0
61,Roy Thomson Hall,dpz8398d0,1.0
61,Roy Thomson Hall,dpz83986p,1.0
61,Roy Thomson Hall,dpz83986n,1.0
61,Roy Thomson Hall,dpz8398th,1.0
61,Roy Thomson Hall,dpz8398t5,1.0
61,Roy Thomson Hall,dpz8398tj,1.0
61,Roy Thomson Hall,dpz8398t4,1.0
61,Roy Thomson Hall,dpz8398tn,1.0
61,Roy Thomson Hall,dpz8398t1,1.0
61,Roy Thomson Hall,dpz8398tp,1.0
61,Roy Thomson Hall,dpz8398t0,1.0
61,Roy Thomson Hall,dpz8398v0,1.0
61,Roy Thomson Hall,dpz8398mp,1.0
61,Roy Thomson Hall,dpz8398v1,1.0
61,Roy Thomson Hall,dpz8398mn,1.0
61,Roy Thomson Hall,dpz8398v4,1.0
61,Roy Thomson Hall,dpz83987t,1.0
61,Roy Thomson Hall,dpz83987m,1.0
61,Roy Thomson Hall,dpz83987v,1.0
61,Roy Thomson Hall,dpz83987j,1.0
61,Roy Thomson Hall,dpz8398kj,1.0
61,Roy Thomson Hall,dpz83986v,1.0
61,Roy Thomson Hall,dpz8398km,1.0
61,Roy Thomson Hall,dpz83986t,1.0
61,Roy Thomson Hall,dpz8398kt,1.0
61,Roy Thomson Hall,dpz83986m,1.0
61,Roy Thomson Hall,dpz8398kv,1.0
61,Roy Thomson Hall,dpz83986j,1.0
61,Roy Thomson Hall,dpz8398mj,1.0
61,Roy Thomson Hall,dpz8398ge,1.0
61,Roy Thomson Hall,dpz8398g7,1.0
61,Roy Thomson Hall,dpz8398gg,1.0
61,Roy Thomson Hall,dpz8398g5,1.0
61,Roy Thomson Hall,dpz8398u5,1.0
61,Roy Thomson Hall,dpz8398fg,1.0
61,Roy Thomson Hall,dpz8398u7,1.0
61,Roy Thomson Hall,dpz8398fe,1.0
61,Roy Thomson Hall,dpz8398ue,1.0
61,Roy Thomson Hall,dpz8398ug,1.0
61,Roy Thomson Hall,dpz8398v5,1.0
61,Roy Thomson Hall,dpz83983z,0.8167
61,Roy Thomson Hall,dpz83983y,0.9887
61,Roy Thomson Hall,dpz83983v,1.0
61,Roy Thomson Hall,dpz8398tk,1.0
61,Roy Thomson Hall,dpz8398t7,1.0
61,Roy Thomson Hall,dpz8398tm,1.0
61,Roy Thomson Hall,dpz8398t6,1.0
61,Roy Thomson Hall,dpz8398tq,1.0
61,Roy Thomson Hall,dpz8398t3,1.0
61,Roy Thomson Hall,dpz8398tr,1.0
61,Roy Thomson Hall,dpz8398t2,1.0
61,Roy Thomson Hall,dpz8398v2,1.0
61,Roy Thomson Hall,dpz8398mr,1.0
61,Roy Thomson Hall,dpz8398v3,1.0
61,Roy Thomson Hall,dpz8398mq,1.0
61,Roy Thomson Hall,dpz8398v6,1.0
61,Roy Thomson Hall,dpz8398mm,1.0
61,Roy Thomson Hall,dpz8398v7,1.0
61,Roy Thomson Hall,dpz83987s,1.0
61,Roy Thomson Hall,dpz83987k,1.0
61,Roy Thomson Hall,dpz83987u,1.0
61,Roy Thomson Hall,dpz83987h,1.0
61,Roy Thomson Hall,dpz8398kh,1.0
61,Roy Thomson Hall,dpz83986u,1.0
61,Roy Thomson Hall,dpz8398kk,1.0
61,Roy Thomson Hall,dpz83986s,1.0
61,Roy Thomson Hall,dpz8398ks,1.0
61,Roy Thomson Hall,dpz83986k,1.0
61,Roy Thomson Hall,dpz8398ku,1.0
61,Roy Thomson Hall,dpz83986h,1.0
61,Roy Thomson Hall,dpz8398mh,1.0
61,Roy Thomson Hall,dpz83983u,0.9788
61,Roy Thomson Hall,dpz8398mk,1.0
61,Roy Thomson Hall,dpz8398gs,1.0
61,Roy Thomson Hall,dpz8398gk,1.0
61,Roy Thomson Hall,dpz8398gu,1.0
61,Roy Thomson Hall,dpz8398gh,1.0
61,Roy Thomson Hall,dpz8398uh,1.0
61,Roy Thomson Hall,dpz8398fu,1.0
61,Roy Thomson Hall,dpz8398uk,1.0
61,Roy Thomson Hall,dpz8398fs,0.9044
61,Roy Thomson Hall,dpz8398us,1.0
61,Roy Thomson Hall,dpz8398uu,1.0
61,Roy Thomson Hall,dpz8398vh,0.9391
61,Roy Thomson Hall,dpz8398ts,1.0
61,Roy Thomson Hall,dpz8398te,1.0
61,Roy Thomson Hall,dpz8398tt,1.0
61,Roy Thomson Hall,dpz8398td,1.0
61,Roy Thomson Hall,dpz8398tw,1.0
61,Roy Thomson Hall,dpz8398t9,1.0
61,Roy Thomson Hall,dpz8398tx,1.0
61,Roy Thomson Hall,dpz8398t8,1.0
61,Roy Thomson Hall,dpz8398v8,1.0
61,Roy Thomson Hall,dpz8398mx,1.0
61,Roy Thomson Hall,dpz8398v9,1.0
61,Roy Thomson Hall,dpz8398mw,1.0
61,Roy Thomson Hall,dpz8398vd,1.0
61,Roy Thomson Hall,dpz8398mt,0.8897
61,Roy Thomson Hall,dpz8398ve,0.9916
61,Roy Thomson Hall,dpz83987e,1.0
61,Roy Thomson Hall,dpz839877,1.0
61,Roy Thomson Hall,dpz83987g,1.0
61,Roy Thomson Hall,dpz839875,1.0
61,Roy Thomson Hall,dpz8398k5,1.0
61,Roy Thomson Hall,dpz83986g,1.0
61,Roy Thomson Hall,dpz8398k7,1.0
61,Roy Thomson Hall,dpz83986e,1.0
61,Roy Thomson Hall,dpz8398ke,1.0
61,Roy Thomson Hall,dpz839867,0.9092
61,Roy Thomson Hall,dpz8398kg,1.0
61,Roy Thomson Hall,dpz8398m5,1.0
61,Roy Thomson Hall,dpz8398m7,1.0
61,Roy Thomson Hall,dpz8398gt,1.0
61,Roy Thomson Hall,dpz8398gm,1.0
61,Roy Thomson Hall,dpz8398gv,1.0
61,Roy Thomson Hall,dpz8398gj,1.0
61,Roy Thomson Hall,dpz8398uj,1.0
61,Roy Thomson Hall,dpz8398fv,1.0
61,Roy Thomson Hall,dpz8398um,1.0
61,Roy Thomson Hall,dpz8398ut,0.8382
61,Roy Thomson Hall,dpz8398tu,1.0
61,Roy Thomson Hall,dpz8398tg,1.0
61,Roy Thomson Hall,dpz8398tv,1.0
61,Roy Thomson Hall,dpz8398tf,0.9766
61,Roy Thomson Hall,dpz8398ty,1.0
61,Roy Thomson Hall,dpz8398tz,1.0
61,Roy Thomson Hall,dpz8398vb,1.0
61,Roy Thomson Hall,dpz8398vc,1.0
61,Roy Thomson Hall,dpz8398vf,1.0
61,Roy Thomson Hall,dpz83987d,1.0
61,Roy Thomson Hall,dpz839876,1.0
61,Roy Thomson Hall,dpz83987f,1.0
61,Roy Thomson Hall,dpz839874,1.0
61,Roy Thomson Hall,dpz8398k4,1.0
61,Roy Thomson Hall,dpz8398k6,1.0
61,Roy Thomson Hall,dpz8398kd,1.0
61,Roy Thomson Hall,dpz8398kf,1.0
61,Roy Thomson Hall,dpz8398m4,1.0
61,Roy Thomson Hall,dpz8398m6,1.0
61,Roy Thomson Hall,dpz8398gw,1.0
61,Roy Thomson Hall,dpz8398gq,1.0
61,Roy Thomson Hall,dpz8398gy,0.9908
61,Roy Thomson Hall,dpz8398gn,1.0
61,Roy Thomson Hall,dpz8398fy,1.0
61,Roy Thomson Hall,dpz8398wn,0.9049
61,Roy Thomson Hall,dpz8398wp,1.0
61,Roy Thomson Hall,dpz8398y0,1.0
61,Roy Thomson Hall,dpz8398y1,1.0
61,Roy Thomson Hall,dpz8398y4,1.0
61,Roy Thomson Hall,dpz839879,0.9774
61,Roy Thomson Hall,dpz83987c,1.0
61,Roy Thomson Hall,dpz8398k1,1.0
61,Roy Thomson Hall,dpz8398k3,1.0
61,Roy Thomson Hall,dpz8398k9,1.0
61,Roy Thomson Hall,dpz8398kc,1.0
61,Roy Thomson Hall,dpz8398m1,1.0
61,Roy Thomson Hall,dpz8398m3,0.9688
61,Roy Thomson Hall,dpz8398gr,0.9364
61,Roy Thomson Hall,dpz8398gp,1.0
61,Roy Thomson Hall,dpz8398fz,1.0
61,Roy Thomson Hall,dpz8398k0,0.9062
61,Roy Thomson Hall,dpz8398k2,1.0
61,Roy Thomson Hall,dpz8398k8,1.0
61,Roy Thomson Hall,dpz8398kb,1.0
61,Roy Thomson Hall,dpz8398m0,1.0
61,Roy Thomson Hall,dpz83994b,0.8094
61,Roy Thomson Hall,dpz8398hz,1.0
61,Roy Thomson Hall,dpz8398jp,1.0
62,Royal Alexandra Theatre,dpz833z8r,1.0
62,Royal Alexandra Theatre,dpz833z8q,1.0
62,Royal Alexandra Theatre,dpz833zb2,1.0
62,Royal Alexandra Theatre,dpz833z8p,1.0
62,Royal Alexandra Theatre,dpz833z8n,1.0
62,Royal Alexandra Theatre,dpz833zb0,1.0
62,Royal Alexandra Theatre,dpz833z8x,1.0
62,Royal Alexandra Theatre,dpz833z8w,1.0
62,Royal Alexandra Theatre,dpz833zb8,1.0
62,Royal Alexandra Theatre,dpz833z8m,1.0
62,Royal Alexandra Theatre,dpz833z8j,1.0
62,Royal Alexandra Theatre,dpz833z8t,1.0
62,Royal Alexandra Theatre,dpz833zb3,1.0
62,Royal Alexandra Theatre,dpz833zb1,1.0
62,Royal Alexandra Theatre,dpz833zb9,1.0
62,Royal Alexandra Theatre,dpz833xxz,1.0
62,Royal Alexandra Theatre,dpz833xxy,1.0
62,Royal Alexandra Theatre,dpz833xzb,1.0
62,Royal Alexandra Theatre,dpz833xxv,1.0
62,Royal Alexandra Theatre,dpz833xzc,1.0
62,Royal Alexandra Theatre,dpz833z8z,1.0
62,Royal Alexandra Theatre,dpz833z8y,1.0
62,Royal Alexandra Theatre,dpz833zbb,1.0
62,Royal Alexandra Theatre,dpz833z8v,0.9837
62,Royal Alexandra Theatre,dpz833zbc,0.9975
62,Royal Alexandra Theatre,dpz833z8k,1.0
62,Royal Alexandra Theatre,dpz833z8h,1.0
62,Royal Alexandra Theatre,dpz833z8s,1.0
62,Royal Alexandra Theatre,dpz833xxu,0.8632
62,Royal Alexandra Theatre,dpz833z8u,0.8055
62,Royal Alexandra Theatre,dpz833zb6,0.8906
62,Royal Alexandra Theatre,dpz833zb4,1.0
62,Royal Alexandra Theatre,dpz833xzf,1.0
62,Royal Alexandra Theatre,dpz833xxx,1.0
62,Royal Alexandra Theatre,dpz833xxw,1.0
62,Royal Alexandra Theatre,dpz833xz8,0.8926
62,Royal Alexandra Theatre,dpz833xxt,1.0
62,Royal Alexandra Theatre,dpz833z8e,0.9852
63,Royal Conservatory and Koerner Hall,dpz83m3rq,1.0
63,Royal Conservatory and Koerner Hall,dpz83m3rm,1.0
63,Royal Conservatory and Koerner Hall,dpz83m3rr,1.0
63,Royal Conservatory and Koerner Hall,dpz83m3rn,1.0
63,Royal Conservatory and Koerner Hall,dpz83m3rj,1.0
63,Royal Conservatory and Koerner Hall,dpz83m3rp,1.0
63,Royal Conservatory and Koerner Hall,dpz83m3rw,1.0
63,Royal Conservatory and Koerner Hall,dpz83m3rt,1.0
63,Royal Conservatory and Koerner Hall,dpz83m3rx,1.0
63,Royal Conservatory and Koerner Hall,dpz83m3rk,1.0
63,Royal Conservatory and Koerner Hall,dpz83m3rh,1.0
63,Royal Conservatory and Koerner Hall,dpz83m3rs,1.0
63,Royal Conservatory and Koerner Hall,dpz83m3x2,1.0
63,Royal Conservatory and Koerner Hall,dpz83m3x0,1.0
63,Royal Conservatory and Koerner Hall,dpz83m3x8,1.0
63,Royal Conservatory and Koerner Hall,dpz83m3qy,1.0
63,Royal Conservatory and Koerner Hall,dpz83m3qv,1.0
63,Royal Conservatory and Koerner Hall,dpz83m3qz,1.0
63,Royal Conservatory and Koerner Hall,dpz83m3qu,1.0
63,Royal Conservatory and Koerner Hall,dpz83m3wb,1.0
63,Royal Conservatory and Koerner Hall,dpz83m3ry,1.0
63,Royal Conservatory and Koerner Hall,dpz83m3rv,1.0
63,Royal Conservatory and Koerner Hall,dpz83m3rz,1.0
63,Royal Conservatory and Koerner Hall,dpz83m3ru,1.0
63,Royal Conservatory and Koerner Hall,dpz83m3xb,1.0
63,Royal Conservatory and Koerner Hall,dpz83m3r7,1.0
63,Royal Conservatory and Koerner Hall,dpz83m3r5,1.0
63,Royal Conservatory and Koerner Hall,dpz83m3re,1.0
63,Royal Conservatory and Koerner Hall,dpz83m3qg,1.0
63,Royal Conservatory and Koerner Hall,dpz83m3rg,1.0
63,Royal Conservatory and Koerner Hall,dpz83m3x3,1.0
63,Royal Conservatory and Koerner Hall,dpz83m3x1,1.0
63,Royal Conservatory and Koerner Hall,dpz83m3x9,1.0
63,Royal Conservatory and Koerner Hall,dpz83m3wc,1.0
63,Royal Conservatory and Koerner Hall,dpz83m3xc,1.0
63,Royal Conservatory and Koerner Hall,dpz83m3qw,1.0
63,Royal Conservatory and Koerner Hall,dpz83m3qt,1.0
63,Royal Conservatory and Koerner Hall,dpz83m3qx,1.0
63,Royal Conservatory and Koerner Hall,dpz83m3qs,1.0
63,Royal Conservatory and Koerner Hall,dpz83m3w8,1.0
63,Royal Conservatory and Koerner Hall,dpz83m3qe,1.0
63,Royal Conservatory and Koerner Hall,dpz83m3w9,1.0
63,Royal Conservatory and Koerner Hall,dpz83m92n,1.0
63,Royal Conservatory and Koerner Hall,dpz83m92j,1.0
63,Royal Conservatory and Koerner Hall,dpz83m92p,1.0
63,Royal Conservatory and Koerner Hall,dpz83m92h,1.0
63,Royal Conservatory and Koerner Hall,dpz83m980,1.0
63,Royal Conservatory and Koerner Hall,dpz83m925,1.0
63,Royal Conservatory and Koerner Hall,dpz83m981,1.0
63,Royal Conservatory and Koerner Hall,dpz83m3r6,1.0
63,Royal Conservatory and Koerner Hall,dpz83m3r4,1.0
63,Royal Conservatory and Koerner Hall,dpz83m3rd,1.0
63,Royal Conservatory and Koerner Hall,dpz83m3qf,1.0
63,Royal Conservatory and Koerner Hall,dpz83m3rf,1.0
63,Royal Conservatory and Koerner Hall,dpz83m3qd,1.0
63,Royal Conservatory and Koerner Hall,dpz83m924,1.0
63,Royal Conservatory and Koerner Hall,dpz83m3x6,1.0
63,Royal Conservatory and Koerner Hall,dpz83m3x4,1.0
63,Royal Conservatory and Koerner Hall,dpz83m3xd,1.0
63,Royal Conservatory and Koerner Hall,dpz83m3wf,1.0
63,Royal Conservatory and Koerner Hall,dpz83m3xf,1.0
63,Royal Conservatory and Koerner Hall,dpz83m3wd,1.0
63,Royal Conservatory and Koerner Hall,dpz83m984,1.0
63,Royal Conservatory and Koerner Hall,dpz83m3qq,1.0
63,Royal Conservatory and Koerner Hall,dpz83m3qm,1.0
63,Royal Conservatory and Koerner Hall,dpz83m3qr,1.0
63,Royal Conservatory and Koerner Hall,dpz83m3qk,1.0
63,Royal Conservatory and Koerner Hall,dpz83m3w2,1.0
63,Royal Conservatory and Koerner Hall,dpz83m3q7,1.0
63,Royal Conservatory and Koerner Hall,dpz83m3w3,1.0
63,Royal Conservatory and Koerner Hall,dpz83m3q6,1.0
63,Royal Conservatory and Koerner Hall,dpz83m3w6,1.0
63,Royal Conservatory and Koerner Hall,dpz83m92q,0.9883
63,Royal Conservatory and Koerner Hall,dpz83m92m,0.9492
63,Royal Conservatory and Koerner Hall,dpz83m92r,1.0
63,Royal Conservatory and Koerner Hall,dpz83m92k,1.0
63,Royal Conservatory and Koerner Hall,dpz83m982,1.0
63,Royal Conservatory and Koerner Hall,dpz83m983,1.0
63,Royal Conservatory and Koerner Hall,dpz83m986,1.0
63,Royal Conservatory and Koerner Hall,dpz83m3r3,1.0
63,Royal Conservatory and Koerner Hall,dpz83m3r1,1.0
63,Royal Conservatory and Koerner Hall,dpz83m3r9,1.0
63,Royal Conservatory and Koerner Hall,dpz83m3qc,1.0
63,Royal Conservatory and Koerner Hall,dpz83m3rc,1.0
63,Royal Conservatory and Koerner Hall,dpz83m3q9,1.0
63,Royal Conservatory and Koerner Hall,dpz83m921,0.983
63,Royal Conservatory and Koerner Hall,dpz83m3q3,1.0
63,Royal Conservatory and Koerner Hall,dpz83m3x7,1.0
63,Royal Conservatory and Koerner Hall,dpz83m3x5,1.0
63,Royal Conservatory and Koerner Hall,dpz83m3wg,1.0
63,Royal Conservatory and Koerner Hall,dpz83m3we,1.0
63,Royal Conservatory and Koerner Hall,dpz83m985,1.0
63,Royal Conservatory and Koerner Hall,dpz83m3w7,1.0
63,Royal Conservatory and Koerner Hall,dpz83m987,1.0
63,Royal Conservatory and Koerner Hall,dpz83m3qn,1.0
63,Royal Conservatory and Koerner Hall,dpz83m3qj,1.0
63,Royal Conservatory and Koerner Hall,dpz83m3qp,1.0
63,Royal Conservatory and Koerner Hall,dpz83m3qh,1.0
63,Royal Conservatory and Koerner Hall,dpz83m3w0,1.0
63,Royal Conservatory and Koerner Hall,dpz83m3q5,1.0
63,Royal Conservatory and Koerner Hall,dpz83m3w1,0.9796
63,Royal Conservatory and Koerner Hall,dpz83m3q4,1.0
63,Royal Conservatory and Koerner Hall,dpz83m3w4,0.8454
63,Royal Conservatory and Koerner Hall,dpz83m3q1,1.0
63,Royal Conservatory and Koerner Hall,dpz83m988,1.0
63,Royal Conservatory and Koerner Hall,dpz83m989,1.0
63,Royal Conservatory and Koerner Hall,dpz83m98d,1.0
63,Royal Conservatory and Koerner Hall,dpz83m98e,1.0
63,Royal Conservatory and Koerner Hall,dpz83m3r2,1.0
63,Royal Conservatory and Koerner Hall,dpz83m3r0,1.0
63,Royal Conservatory and Koerner Hall,dpz83m3r8,1.0
63,Royal Conservatory and Koerner Hall,dpz83m3qb,1.0
63,Royal Conservatory and Koerner Hall,dpz83m3rb,1.0
63,Royal Conservatory and Koerner Hall,dpz83m3q8,1.0
63,Royal Conservatory and Koerner Hall,dpz83m920,0.8158
63,Royal Conservatory and Koerner Hall,dpz83m3q2,1.0
63,Royal Conservatory and Koerner Hall,dpz83m3q0,1.0
63,Royal Conservatory and Koerner Hall,dpz83m3xk,1.0
63,Royal Conservatory and Koerner Hall,dpz83m3xh,1.0
63,Royal Conservatory and Koerner Hall,dpz83m3wu,1.0
63,Royal Conservatory and Koerner Hall,dpz83m3ws,1.0
63,Royal Conservatory and Koerner Hall,dpz83m3wk,1.0
63,Royal Conservatory and Koerner Hall,dpz83m98k,1.0
63,Royal Conservatory and Koerner Hall,dpz83m3wh,0.8427
63,Royal Conservatory and Koerner Hall,dpz83m98s,1.0
63,Royal Conservatory and Koerner Hall,dpz83m3mg,1.0
63,Royal Conservatory and Koerner Hall,dpz83m3mf,1.0
63,Royal Conservatory and Koerner Hall,dpz83m3mc,1.0
63,Royal Conservatory and Koerner Hall,dpz83m3mb,1.0
63,Royal Conservatory and Koerner Hall,dpz83m98f,1.0
63,Royal Conservatory and Koerner Hall,dpz83m98g,1.0
63,Royal Conservatory and Koerner Hall,dpz83m98u,1.0
63,Royal Conservatory and Koerner Hall,dpz83m3pr,1.0
63,Royal Conservatory and Koerner Hall,dpz83m3pp,1.0
63,Royal Conservatory and Koerner Hall,dpz83m3px,1.0
63,Royal Conservatory and Koerner Hall,dpz83m3nz,1.0
63,Royal Conservatory and Koerner Hall,dpz83m3pz,1.0
63,Royal Conservatory and Koerner Hall,dpz83m3nx,1.0
63,Royal Conservatory and Koerner Hall,dpz83m3nr,1.0
63,Royal Conservatory and Koerner Hall,dpz83m3np,1.0
63,Royal Conservatory and Koerner Hall,dpz83m3jz,0.8433
63,Royal Conservatory and Koerner Hall,dpz83m3xm,1.0
63,Royal Conservatory and Koerner Hall,dpz83m3xj,1.0
63,Royal Conservatory and Koerner Hall,dpz83m3wv,1.0
63,Royal Conservatory and Koerner Hall,dpz83m3wt,1.0
63,Royal Conservatory and Koerner Hall,dpz83m3wm,1.0
63,Royal Conservatory and Koerner Hall,dpz83m98m,1.0
63,Royal Conservatory and Koerner Hall,dpz83m3wj,1.0
63,Royal Conservatory and Koerner Hall,dpz83m98t,1.0
63,Royal Conservatory and Koerner Hall,dpz83m98v,1.0
63,Royal Conservatory and Koerner Hall,dpz83m3m9,0.8304
63,Royal Conservatory and Koerner Hall,dpz83m3m8,0.9921
63,Royal Conservatory and Koerner Hall,dpz83m994,0.995
63,Royal Conservatory and Koerner Hall,dpz83m995,1.0
63,Royal Conservatory and Koerner Hall,dpz83m99h,1.0
63,Royal Conservatory and Koerner Hall,dpz83m99j,1.0
63,Royal Conservatory and Koerner Hall,dpz83m3pq,1.0
63,Royal Conservatory and Koerner Hall,dpz83m3pn,1.0
63,Royal Conservatory and Koerner Hall,dpz83m3pw,1.0
63,Royal Conservatory and Koerner Hall,dpz83m3ny,1.0
63,Royal Conservatory and Koerner Hall,dpz83m3py,1.0
63,Royal Conservatory and Koerner Hall,dpz83m3nw,0.9805
63,Royal Conservatory and Koerner Hall,dpz83m3xq,1.0
63,Royal Conservatory and Koerner Hall,dpz83m3xn,1.0
63,Royal Conservatory and Koerner Hall,dpz83m3xw,0.9293
63,Royal Conservatory and Koerner Hall,dpz83m3wy,1.0
63,Royal Conservatory and Koerner Hall,dpz83m3ww,1.0
63,Royal Conservatory and Koerner Hall,dpz83m3wq,1.0
63,Royal Conservatory and Koerner Hall,dpz83m98q,0.9105
63,Royal Conservatory and Koerner Hall,dpz83m3wn,1.0
63,Royal Conservatory and Koerner Hall,dpz83m98w,1.0
63,Royal Conservatory and Koerner Hall,dpz83m98y,1.0
63,Royal Conservatory and Koerner Hall,dpz83m99n,0.8147
63,Royal Conservatory and Koerner Hall,dpz83m3pm,1.0
63,Royal Conservatory and Koerner Hall,dpz83m3pj,0.8867
63,Royal Conservatory and Koerner Hall,dpz83m3pt,1.0
63,Royal Conservatory and Koerner Hall,dpz83m3pv,1.0
63,Royal Conservatory and Koerner Hall,dpz83m90j,1.0
63,Royal Conservatory and Koerner Hall,dpz83m3xr,1.0
63,Royal Conservatory and Koerner Hall,dpz83m3xp,1.0
63,Royal Conservatory and Koerner Hall,dpz83m3xx,1.0
63,Royal Conservatory and Koerner Hall,dpz83m3wz,1.0
63,Royal Conservatory and Koerner Hall,dpz83m3wx,1.0
63,Royal Conservatory and Koerner Hall,dpz83m3wr,1.0
63,Royal Conservatory and Koerner Hall,dpz83m3wp,1.0
63,Royal Conservatory and Koerner Hall,dpz83m3ps,0.9148
63,Royal Conservatory and Koerner Hall,dpz83m3pu,1.0
63,Royal Conservatory and Koerner Hall,dpz83m90h,1.0
63,Royal Conservatory and Koerner Hall,dpz83m90k,1.0
63,Royal Conservatory and Koerner Hall,dpz83m3z2,1.0
63,Royal Conservatory and Koerner Hall,dpz83m3z0,1.0
63,Royal Conservatory and Koerner Hall,dpz83m3z8,0.901
63,Royal Conservatory and Koerner Hall,dpz83m3yb,1.0
63,Royal Conservatory and Koerner Hall,dpz83m3y8,1.0
63,Royal Conservatory and Koerner Hall,dpz83m3y2,1.0
63,Royal Conservatory and Koerner Hall,dpz83m3y0,0.8974
63,Royal Conservatory and Koerner Hall,dpz83m3pe,0.9314
63,Royal Conservatory and Koerner Hall,dpz83m3pg,1.0
63,Royal Conservatory and Koerner Hall,dpz83m905,1.0
63,Royal Conservatory and Koerner Hall,dpz83m907,1.0
63,Royal Conservatory and Koerner Hall,dpz83m3yc,0.9838
63,Royal Conservatory and Koerner Hall,dpz83m3y9,1.0
63,Royal Conservatory and Koerner Hall,dpz83m3y3,1.0
63,Royal Conservatory and Koerner Hall,dpz83m3pf,0.9247
63,Royal Conservatory and Koerner Hall,dpz83m904,1.0
63,Royal Conservatory and Koerner Hall,dpz83m906,0.9971
63,Royal Conservatory and Koerner Hall,dpz83m3y6,0.8555
64,Royal Ontario Museum,dpz83m6w9,1.0
64,Royal Ontario Museum,dpz83m6w8,1.0
64,Royal Ontario Museum,dpz83m6wd,1.0
64,Royal Ontario Museum,dpz83m6w3,1.0
64,Royal Ontario Museum,dpz83m6w2,1.0
64,Royal Ontario Museum,dpz83m6w6,1.0
64,Royal Ontario Museum,dpz83m6wc,1.0
64,Royal Ontario Museum,dpz83m6wb,1.0
64,Royal Ontario Museum,dpz83m6wf,1.0
64,Royal Ontario Museum,dpz83m6qx,1.0
64,Royal Ontario Museum,dpz83m6qr,1.0
64,Royal Ontario Museum,dpz83m6qz,1.0
64,Royal Ontario Museum,dpz83m6we,1.0
64,Royal Ontario Museum,dpz83m6w7,1.0
64,Royal Ontario Museum,dpz83m6wg,1.0
64,Royal Ontario Museum,dpz83m6w1,1.0
64,Royal Ontario Museum,dpz83m6w0,1.0
64,Royal Ontario Museum,dpz83m6w4,1.0
64,Royal Ontario Museum,dpz83m6qp,1.0
64,Royal Ontario Museum,dpz83m6w5,1.0
64,Royal Ontario Museum,dpz83m6x1,1.0
64,Royal Ontario Museum,dpz83m6x0,1.0
64,Royal Ontario Museum,dpz83m6x4,1.0
64,Royal Ontario Museum,dpz83m6rp,1.0
64,Royal Ontario Museum,dpz83m6x5,1.0
64,Royal Ontario Museum,dpz83m6qw,1.0
64,Royal Ontario Museum,dpz83m6qq,1.0
64,Royal Ontario Museum,dpz83m6qy,1.0
64,Royal Ontario Museum,dpz83m6qn,1.0
64,Royal Ontario Museum,dpz83m6rn,1.0
64,Royal Ontario Museum,dpz83m6ws,1.0
64,Royal Ontario Museum,dpz83m6wk,1.0
64,Royal Ontario Museum,dpz83m6wu,1.0
64,Royal Ontario Museum,dpz83m6wh,1.0
64,Royal Ontario Museum,dpz83m6xh,1.0
64,Royal Ontario Museum,dpz83m6tc,1.0
64,Royal Ontario Museum,dpz83m6tb,1.0
64,Royal Ontario Museum,dpz83m6tf,1.0
64,Royal Ontario Museum,dpz83m6mz,1.0
64,Royal Ontario Museum,dpz83m6tg,1.0
64,Royal Ontario Museum,dpz83m6my,1.0
64,Royal Ontario Museum,dpz83m6tu,1.0
64,Royal Ontario Museum,dpz83m6x3,1.0
64,Royal Ontario Museum,dpz83m6x2,1.0
64,Royal Ontario Museum,dpz83m6x6,1.0
64,Royal Ontario Museum,dpz83m6rr,1.0
64,Royal Ontario Museum,dpz83m6x7,1.0
64,Royal Ontario Museum,dpz83m6rq,1.0
64,Royal Ontario Museum,dpz83m6xk,1.0
64,Royal Ontario Museum,dpz83m6qt,1.0
64,Royal Ontario Museum,dpz83m6qm,1.0
64,Royal Ontario Museum,dpz83m6qv,1.0
64,Royal Ontario Museum,dpz83m6qj,1.0
64,Royal Ontario Museum,dpz83m6rj,1.0
64,Royal Ontario Museum,dpz83m6mv,1.0
64,Royal Ontario Museum,dpz83m6rm,1.0
64,Royal Ontario Museum,dpz83m6wt,1.0
64,Royal Ontario Museum,dpz83m6wm,1.0
64,Royal Ontario Museum,dpz83m6wv,1.0
64,Royal Ontario Museum,dpz83m6wj,1.0
64,Royal Ontario Museum,dpz83m6xj,1.0
64,Royal Ontario Museum,dpz83m6tv,1.0
64,Royal Ontario Museum,dpz83m6xm,1.0
64,Royal Ontario Museum,dpz83m6t9,1.0
64,Royal Ontario Museum,dpz83m6t8,1.0
64,Royal Ontario Museum,dpz83m6td,1.0
64,Royal Ontario Museum,dpz83m6mx,1.0
64,Royal Ontario Museum,dpz83m6te,1.0
64,Royal Ontario Museum,dpz83m6mw,1.0
64,Royal Ontario Museum,dpz83m6ts,1.0
64,Royal Ontario Museum,dpz83m6mt,1.0
64,Royal Ontario Museum,dpz83m6tt,1.0
64,Royal Ontario Museum,dpz83m6x9,1.0
64,Royal Ontario Museum,dpz83m6x8,1.0
64,Royal Ontario Museum,dpz83m6xd,1.0
64,Royal Ontario Museum,dpz83m6rx,1.0
64,Royal Ontario Museum,dpz83m6xe,1.0
64,Royal Ontario Museum,dpz83m6rw,1.0
64,Royal Ontario Museum,dpz83m6xs,1.0
64,Royal Ontario Museum,dpz83m6rt,1.0
64,Royal Ontario Museum,dpz83m6xt,1.0
64,Royal Ontario Museum,dpz83m6qs,1.0
64,Royal Ontario Museum,dpz83m6qk,1.0
64,Royal Ontario Museum,dpz83m6qu,1.0
64,Royal Ontario Museum,dpz83m6qh,1.0
64,Royal Ontario Museum,dpz83m6rh,1.0
64,Royal Ontario Museum,dpz83m6mu,1.0
64,Royal Ontario Museum,dpz83m6rk,1.0
64,Royal Ontario Museum,dpz83m6ms,1.0
64,Royal Ontario Museum,dpz83m6rs,1.0
64,Royal Ontario Museum,dpz83m6ww,1.0
64,Royal Ontario Museum,dpz83m6wq,1.0
64,Royal Ontario Museum,dpz83m6wy,1.0
64,Royal Ontario Museum,dpz83m6wn,1.0
64,Royal Ontario Museum,dpz83m6xn,1.0
64,Royal Ontario Museum,dpz83m6ty,1.0
64,Royal Ontario Museum,dpz83m6xq,1.0
64,Royal Ontario Museum,dpz83m6tw,1.0
64,Royal Ontario Museum,dpz83m6xw,1.0
64,Royal Ontario Museum,dpz83m6t3,1.0
64,Royal Ontario Museum,dpz83m6t2,1.0
64,Royal Ontario Museum,dpz83m6t6,1.0
64,Royal Ontario Museum,dpz83m6mr,1.0
64,Royal Ontario Museum,dpz83m6t7,1.0
64,Royal Ontario Museum,dpz83m6mq,1.0
64,Royal Ontario Museum,dpz83m6tk,1.0
64,Royal Ontario Museum,dpz83m6mm,1.0
64,Royal Ontario Museum,dpz83m6tm,1.0
64,Royal Ontario Museum,dpz83m6mk,1.0
64,Royal Ontario Museum,dpz83m6tq,1.0
64,Royal Ontario Museum,dpz83m6xc,1.0
64,Royal Ontario Museum,dpz83m6xb,1.0
64,Royal Ontario Museum,dpz83m6xf,1.0
64,Royal Ontario Museum,dpz83m6rz,1.0
64,Royal Ontario Museum,dpz83m6xg,1.0
64,Royal Ontario Museum,dpz83m6ry,1.0
64,Royal Ontario Museum,dpz83m6xu,1.0
64,Royal Ontario Museum,dpz83m6rv,1.0
64,Royal Ontario Museum,dpz83m6xv,1.0
64,Royal Ontario Museum,dpz83m6ru,1.0
64,Royal Ontario Museum,dpz83m6xy,1.0
64,Royal Ontario Museum,dpz83m6qe,1.0
64,Royal Ontario Museum,dpz83m6q7,1.0
64,Royal Ontario Museum,dpz83m6qg,1.0
64,Royal Ontario Museum,dpz83m6q5,1.0
64,Royal Ontario Museum,dpz83m6r5,1.0
64,Royal Ontario Museum,dpz83m6mg,1.0
64,Royal Ontario Museum,dpz83m6r7,1.0
64,Royal Ontario Museum,dpz83m6me,1.0
64,Royal Ontario Museum,dpz83m6re,1.0
64,Royal Ontario Museum,dpz83m6m7,1.0
64,Royal Ontario Museum,dpz83m6rg,1.0
64,Royal Ontario Museum,dpz83m6wx,1.0
64,Royal Ontario Museum,dpz83m6wr,1.0
64,Royal Ontario Museum,dpz83m6wz,1.0
64,Royal Ontario Museum,dpz83m6wp,1.0
64,Royal Ontario Museum,dpz83m6xp,1.0
64,Royal Ontario Museum,dpz83m6tz,1.0
64,Royal Ontario Museum,dpz83m6xr,1.0
64,Royal Ontario Museum,dpz83m6tx,1.0
64,Royal Ontario Museum,dpz83m6xx,1.0
64,Royal Ontario Museum,dpz83m6tr,1.0
64,Royal Ontario Museum,dpz83m6xz,1.0
64,Royal Ontario Museum,dpz83m6t1,1.0
64,Royal Ontario Museum,dpz83m6t0,1.0
64,Royal Ontario Museum,dpz83m6t4,1.0
64,Royal Ontario Museum,dpz83m6mp,1.0
64,Royal Ontario Museum,dpz83m6t5,1.0
64,Royal Ontario Museum,dpz83m6mn,1.0
64,Royal Ontario Museum,dpz83m6th,1.0
64,Royal Ontario Museum,dpz83m6mj,1.0
64,Royal Ontario Museum,dpz83m6tj,1.0
64,Royal Ontario Museum,dpz83m6mh,1.0
64,Royal Ontario Museum,dpz83m6tn,1.0
64,Royal Ontario Museum,dpz83m6m5,1.0
64,Royal Ontario Museum,dpz83m6tp,1.0
64,Royal Ontario Museum,dpz83md81,1.0
64,Royal Ontario Museum,dpz83md80,1.0
64,Royal Ontario Museum,dpz83md84,1.0
64,Royal Ontario Museum,dpz83md2p,1.0
64,Royal Ontario Museum,dpz83md85,1.0
64,Royal Ontario Museum,dpz83md2n,1.0
64,Royal Ontario Museum,dpz83md8h,1.0
64,Royal Ontario Museum,dpz83md2j,1.0
64,Royal Ontario Museum,dpz83md8j,1.0
64,Royal Ontario Museum,dpz83md2h,1.0
64,Royal Ontario Museum,dpz83md8n,1.0
64,Royal Ontario Museum,dpz83md25,1.0
64,Royal Ontario Museum,dpz83md8p,1.0
64,Royal Ontario Museum,dpz83m6qd,1.0
64,Royal Ontario Museum,dpz83m6q6,1.0
64,Royal Ontario Museum,dpz83m6qf,1.0
64,Royal Ontario Museum,dpz83m6q4,1.0
64,Royal Ontario Museum,dpz83m6r4,1.0
64,Royal Ontario Museum,dpz83m6mf,1.0
64,Royal Ontario Museum,dpz83m6r6,1.0
64,Royal Ontario Museum,dpz83m6md,1.0
64,Royal Ontario Museum,dpz83m6rd,1.0
64,Royal Ontario Museum,dpz83m6m6,1.0
64,Royal Ontario Museum,dpz83m6rf,1.0
64,Royal Ontario Museum,dpz83m6m4,1.0
64,Royal Ontario Museum,dpz83md24,1.0
64,Royal Ontario Museum,dpz83m6y8,1.0
64,Royal Ontario Museum,dpz83m6y2,1.0
64,Royal Ontario Museum,dpz83m6yb,1.0
64,Royal Ontario Museum,dpz83m6y0,1.0
64,Royal Ontario Museum,dpz83m6z0,1.0
64,Royal Ontario Museum,dpz83m6vb,1.0
64,Royal Ontario Museum,dpz83m6z2,1.0
64,Royal Ontario Museum,dpz83m6v8,1.0
64,Royal Ontario Museum,dpz83m6z8,1.0
64,Royal Ontario Museum,dpz83m6v2,1.0
64,Royal Ontario Museum,dpz83m6zb,1.0
64,Royal Ontario Museum,dpz83m6v0,1.0
64,Royal Ontario Museum,dpz83mdb0,1.0
64,Royal Ontario Museum,dpz83m6sc,1.0
64,Royal Ontario Museum,dpz83m6sb,1.0
64,Royal Ontario Museum,dpz83m6sf,1.0
64,Royal Ontario Museum,dpz83m6kz,1.0
64,Royal Ontario Museum,dpz83m6sg,1.0
64,Royal Ontario Museum,dpz83m6ky,1.0
64,Royal Ontario Museum,dpz83m6su,1.0
64,Royal Ontario Museum,dpz83m6kv,1.0
64,Royal Ontario Museum,dpz83m6sv,1.0
64,Royal Ontario Museum,dpz83m6ku,1.0
64,Royal Ontario Museum,dpz83m6sy,1.0
64,Royal Ontario Museum,dpz83m6kg,1.0
64,Royal Ontario Museum,dpz83m6sz,1.0
64,Royal Ontario Museum,dpz83m6kf,1.0
64,Royal Ontario Museum,dpz83m6ub,1.0
64,Royal Ontario Museum,dpz83md83,1.0
64,Royal Ontario Museum,dpz83md82,1.0
64,Royal Ontario Museum,dpz83md86,1.0
64,Royal Ontario Museum,dpz83md2r,1.0
64,Royal Ontario Museum,dpz83md87,1.0
64,Royal Ontario Museum,dpz83md2q,1.0
64,Royal Ontario Museum,dpz83md8k,1.0
64,Royal Ontario Museum,dpz83md2m,1.0
64,Royal Ontario Museum,dpz83md8m,1.0
64,Royal Ontario Museum,dpz83md2k,1.0
64,Royal Ontario Museum,dpz83md8q,1.0
64,Royal Ontario Museum,dpz83md27,1.0
64,Royal Ontario Museum,dpz83md8r,1.0
64,Royal Ontario Museum,dpz83md26,1.0
64,Royal Ontario Museum,dpz83mdb2,1.0
64,Royal Ontario Museum,dpz83m6q9,1.0
64,Royal Ontario Museum,dpz83m6q3,1.0
64,Royal Ontario Museum,dpz83m6qc,1.0
64,Royal Ontario Museum,dpz83m6q1,1.0
64,Royal Ontario Museum,dpz83m6r1,1.0
64,Royal Ontario Museum,dpz83m6mc,1.0
64,Royal Ontario Museum,dpz83m6r3,1.0
64,Royal Ontario Museum,dpz83m6m9,1.0
64,Royal Ontario Museum,dpz83m6r9,1.0
64,Royal Ontario Museum,dpz83m6m3,1.0
64,Royal Ontario Museum,dpz83m6rc,1.0
64,Royal Ontario Museum,dpz83m6m1,1.0
64,Royal Ontario Museum,dpz83md21,1.0
64,Royal Ontario Museum,dpz83m6kc,1.0
64,Royal Ontario Museum,dpz83md23,1.0
64,Royal Ontario Museum,dpz83m6y9,1.0
64,Royal Ontario Museum,dpz83m6y3,1.0
64,Royal Ontario Museum,dpz83m6yc,1.0
64,Royal Ontario Museum,dpz83m6y1,1.0
64,Royal Ontario Museum,dpz83m6z1,1.0
64,Royal Ontario Museum,dpz83m6vc,1.0
64,Royal Ontario Museum,dpz83m6z3,1.0
64,Royal Ontario Museum,dpz83m6v9,1.0
64,Royal Ontario Museum,dpz83m6z9,1.0
64,Royal Ontario Museum,dpz83m6v3,1.0
64,Royal Ontario Museum,dpz83m6zc,1.0
64,Royal Ontario Museum,dpz83m6v1,1.0
64,Royal Ontario Museum,dpz83mdb1,1.0
64,Royal Ontario Museum,dpz83m6uc,1.0
64,Royal Ontario Museum,dpz83mdb3,1.0
64,Royal Ontario Museum,dpz83m6s9,1.0
64,Royal Ontario Museum,dpz83m6s8,1.0
64,Royal Ontario Museum,dpz83m6sd,1.0
64,Royal Ontario Museum,dpz83m6kx,1.0
64,Royal Ontario Museum,dpz83m6se,1.0
64,Royal Ontario Museum,dpz83m6kw,1.0
64,Royal Ontario Museum,dpz83m6ss,1.0
64,Royal Ontario Museum,dpz83m6kt,1.0
64,Royal Ontario Museum,dpz83m6st,1.0
64,Royal Ontario Museum,dpz83m6ks,1.0
64,Royal Ontario Museum,dpz83m6sw,1.0
64,Royal Ontario Museum,dpz83m6ke,1.0
64,Royal Ontario Museum,dpz83m6sx,1.0
64,Royal Ontario Museum,dpz83m6kd,1.0
64,Royal Ontario Museum,dpz83m6u8,1.0
64,Royal Ontario Museum,dpz83m6k9,1.0
64,Royal Ontario Museum,dpz83m6u9,1.0
64,Royal Ontario Museum,dpz83md89,1.0
64,Royal Ontario Museum,dpz83md88,1.0
64,Royal Ontario Museum,dpz83md8d,1.0
64,Royal Ontario Museum,dpz83md2x,1.0
64,Royal Ontario Museum,dpz83md8e,1.0
64,Royal Ontario Museum,dpz83md2w,1.0
64,Royal Ontario Museum,dpz83md8s,1.0
64,Royal Ontario Museum,dpz83md2t,1.0
64,Royal Ontario Museum,dpz83md8t,1.0
64,Royal Ontario Museum,dpz83md2s,1.0
64,Royal Ontario Museum,dpz83md8w,1.0
64,Royal Ontario Museum,dpz83md2e,1.0
64,Royal Ontario Museum,dpz83md8x,1.0
64,Royal Ontario Museum,dpz83md2d,1.0
64,Royal Ontario Museum,dpz83mdb8,1.0
64,Royal Ontario Museum,dpz83md29,1.0
64,Royal Ontario Museum,dpz83mdb9,1.0
64,Royal Ontario Museum,dpz83m6q8,1.0
64,Royal Ontario Museum,dpz83m6q2,1.0
64,Royal Ontario Museum,dpz83m6qb,1.0
64,Royal Ontario Museum,dpz83m6q0,1.0
64,Royal Ontario Museum,dpz83m6r0,1.0
64,Royal Ontario Museum,dpz83m6mb,1.0
64,Royal Ontario Museum,dpz83m6r2,1.0
64,Royal Ontario Museum,dpz83m6m8,1.0
64,Royal Ontario Museum,dpz83m6r8,1.0
64,Royal Ontario Museum,dpz83m6m2,1.0
64,Royal Ontario Museum,dpz83m6rb,1.0
64,Royal Ontario Museum,dpz83m6m0,1.0
64,Royal Ontario Museum,dpz83md20,1.0
64,Royal Ontario Museum,dpz83m6kb,1.0
64,Royal Ontario Museum,dpz83md22,1.0
64,Royal Ontario Museum,dpz83m6k8,1.0
64,Royal Ontario Museum,dpz83md28,1.0
64,Royal Ontario Museum,dpz83m6yd,1.0
64,Royal Ontario Museum,dpz83m6y6,1.0
64,Royal Ontario Museum,dpz83m6yf,1.0
64,Royal Ontario Museum,dpz83m6y4,1.0
64,Royal Ontario Museum,dpz83m6z4,1.0
64,Royal Ontario Museum,dpz83m6vf,1.0
64,Royal Ontario Museum,dpz83m6z6,1.0
64,Royal Ontario Museum,dpz83m6vd,1.0
64,Royal Ontario Museum,dpz83m6zd,1.0
64,Royal Ontario Museum,dpz83m6v6,1.0
64,Royal Ontario Museum,dpz83m6zf,1.0
64,Royal Ontario Museum,dpz83m6v4,1.0
64,Royal Ontario Museum,dpz83mdb4,1.0
64,Royal Ontario Museum,dpz83m6uf,1.0
64,Royal Ontario Museum,dpz83mdb6,1.0
64,Royal Ontario Museum,dpz83m6ud,1.0
64,Royal Ontario Museum,dpz83mdbd,1.0
64,Royal Ontario Museum,dpz83m6s3,1.0
64,Royal Ontario Museum,dpz83m6s2,1.0
64,Royal Ontario Museum,dpz83m6s6,1.0
64,Royal Ontario Museum,dpz83m6kr,1.0
64,Royal Ontario Museum,dpz83m6s7,1.0
64,Royal Ontario Museum,dpz83m6kq,1.0
64,Royal Ontario Museum,dpz83m6sk,1.0
64,Royal Ontario Museum,dpz83m6km,1.0
64,Royal Ontario Museum,dpz83m6sm,1.0
64,Royal Ontario Museum,dpz83m6kk,1.0
64,Royal Ontario Museum,dpz83m6sq,1.0
64,Royal Ontario Museum,dpz83m6k7,1.0
64,Royal Ontario Museum,dpz83m6sr,1.0
64,Royal Ontario Museum,dpz83m6k6,1.0
64,Royal Ontario Museum,dpz83m6u2,1.0
64,Royal Ontario Museum,dpz83m6k3,1.0
64,Royal Ontario Museum,dpz83m6u3,1.0
64,Royal Ontario Museum,dpz83m6k2,1.0
64,Royal Ontario Museum,dpz83m6u6,1.0
64,Royal Ontario Museum,dpz83md8c,1.0
64,Royal Ontario Museum,dpz83md8b,1.0
64,Royal Ontario Museum,dpz83md8f,1.0
64,Royal Ontario Museum,dpz83md2z,1.0
64,Royal Ontario Museum,dpz83md8g,1.0
64,Royal Ontario Museum,dpz83md2y,1.0
64,Royal Ontario Museum,dpz83md8u,1.0
64,Royal Ontario Museum,dpz83md2v,1.0
64,Royal Ontario Museum,dpz83md8v,1.0
64,Royal Ontario Museum,dpz83md2u,1.0
64,Royal Ontario Museum,dpz83md8y,1.0
64,Royal Ontario Museum,dpz83md2g,1.0
64,Royal Ontario Museum,dpz83md8z,1.0
64,Royal Ontario Museum,dpz83md2f,1.0
64,Royal Ontario Museum,dpz83mdbb,1.0
64,Royal Ontario Museum,dpz83md2c,1.0
64,Royal Ontario Museum,dpz83mdbc,1.0
64,Royal Ontario Museum,dpz83md2b,1.0
64,Royal Ontario Museum,dpz83mdbf,1.0
64,Royal Ontario Museum,dpz83m6nx,1.0
64,Royal Ontario Museum,dpz83m6nr,1.0
64,Royal Ontario Museum,dpz83m6nz,1.0
64,Royal Ontario Museum,dpz83m6np,1.0
64,Royal Ontario Museum,dpz83m6pp,1.0
64,Royal Ontario Museum,dpz83m6jz,1.0
64,Royal Ontario Museum,dpz83m6pr,1.0
64,Royal Ontario Museum,dpz83m6jx,1.0
64,Royal Ontario Museum,dpz83m6px,1.0
64,Royal Ontario Museum,dpz83m6jr,1.0
64,Royal Ontario Museum,dpz83m6pz,1.0
64,Royal Ontario Museum,dpz83m6jp,1.0
64,Royal Ontario Museum,dpz83md0p,1.0
64,Royal Ontario Museum,dpz83m6hz,1.0
64,Royal Ontario Museum,dpz83md0r,1.0
64,Royal Ontario Museum,dpz83m6hx,1.0
64,Royal Ontario Museum,dpz83md0x,1.0
64,Royal Ontario Museum,dpz83m6hr,1.0
64,Royal Ontario Museum,dpz83md0z,1.0
64,Royal Ontario Museum,dpz83m6ye,1.0
64,Royal Ontario Museum,dpz83m6y7,1.0
64,Royal Ontario Museum,dpz83m6yg,1.0
64,Royal Ontario Museum,dpz83m6y5,1.0
64,Royal Ontario Museum,dpz83m6z5,1.0
64,Royal Ontario Museum,dpz83m6vg,1.0
64,Royal Ontario Museum,dpz83m6z7,1.0
64,Royal Ontario Museum,dpz83m6ve,1.0
64,Royal Ontario Museum,dpz83m6ze,1.0
64,Royal Ontario Museum,dpz83m6v7,1.0
64,Royal Ontario Museum,dpz83m6zg,1.0
64,Royal Ontario Museum,dpz83m6v5,1.0
64,Royal Ontario Museum,dpz83mdb5,1.0
64,Royal Ontario Museum,dpz83m6ug,1.0
64,Royal Ontario Museum,dpz83mdb7,1.0
64,Royal Ontario Museum,dpz83m6ue,1.0
64,Royal Ontario Museum,dpz83mdbe,1.0
64,Royal Ontario Museum,dpz83m6u7,1.0
64,Royal Ontario Museum,dpz83mdbg,1.0
64,Royal Ontario Museum,dpz83m6s1,1.0
64,Royal Ontario Museum,dpz83m6s0,1.0
64,Royal Ontario Museum,dpz83m6s4,1.0
64,Royal Ontario Museum,dpz83m6kp,1.0
64,Royal Ontario Museum,dpz83m6s5,1.0
64,Royal Ontario Museum,dpz83m6kn,1.0
64,Royal Ontario Museum,dpz83m6sh,1.0
64,Royal Ontario Museum,dpz83m6kj,1.0
64,Royal Ontario Museum,dpz83m6sj,1.0
64,Royal Ontario Museum,dpz83m6kh,1.0
64,Royal Ontario Museum,dpz83m6sn,1.0
64,Royal Ontario Museum,dpz83m6k5,1.0
64,Royal Ontario Museum,dpz83m6sp,1.0
64,Royal Ontario Museum,dpz83m6k4,1.0
64,Royal Ontario Museum,dpz83m6u0,1.0
64,Royal Ontario Museum,dpz83m6k1,1.0
64,Royal Ontario Museum,dpz83m6u1,1.0
64,Royal Ontario Museum,dpz83m6k0,1.0
64,Royal Ontario Museum,dpz83m6u4,1.0
64,Royal Ontario Museum,dpz83m6hp,1.0
64,Royal Ontario Museum,dpz83m6u5,1.0
64,Royal Ontario Museum,dpz83md91,1.0
64,Royal Ontario Museum,dpz83md90,1.0
64,Royal Ontario Museum,dpz83md94,1.0
64,Royal Ontario Museum,dpz83md3p,1.0
64,Royal Ontario Museum,dpz83md95,1.0
64,Royal Ontario Museum,dpz83md3n,1.0
64,Royal Ontario Museum,dpz83md9h,1.0
64,Royal Ontario Museum,dpz83md3j,1.0
64,Royal Ontario Museum,dpz83md9j,1.0
64,Royal Ontario Museum,dpz83md3h,1.0
64,Royal Ontario Museum,dpz83md9n,1.0
64,Royal Ontario Museum,dpz83md35,1.0
64,Royal Ontario Museum,dpz83md9p,1.0
64,Royal Ontario Museum,dpz83md34,1.0
64,Royal Ontario Museum,dpz83mdc0,1.0
64,Royal Ontario Museum,dpz83md31,1.0
64,Royal Ontario Museum,dpz83mdc1,1.0
64,Royal Ontario Museum,dpz83md30,1.0
64,Royal Ontario Museum,dpz83mdc4,1.0
64,Royal Ontario Museum,dpz83md1p,1.0
64,Royal Ontario Museum,dpz83mdc5,0.8497
64,Royal Ontario Museum,dpz83m6nw,1.0
64,Royal Ontario Museum,dpz83m6nq,1.0
64,Royal Ontario Museum,dpz83m6ny,1.0
64,Royal Ontario Museum,dpz83m6nn,1.0
64,Royal Ontario Museum,dpz83m6pn,1.0
64,Royal Ontario Museum,dpz83m6jy,1.0
64,Royal Ontario Museum,dpz83m6pq,1.0
64,Royal Ontario Museum,dpz83m6jw,1.0
64,Royal Ontario Museum,dpz83m6pw,1.0
64,Royal Ontario Museum,dpz83m6jq,1.0
64,Royal Ontario Museum,dpz83m6py,1.0
64,Royal Ontario Museum,dpz83m6jn,1.0
64,Royal Ontario Museum,dpz83md0n,1.0
64,Royal Ontario Museum,dpz83m6hy,1.0
64,Royal Ontario Museum,dpz83md0q,1.0
64,Royal Ontario Museum,dpz83m6hw,1.0
64,Royal Ontario Museum,dpz83md0w,1.0
64,Royal Ontario Museum,dpz83m6hq,1.0
64,Royal Ontario Museum,dpz83md0y,1.0
64,Royal Ontario Museum,dpz83md1n,1.0
64,Royal Ontario Museum,dpz83m6ys,1.0
64,Royal Ontario Museum,dpz83m6yk,1.0
64,Royal Ontario Museum,dpz83m6yu,1.0
64,Royal Ontario Museum,dpz83m6yh,1.0
64,Royal Ontario Museum,dpz83m6zh,1.0
64,Royal Ontario Museum,dpz83m6vu,1.0
64,Royal Ontario Museum,dpz83m6zk,1.0
64,Royal Ontario Museum,dpz83m6vs,1.0
64,Royal Ontario Museum,dpz83m6zs,1.0
64,Royal Ontario Museum,dpz83m6vk,1.0
64,Royal Ontario Museum,dpz83m6zu,1.0
64,Royal Ontario Museum,dpz83m6vh,1.0
64,Royal Ontario Museum,dpz83mdbh,1.0
64,Royal Ontario Museum,dpz83m6uu,1.0
64,Royal Ontario Museum,dpz83mdbk,0.987
64,Royal Ontario Museum,dpz83m6us,1.0
64,Royal Ontario Museum,dpz83m6uk,1.0
64,Royal Ontario Museum,dpz83m6uh,1.0
64,Royal Ontario Museum,dpz83m6ec,1.0
64,Royal Ontario Museum,dpz83m6eb,1.0
64,Royal Ontario Museum,dpz83m6ef,1.0
64,Royal Ontario Museum,dpz83m67z,1.0
64,Royal Ontario Museum,dpz83m6eg,1.0
64,Royal Ontario Museum,dpz83m67y,1.0
64,Royal Ontario Museum,dpz83m6eu,1.0
64,Royal Ontario Museum,dpz83m67v,1.0
64,Royal Ontario Museum,dpz83m6ev,1.0
64,Royal Ontario Museum,dpz83m67u,1.0
64,Royal Ontario Museum,dpz83m6ey,1.0
64,Royal Ontario Museum,dpz83m67g,1.0
64,Royal Ontario Museum,dpz83m6ez,1.0
64,Royal Ontario Museum,dpz83m67f,1.0
64,Royal Ontario Museum,dpz83m6gb,1.0
64,Royal Ontario Museum,dpz83m67c,1.0
64,Royal Ontario Museum,dpz83m6gc,1.0
64,Royal Ontario Museum,dpz83m67b,1.0
64,Royal Ontario Museum,dpz83m6gf,1.0
64,Royal Ontario Museum,dpz83m65z,0.9466
64,Royal Ontario Museum,dpz83m6gg,1.0
64,Royal Ontario Museum,dpz83m6gu,1.0
64,Royal Ontario Museum,dpz83md93,1.0
64,Royal Ontario Museum,dpz83md92,1.0
64,Royal Ontario Museum,dpz83md96,1.0
64,Royal Ontario Museum,dpz83md3r,1.0
64,Royal Ontario Museum,dpz83md97,1.0
64,Royal Ontario Museum,dpz83md3q,1.0
64,Royal Ontario Museum,dpz83md9k,1.0
64,Royal Ontario Museum,dpz83md3m,1.0
64,Royal Ontario Museum,dpz83md9m,1.0
64,Royal Ontario Museum,dpz83md3k,1.0
64,Royal Ontario Museum,dpz83md9q,1.0
64,Royal Ontario Museum,dpz83md37,1.0
64,Royal Ontario Museum,dpz83md9r,1.0
64,Royal Ontario Museum,dpz83md36,1.0
64,Royal Ontario Museum,dpz83mdc2,1.0
64,Royal Ontario Museum,dpz83md33,1.0
64,Royal Ontario Museum,dpz83mdc3,1.0
64,Royal Ontario Museum,dpz83md32,1.0
64,Royal Ontario Museum,dpz83mdc6,1.0
64,Royal Ontario Museum,dpz83md1r,1.0
64,Royal Ontario Museum,dpz83md1q,1.0
64,Royal Ontario Museum,dpz83m6nt,1.0
64,Royal Ontario Museum,dpz83m6nm,1.0
64,Royal Ontario Museum,dpz83m6nv,1.0
64,Royal Ontario Museum,dpz83m6nj,1.0
64,Royal Ontario Museum,dpz83m6pj,1.0
64,Royal Ontario Museum,dpz83m6jv,1.0
64,Royal Ontario Museum,dpz83m6pm,1.0
64,Royal Ontario Museum,dpz83m6jt,1.0
64,Royal Ontario Museum,dpz83m6pt,1.0
64,Royal Ontario Museum,dpz83m6jm,1.0
64,Royal Ontario Museum,dpz83m6pv,1.0
64,Royal Ontario Museum,dpz83m6jj,0.9767
64,Royal Ontario Museum,dpz83md0j,1.0
64,Royal Ontario Museum,dpz83md0m,1.0
64,Royal Ontario Museum,dpz83md0t,1.0
64,Royal Ontario Museum,dpz83md0v,1.0
64,Royal Ontario Museum,dpz83md1j,1.0
64,Royal Ontario Museum,dpz83md1m,1.0
64,Royal Ontario Museum,dpz83m6yt,1.0
64,Royal Ontario Museum,dpz83m6ym,1.0
64,Royal Ontario Museum,dpz83m6yv,1.0
64,Royal Ontario Museum,dpz83m6yj,1.0
64,Royal Ontario Museum,dpz83m6zj,1.0
64,Royal Ontario Museum,dpz83m6vv,1.0
64,Royal Ontario Museum,dpz83m6zm,1.0
64,Royal Ontario Museum,dpz83m6vt,1.0
64,Royal Ontario Museum,dpz83m6zt,1.0
64,Royal Ontario Museum,dpz83m6vm,1.0
64,Royal Ontario Museum,dpz83m6zv,0.9356
64,Royal Ontario Museum,dpz83m6vj,1.0
64,Royal Ontario Museum,dpz83m6uv,1.0
64,Royal Ontario Museum,dpz83m6ut,1.0
64,Royal Ontario Museum,dpz83m6um,1.0
64,Royal Ontario Museum,dpz83m6uj,1.0
64,Royal Ontario Museum,dpz83m6gv,1.0
64,Royal Ontario Museum,dpz83m6e9,1.0
64,Royal Ontario Museum,dpz83m6e8,1.0
64,Royal Ontario Museum,dpz83m6ed,1.0
64,Royal Ontario Museum,dpz83m67x,1.0
64,Royal Ontario Museum,dpz83m6ee,1.0
64,Royal Ontario Museum,dpz83m67w,1.0
64,Royal Ontario Museum,dpz83m6es,1.0
64,Royal Ontario Museum,dpz83m67t,1.0
64,Royal Ontario Museum,dpz83m6et,1.0
64,Royal Ontario Museum,dpz83m67s,1.0
64,Royal Ontario Museum,dpz83m6ew,1.0
64,Royal Ontario Museum,dpz83m67e,1.0
64,Royal Ontario Museum,dpz83m6ex,1.0
64,Royal Ontario Museum,dpz83m67d,1.0
64,Royal Ontario Museum,dpz83m6g8,1.0
64,Royal Ontario Museum,dpz83m679,1.0
64,Royal Ontario Museum,dpz83m6g9,1.0
64,Royal Ontario Museum,dpz83m678,1.0
64,Royal Ontario Museum,dpz83m6gd,1.0
64,Royal Ontario Museum,dpz83m6ge,1.0
64,Royal Ontario Museum,dpz83m6gs,1.0
64,Royal Ontario Museum,dpz83m6gt,0.9503
64,Royal Ontario Museum,dpz83md99,1.0
64,Royal Ontario Museum,dpz83md98,1.0
64,Royal Ontario Museum,dpz83md9d,1.0
64,Royal Ontario Museum,dpz83md3x,1.0
64,Royal Ontario Museum,dpz83md9e,1.0
64,Royal Ontario Museum,dpz83md3w,1.0
64,Royal Ontario Museum,dpz83md9s,1.0
64,Royal Ontario Museum,dpz83md3t,1.0
64,Royal Ontario Museum,dpz83md9t,1.0
64,Royal Ontario Museum,dpz83md3s,1.0
64,Royal Ontario Museum,dpz83md9w,1.0
64,Royal Ontario Museum,dpz83md3e,1.0
64,Royal Ontario Museum,dpz83md9x,1.0
64,Royal Ontario Museum,dpz83md3d,1.0
64,Royal Ontario Museum,dpz83mdc8,1.0
64,Royal Ontario Museum,dpz83md39,1.0
64,Royal Ontario Museum,dpz83mdc9,1.0
64,Royal Ontario Museum,dpz83md38,1.0
64,Royal Ontario Museum,dpz83mdcd,0.958
64,Royal Ontario Museum,dpz83md1x,1.0
64,Royal Ontario Museum,dpz83md1w,1.0
64,Royal Ontario Museum,dpz83md1t,1.0
64,Royal Ontario Museum,dpz83m6ns,1.0
64,Royal Ontario Museum,dpz83m6nk,1.0
64,Royal Ontario Museum,dpz83m6nu,1.0
64,Royal Ontario Museum,dpz83m6nh,1.0
64,Royal Ontario Museum,dpz83m6ph,1.0
64,Royal Ontario Museum,dpz83m6ju,1.0
64,Royal Ontario Museum,dpz83m6pk,1.0
64,Royal Ontario Museum,dpz83m6js,1.0
64,Royal Ontario Museum,dpz83m6ps,1.0
64,Royal Ontario Museum,dpz83m6pu,1.0
64,Royal Ontario Museum,dpz83md0h,1.0
64,Royal Ontario Museum,dpz83md0k,1.0
64,Royal Ontario Museum,dpz83md0s,1.0
64,Royal Ontario Museum,dpz83md0u,1.0
64,Royal Ontario Museum,dpz83md1h,1.0
64,Royal Ontario Museum,dpz83md1k,1.0
64,Royal Ontario Museum,dpz83md1s,1.0
64,Royal Ontario Museum,dpz83m6yw,1.0
64,Royal Ontario Museum,dpz83m6yq,1.0
64,Royal Ontario Museum,dpz83m6yy,1.0
64,Royal Ontario Museum,dpz83m6yn,1.0
64,Royal Ontario Museum,dpz83m6zn,1.0
64,Royal Ontario Museum,dpz83m6vy,1.0
64,Royal Ontario Museum,dpz83m6zq,1.0
64,Royal Ontario Museum,dpz83m6vw,1.0
64,Royal Ontario Museum,dpz83m6zw,1.0
64,Royal Ontario Museum,dpz83m6vq,1.0
64,Royal Ontario Museum,dpz83m6zy,0.8126
64,Royal Ontario Museum,dpz83m6vn,1.0
64,Royal Ontario Museum,dpz83m6uy,1.0
64,Royal Ontario Museum,dpz83m6uw,1.0
64,Royal Ontario Museum,dpz83m6uq,1.0
64,Royal Ontario Museum,dpz83m6un,1.0
64,Royal Ontario Museum,dpz83m6gy,1.0
64,Royal Ontario Museum,dpz83m6e3,1.0
64,Royal Ontario Museum,dpz83m6e2,1.0
64,Royal Ontario Museum,dpz83m6e6,1.0
64,Royal Ontario Museum,dpz83m67r,1.0
64,Royal Ontario Museum,dpz83m6e7,1.0
64,Royal Ontario Museum,dpz83m67q,1.0
64,Royal Ontario Museum,dpz83m6ek,1.0
64,Royal Ontario Museum,dpz83m67m,1.0
64,Royal Ontario Museum,dpz83m6em,1.0
64,Royal Ontario Museum,dpz83m67k,1.0
64,Royal Ontario Museum,dpz83m6eq,1.0
64,Royal Ontario Museum,dpz83m677,1.0
64,Royal Ontario Museum,dpz83m6er,1.0
64,Royal Ontario Museum,dpz83m676,1.0
64,Royal Ontario Museum,dpz83m6g2,0.999
64,Royal Ontario Museum,dpz83m673,1.0
64,Royal Ontario Museum,dpz83m6g3,0.8642
64,Royal Ontario Museum,dpz83m672,0.9986
64,Royal Ontario Museum,dpz83md9c,1.0
64,Royal Ontario Museum,dpz83md9b,1.0
64,Royal Ontario Museum,dpz83md9f,1.0
64,Royal Ontario Museum,dpz83md3z,1.0
64,Royal Ontario Museum,dpz83md9g,1.0
64,Royal Ontario Museum,dpz83md3y,1.0
64,Royal Ontario Museum,dpz83md9u,1.0
64,Royal Ontario Museum,dpz83md3v,1.0
64,Royal Ontario Museum,dpz83md9v,1.0
64,Royal Ontario Museum,dpz83md3u,1.0
64,Royal Ontario Museum,dpz83md9y,1.0
64,Royal Ontario Museum,dpz83md3g,1.0
64,Royal Ontario Museum,dpz83md9z,1.0
64,Royal Ontario Museum,dpz83md3f,1.0
64,Royal Ontario Museum,dpz83mdcb,1.0
64,Royal Ontario Museum,dpz83md3c,1.0
64,Royal Ontario Museum,dpz83mdcc,1.0
64,Royal Ontario Museum,dpz83md3b,0.9855
64,Royal Ontario Museum,dpz83m6ne,1.0
64,Royal Ontario Museum,dpz83m6n7,0.9693
64,Royal Ontario Museum,dpz83m6ng,1.0
64,Royal Ontario Museum,dpz83m6n5,0.8397
64,Royal Ontario Museum,dpz83m6p5,1.0
64,Royal Ontario Museum,dpz83m6jg,0.9733
64,Royal Ontario Museum,dpz83m6p7,1.0
64,Royal Ontario Museum,dpz83m6je,0.9999
64,Royal Ontario Museum,dpz83m6pe,1.0
64,Royal Ontario Museum,dpz83m6pg,1.0
64,Royal Ontario Museum,dpz83md05,1.0
64,Royal Ontario Museum,dpz83md07,1.0
64,Royal Ontario Museum,dpz83md0e,1.0
64,Royal Ontario Museum,dpz83md0g,1.0
64,Royal Ontario Museum,dpz83md15,1.0
64,Royal Ontario Museum,dpz83md17,1.0
64,Royal Ontario Museum,dpz83md1e,1.0
64,Royal Ontario Museum,dpz83m6yx,0.9549
64,Royal Ontario Museum,dpz83m6yr,1.0
64,Royal Ontario Museum,dpz83m6yp,1.0
64,Royal Ontario Museum,dpz83m6zp,1.0
64,Royal Ontario Museum,dpz83m6vz,1.0
64,Royal Ontario Museum,dpz83m6zr,1.0
64,Royal Ontario Museum,dpz83m6vx,1.0
64,Royal Ontario Museum,dpz83m6zx,1.0
64,Royal Ontario Museum,dpz83m6vr,1.0
64,Royal Ontario Museum,dpz83m6zz,0.9867
64,Royal Ontario Museum,dpz83m6vp,1.0
64,Royal Ontario Museum,dpz83m6uz,1.0
64,Royal Ontario Museum,dpz83m6ux,1.0
64,Royal Ontario Museum,dpz83m6ur,1.0
64,Royal Ontario Museum,dpz83m6up,1.0
64,Royal Ontario Museum,dpz83m6gz,1.0
64,Royal Ontario Museum,dpz83m6e1,1.0
64,Royal Ontario Museum,dpz83m6e0,0.8502
64,Royal Ontario Museum,dpz83m6e4,1.0
64,Royal Ontario Museum,dpz83m6e5,1.0
64,Royal Ontario Museum,dpz83m67n,0.9846
64,Royal Ontario Museum,dpz83m6eh,0.9771
64,Royal Ontario Museum,dpz83m67j,1.0
64,Royal Ontario Museum,dpz83m67h,1.0
64,Royal Ontario Museum,dpz83m675,1.0
64,Royal Ontario Museum,dpz83m674,1.0
64,Royal Ontario Museum,dpz83m671,1.0
64,Royal Ontario Museum,dpz83m670,0.9902
64,Royal Ontario Museum,dpz83mdd1,1.0
64,Royal Ontario Museum,dpz83mdd0,1.0
64,Royal Ontario Museum,dpz83mdd4,1.0
64,Royal Ontario Museum,dpz83md6p,1.0
64,Royal Ontario Museum,dpz83mdd5,1.0
64,Royal Ontario Museum,dpz83md6n,1.0
64,Royal Ontario Museum,dpz83mddh,1.0
64,Royal Ontario Museum,dpz83md6j,1.0
64,Royal Ontario Museum,dpz83mddj,1.0
64,Royal Ontario Museum,dpz83md6h,1.0
64,Royal Ontario Museum,dpz83mddn,1.0
64,Royal Ontario Museum,dpz83md65,1.0
64,Royal Ontario Museum,dpz83mddp,1.0
64,Royal Ontario Museum,dpz83md64,1.0
64,Royal Ontario Museum,dpz83mdf0,1.0
64,Royal Ontario Museum,dpz83md61,0.9755
64,Royal Ontario Museum,dpz83mdf1,0.9995
64,Royal Ontario Museum,dpz83m6nf,0.8723
64,Royal Ontario Museum,dpz83m6p4,1.0
64,Royal Ontario Museum,dpz83m6p6,1.0
64,Royal Ontario Museum,dpz83m6pd,1.0
64,Royal Ontario Museum,dpz83m6pf,1.0
64,Royal Ontario Museum,dpz83md04,1.0
64,Royal Ontario Museum,dpz83md06,1.0
64,Royal Ontario Museum,dpz83md0f,0.9554
64,Royal Ontario Museum,dpz83md14,1.0
64,Royal Ontario Museum,dpz83md16,1.0
64,Royal Ontario Museum,dpz83md1d,1.0
64,Royal Ontario Museum,dpz83m7n0,0.878
64,Royal Ontario Museum,dpz83m7p0,0.9426
64,Royal Ontario Museum,dpz83m7jb,1.0
64,Royal Ontario Museum,dpz83m7p2,1.0
64,Royal Ontario Museum,dpz83m7j8,1.0
64,Royal Ontario Museum,dpz83m7p8,1.0
64,Royal Ontario Museum,dpz83m7j2,1.0
64,Royal Ontario Museum,dpz83m7pb,1.0
64,Royal Ontario Museum,dpz83m7j0,1.0
64,Royal Ontario Museum,dpz83m7hb,1.0
64,Royal Ontario Museum,dpz83m7h8,1.0
64,Royal Ontario Museum,dpz83m7h2,1.0
64,Royal Ontario Museum,dpz83m7h0,1.0
64,Royal Ontario Museum,dpz83m75b,1.0
64,Royal Ontario Museum,dpz83m66y,0.9666
64,Royal Ontario Museum,dpz83m66v,1.0
64,Royal Ontario Museum,dpz83m66u,1.0
64,Royal Ontario Museum,dpz83m66g,1.0
64,Royal Ontario Museum,dpz83m66f,1.0
64,Royal Ontario Museum,dpz83m66c,1.0
64,Royal Ontario Museum,dpz83m66b,1.0
64,Royal Ontario Museum,dpz83m64z,0.9912
64,Royal Ontario Museum,dpz83mdd3,1.0
64,Royal Ontario Museum,dpz83mdd2,1.0
64,Royal Ontario Museum,dpz83mdd6,1.0
64,Royal Ontario Museum,dpz83md6r,1.0
64,Royal Ontario Museum,dpz83mdd7,1.0
64,Royal Ontario Museum,dpz83md6q,1.0
64,Royal Ontario Museum,dpz83mddk,1.0
64,Royal Ontario Museum,dpz83md6m,1.0
64,Royal Ontario Museum,dpz83mddm,1.0
64,Royal Ontario Museum,dpz83md6k,0.98
64,Royal Ontario Museum,dpz83mddq,1.0
64,Royal Ontario Museum,dpz83md67,1.0
64,Royal Ontario Museum,dpz83mddr,1.0
64,Royal Ontario Museum,dpz83md66,0.9626
64,Royal Ontario Museum,dpz83mdf2,1.0
64,Royal Ontario Museum,dpz83m6p9,1.0
64,Royal Ontario Museum,dpz83m6pc,1.0
64,Royal Ontario Museum,dpz83md01,1.0
64,Royal Ontario Museum,dpz83md03,1.0
64,Royal Ontario Museum,dpz83md11,0.9931
64,Royal Ontario Museum,dpz83md13,1.0
64,Royal Ontario Museum,dpz83md19,0.9894
64,Royal Ontario Museum,dpz83m7p3,1.0
64,Royal Ontario Museum,dpz83m7p9,0.9111
64,Royal Ontario Museum,dpz83m7j3,0.9996
64,Royal Ontario Museum,dpz83m7j1,1.0
64,Royal Ontario Museum,dpz83m7hc,1.0
64,Royal Ontario Museum,dpz83m7h9,1.0
64,Royal Ontario Museum,dpz83m7h3,1.0
64,Royal Ontario Museum,dpz83m7h1,1.0
64,Royal Ontario Museum,dpz83m75c,0.9956
64,Royal Ontario Museum,dpz83m66e,0.9191
64,Royal Ontario Museum,dpz83m66d,1.0
64,Royal Ontario Museum,dpz83m669,1.0
64,Royal Ontario Museum,dpz83m668,1.0
64,Royal Ontario Museum,dpz83mdd9,1.0
64,Royal Ontario Museum,dpz83mdd8,1.0
64,Royal Ontario Museum,dpz83mddd,1.0
64,Royal Ontario Museum,dpz83md6x,1.0
64,Royal Ontario Museum,dpz83mdde,1.0
64,Royal Ontario Museum,dpz83md6w,1.0
64,Royal Ontario Museum,dpz83mdds,1.0
64,Royal Ontario Museum,dpz83md6t,0.9492
64,Royal Ontario Museum,dpz83mddt,1.0
64,Royal Ontario Museum,dpz83mddw,1.0
64,Royal Ontario Museum,dpz83mddx,1.0
64,Royal Ontario Museum,dpz83mdf8,1.0
64,Royal Ontario Museum,dpz83md00,0.9586
64,Royal Ontario Museum,dpz83md02,0.9396
64,Royal Ontario Museum,dpz83md12,1.0
64,Royal Ontario Museum,dpz83m7hf,0.9756
64,Royal Ontario Museum,dpz83m7hd,1.0
64,Royal Ontario Museum,dpz83m7h6,1.0
64,Royal Ontario Museum,dpz83m7h4,1.0
64,Royal Ontario Museum,dpz83m75f,0.8433
64,Royal Ontario Museum,dpz83mddc,1.0
64,Royal Ontario Museum,dpz83mddb,1.0
64,Royal Ontario Museum,dpz83mddf,1.0
64,Royal Ontario Museum,dpz83md6z,1.0
64,Royal Ontario Museum,dpz83mddg,1.0
64,Royal Ontario Museum,dpz83md6y,0.9893
64,Royal Ontario Museum,dpz83mddu,0.9159
64,Royal Ontario Museum,dpz83m7h7,0.914
64,Royal Ontario Museum,dpz83m7h5,1.0
64,Royal Ontario Museum,dpz83mde1,1.0
64,Royal Ontario Museum,dpz83mde0,1.0
64,Royal Ontario Museum,dpz83mde4,1.0
64,Royal Ontario Museum,dpz83md7p,1.0
64,Royal Ontario Museum,dpz83mde5,0.9889
65,Bluffs Gallery,dpz8s6mx3,1.0
65,Bluffs Gallery,dpz8s6mx2,1.0
65,Bluffs Gallery,dpz8s6mx0,0.9602
65,Bluffs Gallery,dpz8s6mx9,1.0
65,Bluffs Gallery,dpz8s6mx8,0.9587
65,Bluffs Gallery,dpz8s6mxd,0.9824
65,Bluffs Gallery,dpz8s6mrr,1.0
66,Young Centre for the Performing Arts,dpz864mmn,1.0
66,Young Centre for the Performing Arts,dpz864mmj,1.0
66,Young Centre for the Performing Arts,dpz864mmp,1.0
66,Young Centre for the Performing Arts,dpz864mky,1.0
66,Young Centre for the Performing Arts,dpz864mkv,1.0
66,Young Centre for the Performing Arts,dpz864mkz,1.0
66,Young Centre for the Performing Arts,dpz864mmq,1.0
66,Young Centre for the Performing Arts,dpz864mmm,1.0
66,Young Centre for the Performing Arts,dpz864mmr,1.0
66,Young Centre for the Performing Arts,dpz864mmh,1.0
66,Young Centre for the Performing Arts,dpz864mku,1.0
66,Young Centre for the Performing Arts,dpz864mmk,1.0
66,Young Centre for the Performing Arts,dpz864mt0,1.0
66,Young Centre for the Performing Arts,dpz864msb,1.0
66,Young Centre for the Performing Arts,dpz864mt2,1.0
66,Young Centre for the Performing Arts,dpz864mkw,1.0
66,Young Centre for the Performing Arts,dpz864mkt,1.0
66,Young Centre for the Performing Arts,dpz864mkx,1.0
66,Young Centre for the Performing Arts,dpz864mks,1.0
66,Young Centre for the Performing Arts,dpz864ms8,1.0
66,Young Centre for the Performing Arts,dpz864mmw,1.0
66,Young Centre for the Performing Arts,dpz864mmt,1.0
66,Young Centre for the Performing Arts,dpz864mmx,1.0
66,Young Centre for the Performing Arts,dpz864mms,1.0
66,Young Centre for the Performing Arts,dpz864mt8,1.0
66,Young Centre for the Performing Arts,dpz864mm5,1.0
66,Young Centre for the Performing Arts,dpz864mkg,1.0
66,Young Centre for the Performing Arts,dpz864mm7,1.0
66,Young Centre for the Performing Arts,dpz864mke,1.0
66,Young Centre for the Performing Arts,dpz864mme,1.0
66,Young Centre for the Performing Arts,dpz864mt1,1.0
66,Young Centre for the Performing Arts,dpz864msc,1.0
66,Young Centre for the Performing Arts,dpz864mt3,1.0
66,Young Centre for the Performing Arts,dpz864ms9,1.0
66,Young Centre for the Performing Arts,dpz864mt9,1.0
66,Young Centre for the Performing Arts,dpz864mkq,1.0
66,Young Centre for the Performing Arts,dpz864mkm,1.0
66,Young Centre for the Performing Arts,dpz864mkr,1.0
66,Young Centre for the Performing Arts,dpz864mkk,1.0
66,Young Centre for the Performing Arts,dpz864ms2,1.0
66,Young Centre for the Performing Arts,dpz864mk7,1.0
66,Young Centre for the Performing Arts,dpz864ms3,1.0
66,Young Centre for the Performing Arts,dpz864mmy,1.0
66,Young Centre for the Performing Arts,dpz864mmv,1.0
66,Young Centre for the Performing Arts,dpz864mmz,1.0
66,Young Centre for the Performing Arts,dpz864mmu,1.0
66,Young Centre for the Performing Arts,dpz864mtb,1.0
66,Young Centre for the Performing Arts,dpz864mmg,1.0
66,Young Centre for the Performing Arts,dpz864mtc,1.0
66,Young Centre for the Performing Arts,dpz864mm4,1.0
66,Young Centre for the Performing Arts,dpz864mkf,1.0
66,Young Centre for the Performing Arts,dpz864mm6,1.0
66,Young Centre for the Performing Arts,dpz864mkd,1.0
66,Young Centre for the Performing Arts,dpz864mmd,1.0
66,Young Centre for the Performing Arts,dpz864mk6,1.0
66,Young Centre for the Performing Arts,dpz864mmf,1.0
66,Young Centre for the Performing Arts,dpz864mt4,1.0
66,Young Centre for the Performing Arts,dpz864msf,1.0
66,Young Centre for the Performing Arts,dpz864mt6,1.0
66,Young Centre for the Performing Arts,dpz864msd,1.0
66,Young Centre for the Performing Arts,dpz864mtd,1.0
66,Young Centre for the Performing Arts,dpz864ms6,0.9609
66,Young Centre for the Performing Arts,dpz864mtf,1.0
66,Young Centre for the Performing Arts,dpz864mkj,0.8387
66,Young Centre for the Performing Arts,dpz864mkh,0.9955
66,Young Centre for the Performing Arts,dpz864mk5,1.0
66,Young Centre for the Performing Arts,dpz864mk4,1.0
66,Young Centre for the Performing Arts,dpz864mqn,1.0
66,Young Centre for the Performing Arts,dpz864mqj,1.0
66,Young Centre for the Performing Arts,dpz864mqp,1.0
66,Young Centre for the Performing Arts,dpz864mqh,1.0
66,Young Centre for the Performing Arts,dpz864mw0,1.0
66,Young Centre for the Performing Arts,dpz864mq5,0.8495
66,Young Centre for the Performing Arts,dpz864mw1,1.0
66,Young Centre for the Performing Arts,dpz864mw4,1.0
66,Young Centre for the Performing Arts,dpz864mm1,1.0
66,Young Centre for the Performing Arts,dpz864mkc,1.0
66,Young Centre for the Performing Arts,dpz864mm3,1.0
66,Young Centre for the Performing Arts,dpz864mk9,1.0
66,Young Centre for the Performing Arts,dpz864mm9,1.0
66,Young Centre for the Performing Arts,dpz864mk3,1.0
66,Young Centre for the Performing Arts,dpz864mmc,1.0
66,Young Centre for the Performing Arts,dpz864mk1,0.9685
66,Young Centre for the Performing Arts,dpz864mt5,1.0
66,Young Centre for the Performing Arts,dpz864msg,1.0
66,Young Centre for the Performing Arts,dpz864mt7,1.0
66,Young Centre for the Performing Arts,dpz864mse,1.0
66,Young Centre for the Performing Arts,dpz864mte,1.0
66,Young Centre for the Performing Arts,dpz864mtg,1.0
66,Young Centre for the Performing Arts,dpz864mw5,1.0
66,Young Centre for the Performing Arts,dpz864mqr,0.9707
66,Young Centre for the Performing Arts,dpz864mw2,1.0
66,Young Centre for the Performing Arts,dpz864mw3,1.0
66,Young Centre for the Performing Arts,dpz864mw6,1.0
66,Young Centre for the Performing Arts,dpz864mw7,1.0
66,Young Centre for the Performing Arts,dpz864mm0,1.0
66,Young Centre for the Performing Arts,dpz864mkb,1.0
66,Young Centre for the Performing Arts,dpz864mm2,1.0
66,Young Centre for the Performing Arts,dpz864mk8,0.9936
66,Young Centre for the Performing Arts,dpz864mm8,1.0
66,Young Centre for the Performing Arts,dpz864mmb,1.0
66,Young Centre for the Performing Arts,dpz864mth,1.0
66,Young Centre for the Performing Arts,dpz864msu,1.0
66,Young Centre for the Performing Arts,dpz864mtk,1.0
66,Young Centre for the Performing Arts,dpz864mss,1.0
66,Young Centre for the Performing Arts,dpz864mts,1.0
66,Young Centre for the Performing Arts,dpz864mtu,1.0
66,Young Centre for the Performing Arts,dpz864mwh,1.0
66,Young Centre for the Performing Arts,dpz864mwk,1.0
66,Young Centre for the Performing Arts,dpz864mwe,0.92
66,Young Centre for the Performing Arts,dpz864mws,1.0
66,Young Centre for the Performing Arts,dpz864mjp,1.0
66,Young Centre for the Performing Arts,dpz864mhz,1.0
66,Young Centre for the Performing Arts,dpz864mjr,1.0
66,Young Centre for the Performing Arts,dpz864mhx,1.0
66,Young Centre for the Performing Arts,dpz864mjx,1.0
66,Young Centre for the Performing Arts,dpz864mjz,0.9131
66,Young Centre for the Performing Arts,dpz864mtj,1.0
66,Young Centre for the Performing Arts,dpz864msv,1.0
66,Young Centre for the Performing Arts,dpz864mtm,1.0
66,Young Centre for the Performing Arts,dpz864mst,0.9934
66,Young Centre for the Performing Arts,dpz864mtt,1.0
66,Young Centre for the Performing Arts,dpz864mtv,1.0
66,Young Centre for the Performing Arts,dpz864mwj,1.0
66,Young Centre for the Performing Arts,dpz864mwm,1.0
66,Young Centre for the Performing Arts,dpz864mwt,0.8426
66,Young Centre for the Performing Arts,dpz864mjn,1.0
66,Young Centre for the Performing Arts,dpz864mhy,1.0
66,Young Centre for the Performing Arts,dpz864mjq,1.0
66,Young Centre for the Performing Arts,dpz864mhw,1.0
66,Young Centre for the Performing Arts,dpz864mjw,1.0
66,Young Centre for the Performing Arts,dpz864mtn,1.0
66,Young Centre for the Performing Arts,dpz864msy,1.0
66,Young Centre for the Performing Arts,dpz864mtq,1.0
66,Young Centre for the Performing Arts,dpz864msw,0.8294
66,Young Centre for the Performing Arts,dpz864mtw,1.0
66,Young Centre for the Performing Arts,dpz864mty,0.9973
66,Young Centre for the Performing Arts,dpz864mjj,1.0
66,Young Centre for the Performing Arts,dpz864mhv,0.9989
66,Young Centre for the Performing Arts,dpz864mjm,1.0
66,Young Centre for the Performing Arts,dpz864mjt,1.0
66,Young Centre for the Performing Arts,dpz864mtp,1.0
66,Young Centre for the Performing Arts,dpz864msz,1.0
66,Young Centre for the Performing Arts,dpz864mtr,0.9684
66,Young Centre for the Performing Arts,dpz864mjk,0.9544
66,Young Centre for the Performing Arts,dpz864mjs,1.0
66,Young Centre for the Performing Arts,dpz864mub,0.9082
67,St. Lawrence Centre,dpz83cbb2,1.0
67,St. Lawrence Centre,dpz83cb8r,1.0
67,St. Lawrence Centre,dpz83cbb3,1.0
67,St. Lawrence Centre,dpz83cbb0,1.0
67,St. Lawrence Centre,dpz83cb8p,1.0
67,St. Lawrence Centre,dpz83cbb1,1.0
67,St. Lawrence Centre,dpz83cbb8,1.0
67,St. Lawrence Centre,dpz83cb8x,1.0
67,St. Lawrence Centre,dpz83cbb9,1.0
67,St. Lawrence Centre,dpz83cb8q,1.0
67,St. Lawrence Centre,dpz83cb8n,1.0
67,St. Lawrence Centre,dpz83cb8w,1.0
67,St. Lawrence Centre,dpz83cbb6,1.0
67,St. Lawrence Centre,dpz83cbb4,1.0
67,St. Lawrence Centre,dpz83cbbd,1.0
67,St. Lawrence Centre,dpz83c8zb,1.0
67,St. Lawrence Centre,dpz83c8xz,1.0
67,St. Lawrence Centre,dpz83c8zc,1.0
67,St. Lawrence Centre,dpz83c8xy,1.0
67,St. Lawrence Centre,dpz83c8zf,1.0
67,St. Lawrence Centre,dpz83cbbb,1.0
67,St. Lawrence Centre,dpz83cb8z,1.0
67,St. Lawrence Centre,dpz83cbbc,1.0
67,St. Lawrence Centre,dpz83cb8y,1.0
67,St. Lawrence Centre,dpz83cbbf,1.0
67,St. Lawrence Centre,dpz83cb8m,1.0
67,St. Lawrence Centre,dpz83cb8j,1.0
67,St. Lawrence Centre,dpz83cb8t,1.0
67,St. Lawrence Centre,dpz83c8xv,1.0
67,St. Lawrence Centre,dpz83cb8v,1.0
67,St. Lawrence Centre,dpz83cbb7,1.0
67,St. Lawrence Centre,dpz83cbb5,1.0
67,St. Lawrence Centre,dpz83cbbe,1.0
67,St. Lawrence Centre,dpz83c8zg,1.0
67,St. Lawrence Centre,dpz83cbbg,1.0
67,St. Lawrence Centre,dpz83c8z8,1.0
67,St. Lawrence Centre,dpz83c8xx,1.0
67,St. Lawrence Centre,dpz83c8z9,1.0
67,St. Lawrence Centre,dpz83c8xw,1.0
67,St. Lawrence Centre,dpz83c8zd,1.0
67,St. Lawrence Centre,dpz83c8xt,1.0
67,St. Lawrence Centre,dpz83c8ze,1.0
67,St. Lawrence Centre,dpz83cbc0,1.0
67,St. Lawrence Centre,dpz83cb9p,1.0
67,St. Lawrence Centre,dpz83cbc1,1.0
67,St. Lawrence Centre,dpz83cb9n,1.0
67,St. Lawrence Centre,dpz83cbc4,1.0
67,St. Lawrence Centre,dpz83cb9j,1.0
67,St. Lawrence Centre,dpz83cbc5,1.0
67,St. Lawrence Centre,dpz83cb8k,1.0
67,St. Lawrence Centre,dpz83cb8h,1.0
67,St. Lawrence Centre,dpz83cb8s,1.0
67,St. Lawrence Centre,dpz83c8xu,1.0
67,St. Lawrence Centre,dpz83cb8u,1.0
67,St. Lawrence Centre,dpz83c8xs,1.0
67,St. Lawrence Centre,dpz83cb9h,1.0
67,St. Lawrence Centre,dpz83cbbk,1.0
67,St. Lawrence Centre,dpz83cbbh,1.0
67,St. Lawrence Centre,dpz83cbbs,1.0
67,St. Lawrence Centre,dpz83c8zu,1.0
67,St. Lawrence Centre,dpz83cbbu,1.0
67,St. Lawrence Centre,dpz83c8zs,1.0
67,St. Lawrence Centre,dpz83cbch,1.0
67,St. Lawrence Centre,dpz83c8z2,1.0
67,St. Lawrence Centre,dpz83c8xr,1.0
67,St. Lawrence Centre,dpz83c8z3,1.0
67,St. Lawrence Centre,dpz83c8xq,1.0
67,St. Lawrence Centre,dpz83c8z6,1.0
67,St. Lawrence Centre,dpz83c8xm,1.0
67,St. Lawrence Centre,dpz83c8z7,1.0
67,St. Lawrence Centre,dpz83c8xk,1.0
67,St. Lawrence Centre,dpz83c8zk,1.0
67,St. Lawrence Centre,dpz83cbc2,1.0
67,St. Lawrence Centre,dpz83cb9r,1.0
67,St. Lawrence Centre,dpz83cbc3,1.0
67,St. Lawrence Centre,dpz83cb9q,1.0
67,St. Lawrence Centre,dpz83cbc6,1.0
67,St. Lawrence Centre,dpz83cb9m,1.0
67,St. Lawrence Centre,dpz83cbc7,1.0
67,St. Lawrence Centre,dpz83cb9k,0.8935
67,St. Lawrence Centre,dpz83cbck,1.0
67,St. Lawrence Centre,dpz83cb87,1.0
67,St. Lawrence Centre,dpz83cb85,1.0
67,St. Lawrence Centre,dpz83cb8e,1.0
67,St. Lawrence Centre,dpz83c8xg,1.0
67,St. Lawrence Centre,dpz83cb8g,1.0
67,St. Lawrence Centre,dpz83c8xe,1.0
67,St. Lawrence Centre,dpz83cb95,1.0
67,St. Lawrence Centre,dpz83c8x7,1.0
67,St. Lawrence Centre,dpz83cbbm,1.0
67,St. Lawrence Centre,dpz83cbbj,1.0
67,St. Lawrence Centre,dpz83cbbt,1.0
67,St. Lawrence Centre,dpz83c8zv,1.0
67,St. Lawrence Centre,dpz83cbbv,1.0
67,St. Lawrence Centre,dpz83c8zt,1.0
67,St. Lawrence Centre,dpz83cbcj,1.0
67,St. Lawrence Centre,dpz83c8zm,0.9808
67,St. Lawrence Centre,dpz83cbcm,1.0
67,St. Lawrence Centre,dpz83c8z0,1.0
67,St. Lawrence Centre,dpz83c8xp,1.0
67,St. Lawrence Centre,dpz83c8z1,1.0
67,St. Lawrence Centre,dpz83c8xn,1.0
67,St. Lawrence Centre,dpz83c8z4,1.0
67,St. Lawrence Centre,dpz83c8xj,1.0
67,St. Lawrence Centre,dpz83c8z5,0.9589
67,St. Lawrence Centre,dpz83c8xh,1.0
67,St. Lawrence Centre,dpz83c8x5,1.0
67,St. Lawrence Centre,dpz83cbc8,1.0
67,St. Lawrence Centre,dpz83cb9x,1.0
67,St. Lawrence Centre,dpz83cbc9,1.0
67,St. Lawrence Centre,dpz83cb9w,0.8826
67,St. Lawrence Centre,dpz83cbcd,1.0
67,St. Lawrence Centre,dpz83cbce,1.0
67,St. Lawrence Centre,dpz83cbcs,1.0
67,St. Lawrence Centre,dpz83cbct,1.0
67,St. Lawrence Centre,dpz83cb86,1.0
67,St. Lawrence Centre,dpz83cb84,1.0
67,St. Lawrence Centre,dpz83cb8d,1.0
67,St. Lawrence Centre,dpz83c8xf,1.0
67,St. Lawrence Centre,dpz83cb8f,1.0
67,St. Lawrence Centre,dpz83c8xd,1.0
67,St. Lawrence Centre,dpz83cb94,0.9039
67,St. Lawrence Centre,dpz83c8x6,1.0
67,St. Lawrence Centre,dpz83c8x4,0.9782
67,St. Lawrence Centre,dpz83cbbq,1.0
67,St. Lawrence Centre,dpz83cbbn,1.0
67,St. Lawrence Centre,dpz83cbbw,1.0
67,St. Lawrence Centre,dpz83c8zy,1.0
67,St. Lawrence Centre,dpz83cbby,1.0
67,St. Lawrence Centre,dpz83c8zw,1.0
67,St. Lawrence Centre,dpz83cbcn,1.0
67,St. Lawrence Centre,dpz83cbcq,1.0
67,St. Lawrence Centre,dpz83c8yb,1.0
67,St. Lawrence Centre,dpz83c8wz,1.0
67,St. Lawrence Centre,dpz83c8yc,0.9288
67,St. Lawrence Centre,dpz83c8wy,1.0
67,St. Lawrence Centre,dpz83c8wv,1.0
67,St. Lawrence Centre,dpz83c8wu,1.0
67,St. Lawrence Centre,dpz83c8wg,1.0
67,St. Lawrence Centre,dpz83c8wf,0.9745
67,St. Lawrence Centre,dpz83cbcb,0.8712
67,St. Lawrence Centre,dpz83cbcc,1.0
67,St. Lawrence Centre,dpz83cbcf,1.0
67,St. Lawrence Centre,dpz83cbcg,1.0
67,St. Lawrence Centre,dpz83cbcu,1.0
67,St. Lawrence Centre,dpz83cbcv,1.0
67,St. Lawrence Centre,dpz83cb83,1.0
67,St. Lawrence Centre,dpz83cb81,1.0
67,St. Lawrence Centre,dpz83cb89,1.0
67,St. Lawrence Centre,dpz83c8xc,1.0
67,St. Lawrence Centre,dpz83cb8c,1.0
67,St. Lawrence Centre,dpz83c8x9,1.0
67,St. Lawrence Centre,dpz83c8x3,0.9388
67,St. Lawrence Centre,dpz83cbbr,1.0
67,St. Lawrence Centre,dpz83cbbp,1.0
67,St. Lawrence Centre,dpz83cbbx,1.0
67,St. Lawrence Centre,dpz83c8zz,1.0
67,St. Lawrence Centre,dpz83cbbz,0.994
67,St. Lawrence Centre,dpz83c8zx,0.9945
67,St. Lawrence Centre,dpz83c8wx,0.8437
67,St. Lawrence Centre,dpz83c8wt,0.9374
67,St. Lawrence Centre,dpz83c8ws,1.0
67,St. Lawrence Centre,dpz83c8we,0.9293
67,St. Lawrence Centre,dpz83cbf4,0.8592
67,St. Lawrence Centre,dpz83cbf5,1.0
67,St. Lawrence Centre,dpz83cbfh,1.0
67,St. Lawrence Centre,dpz83cbfj,0.8696
67,St. Lawrence Centre,dpz83cb82,1.0
67,St. Lawrence Centre,dpz83cb80,1.0
67,St. Lawrence Centre,dpz83cb88,1.0
67,St. Lawrence Centre,dpz83c8xb,0.8305
67,St. Lawrence Centre,dpz83cb8b,0.9138
67,St. Lawrence Centre,dpz83cc02,0.974
67,St. Lawrence Centre,dpz83cc00,1.0
67,St. Lawrence Centre,dpz83c9pb,1.0
67,St. Lawrence Centre,dpz83cb2x,0.9813
67,St. Lawrence Centre,dpz83c9pc,0.9399
68,Tarragon Theatre,dpz82yv30,1.0
68,Tarragon Theatre,dpz82yv1p,1.0
68,Tarragon Theatre,dpz82yv31,1.0
68,Tarragon Theatre,dpz82yv2b,1.0
68,Tarragon Theatre,dpz82yv0z,1.0
68,Tarragon Theatre,dpz82yv2c,1.0
68,Tarragon Theatre,dpz82yv32,1.0
68,Tarragon Theatre,dpz82yv1r,1.0
68,Tarragon Theatre,dpz82yv33,1.0
68,Tarragon Theatre,dpz82yv1n,1.0
68,Tarragon Theatre,dpz82yv0y,1.0
68,Tarragon Theatre,dpz82yv1q,1.0
68,Tarragon Theatre,dpz82yv34,1.0
68,Tarragon Theatre,dpz82yv2f,1.0
68,Tarragon Theatre,dpz82yv36,1.0
68,Tarragon Theatre,dpz82yv28,1.0
68,Tarragon Theatre,dpz82yv0x,1.0
68,Tarragon Theatre,dpz82yv29,1.0
68,Tarragon Theatre,dpz82yv0w,1.0
68,Tarragon Theatre,dpz82yv2d,1.0
68,Tarragon Theatre,dpz82yv38,1.0
68,Tarragon Theatre,dpz82yv1x,1.0
68,Tarragon Theatre,dpz82yv39,1.0
68,Tarragon Theatre,dpz82yv1w,1.0
68,Tarragon Theatre,dpz82yv3d,0.9948
68,Tarragon Theatre,dpz82yv0t,1.0
68,Tarragon Theatre,dpz82yv1t,0.9513
68,Tarragon Theatre,dpz82yv35,0.8215
68,Tarragon Theatre,dpz82yv2g,1.0
68,Tarragon Theatre,dpz82yv2e,1.0
68,Tarragon Theatre,dpz82yv0r,0.9525
68,Tarragon Theatre,dpz82yv0q,1.0
68,Tarragon Theatre,dpz82yv0m,1.0
68,Tarragon Theatre,dpz82yv3b,1.0
68,Tarragon Theatre,dpz82yv1z,1.0
68,Tarragon Theatre,dpz82yv3c,1.0
68,Tarragon Theatre,dpz82yv1y,1.0
68,Tarragon Theatre,dpz82yv1v,1.0
68,Tarragon Theatre,dpz82yv0s,0.8381
68,Tarragon Theatre,dpz82yv1s,0.9759
68,Tarragon Theatre,dpz82yv1u,1.0
68,Tarragon Theatre,dpz82yv60,1.0
68,Tarragon Theatre,dpz82yv4p,0.999
68,Tarragon Theatre,dpz82yv4n,0.8774
68,Tarragon Theatre,dpz82yv1e,1.0
68,Tarragon Theatre,dpz82yv1g,1.0
68,Tarragon Theatre,dpz82yv16,0.974
68,Tarragon Theatre,dpz82yv1d,1.0
68,Tarragon Theatre,dpz82yv1f,0.9954
68,Tarragon Theatre,dpz82yv1c,0.825
69,The Aga Khan Museum,dpz8dzbnq,1.0
69,The Aga Khan Museum,dpz8dzbnm,1.0
69,The Aga Khan Museum,dpz8dzbnr,1.0
69,The Aga Khan Museum,dpz8dzbnn,1.0
69,The Aga Khan Museum,dpz8dzbnj,1.0
69,The Aga Khan Museum,dpz8dzbnp,1.0
69,The Aga Khan Museum,dpz8dzbnw,1.0
69,The Aga Khan Museum,dpz8dzbnt,1.0
69,The Aga Khan Museum,dpz8dzbnx,1.0
69,The Aga Khan Museum,dpz8dzbnk,1.0
69,The Aga Khan Museum,dpz8dzbnh,1.0
69,The Aga Khan Museum,dpz8dzbns,1.0
69,The Aga Khan Museum,dpz8dzbq2,1.0
69,The Aga Khan Museum,dpz8dzbq0,1.0
69,The Aga Khan Museum,dpz8dzbq8,1.0
69,The Aga Khan Museum,dpz8dzbjy,1.0
69,The Aga Khan Museum,dpz8dzbjv,1.0
69,The Aga Khan Museum,dpz8dzbjz,1.0
69,The Aga Khan Museum,dpz8dzbju,1.0
69,The Aga Khan Museum,dpz8dzbmb,1.0
69,The Aga Khan Museum,dpz8dzbny,1.0
69,The Aga Khan Museum,dpz8dzbnv,1.0
69,The Aga Khan Museum,dpz8dzbnz,1.0
69,The Aga Khan Museum,dpz8dzbnu,1.0
69,The Aga Khan Museum,dpz8dzbqb,1.0
69,The Aga Khan Museum,dpz8dzbn7,1.0
69,The Aga Khan Museum,dpz8dzbn5,1.0
69,The Aga Khan Museum,dpz8dzbne,1.0
69,The Aga Khan Museum,dpz8dzbjg,1.0
69,The Aga Khan Museum,dpz8dzbng,1.0
69,The Aga Khan Museum,dpz8dzbq3,1.0
69,The Aga Khan Museum,dpz8dzbq1,1.0
69,The Aga Khan Museum,dpz8dzbq9,1.0
69,The Aga Khan Museum,dpz8dzbmc,1.0
69,The Aga Khan Museum,dpz8dzbqc,1.0
69,The Aga Khan Museum,dpz8dzbjw,1.0
69,The Aga Khan Museum,dpz8dzbjt,1.0
69,The Aga Khan Museum,dpz8dzbjx,1.0
69,The Aga Khan Museum,dpz8dzbjs,1.0
69,The Aga Khan Museum,dpz8dzbm8,1.0
69,The Aga Khan Museum,dpz8dzbje,1.0
69,The Aga Khan Museum,dpz8dzbm9,1.0
69,The Aga Khan Museum,dpz8dzbpn,1.0
69,The Aga Khan Museum,dpz8dzbpj,1.0
69,The Aga Khan Museum,dpz8dzbpp,1.0
69,The Aga Khan Museum,dpz8dzbph,1.0
69,The Aga Khan Museum,dpz8dzbr0,1.0
69,The Aga Khan Museum,dpz8dzbp5,1.0
69,The Aga Khan Museum,dpz8dzbr1,1.0
69,The Aga Khan Museum,dpz8dzbn6,1.0
69,The Aga Khan Museum,dpz8dzbn4,1.0
69,The Aga Khan Museum,dpz8dzbnd,1.0
69,The Aga Khan Museum,dpz8dzbjf,1.0
69,The Aga Khan Museum,dpz8dzbnf,1.0
69,The Aga Khan Museum,dpz8dzbjd,1.0
69,The Aga Khan Museum,dpz8dzbp4,1.0
69,The Aga Khan Museum,dpz8dzbq6,1.0
69,The Aga Khan Museum,dpz8dzbq4,1.0
69,The Aga Khan Museum,dpz8dzbqd,1.0
69,The Aga Khan Museum,dpz8dzbmf,1.0
69,The Aga Khan Museum,dpz8dzbqf,1.0
69,The Aga Khan Museum,dpz8dzbmd,1.0
69,The Aga Khan Museum,dpz8dzbr4,1.0
69,The Aga Khan Museum,dpz8dzbjq,1.0
69,The Aga Khan Museum,dpz8dzbjm,1.0
69,The Aga Khan Museum,dpz8dzbjr,1.0
69,The Aga Khan Museum,dpz8dzbjk,1.0
69,The Aga Khan Museum,dpz8dzbm2,1.0
69,The Aga Khan Museum,dpz8dzbj7,1.0
69,The Aga Khan Museum,dpz8dzbm3,1.0
69,The Aga Khan Museum,dpz8dzbj6,1.0
69,The Aga Khan Museum,dpz8dzbm6,1.0
69,The Aga Khan Museum,dpz8dzbpq,1.0
69,The Aga Khan Museum,dpz8dzbpm,1.0
69,The Aga Khan Museum,dpz8dzbpr,1.0
69,The Aga Khan Museum,dpz8dzbpk,1.0
69,The Aga Khan Museum,dpz8dzbr2,1.0
69,The Aga Khan Museum,dpz8dzbp7,1.0
69,The Aga Khan Museum,dpz8dzbr3,1.0
69,The Aga Khan Museum,dpz8dzbp6,1.0
69,The Aga Khan Museum,dpz8dzbr6,1.0
69,The Aga Khan Museum,dpz8dzbn3,1.0
69,The Aga Khan Museum,dpz8dzbn1,1.0
69,The Aga Khan Museum,dpz8dzbn9,1.0
69,The Aga Khan Museum,dpz8dzbjc,1.0
69,The Aga Khan Museum,dpz8dzbnc,1.0
69,The Aga Khan Museum,dpz8dzbj9,1.0
69,The Aga Khan Museum,dpz8dzbp1,1.0
69,The Aga Khan Museum,dpz8dzbj3,1.0
69,The Aga Khan Museum,dpz8dzbp3,1.0
69,The Aga Khan Museum,dpz8dzbq7,1.0
69,The Aga Khan Museum,dpz8dzbq5,1.0
69,The Aga Khan Museum,dpz8dzbqe,1.0
69,The Aga Khan Museum,dpz8dzbmg,1.0
69,The Aga Khan Museum,dpz8dzbqg,1.0
69,The Aga Khan Museum,dpz8dzbme,1.0
69,The Aga Khan Museum,dpz8dzbr5,1.0
69,The Aga Khan Museum,dpz8dzbm7,1.0
69,The Aga Khan Museum,dpz8dzbr7,1.0
69,The Aga Khan Museum,dpz8dzbjn,1.0
69,The Aga Khan Museum,dpz8dzbjj,1.0
69,The Aga Khan Museum,dpz8dzbjp,1.0
69,The Aga Khan Museum,dpz8dzbjh,1.0
69,The Aga Khan Museum,dpz8dzbm0,1.0
69,The Aga Khan Museum,dpz8dzbj5,1.0
69,The Aga Khan Museum,dpz8dzbm1,1.0
69,The Aga Khan Museum,dpz8dzbj4,1.0
69,The Aga Khan Museum,dpz8dzbm4,1.0
69,The Aga Khan Museum,dpz8dzbj1,1.0
69,The Aga Khan Museum,dpz8dzbm5,0.9083
69,The Aga Khan Museum,dpz8dzbpw,1.0
69,The Aga Khan Museum,dpz8dzbpt,1.0
69,The Aga Khan Museum,dpz8dzbpx,1.0
69,The Aga Khan Museum,dpz8dzbps,1.0
69,The Aga Khan Museum,dpz8dzbr8,1.0
69,The Aga Khan Museum,dpz8dzbpe,1.0
69,The Aga Khan Museum,dpz8dzbr9,1.0
69,The Aga Khan Museum,dpz8dzbpd,1.0
69,The Aga Khan Museum,dpz8dzbrd,1.0
69,The Aga Khan Museum,dpz8dzbre,1.0
69,The Aga Khan Museum,dpz8dzbn2,1.0
69,The Aga Khan Museum,dpz8dzbn0,1.0
69,The Aga Khan Museum,dpz8dzbn8,1.0
69,The Aga Khan Museum,dpz8dzbjb,1.0
69,The Aga Khan Museum,dpz8dzbnb,1.0
69,The Aga Khan Museum,dpz8dzbj8,1.0
69,The Aga Khan Museum,dpz8dzbp0,0.9999
69,The Aga Khan Museum,dpz8dzbj2,1.0
69,The Aga Khan Museum,dpz8dzbj0,1.0
69,The Aga Khan Museum,dpz8dzbqk,1.0
69,The Aga Khan Museum,dpz8dzbqh,1.0
69,The Aga Khan Museum,dpz8dzbqs,1.0
69,The Aga Khan Museum,dpz8dzbmu,1.0
69,The Aga Khan Museum,dpz8dzbqu,1.0
69,The Aga Khan Museum,dpz8dzbms,1.0
69,The Aga Khan Museum,dpz8dzbrh,1.0
69,The Aga Khan Museum,dpz8dzbmk,0.8615
69,The Aga Khan Museum,dpz8dzbrk,1.0
69,The Aga Khan Museum,dpz8dzbrs,1.0
69,The Aga Khan Museum,dpz8dzbhy,1.0
69,The Aga Khan Museum,dpz8dzbhv,1.0
69,The Aga Khan Museum,dpz8dzbhz,1.0
69,The Aga Khan Museum,dpz8dzbhu,1.0
69,The Aga Khan Museum,dpz8dzbkb,1.0
69,The Aga Khan Museum,dpz8dzbhg,1.0
69,The Aga Khan Museum,dpz8dzbkc,1.0
69,The Aga Khan Museum,dpz8dzbhf,1.0
69,The Aga Khan Museum,dpz8dzbkf,0.9458
69,The Aga Khan Museum,dpz8dzbhc,1.0
69,The Aga Khan Museum,dpz8dzbhb,1.0
69,The Aga Khan Museum,dpz8dzbpy,1.0
69,The Aga Khan Museum,dpz8dzbpv,1.0
69,The Aga Khan Museum,dpz8dzbpz,1.0
69,The Aga Khan Museum,dpz8dzbpu,1.0
69,The Aga Khan Museum,dpz8dzbrb,1.0
69,The Aga Khan Museum,dpz8dzbpg,1.0
69,The Aga Khan Museum,dpz8dzbrc,1.0
69,The Aga Khan Museum,dpz8dzbrf,1.0
69,The Aga Khan Museum,dpz8dzbrg,1.0
69,The Aga Khan Museum,dpz8dzbru,1.0
69,The Aga Khan Museum,dpz8dxzyr,1.0
69,The Aga Khan Museum,dpz8dxzyp,1.0
69,The Aga Khan Museum,dpz8dxzyx,1.0
69,The Aga Khan Museum,dpz8dxzvz,1.0
69,The Aga Khan Museum,dpz8dxzyz,0.9932
69,The Aga Khan Museum,dpz8dxzvx,1.0
69,The Aga Khan Museum,dpz8dxzvr,1.0
69,The Aga Khan Museum,dpz8dxzvp,1.0
69,The Aga Khan Museum,dpz8dxzuz,1.0
69,The Aga Khan Museum,dpz8dzbqm,1.0
69,The Aga Khan Museum,dpz8dzbqj,1.0
69,The Aga Khan Museum,dpz8dzbqt,1.0
69,The Aga Khan Museum,dpz8dzbmv,1.0
69,The Aga Khan Museum,dpz8dzbqv,1.0
69,The Aga Khan Museum,dpz8dzbmt,0.8051
69,The Aga Khan Museum,dpz8dzbrj,1.0
69,The Aga Khan Museum,dpz8dzbrm,1.0
69,The Aga Khan Museum,dpz8dzbrt,1.0
69,The Aga Khan Museum,dpz8dzbrv,1.0
69,The Aga Khan Museum,dpz8dzbhw,1.0
69,The Aga Khan Museum,dpz8dzbht,1.0
69,The Aga Khan Museum,dpz8dzbhx,1.0
69,The Aga Khan Museum,dpz8dzbhs,1.0
69,The Aga Khan Museum,dpz8dzbk8,1.0
69,The Aga Khan Museum,dpz8dzbhe,1.0
69,The Aga Khan Museum,dpz8dzbk9,0.9742
69,The Aga Khan Museum,dpz8dzbhd,1.0
69,The Aga Khan Museum,dpz8dzbh9,1.0
69,The Aga Khan Museum,dpz8dzbh8,1.0
69,The Aga Khan Museum,dpz8dxzux,0.9742
69,The Aga Khan Museum,dpz8fb00n,1.0
69,The Aga Khan Museum,dpz8fb00j,1.0
69,The Aga Khan Museum,dpz8fb00p,1.0
69,The Aga Khan Museum,dpz8fb00h,1.0
69,The Aga Khan Museum,dpz8fb020,1.0
69,The Aga Khan Museum,dpz8fb021,1.0
69,The Aga Khan Museum,dpz8fb024,1.0
69,The Aga Khan Museum,dpz8fb025,1.0
69,The Aga Khan Museum,dpz8fb02h,0.8253
69,The Aga Khan Museum,dpz8dxzyq,1.0
69,The Aga Khan Museum,dpz8dxzyn,1.0
69,The Aga Khan Museum,dpz8dxzyw,0.9764
69,The Aga Khan Museum,dpz8dxzvy,1.0
69,The Aga Khan Museum,dpz8dxzvw,1.0
69,The Aga Khan Museum,dpz8dxzvq,1.0
69,The Aga Khan Museum,dpz8dxzvn,1.0
69,The Aga Khan Museum,dpz8dxzuy,0.9705
69,The Aga Khan Museum,dpz8dzbqq,1.0
69,The Aga Khan Museum,dpz8dzbqn,1.0
69,The Aga Khan Museum,dpz8dzbqw,1.0
69,The Aga Khan Museum,dpz8dzbqy,1.0
69,The Aga Khan Museum,dpz8dzbrn,1.0
69,The Aga Khan Museum,dpz8dzbrq,1.0
69,The Aga Khan Museum,dpz8dzbrw,1.0
69,The Aga Khan Museum,dpz8dzbry,0.8673
69,The Aga Khan Museum,dpz8dzbhq,1.0
69,The Aga Khan Museum,dpz8dzbhm,1.0
69,The Aga Khan Museum,dpz8dzbhr,1.0
69,The Aga Khan Museum,dpz8dzbhk,1.0
69,The Aga Khan Museum,dpz8dzbk2,0.9922
69,The Aga Khan Museum,dpz8dzbh7,1.0
69,The Aga Khan Museum,dpz8dzbh6,1.0
69,The Aga Khan Museum,dpz8dzbh3,0.9521
69,The Aga Khan Museum,dpz8fb00q,1.0
69,The Aga Khan Museum,dpz8fb00m,1.0
69,The Aga Khan Museum,dpz8fb00r,1.0
69,The Aga Khan Museum,dpz8fb00k,0.8413
69,The Aga Khan Museum,dpz8fb022,1.0
69,The Aga Khan Museum,dpz8fb023,1.0
69,The Aga Khan Museum,dpz8dxzym,0.9495
69,The Aga Khan Museum,dpz8dxzyj,1.0
69,The Aga Khan Museum,dpz8dxzvv,1.0
69,The Aga Khan Museum,dpz8dxzvt,1.0
69,The Aga Khan Museum,dpz8dxzvm,1.0
69,The Aga Khan Museum,dpz8dxzvj,1.0
69,The Aga Khan Museum,dpz8dzbqr,1.0
69,The Aga Khan Museum,dpz8dzbqx,1.0
69,The Aga Khan Museum,dpz8dzbqz,1.0
69,The Aga Khan Museum,dpz8dzbrp,1.0
69,The Aga Khan Museum,dpz8dzbrr,1.0
69,The Aga Khan Museum,dpz8dzbrx,1.0
69,The Aga Khan Museum,dpz8dzbhn,1.0
69,The Aga Khan Museum,dpz8dzbhj,1.0
69,The Aga Khan Museum,dpz8dzbhp,0.9997
69,The Aga Khan Museum,dpz8dzbhh,1.0
69,The Aga Khan Museum,dpz8dzbh5,0.9233
69,The Aga Khan Museum,dpz8fb00w,1.0
69,The Aga Khan Museum,dpz8fb00t,0.893
69,The Aga Khan Museum,dpz8fb00x,0.9985
69,The Aga Khan Museum,dpz8dxzyh,0.9124
69,The Aga Khan Museum,dpz8dxzvu,1.0
69,The Aga Khan Museum,dpz8dxzvs,1.0
69,The Aga Khan Museum,dpz8dxzvk,1.0
69,The Aga Khan Museum,dpz8dxzvh,1.0
69,The Aga Khan Museum,dpz8dzbw8,1.0
69,The Aga Khan Museum,dpz8dzbwb,1.0
69,The Aga Khan Museum,dpz8dzbx0,1.0
69,The Aga Khan Museum,dpz8dzbx2,1.0
69,The Aga Khan Museum,dpz8dzbx8,0.9036
69,The Aga Khan Museum,dpz8dzb5y,1.0
69,The Aga Khan Museum,dpz8dzb5v,0.8877
69,The Aga Khan Museum,dpz8dxzvg,0.8651
69,The Aga Khan Museum,dpz8dxzve,1.0
69,The Aga Khan Museum,dpz8dxzv7,1.0
69,The Aga Khan Museum,dpz8dxzv5,0.9978
69,The Aga Khan Museum,dpz8dzbwc,0.998
69,The Aga Khan Museum,dpz8dzbx1,1.0
69,The Aga Khan Museum,dpz8dzbx3,1.0
69,The Aga Khan Museum,dpz8dxzvd,0.8077
69,The Aga Khan Museum,dpz8dxzv6,1.0
69,The Aga Khan Museum,dpz8dzbx4,0.9869
69,The Aga Khan Museum,dpz8dzbx6,0.934
70,The Garrison,dpz82dn6t,1.0
70,The Garrison,dpz82dn6s,1.0
70,The Garrison,dpz82dn6w,0.9988
70,The Garrison,dpz82dn6m,1.0
70,The Garrison,dpz82dn6k,1.0
70,The Garrison,dpz82dn6q,0.9664
70,The Garrison,dpz82dn6v,1.0
70,The Garrison,dpz82dn6u,1.0
70,The Garrison,dpz82dn6y,1.0
70,The Garrison,dpz82dn6j,1.0
70,The Garrison,dpz82dn6h,1.0
70,The Garrison,dpz82dn6n,0.9201
70,The Garrison,dpz82dn7j,1.0
70,The Garrison,dpz82dn7h,1.0
70,The Garrison,dpz82dn7n,1.0
70,The Garrison,dpz82dn3v,1.0
70,The Garrison,dpz82dn3u,1.0
70,The Garrison,dpz82dn3y,0.8754
70,The Garrison,dpz82dn7m,0.9231
70,The Garrison,dpz82dn7k,0.942
70,The Garrison,dpz82dn7q,0.9042
71,The Great Hall,dpz829n8f,1.0
71,The Great Hall,dpz829n8c,1.0
71,The Great Hall,dpz829n8g,1.0
71,The Great Hall,dpz829n8d,1.0
71,The Great Hall,dpz829n89,0.9793
71,The Great Hall,dpz829n8e,1.0
71,The Great Hall,dpz829n94,1.0
71,The Great Hall,dpz829n91,1.0
71,The Great Hall,dpz829n95,1.0
71,The Great Hall,dpz829n90,0.84
71,The Great Hall,dpz829n8u,1.0
71,The Great Hall,dpz829n8s,1.0
71,The Great Hall,dpz829n9h,0.9598
71,The Great Hall,dpz829n86,1.0
71,The Great Hall,dpz829n87,1.0
71,The Great Hall,dpz829n8k,1.0
71,The Great Hall,dpz829n96,0.991
71,The Great Hall,dpz829n93,0.8456
71,The Great Hall,dpz829n97,1.0
71,The Great Hall,dpz829n8m,0.9918
71,The Great Hall,dpz829n84,1.0
71,The Great Hall,dpz829n85,1.0
71,The Great Hall,dpz829n8h,1.0
71,The Great Hall,dpz829n8j,1.0
71,The Great Hall,dpz828yxf,0.8927
71,The Great Hall,dpz828yxg,1.0
71,The Great Hall,dpz828yxu,1.0
71,The Great Hall,dpz828yxv,1.0
71,The Great Hall,dpz828yxy,0.8341
71,The Great Hall,dpz828yxe,1.0
71,The Great Hall,dpz828yxs,1.0
71,The Great Hall,dpz828yxt,0.9951
71,The Great Hall,dpz828yxw,0.851
72,The Opera House,dpz867u49,1.0
72,The Opera House,dpz867u48,1.0
72,The Opera House,dpz867u4d,1.0
72,The Opera House,dpz867u43,1.0
72,The Opera House,dpz867u42,0.8596
72,The Opera House,dpz867u46,1.0
72,The Opera House,dpz867u4c,1.0
72,The Opera House,dpz867u4b,1.0
72,The Opera House,dpz867u4f,1.0
72,The Opera House,dpz867u4e,0.9577
72,The Opera House,dpz867u47,1.0
72,The Opera House,dpz867u41,0.8758
72,The Opera House,dpz867u51,1.0
72,The Opera House,dpz867u50,1.0
72,The Opera House,dpz867u54,0.9999
72,The Opera House,dpz867ggp,0.9638
72,The Opera House,dpz867u53,1.0
72,The Opera House,dpz867u52,1.0
72,The Opera House,dpz867ggr,1.0
72,The Opera House,dpz867u59,1.0
72,The Opera House,dpz867u58,1.0
72,The Opera House,dpz867ggx,1.0
72,The Opera House,dpz867ggw,0.9433
72,The Opera House,dpz867u5c,0.9266
72,The Opera House,dpz867u5b,1.0
72,The Opera House,dpz867ggz,1.0
72,The Opera House,dpz867ggy,1.0
72,The Opera House,dpz867ggv,0.8254
73,The Power Plant,dpz8385g1,1.0
73,The Power Plant,dpz8385g0,1.0
73,The Power Plant,dpz8385g4,1.0
73,The Power Plant,dpz8385fc,1.0
73,The Power Plant,dpz8385fb,1.0
73,The Power Plant,dpz8385ff,1.0
73,The Power Plant,dpz8385g3,1.0
73,The Power Plant,dpz8385g2,1.0
73,The Power Plant,dpz8385g6,1.0
73,The Power Plant,dpz8385ep,1.0
73,The Power Plant,dpz8385dz,1.0
73,The Power Plant,dpz8385er,1.0
73,The Power Plant,dpz8385g5,1.0
73,The Power Plant,dpz8385fg,1.0
73,The Power Plant,dpz8385g7,1.0
73,The Power Plant,dpz8385f9,1.0
73,The Power Plant,dpz8385f8,1.0
73,The Power Plant,dpz8385fd,1.0
73,The Power Plant,dpz8385dx,1.0
73,The Power Plant,dpz8385fe,1.0
73,The Power Plant,dpz8385g9,1.0
73,The Power Plant,dpz8385g8,1.0
73,The Power Plant,dpz8385gd,1.0
73,The Power Plant,dpz8385ex,1.0
73,The Power Plant,dpz8385ge,1.0
73,The Power Plant,dpz8385en,1.0
73,The Power Plant,dpz8385dy,1.0
73,The Power Plant,dpz8385eq,1.0
73,The Power Plant,dpz8385dw,1.0
73,The Power Plant,dpz8385ew,1.0
73,The Power Plant,dpz8385gh,1.0
73,The Power Plant,dpz8385fu,1.0
73,The Power Plant,dpz8385gk,1.0
73,The Power Plant,dpz8385fs,1.0
73,The Power Plant,dpz8385gs,1.0
73,The Power Plant,dpz8385f3,0.8753
73,The Power Plant,dpz8385f2,0.9775
73,The Power Plant,dpz8385dr,1.0
73,The Power Plant,dpz8385dq,1.0
73,The Power Plant,dpz8385gc,0.8831
73,The Power Plant,dpz8385gf,0.9966
73,The Power Plant,dpz8385gg,1.0
73,The Power Plant,dpz8385gu,1.0
73,The Power Plant,dpz8385ej,1.0
73,The Power Plant,dpz8385dv,1.0
73,The Power Plant,dpz8385em,1.0
73,The Power Plant,dpz8385dt,0.9964
73,The Power Plant,dpz8385et,1.0
73,The Power Plant,dpz8385gj,1.0
73,The Power Plant,dpz8385fv,1.0
73,The Power Plant,dpz8385gm,1.0
73,The Power Plant,dpz8385ft,1.0
73,The Power Plant,dpz8385gt,1.0
73,The Power Plant,dpz8385gv,0.8732
73,The Power Plant,dpz8385eh,0.9074
73,The Power Plant,dpz8385ek,1.0
73,The Power Plant,dpz8385es,0.9969
73,The Power Plant,dpz8385gn,1.0
73,The Power Plant,dpz8385fy,1.0
73,The Power Plant,dpz8385gq,0.8432
73,The Power Plant,dpz8385fw,1.0
73,The Power Plant,dpz8385fx,0.9826
74,The Theatre Centre,dpz828vz0,1.0
74,The Theatre Centre,dpz828vxp,1.0
74,The Theatre Centre,dpz828vz1,1.0
74,The Theatre Centre,dpz828vyb,1.0
74,The Theatre Centre,dpz828vwz,1.0
74,The Theatre Centre,dpz828vyc,1.0
74,The Theatre Centre,dpz828vz2,1.0
74,The Theatre Centre,dpz828vxr,1.0
74,The Theatre Centre,dpz828vz3,1.0
74,The Theatre Centre,dpz828vxn,1.0
74,The Theatre Centre,dpz828vwy,1.0
74,The Theatre Centre,dpz828vxq,1.0
74,The Theatre Centre,dpz828vz4,1.0
74,The Theatre Centre,dpz828vyf,1.0
74,The Theatre Centre,dpz828vz6,0.9897
74,The Theatre Centre,dpz828vy8,1.0
74,The Theatre Centre,dpz828vwx,1.0
74,The Theatre Centre,dpz828vy9,1.0
74,The Theatre Centre,dpz828vww,1.0
74,The Theatre Centre,dpz828vyd,0.8594
74,The Theatre Centre,dpz828vz8,1.0
74,The Theatre Centre,dpz828vxx,1.0
74,The Theatre Centre,dpz828vz9,1.0
74,The Theatre Centre,dpz828vxw,1.0
74,The Theatre Centre,dpz828vzd,0.9328
74,The Theatre Centre,dpz828vxj,0.9953
74,The Theatre Centre,dpz828vxm,1.0
74,The Theatre Centre,dpz828vxt,1.0
74,The Theatre Centre,dpz828vz5,0.9348
74,The Theatre Centre,dpz828vyg,0.8755
74,The Theatre Centre,dpz828vy2,0.9908
74,The Theatre Centre,dpz828vwr,1.0
74,The Theatre Centre,dpz828vwq,1.0
74,The Theatre Centre,dpz828vxz,0.8997
74,The Theatre Centre,dpz828vxs,0.935
75,The Tranzac,dpz83j10q,1.0
75,The Tranzac,dpz83j10m,1.0
75,The Tranzac,dpz83j10r,1.0
75,The Tranzac,dpz83j10n,1.0
75,The Tranzac,dpz83j10j,1.0
75,The Tranzac,dpz83j10p,1.0
75,The Tranzac,dpz83j10w,1.0
75,The Tranzac,dpz83j10t,1.0
75,The Tranzac,dpz83j10x,1.0
75,The Tranzac,dpz83j10k,1.0
75,The Tranzac,dpz83j10h,1.0
75,The Tranzac,dpz83j10s,0.9899
75,The Tranzac,dpz83j122,1.0
75,The Tranzac,dpz83j120,1.0
75,The Tranzac,dpz83j128,1.0
75,The Tranzac,dpz83hcpv,0.8595
75,The Tranzac,dpz83hcpu,0.9973
75,The Tranzac,dpz83j12b,0.9516
75,The Tranzac,dpz83j107,1.0
75,The Tranzac,dpz83j105,1.0
75,The Tranzac,dpz83j10e,0.823
75,The Tranzac,dpz83hcpg,1.0
75,The Tranzac,dpz83j123,1.0
75,The Tranzac,dpz83j121,0.9761
75,The Tranzac,dpz83j129,1.0
75,The Tranzac,dpz83j12c,0.8792
75,The Tranzac,dpz83j106,0.9851
76,Theatre Passe Muraille,dpz831uz2,1.0
76,Theatre Passe Muraille,dpz831uxr,1.0
76,Theatre Passe Muraille,dpz831uz3,1.0
76,Theatre Passe Muraille,dpz831uz0,1.0
76,Theatre Passe Muraille,dpz831uxp,1.0
76,Theatre Passe Muraille,dpz831uz1,1.0
76,Theatre Passe Muraille,dpz831uz8,1.0
76,Theatre Passe Muraille,dpz831uxx,1.0
76,Theatre Passe Muraille,dpz831uz9,1.0
76,Theatre Passe Muraille,dpz831uxw,0.9878
76,Theatre Passe Muraille,dpz831uz6,1.0
76,Theatre Passe Muraille,dpz831uz4,1.0
76,Theatre Passe Muraille,dpz831uzd,1.0
76,Theatre Passe Muraille,dpz831uyb,1.0
76,Theatre Passe Muraille,dpz831uwz,0.9181
76,Theatre Passe Muraille,dpz831uyc,1.0
76,Theatre Passe Muraille,dpz831uyf,1.0
76,Theatre Passe Muraille,dpz831uzb,1.0
76,Theatre Passe Muraille,dpz831uxz,1.0
76,Theatre Passe Muraille,dpz831uzc,1.0
76,Theatre Passe Muraille,dpz831uxy,1.0
76,Theatre Passe Muraille,dpz831uzf,0.982
76,Theatre Passe Muraille,dpz831uz7,0.8431
76,Theatre Passe Muraille,dpz831uz5,1.0
76,Theatre Passe Muraille,dpz831uyg,0.9802
76,Theatre Passe Muraille,dpz834hb0,0.999
76,Theatre Passe Muraille,dpz834h8p,0.8789
76,Theatre Passe Muraille,dpz834hb1,1.0
77,TIFF Lightbox,dpz833tkm,1.0
77,TIFF Lightbox,dpz833tkk,1.0
77,TIFF Lightbox,dpz833tkq,1.0
77,TIFF Lightbox,dpz833tkj,1.0
77,TIFF Lightbox,dpz833tkh,1.0
77,TIFF Lightbox,dpz833tkn,1.0
77,TIFF Lightbox,dpz833tkt,1.0
77,TIFF Lightbox,dpz833tks,1.0
77,TIFF Lightbox,dpz833tkw,1.0
77,TIFF Lightbox,dpz833tk7,1.0
77,TIFF Lightbox,dpz833tk5,1.0
77,TIFF Lightbox,dpz833tke,1.0
77,TIFF Lightbox,dpz833tkr,1.0
77,TIFF Lightbox,dpz833tkp,1.0
77,TIFF Lightbox,dpz833tkx,1.0
77,TIFF Lightbox,dpz833t7v,1.0
77,TIFF Lightbox,dpz833t7u,1.0
77,TIFF Lightbox,dpz833t7y,1.0
77,TIFF Lightbox,dpz833t7g,1.0
77,TIFF Lightbox,dpz833t7z,1.0
77,TIFF Lightbox,dpz833tkv,1.0
77,TIFF Lightbox,dpz833tku,1.0
77,TIFF Lightbox,dpz833tky,1.0
77,TIFF Lightbox,dpz833tkg,1.0
77,TIFF Lightbox,dpz833tkz,1.0
77,TIFF Lightbox,dpz833tk6,1.0
77,TIFF Lightbox,dpz833tk4,1.0
77,TIFF Lightbox,dpz833tkd,1.0
77,TIFF Lightbox,dpz833t7f,1.0
77,TIFF Lightbox,dpz833tkf,1.0
77,TIFF Lightbox,dpz833ts2,1.0
77,TIFF Lightbox,dpz833ts0,1.0
77,TIFF Lightbox,dpz833ts8,1.0
77,TIFF Lightbox,dpz833teb,1.0
77,TIFF Lightbox,dpz833tsb,1.0
77,TIFF Lightbox,dpz833t7t,1.0
77,TIFF Lightbox,dpz833t7s,1.0
77,TIFF Lightbox,dpz833t7w,1.0
77,TIFF Lightbox,dpz833t7e,1.0
77,TIFF Lightbox,dpz833t7x,1.0
77,TIFF Lightbox,dpz833t7d,1.0
77,TIFF Lightbox,dpz833te8,1.0
77,TIFF Lightbox,dpz833tmj,1.0
77,TIFF Lightbox,dpz833tmh,1.0
77,TIFF Lightbox,dpz833tmn,1.0
77,TIFF Lightbox,dpz833tm5,1.0
77,TIFF Lightbox,dpz833tmp,1.0
77,TIFF Lightbox,dpz833tm4,1.0
77,TIFF Lightbox,dpz833tt0,1.0
77,TIFF Lightbox,dpz833tk3,1.0
77,TIFF Lightbox,dpz833tk1,1.0
77,TIFF Lightbox,dpz833tk9,1.0
77,TIFF Lightbox,dpz833t7c,1.0
77,TIFF Lightbox,dpz833tkc,1.0
77,TIFF Lightbox,dpz833t79,1.0
77,TIFF Lightbox,dpz833tm1,1.0
77,TIFF Lightbox,dpz833ts3,1.0
77,TIFF Lightbox,dpz833ts1,1.0
77,TIFF Lightbox,dpz833ts9,1.0
77,TIFF Lightbox,dpz833tec,1.0
77,TIFF Lightbox,dpz833tsc,1.0
77,TIFF Lightbox,dpz833te9,1.0
77,TIFF Lightbox,dpz833tt1,1.0
77,TIFF Lightbox,dpz833t7m,1.0
77,TIFF Lightbox,dpz833t7k,1.0
77,TIFF Lightbox,dpz833t7q,1.0
77,TIFF Lightbox,dpz833t77,1.0
77,TIFF Lightbox,dpz833t7r,0.9793
77,TIFF Lightbox,dpz833t76,1.0
77,TIFF Lightbox,dpz833t73,1.0
77,TIFF Lightbox,dpz833tmm,0.9984
77,TIFF Lightbox,dpz833tmk,0.8661
77,TIFF Lightbox,dpz833tmq,1.0
77,TIFF Lightbox,dpz833tmr,1.0
77,TIFF Lightbox,dpz833tt2,1.0
77,TIFF Lightbox,dpz833tt3,1.0
77,TIFF Lightbox,dpz833tk2,1.0
77,TIFF Lightbox,dpz833tk0,1.0
77,TIFF Lightbox,dpz833tk8,1.0
77,TIFF Lightbox,dpz833t7b,1.0
77,TIFF Lightbox,dpz833tkb,1.0
77,TIFF Lightbox,dpz833t78,1.0
77,TIFF Lightbox,dpz833tm0,0.9755
77,TIFF Lightbox,dpz833t72,1.0
77,TIFF Lightbox,dpz833ts6,1.0
77,TIFF Lightbox,dpz833ts4,1.0
77,TIFF Lightbox,dpz833tsd,1.0
77,TIFF Lightbox,dpz833tef,1.0
77,TIFF Lightbox,dpz833tsf,0.9999
77,TIFF Lightbox,dpz833ted,1.0
77,TIFF Lightbox,dpz833tt4,0.8003
77,TIFF Lightbox,dpz833t75,0.8966
77,TIFF Lightbox,dpz833t74,1.0
77,TIFF Lightbox,dpz833t71,1.0
77,TIFF Lightbox,dpz833t70,0.9905
77,TIFF Lightbox,dpz833tt9,0.9026
77,TIFF Lightbox,dpz833thr,1.0
77,TIFF Lightbox,dpz833thp,1.0
77,TIFF Lightbox,dpz833thx,1.0
77,TIFF Lightbox,dpz833t5z,1.0
77,TIFF Lightbox,dpz833thz,1.0
77,TIFF Lightbox,dpz833t5x,0.9134
77,TIFF Lightbox,dpz833ts7,0.9267
77,TIFF Lightbox,dpz833ts5,1.0
77,TIFF Lightbox,dpz833teg,1.0
77,TIFF Lightbox,dpz833tee,1.0
77,TIFF Lightbox,dpz833thq,0.9986
77,TIFF Lightbox,dpz833thw,1.0
77,TIFF Lightbox,dpz833thy,1.0
77,TIFF Lightbox,dpz833tes,0.902
77,TIFF Lightbox,dpz833thv,0.9448
78,Toronto Reference Library,dpz83w0rh,1.0
78,Toronto Reference Library,dpz83w0r5,1.0
78,Toronto Reference Library,dpz83w0rj,1.0
78,Toronto Reference Library,dpz83w0qu,1.0
78,Toronto Reference Library,dpz83w0qg,1.0
78,Toronto Reference Library,dpz83w0qv,1.0
78,Toronto Reference Library,dpz83w0rk,1.0
78,Toronto Reference Library,dpz83w0r7,1.0
78,Toronto Reference Library,dpz83w0rm,1.0
78,Toronto Reference Library,dpz83w0r4,1.0
78,Toronto Reference Library,dpz83w0qf,1.0
78,Toronto Reference Library,dpz83w0r6,1.0
78,Toronto Reference Library,dpz83w0rn,1.0
78,Toronto Reference Library,dpz83w0qy,1.0
78,Toronto Reference Library,dpz83w0rq,1.0
78,Toronto Reference Library,dpz83w0qs,1.0
78,Toronto Reference Library,dpz83w0qe,1.0
78,Toronto Reference Library,dpz83w0qt,1.0
78,Toronto Reference Library,dpz83w0qd,1.0
78,Toronto Reference Library,dpz83w0qw,1.0
78,Toronto Reference Library,dpz83w0rs,1.0
78,Toronto Reference Library,dpz83w0re,1.0
78,Toronto Reference Library,dpz83w0rt,1.0
78,Toronto Reference Library,dpz83w0rd,1.0
78,Toronto Reference Library,dpz83w0rw,1.0
78,Toronto Reference Library,dpz83w0r1,1.0
78,Toronto Reference Library,dpz83w0qc,1.0
78,Toronto Reference Library,dpz83w0r3,1.0
78,Toronto Reference Library,dpz83w0q9,1.0
78,Toronto Reference Library,dpz83w0r9,1.0
78,Toronto Reference Library,dpz83w0rp,1.0
78,Toronto Reference Library,dpz83w0qz,1.0
78,Toronto Reference Library,dpz83w0rr,1.0
78,Toronto Reference Library,dpz83w0qx,1.0
78,Toronto Reference Library,dpz83w0rx,1.0
78,Toronto Reference Library,dpz83w0qk,1.0
78,Toronto Reference Library,dpz83w0q7,1.0
78,Toronto Reference Library,dpz83w0qm,1.0
78,Toronto Reference Library,dpz83w0q6,1.0
78,Toronto Reference Library,dpz83w0qq,1.0
78,Toronto Reference Library,dpz83w0q3,1.0
78,Toronto Reference Library,dpz83w0qr,1.0
78,Toronto Reference Library,dpz83w0ru,1.0
78,Toronto Reference Library,dpz83w0rg,1.0
78,Toronto Reference Library,dpz83w0rv,1.0
78,Toronto Reference Library,dpz83w0rf,1.0
78,Toronto Reference Library,dpz83w0ry,1.0
78,Toronto Reference Library,dpz83w0rc,1.0
78,Toronto Reference Library,dpz83w0rz,1.0
78,Toronto Reference Library,dpz83w0r0,1.0
78,Toronto Reference Library,dpz83w0qb,1.0
78,Toronto Reference Library,dpz83w0r2,1.0
78,Toronto Reference Library,dpz83w0q8,1.0
78,Toronto Reference Library,dpz83w0r8,1.0
78,Toronto Reference Library,dpz83w0q2,1.0
78,Toronto Reference Library,dpz83w0rb,1.0
78,Toronto Reference Library,dpz83w0x0,1.0
78,Toronto Reference Library,dpz83w0wb,1.0
78,Toronto Reference Library,dpz83w0x2,1.0
78,Toronto Reference Library,dpz83w0w8,1.0
78,Toronto Reference Library,dpz83w0x8,1.0
78,Toronto Reference Library,dpz83w0w2,1.0
78,Toronto Reference Library,dpz83w0xb,1.0
78,Toronto Reference Library,dpz83w0qh,1.0
78,Toronto Reference Library,dpz83w0q5,1.0
78,Toronto Reference Library,dpz83w0qj,1.0
78,Toronto Reference Library,dpz83w0q4,1.0
78,Toronto Reference Library,dpz83w0qn,1.0
78,Toronto Reference Library,dpz83w0q1,1.0
78,Toronto Reference Library,dpz83w0qp,1.0
78,Toronto Reference Library,dpz83w0q0,1.0
78,Toronto Reference Library,dpz83w0w0,1.0
78,Toronto Reference Library,dpz83w22h,1.0
78,Toronto Reference Library,dpz83w225,1.0
78,Toronto Reference Library,dpz83w22j,1.0
78,Toronto Reference Library,dpz83w224,1.0
78,Toronto Reference Library,dpz83w22n,1.0
78,Toronto Reference Library,dpz83w221,1.0
78,Toronto Reference Library,dpz83w22p,1.0
78,Toronto Reference Library,dpz83w220,1.0
78,Toronto Reference Library,dpz83w280,1.0
78,Toronto Reference Library,dpz83w0pp,1.0
78,Toronto Reference Library,dpz83w0nz,1.0
78,Toronto Reference Library,dpz83w0pr,1.0
78,Toronto Reference Library,dpz83w0nx,1.0
78,Toronto Reference Library,dpz83w0px,1.0
78,Toronto Reference Library,dpz83w0nr,1.0
78,Toronto Reference Library,dpz83w0pz,1.0
78,Toronto Reference Library,dpz83w0np,1.0
78,Toronto Reference Library,dpz83w20p,1.0
78,Toronto Reference Library,dpz83w0x1,1.0
78,Toronto Reference Library,dpz83w0wc,1.0
78,Toronto Reference Library,dpz83w0x3,1.0
78,Toronto Reference Library,dpz83w0w9,1.0
78,Toronto Reference Library,dpz83w0x9,1.0
78,Toronto Reference Library,dpz83w0w3,1.0
78,Toronto Reference Library,dpz83w0xc,1.0
78,Toronto Reference Library,dpz83w0w1,1.0
78,Toronto Reference Library,dpz83w281,1.0
78,Toronto Reference Library,dpz83w0mu,1.0
78,Toronto Reference Library,dpz83w0mg,1.0
78,Toronto Reference Library,dpz83w0mv,1.0
78,Toronto Reference Library,dpz83w0mf,1.0
78,Toronto Reference Library,dpz83w0my,1.0
78,Toronto Reference Library,dpz83w0mc,1.0
78,Toronto Reference Library,dpz83w0mz,1.0
78,Toronto Reference Library,dpz83w0mb,1.0
78,Toronto Reference Library,dpz83w0tb,1.0
78,Toronto Reference Library,dpz83w0jz,1.0
78,Toronto Reference Library,dpz83w0tc,1.0
78,Toronto Reference Library,dpz83w22k,1.0
78,Toronto Reference Library,dpz83w227,1.0
78,Toronto Reference Library,dpz83w22m,1.0
78,Toronto Reference Library,dpz83w226,1.0
78,Toronto Reference Library,dpz83w22q,1.0
78,Toronto Reference Library,dpz83w223,1.0
78,Toronto Reference Library,dpz83w22r,1.0
78,Toronto Reference Library,dpz83w222,1.0
78,Toronto Reference Library,dpz83w282,1.0
78,Toronto Reference Library,dpz83w20r,1.0
78,Toronto Reference Library,dpz83w283,1.0
78,Toronto Reference Library,dpz83w0pn,1.0
78,Toronto Reference Library,dpz83w0ny,1.0
78,Toronto Reference Library,dpz83w0pq,1.0
78,Toronto Reference Library,dpz83w0nw,1.0
78,Toronto Reference Library,dpz83w0pw,1.0
78,Toronto Reference Library,dpz83w0nq,1.0
78,Toronto Reference Library,dpz83w0py,1.0
78,Toronto Reference Library,dpz83w0nn,1.0
78,Toronto Reference Library,dpz83w20n,1.0
78,Toronto Reference Library,dpz83w0jy,1.0
78,Toronto Reference Library,dpz83w20q,1.0
78,Toronto Reference Library,dpz83w0x4,1.0
78,Toronto Reference Library,dpz83w0wf,1.0
78,Toronto Reference Library,dpz83w0x6,1.0
78,Toronto Reference Library,dpz83w0wd,1.0
78,Toronto Reference Library,dpz83w0xd,1.0
78,Toronto Reference Library,dpz83w0w6,1.0
78,Toronto Reference Library,dpz83w0xf,1.0
78,Toronto Reference Library,dpz83w0w4,1.0
78,Toronto Reference Library,dpz83w284,1.0
78,Toronto Reference Library,dpz83w0tf,1.0
78,Toronto Reference Library,dpz83w286,1.0
78,Toronto Reference Library,dpz83w0ms,1.0
78,Toronto Reference Library,dpz83w0me,1.0
78,Toronto Reference Library,dpz83w0mt,1.0
78,Toronto Reference Library,dpz83w0md,1.0
78,Toronto Reference Library,dpz83w0mw,1.0
78,Toronto Reference Library,dpz83w0m9,1.0
78,Toronto Reference Library,dpz83w0mx,1.0
78,Toronto Reference Library,dpz83w0m8,1.0
78,Toronto Reference Library,dpz83w0t8,1.0
78,Toronto Reference Library,dpz83w0jx,1.0
78,Toronto Reference Library,dpz83w0t9,1.0
78,Toronto Reference Library,dpz83w0jw,1.0
78,Toronto Reference Library,dpz83w0td,1.0
78,Toronto Reference Library,dpz83w22s,1.0
78,Toronto Reference Library,dpz83w22e,1.0
78,Toronto Reference Library,dpz83w22t,1.0
78,Toronto Reference Library,dpz83w22d,1.0
78,Toronto Reference Library,dpz83w22w,1.0
78,Toronto Reference Library,dpz83w229,1.0
78,Toronto Reference Library,dpz83w22x,1.0
78,Toronto Reference Library,dpz83w228,1.0
78,Toronto Reference Library,dpz83w288,1.0
78,Toronto Reference Library,dpz83w20x,1.0
78,Toronto Reference Library,dpz83w289,1.0
78,Toronto Reference Library,dpz83w20w,1.0
78,Toronto Reference Library,dpz83w28d,1.0
78,Toronto Reference Library,dpz83w0pj,1.0
78,Toronto Reference Library,dpz83w0nv,1.0
78,Toronto Reference Library,dpz83w0pm,1.0
78,Toronto Reference Library,dpz83w0nt,1.0
78,Toronto Reference Library,dpz83w0pt,1.0
78,Toronto Reference Library,dpz83w0nm,1.0
78,Toronto Reference Library,dpz83w0pv,1.0
78,Toronto Reference Library,dpz83w0nj,1.0
78,Toronto Reference Library,dpz83w20j,1.0
78,Toronto Reference Library,dpz83w0jv,1.0
78,Toronto Reference Library,dpz83w20m,1.0
78,Toronto Reference Library,dpz83w0jt,1.0
78,Toronto Reference Library,dpz83w20t,1.0
78,Toronto Reference Library,dpz83w0x5,1.0
78,Toronto Reference Library,dpz83w0wg,1.0
78,Toronto Reference Library,dpz83w0x7,1.0
78,Toronto Reference Library,dpz83w0we,1.0
78,Toronto Reference Library,dpz83w0xe,1.0
78,Toronto Reference Library,dpz83w0w7,1.0
78,Toronto Reference Library,dpz83w0xg,1.0
78,Toronto Reference Library,dpz83w0w5,1.0
78,Toronto Reference Library,dpz83w285,1.0
78,Toronto Reference Library,dpz83w0tg,1.0
78,Toronto Reference Library,dpz83w287,1.0
78,Toronto Reference Library,dpz83w0te,1.0
78,Toronto Reference Library,dpz83w28e,1.0
78,Toronto Reference Library,dpz83w0mk,1.0
78,Toronto Reference Library,dpz83w0m7,1.0
78,Toronto Reference Library,dpz83w0mm,1.0
78,Toronto Reference Library,dpz83w0m6,1.0
78,Toronto Reference Library,dpz83w0mq,1.0
78,Toronto Reference Library,dpz83w0m3,1.0
78,Toronto Reference Library,dpz83w0mr,1.0
78,Toronto Reference Library,dpz83w0m2,1.0
78,Toronto Reference Library,dpz83w0t2,1.0
78,Toronto Reference Library,dpz83w0jr,1.0
78,Toronto Reference Library,dpz83w0t3,1.0
78,Toronto Reference Library,dpz83w0jq,1.0
78,Toronto Reference Library,dpz83w0t6,0.9074
78,Toronto Reference Library,dpz83w0jm,1.0
78,Toronto Reference Library,dpz83w22u,1.0
78,Toronto Reference Library,dpz83w22g,1.0
78,Toronto Reference Library,dpz83w22v,1.0
78,Toronto Reference Library,dpz83w22f,0.9748
78,Toronto Reference Library,dpz83w22y,1.0
78,Toronto Reference Library,dpz83w22z,1.0
78,Toronto Reference Library,dpz83w28b,1.0
78,Toronto Reference Library,dpz83w28c,1.0
78,Toronto Reference Library,dpz83w28f,1.0
78,Toronto Reference Library,dpz83w28g,1.0
78,Toronto Reference Library,dpz83w0ph,1.0
78,Toronto Reference Library,dpz83w0nu,1.0
78,Toronto Reference Library,dpz83w0pk,1.0
78,Toronto Reference Library,dpz83w0ns,1.0
78,Toronto Reference Library,dpz83w0ps,1.0
78,Toronto Reference Library,dpz83w0nk,1.0
78,Toronto Reference Library,dpz83w0pu,1.0
78,Toronto Reference Library,dpz83w0nh,1.0
78,Toronto Reference Library,dpz83w20h,1.0
78,Toronto Reference Library,dpz83w0ju,1.0
78,Toronto Reference Library,dpz83w20k,1.0
78,Toronto Reference Library,dpz83w0js,1.0
78,Toronto Reference Library,dpz83w20s,1.0
78,Toronto Reference Library,dpz83w0jk,1.0
78,Toronto Reference Library,dpz83w0xh,1.0
78,Toronto Reference Library,dpz83w0wu,1.0
78,Toronto Reference Library,dpz83w0xk,1.0
78,Toronto Reference Library,dpz83w0ws,1.0
78,Toronto Reference Library,dpz83w0xs,1.0
78,Toronto Reference Library,dpz83w0wk,1.0
78,Toronto Reference Library,dpz83w0xu,1.0
78,Toronto Reference Library,dpz83w0wh,1.0
78,Toronto Reference Library,dpz83w28h,1.0
78,Toronto Reference Library,dpz83w0tu,1.0
78,Toronto Reference Library,dpz83w28k,1.0
78,Toronto Reference Library,dpz83w0ts,1.0
78,Toronto Reference Library,dpz83w28s,1.0
78,Toronto Reference Library,dpz83w28u,1.0
78,Toronto Reference Library,dpz83w0mh,1.0
78,Toronto Reference Library,dpz83w0m5,1.0
78,Toronto Reference Library,dpz83w0mj,0.9288
78,Toronto Reference Library,dpz83w0m4,1.0
78,Toronto Reference Library,dpz83w0m1,1.0
78,Toronto Reference Library,dpz83w0m0,1.0
78,Toronto Reference Library,dpz83w0jp,1.0
78,Toronto Reference Library,dpz83w0jn,1.0
78,Toronto Reference Library,dpz83w0jj,1.0
78,Toronto Reference Library,dpz83w0jh,1.0
78,Toronto Reference Library,dpz83w23n,0.8442
78,Toronto Reference Library,dpz83w23p,0.9939
78,Toronto Reference Library,dpz83w290,1.0
78,Toronto Reference Library,dpz83w291,1.0
78,Toronto Reference Library,dpz83w294,1.0
78,Toronto Reference Library,dpz83w295,1.0
78,Toronto Reference Library,dpz83w29h,1.0
78,Toronto Reference Library,dpz83w0p5,1.0
78,Toronto Reference Library,dpz83w0ng,1.0
78,Toronto Reference Library,dpz83w0p7,1.0
78,Toronto Reference Library,dpz83w0ne,1.0
78,Toronto Reference Library,dpz83w0pe,1.0
78,Toronto Reference Library,dpz83w0n7,1.0
78,Toronto Reference Library,dpz83w0pg,1.0
78,Toronto Reference Library,dpz83w0n5,1.0
78,Toronto Reference Library,dpz83w205,1.0
78,Toronto Reference Library,dpz83w0jg,1.0
78,Toronto Reference Library,dpz83w207,1.0
78,Toronto Reference Library,dpz83w0je,1.0
78,Toronto Reference Library,dpz83w20e,1.0
78,Toronto Reference Library,dpz83w0j7,1.0
78,Toronto Reference Library,dpz83w0j5,1.0
78,Toronto Reference Library,dpz83w0xj,1.0
78,Toronto Reference Library,dpz83w0wv,1.0
78,Toronto Reference Library,dpz83w0xm,1.0
78,Toronto Reference Library,dpz83w0wt,1.0
78,Toronto Reference Library,dpz83w0xt,1.0
78,Toronto Reference Library,dpz83w0wm,1.0
78,Toronto Reference Library,dpz83w0xv,1.0
78,Toronto Reference Library,dpz83w0wj,1.0
78,Toronto Reference Library,dpz83w28j,1.0
78,Toronto Reference Library,dpz83w0tv,1.0
78,Toronto Reference Library,dpz83w28m,1.0
78,Toronto Reference Library,dpz83w0tt,1.0
78,Toronto Reference Library,dpz83w28t,1.0
78,Toronto Reference Library,dpz83w28v,1.0
78,Toronto Reference Library,dpz83w29j,1.0
78,Toronto Reference Library,dpz83w0kb,0.9474
78,Toronto Reference Library,dpz83w0hz,1.0
78,Toronto Reference Library,dpz83w0hy,1.0
78,Toronto Reference Library,dpz83w0hv,1.0
78,Toronto Reference Library,dpz83w0hu,1.0
78,Toronto Reference Library,dpz83w0hg,1.0
78,Toronto Reference Library,dpz83w297,0.8967
78,Toronto Reference Library,dpz83w29k,1.0
78,Toronto Reference Library,dpz83w29m,1.0
78,Toronto Reference Library,dpz83w0p4,1.0
78,Toronto Reference Library,dpz83w0nf,1.0
78,Toronto Reference Library,dpz83w0p6,1.0
78,Toronto Reference Library,dpz83w0nd,1.0
78,Toronto Reference Library,dpz83w0pd,1.0
78,Toronto Reference Library,dpz83w0n6,1.0
78,Toronto Reference Library,dpz83w0pf,1.0
78,Toronto Reference Library,dpz83w0n4,1.0
78,Toronto Reference Library,dpz83w204,1.0
78,Toronto Reference Library,dpz83w0jf,1.0
78,Toronto Reference Library,dpz83w206,1.0
78,Toronto Reference Library,dpz83w0jd,1.0
78,Toronto Reference Library,dpz83w20d,1.0
78,Toronto Reference Library,dpz83w0j6,1.0
78,Toronto Reference Library,dpz83w0j4,1.0
78,Toronto Reference Library,dpz83w0hf,0.9428
78,Toronto Reference Library,dpz83w0xn,1.0
78,Toronto Reference Library,dpz83w0wy,1.0
78,Toronto Reference Library,dpz83w0xq,1.0
78,Toronto Reference Library,dpz83w0ww,1.0
78,Toronto Reference Library,dpz83w0xw,1.0
78,Toronto Reference Library,dpz83w0wq,1.0
78,Toronto Reference Library,dpz83w0xy,1.0
78,Toronto Reference Library,dpz83w0wn,1.0
78,Toronto Reference Library,dpz83w28n,1.0
78,Toronto Reference Library,dpz83w0ty,1.0
78,Toronto Reference Library,dpz83w28q,1.0
78,Toronto Reference Library,dpz83w0tw,0.9995
78,Toronto Reference Library,dpz83w28w,1.0
78,Toronto Reference Library,dpz83w28y,1.0
78,Toronto Reference Library,dpz83w29n,1.0
78,Toronto Reference Library,dpz83w29q,1.0
78,Toronto Reference Library,dpz83w0hs,0.8599
78,Toronto Reference Library,dpz83w0he,1.0
78,Toronto Reference Library,dpz83w0hd,0.9941
78,Toronto Reference Library,dpz83w0p1,1.0
78,Toronto Reference Library,dpz83w0nc,1.0
78,Toronto Reference Library,dpz83w0p3,1.0
78,Toronto Reference Library,dpz83w0n9,1.0
78,Toronto Reference Library,dpz83w0p9,1.0
78,Toronto Reference Library,dpz83w0n3,1.0
78,Toronto Reference Library,dpz83w0pc,1.0
78,Toronto Reference Library,dpz83w0n1,1.0
78,Toronto Reference Library,dpz83w201,1.0
78,Toronto Reference Library,dpz83w0jc,1.0
78,Toronto Reference Library,dpz83w203,1.0
78,Toronto Reference Library,dpz83w0j9,1.0
78,Toronto Reference Library,dpz83w209,1.0
78,Toronto Reference Library,dpz83w0j3,1.0
78,Toronto Reference Library,dpz83w0j1,0.8958
78,Toronto Reference Library,dpz83w0xp,1.0
78,Toronto Reference Library,dpz83w0wz,1.0
78,Toronto Reference Library,dpz83w0xr,1.0
78,Toronto Reference Library,dpz83w0wx,1.0
78,Toronto Reference Library,dpz83w0xx,1.0
78,Toronto Reference Library,dpz83w0wr,1.0
78,Toronto Reference Library,dpz83w0xz,1.0
78,Toronto Reference Library,dpz83w0wp,1.0
78,Toronto Reference Library,dpz83w28p,1.0
78,Toronto Reference Library,dpz83w0tz,1.0
78,Toronto Reference Library,dpz83w28r,1.0
78,Toronto Reference Library,dpz83w0tx,0.8837
78,Toronto Reference Library,dpz83w28x,1.0
78,Toronto Reference Library,dpz83w28z,1.0
78,Toronto Reference Library,dpz83w29p,0.9997
78,Toronto Reference Library,dpz83w0p0,1.0
78,Toronto Reference Library,dpz83w0nb,1.0
78,Toronto Reference Library,dpz83w0p2,1.0
78,Toronto Reference Library,dpz83w0n8,1.0
78,Toronto Reference Library,dpz83w0p8,1.0
78,Toronto Reference Library,dpz83w0n2,1.0
78,Toronto Reference Library,dpz83w0pb,1.0
78,Toronto Reference Library,dpz83w0n0,1.0
78,Toronto Reference Library,dpz83w200,1.0
78,Toronto Reference Library,dpz83w0jb,1.0
78,Toronto Reference Library,dpz83w202,1.0
78,Toronto Reference Library,dpz83w0j8,0.8765
78,Toronto Reference Library,dpz83w208,1.0
78,Toronto Reference Library,dpz83w0z0,1.0
78,Toronto Reference Library,dpz83w0yb,1.0
78,Toronto Reference Library,dpz83w0z2,1.0
78,Toronto Reference Library,dpz83w0y8,1.0
78,Toronto Reference Library,dpz83w0z8,1.0
78,Toronto Reference Library,dpz83w0y2,1.0
78,Toronto Reference Library,dpz83w0zb,1.0
78,Toronto Reference Library,dpz83w0y0,1.0
78,Toronto Reference Library,dpz83w2b0,1.0
78,Toronto Reference Library,dpz83w0vb,1.0
78,Toronto Reference Library,dpz83w2b2,1.0
78,Toronto Reference Library,dpz83w2b8,0.9533
78,Toronto Reference Library,dpz83qpzp,1.0
78,Toronto Reference Library,dpz83qpyz,1.0
78,Toronto Reference Library,dpz83qpzr,1.0
78,Toronto Reference Library,dpz83qpyx,1.0
78,Toronto Reference Library,dpz83qpzx,1.0
78,Toronto Reference Library,dpz83qpyr,0.9819
78,Toronto Reference Library,dpz83qpzz,1.0
78,Toronto Reference Library,dpz83qrbp,1.0
78,Toronto Reference Library,dpz83qrbr,1.0
78,Toronto Reference Library,dpz83qrbx,1.0
78,Toronto Reference Library,dpz83w0z1,1.0
78,Toronto Reference Library,dpz83w0yc,1.0
78,Toronto Reference Library,dpz83w0z3,1.0
78,Toronto Reference Library,dpz83w0y9,1.0
78,Toronto Reference Library,dpz83w0z9,1.0
78,Toronto Reference Library,dpz83w0y3,1.0
78,Toronto Reference Library,dpz83w0zc,1.0
78,Toronto Reference Library,dpz83w0y1,1.0
78,Toronto Reference Library,dpz83w2b1,0.8272
78,Toronto Reference Library,dpz83w0vc,1.0
78,Toronto Reference Library,dpz83qpzn,1.0
78,Toronto Reference Library,dpz83qpyy,0.8679
78,Toronto Reference Library,dpz83qpzq,1.0
78,Toronto Reference Library,dpz83qpzw,1.0
78,Toronto Reference Library,dpz83qpzy,1.0
78,Toronto Reference Library,dpz83qrbn,1.0
78,Toronto Reference Library,dpz83qrbq,1.0
78,Toronto Reference Library,dpz83qrbw,0.9783
78,Toronto Reference Library,dpz83w0z4,1.0
78,Toronto Reference Library,dpz83w0yf,1.0
78,Toronto Reference Library,dpz83w0z6,0.9735
78,Toronto Reference Library,dpz83w0yd,1.0
78,Toronto Reference Library,dpz83w0y6,1.0
78,Toronto Reference Library,dpz83w0y4,1.0
78,Toronto Reference Library,dpz83w0vf,1.0
78,Toronto Reference Library,dpz83qpzt,0.9786
78,Toronto Reference Library,dpz83qpzv,1.0
78,Toronto Reference Library,dpz83qrbj,1.0
78,Toronto Reference Library,dpz83qrbm,0.9788
78,Toronto Reference Library,dpz83w0yg,0.8687
78,Toronto Reference Library,dpz83w0ye,1.0
78,Toronto Reference Library,dpz83w0y7,1.0
78,Toronto Reference Library,dpz83w0y5,1.0
78,Toronto Reference Library,dpz83w0vg,0.9965
78,Toronto Reference Library,dpz83qrbh,0.8591
78,Toronto Reference Library,dpz83w0yh,0.9881
78,Toronto Reference Library,dpz83w0vu,0.8597
79,Trinity St. Paul's United Church,dpz83j4t1,1.0
79,Trinity St. Paul's United Church,dpz83j4t0,1.0
79,Trinity St. Paul's United Church,dpz83j4t4,1.0
79,Trinity St. Paul's United Church,dpz83j4sc,1.0
79,Trinity St. Paul's United Church,dpz83j4sb,1.0
79,Trinity St. Paul's United Church,dpz83j4sf,1.0
79,Trinity St. Paul's United Church,dpz83j4t3,1.0
79,Trinity St. Paul's United Church,dpz83j4t2,1.0
79,Trinity St. Paul's United Church,dpz83j4t6,1.0
79,Trinity St. Paul's United Church,dpz83j4mp,1.0
79,Trinity St. Paul's United Church,dpz83j4kz,1.0
79,Trinity St. Paul's United Church,dpz83j4mr,1.0
79,Trinity St. Paul's United Church,dpz83j4t5,1.0
79,Trinity St. Paul's United Church,dpz83j4sg,1.0
79,Trinity St. Paul's United Church,dpz83j4t7,1.0
79,Trinity St. Paul's United Church,dpz83j4s9,1.0
79,Trinity St. Paul's United Church,dpz83j4s8,1.0
79,Trinity St. Paul's United Church,dpz83j4sd,1.0
79,Trinity St. Paul's United Church,dpz83j4kx,1.0
79,Trinity St. Paul's United Church,dpz83j4se,1.0
79,Trinity St. Paul's United Church,dpz83j4t9,1.0
79,Trinity St. Paul's United Church,dpz83j4td,1.0
79,Trinity St. Paul's United Church,dpz83j4te,1.0
79,Trinity St. Paul's United Church,dpz83j4mn,1.0
79,Trinity St. Paul's United Church,dpz83j4ky,1.0
79,Trinity St. Paul's United Church,dpz83j4mq,1.0
79,Trinity St. Paul's United Church,dpz83j4kw,1.0
79,Trinity St. Paul's United Church,dpz83j4th,1.0
79,Trinity St. Paul's United Church,dpz83j4su,1.0
79,Trinity St. Paul's United Church,dpz83j4tk,1.0
79,Trinity St. Paul's United Church,dpz83j4ss,1.0
79,Trinity St. Paul's United Church,dpz83j4ts,1.0
79,Trinity St. Paul's United Church,dpz83j4s3,0.9019
79,Trinity St. Paul's United Church,dpz83j4s2,1.0
79,Trinity St. Paul's United Church,dpz83j4kr,1.0
79,Trinity St. Paul's United Church,dpz83j4kq,1.0
79,Trinity St. Paul's United Church,dpz83j4mj,1.0
79,Trinity St. Paul's United Church,dpz83j4kv,1.0
79,Trinity St. Paul's United Church,dpz83j4mm,1.0
79,Trinity St. Paul's United Church,dpz83j4kt,1.0
79,Trinity St. Paul's United Church,dpz83j4km,1.0
79,Trinity St. Paul's United Church,dpz83j4tj,1.0
79,Trinity St. Paul's United Church,dpz83j4sv,1.0
79,Trinity St. Paul's United Church,dpz83j4tm,1.0
79,Trinity St. Paul's United Church,dpz83j4st,0.9572
79,Trinity St. Paul's United Church,dpz83j4tt,1.0
79,Trinity St. Paul's United Church,dpz83j4tv,0.8269
79,Trinity St. Paul's United Church,dpz83j4kn,0.8053
79,Trinity St. Paul's United Church,dpz83j4kj,0.9781
79,Trinity St. Paul's United Church,dpz83j4mh,1.0
79,Trinity St. Paul's United Church,dpz83j4ku,1.0
79,Trinity St. Paul's United Church,dpz83j4mk,1.0
79,Trinity St. Paul's United Church,dpz83j4ks,1.0
79,Trinity St. Paul's United Church,dpz83j4kk,1.0
79,Trinity St. Paul's United Church,dpz83j4kh,1.0
79,Trinity St. Paul's United Church,dpz83j4tn,1.0
79,Trinity St. Paul's United Church,dpz83j4sy,1.0
79,Trinity St. Paul's United Church,dpz83j4tq,1.0
79,Trinity St. Paul's United Church,dpz83j4tw,1.0
79,Trinity St. Paul's United Church,dpz83j4ty,0.986
79,Trinity St. Paul's United Church,dpz83j4m5,1.0
79,Trinity St. Paul's United Church,dpz83j4kg,1.0
79,Trinity St. Paul's United Church,dpz83j4m7,1.0
79,Trinity St. Paul's United Church,dpz83j4ke,1.0
79,Trinity St. Paul's United Church,dpz83j4k7,1.0
79,Trinity St. Paul's United Church,dpz83j4k5,0.9804
79,Trinity St. Paul's United Church,dpz83j4tp,1.0
79,Trinity St. Paul's United Church,dpz83j4sz,1.0
79,Trinity St. Paul's United Church,dpz83j4tr,1.0
79,Trinity St. Paul's United Church,dpz83j4tx,1.0
79,Trinity St. Paul's United Church,dpz83j4tz,0.8836
79,Trinity St. Paul's United Church,dpz83j4m4,1.0
79,Trinity St. Paul's United Church,dpz83j4kf,1.0
79,Trinity St. Paul's United Church,dpz83j4m6,0.9834
79,Trinity St. Paul's United Church,dpz83j4kd,1.0
79,Trinity St. Paul's United Church,dpz83j4k6,1.0
79,Trinity St. Paul's United Church,dpz83j4v0,1.0
79,Trinity St. Paul's United Church,dpz83j4ub,0.9998
79,Trinity St. Paul's United Church,dpz83j4v2,0.8105
79,Trinity St. Paul's United Church,dpz83j4m1,0.9855
79,Trinity St. Paul's United Church,dpz83j4kc,1.0
79,Trinity St. Paul's United Church,dpz83j4k9,0.9809
80,Urban Arts,dpz2x13sy,1.0
80,Urban Arts,dpz2x13sv,1.0
80,Urban Arts,dpz2x13sz,1.0
80,Urban Arts,dpz2x13sx,0.902
80,Urban Arts,dpz2x13tj,0.9618
80,Urban Arts,dpz2x13su,0.8908
80,Urban Arts,dpz2x13th,1.0
80,Urban Arts,dpz2x13ub,0.9439
80,Urban Arts,dpz2x13u8,1.0
80,Urban Arts,dpz2x13t5,1.0
80,Urban Arts,dpz2x13u9,1.0
80,Urban Arts,dpz2x13t4,0.9951
81,Winchester Street Theatre,dpz83vnxq,1.0
81,Winchester Street Theatre,dpz83vnxm,1.0
81,Winchester Street Theatre,dpz83vnxr,1.0
81,Winchester Street Theatre,dpz83vnxn,1.0
81,Winchester Street Theatre,dpz83vnxj,1.0
81,Winchester Street Theatre,dpz83vnxp,1.0
81,Winchester Street Theatre,dpz83vnxw,1.0
81,Winchester Street Theatre,dpz83vnxt,1.0
81,Winchester Street Theatre,dpz83vnxx,1.0
81,Winchester Street Theatre,dpz83vnxk,1.0
81,Winchester Street Theatre,dpz83vnxh,1.0
81,Winchester Street Theatre,dpz83vnxs,1.0
81,Winchester Street Theatre,dpz83vnz2,1.0
81,Winchester Street Theatre,dpz83vnz0,1.0
81,Winchester Street Theatre,dpz83vnz8,1.0
81,Winchester Street Theatre,dpz83vnwy,1.0
81,Winchester Street Theatre,dpz83vnwv,1.0
81,Winchester Street Theatre,dpz83vnwz,0.9025
81,Winchester Street Theatre,dpz83vnwu,1.0
81,Winchester Street Theatre,dpz83vnxy,0.812
81,Winchester Street Theatre,dpz83vnxv,1.0
81,Winchester Street Theatre,dpz83vnxz,0.824
81,Winchester Street Theatre,dpz83vnxu,1.0
81,Winchester Street Theatre,dpz83vnzb,0.9883
81,Winchester Street Theatre,dpz83vnx7,1.0
81,Winchester Street Theatre,dpz83vnx5,1.0
81,Winchester Street Theatre,dpz83vnxe,1.0
81,Winchester Street Theatre,dpz83vnwg,1.0
81,Winchester Street Theatre,dpz83vnxg,1.0
81,Winchester Street Theatre,dpz83vnz3,1.0
81,Winchester Street Theatre,dpz83vnz1,1.0
81,Winchester Street Theatre,dpz83vnz9,1.0
81,Winchester Street Theatre,dpz83vnzc,0.831
81,Winchester Street Theatre,dpz83vq8j,1.0
81,Winchester Street Theatre,dpz83vq8h,1.0
81,Winchester Street Theatre,dpz83vq85,1.0
81,Winchester Street Theatre,dpz83vnx6,1.0
81,Winchester Street Theatre,dpz83vnx4,0.8735
81,Winchester Street Theatre,dpz83vnxd,0.9085
81,Winchester Street Theatre,dpz83vnxf,0.9983
81,Winchester Street Theatre,dpz83vq84,0.9036
81,Winchester Street Theatre,dpz83vnz4,0.9654
81,Winchester Street Theatre,dpz83vnxc,0.9151
82,York Woods Library,dpz2yy09c,1.0
82,York Woods Library,dpz2yy09b,1.0
82,York Woods Library,dpz2yy09f,1.0
82,York Woods Library,dpz2yy099,1.0
82,York Woods Library,dpz2yy098,1.0
82,York Woods Library,dpz2yy09d,1.0
82,York Woods Library,dpz2yy0d1,1.0
82,York Woods Library,dpz2yy0d0,1.0
82,York Woods Library,dpz2yy0d4,1.0
82,York Woods Library,dpz2yy03z,1.0
82,York Woods Library,dpz2yy03x,1.0
82,York Woods Library,dpz2yy06p,1.0
82,York Woods Library,dpz2yy09g,1.0
82,York Woods Library,dpz2yy09e,1.0
82,York Woods Library,dpz2yy0d5,1.0
82,York Woods Library,dpz2yy093,1.0
82,York Woods Library,dpz2yy092,1.0
82,York Woods Library,dpz2yy096,1.0
82,York Woods Library,dpz2yy03r,1.0
82,York Woods Library,dpz2yy097,1.0
82,York Woods Library,dpz2yy0d3,1.0
82,York Woods Library,dpz2yy0d2,1.0
82,York Woods Library,dpz2yy0d6,1.0
82,York Woods Library,dpz2yy06r,1.0
82,York Woods Library,dpz2yy0d7,1.0
82,York Woods Library,dpz2yy03y,1.0
82,York Woods Library,dpz2yy03w,1.0
82,York Woods Library,dpz2yy06n,1.0
82,York Woods Library,dpz2yy03q,0.9916
82,York Woods Library,dpz2yy06q,1.0
82,York Woods Library,dpz2yy09u,1.0
82,York Woods Library,dpz2yy09s,1.0
82,York Woods Library,dpz2yy0dh,1.0
82,York Woods Library,dpz2yy09k,1.0
82,York Woods Library,dpz2yy091,1.0
82,York Woods Library,dpz2yy090,1.0
82,York Woods Library,dpz2yy094,1.0
82,York Woods Library,dpz2yy03p,1.0
82,York Woods Library,dpz2yy095,1.0
82,York Woods Library,dpz2yy03n,0.9815
82,York Woods Library,dpz2yy09h,1.0
82,York Woods Library,dpz2yy0d9,1.0
82,York Woods Library,dpz2yy0d8,1.0
82,York Woods Library,dpz2yy0dd,1.0
82,York Woods Library,dpz2yy06x,1.0
82,York Woods Library,dpz2yy0de,1.0
82,York Woods Library,dpz2yy06w,1.0
82,York Woods Library,dpz2yy03v,1.0
82,York Woods Library,dpz2yy06j,1.0
82,York Woods Library,dpz2yy06m,1.0
82,York Woods Library,dpz2yy06t,1.0
82,York Woods Library,dpz2yy09v,1.0
82,York Woods Library,dpz2yy09t,1.0
82,York Woods Library,dpz2yy0dj,1.0
82,York Woods Library,dpz2yy09m,1.0
82,York Woods Library,dpz2yy09j,1.0
82,York Woods Library,dpz2yy08c,1.0
82,York Woods Library,dpz2yy08b,1.0
82,York Woods Library,dpz2yy08f,1.0
82,York Woods Library,dpz2yy02z,1.0
82,York Woods Library,dpz2yy08g,1.0
82,York Woods Library,dpz2yy08u,1.0
82,York Woods Library,dpz2yy08v,0.9989
82,York Woods Library,dpz2yy0dc,1.0
82,York Woods Library,dpz2yy0db,1.0
82,York Woods Library,dpz2yy0df,1.0
82,York Woods Library,dpz2yy06z,1.0
82,York Woods Library,dpz2yy0dg,1.0
82,York Woods Library,dpz2yy06y,1.0
82,York Woods Library,dpz2yy0du,1.0
82,York Woods Library,dpz2yy06v,1.0
82,York Woods Library,dpz2yy03u,1.0
82,York Woods Library,dpz2yy06h,1.0
82,York Woods Library,dpz2yy06k,1.0
82,York Woods Library,dpz2yy06s,1.0
82,York Woods Library,dpz2yy06u,1.0
82,York Woods Library,dpz2yy09y,1.0
82,York Woods Library,dpz2yy09w,1.0
82,York Woods Library,dpz2yy0dn,0.9994
82,York Woods Library,dpz2yy09q,1.0
82,York Woods Library,dpz2yy09n,1.0
82,York Woods Library,dpz2yy08d,0.983
82,York Woods Library,dpz2yy08e,0.9919
82,York Woods Library,dpz2yy08s,1.0
82,York Woods Library,dpz2yy08t,1.0
82,York Woods Library,dpz2yy0e1,1.0
82,York Woods Library,dpz2yy0e0,0.9792
82,York Woods Library,dpz2yy0e4,1.0
82,York Woods Library,dpz2yy07p,0.814
82,York Woods Library,dpz2yy0e5,1.0
82,York Woods Library,dpz2yy07n,0.9998
82,York Woods Library,dpz2yy0eh,1.0
82,York Woods Library,dpz2yy07j,1.0
82,York Woods Library,dpz2yy07h,1.0
82,York Woods Library,dpz2yy03g,1.0
82,York Woods Library,dpz2yy065,1.0
82,York Woods Library,dpz2yy067,1.0
82,York Woods Library,dpz2yy06e,1.0
82,York Woods Library,dpz2yy06g,1.0
82,York Woods Library,dpz2yy075,0.9591
82,York Woods Library,dpz2yy09p,0.9713
82,York Woods Library,dpz2yy066,0.8379
82,York Woods Library,dpz2yy06d,0.92
83,Young People's Theatre,dpz83fjrp,1.0
83,Young People's Theatre,dpz83fjrn,1.0
83,Young People's Theatre,dpz83fjx0,1.0
83,Young People's Theatre,dpz83fjqz,1.0
83,Young People's Theatre,dpz83fjqy,1.0
83,Young People's Theatre,dpz83fjwb,1.0
83,Young People's Theatre,dpz83fjrr,1.0
83,Young People's Theatre,dpz83fjrq,1.0
83,Young People's Theatre,dpz83fjx2,1.0
83,Young People's Theatre,dpz83fjrj,1.0
83,Young People's Theatre,dpz83fjqv,1.0
83,Young People's Theatre,dpz83fjrm,1.0
83,Young People's Theatre,dpz83fjx1,1.0
83,Young People's Theatre,dpz83fjwc,1.0
83,Young People's Theatre,dpz83fjx3,1.0
83,Young People's Theatre,dpz83fjqx,1.0
83,Young People's Theatre,dpz83fjqw,1.0
83,Young People's Theatre,dpz83fjw8,1.0
83,Young People's Theatre,dpz83fjqt,0.8934
83,Young People's Theatre,dpz83fjw9,1.0
83,Young People's Theatre,dpz83fjrx,1.0
83,Young People's Theatre,dpz83fjrw,1.0
83,Young People's Theatre,dpz83fjx8,1.0
83,Young People's Theatre,dpz83fjrt,1.0
83,Young People's Theatre,dpz83fjx9,0.8225
83,Young People's Theatre,dpz83fjrk,0.9999
83,Young People's Theatre,dpz83fjrs,1.0
83,Young People's Theatre,dpz83fjwf,0.9787
83,Young People's Theatre,dpz83fjwd,1.0
83,Young People's Theatre,dpz83fjqr,1.0
83,Young People's Theatre,dpz83fjqq,1.0
83,Young People's Theatre,dpz83fjw2,1.0
83,Young People's Theatre,dpz83fjw3,1.0
83,Young People's Theatre,dpz83fjw6,1.0
83,Young People's Theatre,dpz83fjrz,1.0
83,Young People's Theatre,dpz83fjry,1.0
83,Young People's Theatre,dpz83fjxb,1.0
83,Young People's Theatre,dpz83fjrv,1.0
83,Young People's Theatre,dpz83fjru,1.0
83,Young People's Theatre,dpz83fjrg,0.9744
83,Young People's Theatre,dpz83fjw7,0.8919
83,Young People's Theatre,dpz83fjqp,0.9618
83,Young People's Theatre,dpz83fjqn,0.9685
83,Young People's Theatre,dpz83fm2p,1.0
83,Young People's Theatre,dpz83fm2n,0.9478
83,Young People's Theatre,dpz83fm80,0.9424
84,Palmerston Library,dpz82uure,1.0
84,Palmerston Library,dpz82uurd,1.0
84,Palmerston Library,dpz82uurs,1.0
84,Palmerston Library,dpz82uur7,1.0
84,Palmerston Library,dpz82uur6,1.0
84,Palmerston Library,dpz82uurk,1.0
84,Palmerston Library,dpz82uuru,0.9603
84,Palmerston Library,dpz82uur9,1.0
84,Palmerston Library,dpz82uur3,1.0
84,Palmerston Library,dpz82uurt,1.0
84,Palmerston Library,dpz82uurm,0.9594
84,Palmerston Library,dpz82uurv,1.0
84,Palmerston Library,dpz82uur1,0.8439
84,Palmerston Library,dpz82uur8,1.0
84,Palmerston Library,dpz82uurw,1.0
84,Palmerston Library,dpz82uury,1.0
84,Palmerston Library,dpz82uupx,0.8886
84,Palmerston Library,dpz82uurx,1.0
84,Palmerston Library,dpz82uurz,1.0
84,Palmerston Library,dpz82uux8,1.0
84,Palmerston Library,dpz82uuxb,0.8253
85,Scarborough Civic Centre Library,dpz9h2w8z,1.0
85,Scarborough Civic Centre Library,dpz9h2w8y,1.0
85,Scarborough Civic Centre Library,dpz9h2wbb,1.0
85,Scarborough Civic Centre Library,dpz9h2w8x,1.0
85,Scarborough Civic Centre Library,dpz9h2w8w,1.0
85,Scarborough Civic Centre Library,dpz9h2wb8,1.0
85,Scarborough Civic Centre Library,dpz9h2w9p,0.924
85,Scarborough Civic Centre Library,dpz9h2wc0,1.0
85,Scarborough Civic Centre Library,dpz9h2w8v,0.9737
85,Scarborough Civic Centre Library,dpz9h2w8t,1.0
85,Scarborough Civic Centre Library,dpz9h2wbc,1.0
85,Scarborough Civic Centre Library,dpz9h2wb9,1.0
85,Scarborough Civic Centre Library,dpz9h2wc1,1.0
85,Scarborough Civic Centre Library,dpz9h2w8r,1.0
85,Scarborough Civic Centre Library,dpz9h2w8q,1.0
85,Scarborough Civic Centre Library,dpz9h2wb2,1.0
85,Scarborough Civic Centre Library,dpz9h2w8m,1.0
85,Scarborough Civic Centre Library,dpz9h2wb3,1.0
85,Scarborough Civic Centre Library,dpz9h2wc3,1.0
85,Scarborough Civic Centre Library,dpz9h2w8s,1.0
85,Scarborough Civic Centre Library,dpz9h2w8k,1.0
85,Scarborough Civic Centre Library,dpz9h2wbf,1.0
85,Scarborough Civic Centre Library,dpz9h2wbd,1.0
85,Scarborough Civic Centre Library,dpz9h2wc4,1.0
85,Scarborough Civic Centre Library,dpz9h2wb6,1.0
85,Scarborough Civic Centre Library,dpz9h2wc6,1.0
85,Scarborough Civic Centre Library,dpz9h2w8p,1.0
85,Scarborough Civic Centre Library,dpz9h2w8n,1.0
85,Scarborough Civic Centre Library,dpz9h2wb0,1.0
85,Scarborough Civic Centre Library,dpz9h2w8j,1.0
85,Scarborough Civic Centre Library,dpz9h2wb1,1.0
85,Scarborough Civic Centre Library,dpz9h2w8h,1.0
85,Scarborough Civic Centre Library,dpz9h2wb4,1.0
85,Scarborough Civic Centre Library,dpz9h2wcd,0.9654
85,Scarborough Civic Centre Library,dpz9h2w8e,1.0
85,Scarborough Civic Centre Library,dpz9h2w87,1.0
85,Scarborough Civic Centre Library,dpz9h2w85,1.0
85,Scarborough Civic Centre Library,dpz9h2wbg,1.0
85,Scarborough Civic Centre Library,dpz9h2wbe,1.0
85,Scarborough Civic Centre Library,dpz9h2wc5,1.0
85,Scarborough Civic Centre Library,dpz9h2wb7,1.0
85,Scarborough Civic Centre Library,dpz9h2wc7,1.0
85,Scarborough Civic Centre Library,dpz9h2wb5,1.0
85,Scarborough Civic Centre Library,dpz9h2wce,1.0
85,Scarborough Civic Centre Library,dpz9h2qxz,1.0
85,Scarborough Civic Centre Library,dpz9h2qxy,1.0
85,Scarborough Civic Centre Library,dpz9h2qzb,1.0
85,Scarborough Civic Centre Library,dpz9h2qxv,1.0
85,Scarborough Civic Centre Library,dpz9h2qzc,1.0
85,Scarborough Civic Centre Library,dpz9h2qxu,1.0
85,Scarborough Civic Centre Library,dpz9h2qzf,1.0
85,Scarborough Civic Centre Library,dpz9h2qxg,1.0
85,Scarborough Civic Centre Library,dpz9h2qzg,1.0
85,Scarborough Civic Centre Library,dpz9h2wcg,0.9584
85,Scarborough Civic Centre Library,dpz9h2w8d,1.0
85,Scarborough Civic Centre Library,dpz9h2w86,1.0
85,Scarborough Civic Centre Library,dpz9h2w84,0.9313
85,Scarborough Civic Centre Library,dpz9h2qxf,0.8106
85,Scarborough Civic Centre Library,dpz9h2wbu,1.0
85,Scarborough Civic Centre Library,dpz9h2wbs,1.0
85,Scarborough Civic Centre Library,dpz9h2wch,1.0
85,Scarborough Civic Centre Library,dpz9h2wbk,1.0
85,Scarborough Civic Centre Library,dpz9h2wck,1.0
85,Scarborough Civic Centre Library,dpz9h2wbh,1.0
85,Scarborough Civic Centre Library,dpz9h2wcs,1.0
85,Scarborough Civic Centre Library,dpz9h2qzu,1.0
85,Scarborough Civic Centre Library,dpz9h2wcu,1.0
85,Scarborough Civic Centre Library,dpz9h2qxx,1.0
85,Scarborough Civic Centre Library,dpz9h2qxw,1.0
85,Scarborough Civic Centre Library,dpz9h2qz8,1.0
85,Scarborough Civic Centre Library,dpz9h2qxt,1.0
85,Scarborough Civic Centre Library,dpz9h2qz9,0.9992
85,Scarborough Civic Centre Library,dpz9h2qxs,1.0
85,Scarborough Civic Centre Library,dpz9h2qzd,0.9225
85,Scarborough Civic Centre Library,dpz9h2qxe,1.0
85,Scarborough Civic Centre Library,dpz9h2wbt,0.9507
85,Scarborough Civic Centre Library,dpz9h2wcj,1.0
85,Scarborough Civic Centre Library,dpz9h2wbm,1.0
85,Scarborough Civic Centre Library,dpz9h2wcm,1.0
85,Scarborough Civic Centre Library,dpz9h2wbj,1.0
85,Scarborough Civic Centre Library,dpz9h2wct,1.0
85,Scarborough Civic Centre Library,dpz9h2qzv,1.0
85,Scarborough Civic Centre Library,dpz9h2wcn,0.99
85,Scarborough Civic Centre Library,dpz9h2wcq,1.0
85,Scarborough Civic Centre Library,dpz9h2wbn,1.0
85,Scarborough Civic Centre Library,dpz9h2wcw,1.0
85,Scarborough Civic Centre Library,dpz9h2qzy,1.0
85,Scarborough Civic Centre Library,dpz9h2wcr,1.0
85,Scarborough Civic Centre Library,dpz9h2wbp,1.0
85,Scarborough Civic Centre Library,dpz9h2wcx,0.8852
85,Scarborough Civic Centre Library,dpz9h2qzz,1.0
85,Scarborough Civic Centre Library,dpz9h2x12,0.9657
85,Scarborough Civic Centre Library,dpz9h2x00,1.0
85,Scarborough Civic Centre Library,dpz9h2rpb,1.0
85,Scarborough Civic Centre Library,dpz9h2x01,0.8995
85,Scarborough Civic Centre Library,dpz9h2rpc,0.9983
86,Children's Peace Theatre,dpz8ee4gx,1.0
86,Children's Peace Theatre,dpz8ee4gw,1.0
86,Children's Peace Theatre,dpz8ee558,1.0
86,Children's Peace Theatre,dpz8ee4gr,1.0
86,Children's Peace Theatre,dpz8ee4gq,1.0
86,Children's Peace Theatre,dpz8ee552,1.0
86,Children's Peace Theatre,dpz8ee4gz,1.0
86,Children's Peace Theatre,dpz8ee4gy,1.0
86,Children's Peace Theatre,dpz8ee55b,1.0
86,Children's Peace Theatre,dpz8ee4gt,1.0
86,Children's Peace Theatre,dpz8ee4gm,1.0
86,Children's Peace Theatre,dpz8ee4gv,1.0
86,Children's Peace Theatre,dpz8ee559,1.0
86,Children's Peace Theatre,dpz8ee553,1.0
86,Children's Peace Theatre,dpz8ee55c,1.0
86,Children's Peace Theatre,dpz8ee4gp,1.0
86,Children's Peace Theatre,dpz8ee4gn,1.0
86,Children's Peace Theatre,dpz8ee550,1.0
86,Children's Peace Theatre,dpz8ee4gj,1.0
86,Children's Peace Theatre,dpz8ee551,1.0
86,Children's Peace Theatre,dpz8ee4up,1.0
86,Children's Peace Theatre,dpz8ee4un,1.0
86,Children's Peace Theatre,dpz8ee5h0,1.0
86,Children's Peace Theatre,dpz8ee4uj,1.0
86,Children's Peace Theatre,dpz8ee5h1,1.0
86,Children's Peace Theatre,dpz8ee4gs,1.0
86,Children's Peace Theatre,dpz8ee4gk,1.0
86,Children's Peace Theatre,dpz8ee4gu,1.0
86,Children's Peace Theatre,dpz8ee4gh,1.0
86,Children's Peace Theatre,dpz8ee4uh,1.0
86,Children's Peace Theatre,dpz8ee55d,1.0
86,Children's Peace Theatre,dpz8ee556,1.0
86,Children's Peace Theatre,dpz8ee55f,1.0
86,Children's Peace Theatre,dpz8ee554,1.0
86,Children's Peace Theatre,dpz8ee5h4,1.0
86,Children's Peace Theatre,dpz8ee4fz,1.0
86,Children's Peace Theatre,dpz8ee4fy,1.0
86,Children's Peace Theatre,dpz8ee54b,1.0
86,Children's Peace Theatre,dpz8ee4fv,1.0
86,Children's Peace Theatre,dpz8ee54c,1.0
86,Children's Peace Theatre,dpz8ee4fu,1.0
86,Children's Peace Theatre,dpz8ee54f,1.0
86,Children's Peace Theatre,dpz8ee4ur,1.0
86,Children's Peace Theatre,dpz8ee4uq,1.0
86,Children's Peace Theatre,dpz8ee5h2,1.0
86,Children's Peace Theatre,dpz8ee4um,1.0
86,Children's Peace Theatre,dpz8ee5h3,1.0
86,Children's Peace Theatre,dpz8ee4uk,1.0
86,Children's Peace Theatre,dpz8ee5h6,1.0
86,Children's Peace Theatre,dpz8ee4ge,1.0
86,Children's Peace Theatre,dpz8ee4g7,1.0
86,Children's Peace Theatre,dpz8ee4gg,1.0
86,Children's Peace Theatre,dpz8ee4g5,1.0
86,Children's Peace Theatre,dpz8ee4u5,1.0
86,Children's Peace Theatre,dpz8ee4fg,1.0
86,Children's Peace Theatre,dpz8ee4u7,1.0
86,Children's Peace Theatre,dpz8ee55e,1.0
86,Children's Peace Theatre,dpz8ee557,1.0
86,Children's Peace Theatre,dpz8ee55g,1.0
86,Children's Peace Theatre,dpz8ee555,1.0
86,Children's Peace Theatre,dpz8ee5h5,1.0
86,Children's Peace Theatre,dpz8ee54g,1.0
86,Children's Peace Theatre,dpz8ee5h7,1.0
86,Children's Peace Theatre,dpz8ee4fx,1.0
86,Children's Peace Theatre,dpz8ee4fw,1.0
86,Children's Peace Theatre,dpz8ee548,1.0
86,Children's Peace Theatre,dpz8ee4ft,1.0
86,Children's Peace Theatre,dpz8ee549,1.0
86,Children's Peace Theatre,dpz8ee4fs,1.0
86,Children's Peace Theatre,dpz8ee54d,1.0
86,Children's Peace Theatre,dpz8ee4fe,1.0
86,Children's Peace Theatre,dpz8ee54e,1.0
86,Children's Peace Theatre,dpz8ee4ux,1.0
86,Children's Peace Theatre,dpz8ee4uw,1.0
86,Children's Peace Theatre,dpz8ee5h8,1.0
86,Children's Peace Theatre,dpz8ee4ut,1.0
86,Children's Peace Theatre,dpz8ee5h9,1.0
86,Children's Peace Theatre,dpz8ee4us,1.0
86,Children's Peace Theatre,dpz8ee5hd,1.0
86,Children's Peace Theatre,dpz8ee4ue,1.0
86,Children's Peace Theatre,dpz8ee5he,1.0
86,Children's Peace Theatre,dpz8ee4gd,1.0
86,Children's Peace Theatre,dpz8ee4g6,1.0
86,Children's Peace Theatre,dpz8ee4gf,1.0
86,Children's Peace Theatre,dpz8ee4g4,1.0
86,Children's Peace Theatre,dpz8ee4u4,1.0
86,Children's Peace Theatre,dpz8ee4ff,1.0
86,Children's Peace Theatre,dpz8ee4u6,1.0
86,Children's Peace Theatre,dpz8ee4fd,1.0
86,Children's Peace Theatre,dpz8ee4ud,1.0
86,Children's Peace Theatre,dpz8ee55s,1.0
86,Children's Peace Theatre,dpz8ee55k,1.0
86,Children's Peace Theatre,dpz8ee55u,1.0
86,Children's Peace Theatre,dpz8ee55h,1.0
86,Children's Peace Theatre,dpz8ee5hh,1.0
86,Children's Peace Theatre,dpz8ee54u,1.0
86,Children's Peace Theatre,dpz8ee5hk,1.0
86,Children's Peace Theatre,dpz8ee54s,1.0
86,Children's Peace Theatre,dpz8ee5hs,1.0
86,Children's Peace Theatre,dpz8ee4fr,1.0
86,Children's Peace Theatre,dpz8ee4fq,1.0
86,Children's Peace Theatre,dpz8ee542,1.0
86,Children's Peace Theatre,dpz8ee4fm,1.0
86,Children's Peace Theatre,dpz8ee543,1.0
86,Children's Peace Theatre,dpz8ee4fk,1.0
86,Children's Peace Theatre,dpz8ee546,1.0
86,Children's Peace Theatre,dpz8ee4f7,1.0
86,Children's Peace Theatre,dpz8ee547,1.0
86,Children's Peace Theatre,dpz8ee4f6,1.0
86,Children's Peace Theatre,dpz8ee54k,1.0
86,Children's Peace Theatre,dpz8ee4uz,1.0
86,Children's Peace Theatre,dpz8ee4uy,1.0
86,Children's Peace Theatre,dpz8ee5hb,1.0
86,Children's Peace Theatre,dpz8ee4uv,1.0
86,Children's Peace Theatre,dpz8ee5hc,1.0
86,Children's Peace Theatre,dpz8ee4uu,1.0
86,Children's Peace Theatre,dpz8ee5hf,1.0
86,Children's Peace Theatre,dpz8ee4ug,1.0
86,Children's Peace Theatre,dpz8ee5hg,1.0
86,Children's Peace Theatre,dpz8ee4uf,1.0
86,Children's Peace Theatre,dpz8ee5hu,1.0
86,Children's Peace Theatre,dpz8ee4g9,1.0
86,Children's Peace Theatre,dpz8ee4g3,1.0
86,Children's Peace Theatre,dpz8ee4gc,1.0
86,Children's Peace Theatre,dpz8ee4g1,1.0
86,Children's Peace Theatre,dpz8ee4u1,1.0
86,Children's Peace Theatre,dpz8ee4fc,1.0
86,Children's Peace Theatre,dpz8ee4u3,1.0
86,Children's Peace Theatre,dpz8ee4f9,1.0
86,Children's Peace Theatre,dpz8ee4u9,1.0
86,Children's Peace Theatre,dpz8ee4f3,1.0
86,Children's Peace Theatre,dpz8ee4uc,1.0
86,Children's Peace Theatre,dpz8ee55t,1.0
86,Children's Peace Theatre,dpz8ee55m,1.0
86,Children's Peace Theatre,dpz8ee55v,1.0
86,Children's Peace Theatre,dpz8ee55j,1.0
86,Children's Peace Theatre,dpz8ee5hj,1.0
86,Children's Peace Theatre,dpz8ee54v,1.0
86,Children's Peace Theatre,dpz8ee5hm,1.0
86,Children's Peace Theatre,dpz8ee54t,1.0
86,Children's Peace Theatre,dpz8ee5ht,1.0
86,Children's Peace Theatre,dpz8ee54m,1.0
86,Children's Peace Theatre,dpz8ee5hv,1.0
86,Children's Peace Theatre,dpz8ee4fp,1.0
86,Children's Peace Theatre,dpz8ee4fn,1.0
86,Children's Peace Theatre,dpz8ee540,1.0
86,Children's Peace Theatre,dpz8ee4fj,1.0
86,Children's Peace Theatre,dpz8ee541,1.0
86,Children's Peace Theatre,dpz8ee4fh,1.0
86,Children's Peace Theatre,dpz8ee544,1.0
86,Children's Peace Theatre,dpz8ee4f5,1.0
86,Children's Peace Theatre,dpz8ee545,1.0
86,Children's Peace Theatre,dpz8ee4f4,1.0
86,Children's Peace Theatre,dpz8ee54h,1.0
86,Children's Peace Theatre,dpz8ee4f1,1.0
86,Children's Peace Theatre,dpz8ee54j,1.0
86,Children's Peace Theatre,dpz8ee4vp,1.0
86,Children's Peace Theatre,dpz8ee4vn,1.0
86,Children's Peace Theatre,dpz8ee5j0,1.0
86,Children's Peace Theatre,dpz8ee4vj,1.0
86,Children's Peace Theatre,dpz8ee5j1,1.0
86,Children's Peace Theatre,dpz8ee4vh,1.0
86,Children's Peace Theatre,dpz8ee5j4,1.0
86,Children's Peace Theatre,dpz8ee4v5,1.0
86,Children's Peace Theatre,dpz8ee5j5,1.0
86,Children's Peace Theatre,dpz8ee4v4,1.0
86,Children's Peace Theatre,dpz8ee5jh,1.0
86,Children's Peace Theatre,dpz8ee4v1,1.0
86,Children's Peace Theatre,dpz8ee5jj,1.0
86,Children's Peace Theatre,dpz8ee4g8,1.0
86,Children's Peace Theatre,dpz8ee4g2,1.0
86,Children's Peace Theatre,dpz8ee4gb,1.0
86,Children's Peace Theatre,dpz8ee4g0,1.0
86,Children's Peace Theatre,dpz8ee4u0,1.0
86,Children's Peace Theatre,dpz8ee4fb,1.0
86,Children's Peace Theatre,dpz8ee4u2,1.0
86,Children's Peace Theatre,dpz8ee4f8,1.0
86,Children's Peace Theatre,dpz8ee4u8,1.0
86,Children's Peace Theatre,dpz8ee4f2,1.0
86,Children's Peace Theatre,dpz8ee4ub,1.0
86,Children's Peace Theatre,dpz8ee4f0,1.0
86,Children's Peace Theatre,dpz8ee4v0,1.0
86,Children's Peace Theatre,dpz8ee55w,1.0
86,Children's Peace Theatre,dpz8ee55q,1.0
86,Children's Peace Theatre,dpz8ee55y,1.0
86,Children's Peace Theatre,dpz8ee55n,1.0
86,Children's Peace Theatre,dpz8ee5hn,1.0
86,Children's Peace Theatre,dpz8ee54y,1.0
86,Children's Peace Theatre,dpz8ee5hq,1.0
86,Children's Peace Theatre,dpz8ee54w,1.0
86,Children's Peace Theatre,dpz8ee5hw,1.0
86,Children's Peace Theatre,dpz8ee54q,1.0
86,Children's Peace Theatre,dpz8ee5hy,1.0
86,Children's Peace Theatre,dpz8ee54n,1.0
86,Children's Peace Theatre,dpz8ee5jn,1.0
86,Children's Peace Theatre,dpz8ee4cz,1.0
86,Children's Peace Theatre,dpz8ee4cy,1.0
86,Children's Peace Theatre,dpz8ee51b,1.0
86,Children's Peace Theatre,dpz8ee4cv,1.0
86,Children's Peace Theatre,dpz8ee51c,1.0
86,Children's Peace Theatre,dpz8ee4cu,1.0
86,Children's Peace Theatre,dpz8ee51f,1.0
86,Children's Peace Theatre,dpz8ee4cg,1.0
86,Children's Peace Theatre,dpz8ee51g,1.0
86,Children's Peace Theatre,dpz8ee4cf,1.0
86,Children's Peace Theatre,dpz8ee51u,1.0
86,Children's Peace Theatre,dpz8ee4cc,1.0
86,Children's Peace Theatre,dpz8ee51v,1.0
86,Children's Peace Theatre,dpz8ee4cb,1.0
86,Children's Peace Theatre,dpz8ee51y,1.0
86,Children's Peace Theatre,dpz8ee4vr,1.0
86,Children's Peace Theatre,dpz8ee4vq,1.0
86,Children's Peace Theatre,dpz8ee5j2,1.0
86,Children's Peace Theatre,dpz8ee4vm,1.0
86,Children's Peace Theatre,dpz8ee5j3,1.0
86,Children's Peace Theatre,dpz8ee4vk,1.0
86,Children's Peace Theatre,dpz8ee5j6,1.0
86,Children's Peace Theatre,dpz8ee4v7,1.0
86,Children's Peace Theatre,dpz8ee5j7,1.0
86,Children's Peace Theatre,dpz8ee4v6,1.0
86,Children's Peace Theatre,dpz8ee5jk,1.0
86,Children's Peace Theatre,dpz8ee4v3,1.0
86,Children's Peace Theatre,dpz8ee5jm,1.0
86,Children's Peace Theatre,dpz8ee4v2,1.0
86,Children's Peace Theatre,dpz8ee5jq,1.0
86,Children's Peace Theatre,dpz8ee4ex,1.0
86,Children's Peace Theatre,dpz8ee4er,1.0
86,Children's Peace Theatre,dpz8ee4ez,1.0
86,Children's Peace Theatre,dpz8ee4ep,1.0
86,Children's Peace Theatre,dpz8ee4sp,1.0
86,Children's Peace Theatre,dpz8ee4dz,1.0
86,Children's Peace Theatre,dpz8ee4sr,1.0
86,Children's Peace Theatre,dpz8ee4dx,1.0
86,Children's Peace Theatre,dpz8ee4sx,0.9693
86,Children's Peace Theatre,dpz8ee4dr,1.0
86,Children's Peace Theatre,dpz8ee4dp,1.0
86,Children's Peace Theatre,dpz8ee49z,1.0
86,Children's Peace Theatre,dpz8ee55x,1.0
86,Children's Peace Theatre,dpz8ee55r,1.0
86,Children's Peace Theatre,dpz8ee55z,1.0
86,Children's Peace Theatre,dpz8ee55p,1.0
86,Children's Peace Theatre,dpz8ee5hp,1.0
86,Children's Peace Theatre,dpz8ee54z,1.0
86,Children's Peace Theatre,dpz8ee5hr,1.0
86,Children's Peace Theatre,dpz8ee54x,1.0
86,Children's Peace Theatre,dpz8ee5hx,1.0
86,Children's Peace Theatre,dpz8ee54r,1.0
86,Children's Peace Theatre,dpz8ee5hz,1.0
86,Children's Peace Theatre,dpz8ee54p,1.0
86,Children's Peace Theatre,dpz8ee5jp,1.0
86,Children's Peace Theatre,dpz8ee51z,1.0
86,Children's Peace Theatre,dpz8ee5jr,1.0
86,Children's Peace Theatre,dpz8ee4vx,1.0
86,Children's Peace Theatre,dpz8ee4vw,1.0
86,Children's Peace Theatre,dpz8ee5j8,1.0
86,Children's Peace Theatre,dpz8ee4vt,1.0
86,Children's Peace Theatre,dpz8ee5j9,1.0
86,Children's Peace Theatre,dpz8ee4vs,1.0
86,Children's Peace Theatre,dpz8ee5jd,1.0
86,Children's Peace Theatre,dpz8ee4ve,1.0
86,Children's Peace Theatre,dpz8ee5je,1.0
86,Children's Peace Theatre,dpz8ee4vd,1.0
86,Children's Peace Theatre,dpz8ee5js,1.0
86,Children's Peace Theatre,dpz8ee4v9,1.0
86,Children's Peace Theatre,dpz8ee5jt,1.0
86,Children's Peace Theatre,dpz8ee4v8,0.9375
86,Children's Peace Theatre,dpz8ee5jw,1.0
86,Children's Peace Theatre,dpz8ee5jx,1.0
86,Children's Peace Theatre,dpz8ee4ew,0.9899
86,Children's Peace Theatre,dpz8ee4eq,1.0
86,Children's Peace Theatre,dpz8ee4en,1.0
86,Children's Peace Theatre,dpz8ee4dy,1.0
86,Children's Peace Theatre,dpz8ee4dw,1.0
86,Children's Peace Theatre,dpz8ee4dq,1.0
86,Children's Peace Theatre,dpz8ee4dn,1.0
86,Children's Peace Theatre,dpz8ee49y,1.0
86,Children's Peace Theatre,dpz8ee570,0.866
86,Children's Peace Theatre,dpz8ee56b,0.9471
86,Children's Peace Theatre,dpz8ee568,0.9991
86,Children's Peace Theatre,dpz8ee562,1.0
86,Children's Peace Theatre,dpz8ee560,1.0
86,Children's Peace Theatre,dpz8ee53b,1.0
86,Children's Peace Theatre,dpz8ee4vz,0.8176
86,Children's Peace Theatre,dpz8ee5jb,0.9047
86,Children's Peace Theatre,dpz8ee5jc,0.9846
86,Children's Peace Theatre,dpz8ee5jf,1.0
86,Children's Peace Theatre,dpz8ee5jg,1.0
86,Children's Peace Theatre,dpz8ee5ju,1.0
86,Children's Peace Theatre,dpz8ee5jv,1.0
86,Children's Peace Theatre,dpz8ee5jy,1.0
86,Children's Peace Theatre,dpz8ee5jz,0.9722
86,Children's Peace Theatre,dpz8ee4dv,0.8493
86,Children's Peace Theatre,dpz8ee4dt,1.0
86,Children's Peace Theatre,dpz8ee4dm,1.0
86,Children's Peace Theatre,dpz8ee4dj,1.0
86,Children's Peace Theatre,dpz8ee49v,1.0
86,Children's Peace Theatre,dpz8ee49u,0.9011
