ward_code,ward_name,GEO_NAME,CHARACTERISTIC_ID,CHARACTERISTIC_NAME,CHARACTERISTIC_CODE,C1_COUNT_TOTAL,C10_RATE_TOTAL
01,Etobicoke North,Etobicoke North,1,"Population, 2021",pop_2021,116003.0,
01,Etobicoke North,Etobicoke North,2,"Population, 2016",pop_2016,118040.0,
01,Etobicoke North,Etobicoke North,3,"Population percentage change, 2016 to 2021",pop_pct_change,-1.7,-1.7
01,Etobicoke North,Etobicoke North,6,Population density per square kilometre,pop_density,2428.3,2428.3
01,Etobicoke North,Etobicoke North,34,Total - Distribution (%) of the population by broad age groups - 100% data,age_total_dist,100.0,100.0
01,Etobicoke North,Etobicoke North,35,  0 to 14 years,age_0_14,16.0,16.0
01,Etobicoke North,Etobicoke North,36,  15 to 64 years,age_15_64,68.1,68.1
01,Etobicoke North,Etobicoke North,37,  65 years and over,age_65_over,15.8,15.8
01,Etobicoke North,Etobicoke North,38,    85 years and over,age_85_over,2.1,2.1
01,Etobicoke North,Etobicoke North,39,Average age of the population,age_mean,39.8,39.8
01,Etobicoke North,Etobicoke North,40,Median age of the population,age_median,38.0,38.0
01,Etobicoke North,Etobicoke North,50,Total - Private households by household size - 100% data,pvt_house_total,38225.0,100.0
01,Etobicoke North,Etobicoke North,51,  1 person,pvt_house_1,7785.0,20.4
01,Etobicoke North,Etobicoke North,52,  2 persons,pvt_house_2,9655.0,25.3
01,Etobicoke North,Etobicoke North,53,  3 persons,pvt_house_3,7395.0,19.3
01,Etobicoke North,Etobicoke North,54,  4 persons,pvt_house_4,6615.0,17.3
01,Etobicoke North,Etobicoke North,55,  5 or more persons,pvt_house_5plus,6775.0,17.7
01,Etobicoke North,Etobicoke North,56,Number of persons in private households,pvt_house_persons,115355.0,100.0
01,Etobicoke North,Etobicoke North,57,Average household size,pvt_house_avg_size,3.0,3.0
01,Etobicoke North,Etobicoke North,111,Total - Income statistics in 2020 for the population aged 15 years and over in private households - 100% data,income_total,96750.0,100.0
01,Etobicoke North,Etobicoke North,112,  Number of total income recipients aged 15 years and over in private households in 2020 - 100% data,income_total_recip,91225.0,94.3
01,Etobicoke North,Etobicoke North,113,    Median total income in 2020 among recipients ($),income_total_median,32400.0,32400.0
01,Etobicoke North,Etobicoke North,114,  Number of after-tax income recipients aged 15 years and over in private households in 2020 - 100% data,income_aftertax_recip,91280.0,94.3
01,Etobicoke North,Etobicoke North,115,    Median after-tax income in 2020 among recipients ($),income_aftertax_median,30600.0,30600.0
01,Etobicoke North,Etobicoke North,116,  Number of market income recipients aged 15 years and over in private households in 2020 - 100% data,income_market_recip,74415.0,76.9
01,Etobicoke North,Etobicoke North,117,    Median market income in 2020 among recipients ($),income_market_median,25200.0,25200.0
01,Etobicoke North,Etobicoke North,118,  Number of employment income recipients aged 15 years and over in private households in 2020 - 100% data,income_emp_recip,62685.0,64.8
01,Etobicoke North,Etobicoke North,119,    Median employment income in 2020 among recipients ($),income_emp_median,28400.0,28400.0
01,Etobicoke North,Etobicoke North,120,  Number of government transfers recipients aged 15 years and over in private households in 2020 - 100% data,income_govtrans_recip,86185.0,89.1
01,Etobicoke North,Etobicoke North,121,    Median government transfers in 2020 among recipients ($),income_govtrans_median,11100.0,11100.0
01,Etobicoke North,Etobicoke North,122,  Number of employment insurance benefits recipients aged 15 years and over in private households in 2020 - 100% data,income_ei_recip,10935.0,11.3
01,Etobicoke North,Etobicoke North,123,    Median employment insurance benefits in 2020 among recipients ($),income_ei_median,5560.0,5560.0
01,Etobicoke North,Etobicoke North,124,  Number of COVID-19 emergency and recovery benefits recipients aged 15 years and over in private households in 2020 - 100% data,income_covid_recip,36990.0,38.2
01,Etobicoke North,Etobicoke North,125,    Median COVID-19 emergency and recovery benefits in 2020 among recipients ($),income_covid_median,10000.0,10000.0
01,Etobicoke North,Etobicoke North,345,"Prevalence of low income based on the Low-income measure, after tax (LIM-AT) (%)",lim_at_prev,13.0,13.0
01,Etobicoke North,Etobicoke North,346,  0 to 17 years (%),lim_at_0_17,19.3,19.3
01,Etobicoke North,Etobicoke North,347,    0 to 5 years (%),lim_at_0_5,21.4,21.4
01,Etobicoke North,Etobicoke North,348,  18 to 64 years (%),lim_at_18_64,10.7,10.7
01,Etobicoke North,Etobicoke North,349,  65 years and over (%),lim_at_65_over,14.4,14.4
01,Etobicoke North,Etobicoke North,365,Total - Adjusted after-tax economic family income decile group for the population in private households - 100% data,income_decile_total,115350.0,100.0
01,Etobicoke North,Etobicoke North,366,  In bottom half of the distribution,income_decile_bottom_half,69745.0,60.5
01,Etobicoke North,Etobicoke North,367,    In bottom decile,income_decile_1,14405.0,12.5
01,Etobicoke North,Etobicoke North,368,    In second decile,income_decile_2,15445.0,13.4
01,Etobicoke North,Etobicoke North,369,    In third decile,income_decile_3,14365.0,12.5
01,Etobicoke North,Etobicoke North,370,    In fourth decile,income_decile_4,13305.0,11.5
01,Etobicoke North,Etobicoke North,371,    In fifth decile,income_decile_5,12225.0,10.6
01,Etobicoke North,Etobicoke North,372,  In top half of the distribution,income_decile_top_half,45605.0,39.5
01,Etobicoke North,Etobicoke North,373,    In sixth decile,income_decile_6,11540.0,10.0
01,Etobicoke North,Etobicoke North,374,    In seventh decile,income_decile_7,11070.0,9.6
01,Etobicoke North,Etobicoke North,375,    In eighth decile,income_decile_8,9890.0,8.6
01,Etobicoke North,Etobicoke North,376,    In ninth decile,income_decile_9,8605.0,7.5
01,Etobicoke North,Etobicoke North,377,    In top decile,income_decile_10,4495.0,3.9
01,Etobicoke North,Etobicoke North,378,Total - Inequality measures for the population in private households - 100% data,gini_measures,115350.0,115350.0
01,Etobicoke North,Etobicoke North,379,  Gini index on adjusted household total income,gini_total_income,0.289,0.289
01,Etobicoke North,Etobicoke North,380,  Gini index on adjusted household market income,gini_market_income,0.454,0.454
01,Etobicoke North,Etobicoke North,381,  Gini index on adjusted household after-tax income,gini_aftertax_income,0.258,0.258
01,Etobicoke North,Etobicoke North,382,  P90/P10 ratio on adjusted household after-tax income,gini_p90_p10,3.4,3.4
01,Etobicoke North,Etobicoke North,1414,Total - Private households by tenure - 25% sample data,housing_tenure_total,38130.0,100.0
01,Etobicoke North,Etobicoke North,1415,  Owner,housing_tenure_owner,20790.0,54.5
01,Etobicoke North,Etobicoke North,1416,  Renter,housing_tenure_renter,17340.0,45.5
01,Etobicoke North,Etobicoke North,1417,"  Dwelling provided by the local government, First Nation or Indian band",housing_tenure_provided,0.0,0.0
01,Etobicoke North,Etobicoke North,1418,Total - Occupied private dwellings by condominium status - 25% sample data,housing_condo_total,38130.0,100.0
01,Etobicoke North,Etobicoke North,1465,"Total - Owner and tenant households with household total income greater than zero, in non-farm, non-reserve private dwellings by shelter-cost-to-income ratio - 25% sample data",housing_shelter_total,38000.0,100.0
01,Etobicoke North,Etobicoke North,1466,  Spending less than 30% of income on shelter costs,housing_shelter_under30,27235.0,71.7
01,Etobicoke North,Etobicoke North,1467,  Spending 30% or more of income on shelter costs,housing_shelter_30plus,10760.0,28.3
01,Etobicoke North,Etobicoke North,1468,    30% to less than 100%,housing_shelter_30_100,9925.0,26.1
01,Etobicoke North,Etobicoke North,1479,"Total - Owner and tenant households with household total income greater than zero and shelter-cost-to-income ratio less than 100%, in non-farm, non-reserve private dwellings - 25% sample data",housing_core_need_total,37160.0,100.0
01,Etobicoke North,Etobicoke North,1480,  In core need,housing_core_need_yes,8130.0,21.9
01,Etobicoke North,Etobicoke North,1481,  Not in core need,housing_core_need_no,29030.0,78.1
01,Etobicoke North,Etobicoke North,1482,"Total - Owner households in non-farm, non-reserve private dwellings - 25% sample data",housing_owner_total,20790.0,
01,Etobicoke North,Etobicoke North,1483,  % of owner households with a mortgage,housing_owner_mortgage_pct,59.6,59.6
01,Etobicoke North,Etobicoke North,1484,  % of owner households spending 30% or more of its income on shelter costs,housing_owner_shelter_30plus_pct,23.5,23.5
01,Etobicoke North,Etobicoke North,1485,  % in core housing need,housing_owner_core_need_pct,12.0,12.0
01,Etobicoke North,Etobicoke North,1522,Total - Citizenship for the population in private households - 25% sample data,citizen_total,115115.0,100.0
01,Etobicoke North,Etobicoke North,1523,  Canadian citizens,citizen_canadian,91580.0,79.6
01,Etobicoke North,Etobicoke North,1524,    Canadian citizens aged under 18,citizen_canadian_under18,20095.0,17.5
01,Etobicoke North,Etobicoke North,1525,    Canadian citizens aged 18 and over,citizen_canadian_18over,71490.0,62.1
01,Etobicoke North,Etobicoke North,1526,  Not Canadian citizens,citizen_not_canadian,23535.0,20.4
01,Etobicoke North,Etobicoke North,1683,Total - Visible minority for the population in private households - 25% sample data,visible_minority_total,115120.0,100.0
01,Etobicoke North,Etobicoke North,1684,  Total visible minority population,visible_minority_yes,90135.0,78.3
01,Etobicoke North,Etobicoke North,1685,    South Asian,visible_minority_south_asian,32480.0,28.2
01,Etobicoke North,Etobicoke North,1686,    Chinese,visible_minority_chinese,1415.0,1.2
01,Etobicoke North,Etobicoke North,1687,    Black,visible_minority_black,27635.0,24.0
01,Etobicoke North,Etobicoke North,1688,    Filipino,visible_minority_filipino,5620.0,4.9
01,Etobicoke North,Etobicoke North,1689,    Arab,visible_minority_arab,3280.0,2.8
01,Etobicoke North,Etobicoke North,1690,    Latin American,visible_minority_latin_american,6270.0,5.4
01,Etobicoke North,Etobicoke North,1691,    Southeast Asian,visible_minority_southeast_asian,2065.0,1.8
01,Etobicoke North,Etobicoke North,1692,    West Asian,visible_minority_west_asian,3405.0,3.0
01,Etobicoke North,Etobicoke North,1693,    Korean,visible_minority_korean,540.0,0.5
01,Etobicoke North,Etobicoke North,1694,    Japanese,visible_minority_japanese,100.0,0.1
01,Etobicoke North,Etobicoke North,1695,"    Visible minority, n.i.e.",visible_minority_nie,4130.0,3.6
01,Etobicoke North,Etobicoke North,1696,    Multiple visible minorities,visible_minority_multiple,3195.0,2.8
01,Etobicoke North,Etobicoke North,1697,  Not a visible minority,visible_minority_no,24985.0,21.7
01,Etobicoke North,Etobicoke North,1983,Total - Mobility status 5 years ago - 25% sample data,mobility_total,109360.0,100.0
01,Etobicoke North,Etobicoke North,1984,  Non-movers,mobility_non_movers,76055.0,69.5
01,Etobicoke North,Etobicoke North,1985,  Movers,mobility_movers,33305.0,30.5
01,Etobicoke North,Etobicoke North,1986,    Non-migrants,mobility_non_migrants,16890.0,15.4
01,Etobicoke North,Etobicoke North,1987,    Migrants,mobility_migrants,16415.0,15.0
01,Etobicoke North,Etobicoke North,1988,      Internal migrants,mobility_internal_migrants,5325.0,4.9
01,Etobicoke North,Etobicoke North,1989,        Intraprovincial migrants,mobility_intraprovincial_migrants,4445.0,4.1
01,Etobicoke North,Etobicoke North,1990,        Interprovincial migrants,mobility_interprovincial_migrants,880.0,0.8
01,Etobicoke North,Etobicoke North,1991,      External migrants,mobility_external_migrants,11090.0,10.1
01,Etobicoke North,Etobicoke North,1998,"Total - Highest certificate, diploma or degree for the population aged 15 years and over in private households - 25% sample data",education_total,96620.0,100.0
01,Etobicoke North,Etobicoke North,1999,"  No certificate, diploma or degree",education_none,21875.0,22.6
01,Etobicoke North,Etobicoke North,2000,  High (secondary) school diploma or equivalency certificate,education_secondary,28780.0,29.8
01,Etobicoke North,Etobicoke North,2001,"  Postsecondary certificate, diploma or degree",education_postsec,45965.0,47.6
01,Etobicoke North,Etobicoke North,2002,    Postsecondary certificate or diploma below bachelor level,education_postsec_below_bachelor,23845.0,24.7
01,Etobicoke North,Etobicoke North,2003,      Apprenticeship or trades certificate or diploma,education_apprentice_trades,4400.0,4.6
01,Etobicoke North,Etobicoke North,2004,        Non-apprenticeship trades certificate or diploma,education_apprentice_non,2585.0,2.7
01,Etobicoke North,Etobicoke North,2005,        Apprenticeship certificate,education_apprentice_cert,1820.0,1.9
01,Etobicoke North,Etobicoke North,2006,"      College, CEGEP or other non-university certificate or diploma",education_college,16290.0,16.9
01,Etobicoke North,Etobicoke North,2007,      University certificate or diploma below bachelor level,education_university_below_bachelor,3145.0,3.3
01,Etobicoke North,Etobicoke North,2008,    Bachelor's degree or higher,education_bachelor_higher,22120.0,22.9
01,Etobicoke North,Etobicoke North,2009,      Bachelor's degree,education_bachelor,15110.0,15.6
01,Etobicoke North,Etobicoke North,2010,      University certificate or diploma above bachelor level,education_university_above_bachelor,1670.0,1.7
01,Etobicoke North,Etobicoke North,2011,"      Degree in medicine, dentistry, veterinary medicine or optometry",education_medical_dental_vet,385.0,0.4
01,Etobicoke North,Etobicoke North,2012,      Master's degree,education_masters,4560.0,4.7
01,Etobicoke North,Etobicoke North,2013,      Earned doctorate,education_doctorate,395.0,0.4
01,Etobicoke North,Etobicoke North,2014,"Total - Highest certificate, diploma or degree for the population aged 25 to 64 years in private households - 25% sample data",education_25_64_total,61945.0,100.0
01,Etobicoke North,Etobicoke North,2015,"  No certificate, diploma or degree",education_25_64_none,10375.0,16.7
01,Etobicoke North,Etobicoke North,2016,  High (secondary) school diploma or equivalency certificate,education_25_64_secondary,16670.0,26.9
01,Etobicoke North,Etobicoke North,2017,"  Postsecondary certificate, diploma or degree",education_25_64_postsec,34890.0,56.3
01,Etobicoke North,Etobicoke North,2018,    Postsecondary certificate or diploma below bachelor level,education_25_64_postsec_below_bachelor,17030.0,27.5
01,Etobicoke North,Etobicoke North,2019,      Apprenticeship or trades certificate or diploma,education_25_64_apprentice_trades,2760.0,4.5
01,Etobicoke North,Etobicoke North,2020,        Non-apprenticeship trades certificate or diploma,education_25_64_apprentice_non,1650.0,2.7
01,Etobicoke North,Etobicoke North,2021,        Apprenticeship certificate,education_25_64_apprentice_cert,1110.0,1.8
01,Etobicoke North,Etobicoke North,2022,"      College, CEGEP or other non-university certificate or diploma",education_25_64_college,12065.0,19.5
01,Etobicoke North,Etobicoke North,2023,      University certificate or diploma below bachelor level,education_25_64_university_below_bachelor,2205.0,3.6
01,Etobicoke North,Etobicoke North,2024,    Bachelor's degree or higher,education_25_64_bachelor_higher,17860.0,28.8
01,Etobicoke North,Etobicoke North,2025,      Bachelor's degree,education_25_64_bachelor,11960.0,19.3
01,Etobicoke North,Etobicoke North,2026,      University certificate or diploma above bachelor level,education_25_64_university_above_bachelor,1315.0,2.1
01,Etobicoke North,Etobicoke North,2027,"      Degree in medicine, dentistry, veterinary medicine or optometry",education_25_64_medical_dental_vet,325.0,0.5
01,Etobicoke North,Etobicoke North,2028,      Master's degree,education_25_64_masters,3960.0,6.4
01,Etobicoke North,Etobicoke North,2029,      Earned doctorate,education_25_64_doctorate,300.0,0.5
01,Etobicoke North,Etobicoke North,2246,Total - Labour force aged 15 years and over by occupation - Broad category - National Occupational Classification (NOC) 2021 - 25% sample data,labour_occupation_total,57265.0,100.0
01,Etobicoke North,Etobicoke North,2247,  Occupation - not applicable,labour_occupation_na,2600.0,4.5
01,Etobicoke North,Etobicoke North,2248,  All occupations,labour_occupation_all,54670.0,95.5
01,Etobicoke North,Etobicoke North,2249,    0 Legislative and senior management occupations,labour_occupation_0_management,225.0,0.4
01,Etobicoke North,Etobicoke North,2250,"    1 Business, finance and administration occupations",labour_occupation_1_business_finance,8565.0,15.0
01,Etobicoke North,Etobicoke North,2251,    2 Natural and applied sciences and related occupations,labour_occupation_2_science,3965.0,6.9
01,Etobicoke North,Etobicoke North,2252,    3 Health occupations,labour_occupation_3_health,3945.0,6.9
01,Etobicoke North,Etobicoke North,2253,"    4 Occupations in education, law and social, community and government services",labour_occupation_4_education_law_social,4715.0,8.2
01,Etobicoke North,Etobicoke North,2254,"    5 Occupations in art, culture, recreation and sport",labour_occupation_5_arts_culture,905.0,1.6
01,Etobicoke North,Etobicoke North,2255,    6 Sales and service occupations,labour_occupation_6_sales_service,14945.0,26.1
01,Etobicoke North,Etobicoke North,2256,"    7 Trades, transport and equipment operators and related occupations",labour_occupation_7_trades_transport,11625.0,20.3
01,Etobicoke North,Etobicoke North,2257,"    8 Natural resources, agriculture and related production occupations",labour_occupation_8_natural_resources,440.0,0.8
01,Etobicoke North,Etobicoke North,2258,    9 Occupations in manufacturing and utilities,labour_occupation_9_manufacturing,5335.0,9.3
01,Etobicoke North,Etobicoke North,2259,Total - Labour force aged 15 years and over by industry - Sectors - North American Industry Classification System (NAICS) 2017 - 25% sample data,labour_industry_total,57265.0,100.0
01,Etobicoke North,Etobicoke North,2260,  Industry - not applicable,labour_industry_na,2600.0,4.5
01,Etobicoke North,Etobicoke North,2261,  All industries,labour_industry_all,54670.0,95.5
01,Etobicoke North,Etobicoke North,2262,"    11 Agriculture, forestry, fishing and hunting",labour_industry_11_agriculture,110.0,0.2
01,Etobicoke North,Etobicoke North,2263,"    21 Mining, quarrying, and oil and gas extraction",labour_industry_21_mining,25.0,0.0
01,Etobicoke North,Etobicoke North,2264,    22 Utilities,labour_industry_22_utilities,150.0,0.3
01,Etobicoke North,Etobicoke North,2265,    23 Construction,labour_industry_23_construction,4240.0,7.4
01,Etobicoke North,Etobicoke North,2266,    31-33 Manufacturing,labour_industry_31_33_manufacturing,7515.0,13.1
01,Etobicoke North,Etobicoke North,2267,    41 Wholesale trade,labour_industry_41_wholesale,2020.0,3.5
01,Etobicoke North,Etobicoke North,2268,    44-45 Retail trade,labour_industry_44_45_retail,6365.0,11.1
01,Etobicoke North,Etobicoke North,2269,    48-49 Transportation and warehousing,labour_industry_48_49_transportation,5780.0,10.1
01,Etobicoke North,Etobicoke North,2270,    51 Information and cultural industries,labour_industry_51_information,980.0,1.7
01,Etobicoke North,Etobicoke North,2271,    52 Finance and insurance,labour_industry_52_finance,2320.0,4.1
01,Etobicoke North,Etobicoke North,2272,    53 Real estate and rental and leasing,labour_industry_53_real_estate,995.0,1.7
01,Etobicoke North,Etobicoke North,2273,"    54 Professional, scientific and technical services",labour_industry_54_professional,3420.0,6.0
01,Etobicoke North,Etobicoke North,2274,    55 Management of companies and enterprises,labour_industry_55_management,105.0,0.2
01,Etobicoke North,Etobicoke North,2275,"    56 Administrative and support, waste management and remediation services",labour_industry_56_administrative,4260.0,7.4
01,Etobicoke North,Etobicoke North,2276,    61 Educational services,labour_industry_61_education,2665.0,4.7
01,Etobicoke North,Etobicoke North,2277,    62 Health care and social assistance,labour_industry_62_healthcare,6170.0,10.8
01,Etobicoke North,Etobicoke North,2278,"    71 Arts, entertainment and recreation",labour_industry_71_arts,820.0,1.4
01,Etobicoke North,Etobicoke North,2279,    72 Accommodation and food services,labour_industry_72_accommodation,3295.0,5.8
01,Etobicoke North,Etobicoke North,2280,    81 Other services (except public administration),labour_industry_81_other_services,2125.0,3.7
01,Etobicoke North,Etobicoke North,2281,    91 Public administration,labour_industry_91_public_admin,1300.0,2.3
01,Etobicoke North,Etobicoke North,2603,Total - Main mode of commuting for the employed labour force aged 15 years and over with a usual place of work or no fixed workplace address - 25% sample data,commute_mode_total,39265.0,100.0
01,Etobicoke North,Etobicoke North,2604,"  Car, truck or van",commute_mode_car_truck_van,28580.0,72.8
01,Etobicoke North,Etobicoke North,2605,"    Car, truck or van - as a driver",commute_mode_car_driver,25150.0,64.1
01,Etobicoke North,Etobicoke North,2606,"    Car, truck or van - as a passenger",commute_mode_car_passenger,3430.0,8.7
01,Etobicoke North,Etobicoke North,2607,  Public transit,commute_mode_transit,8825.0,22.5
01,Etobicoke North,Etobicoke North,2608,  Walked,commute_mode_walked,870.0,2.2
01,Etobicoke North,Etobicoke North,2609,  Bicycle,commute_mode_bicycle,135.0,0.3
01,Etobicoke North,Etobicoke North,2610,  Other method,commute_mode_other,850.0,2.2
01,Etobicoke North,Etobicoke North,2611,Total - Commuting duration for the employed labour force aged 15 years and over with a usual place of work or no fixed workplace address - 25% sample data,commute_duration_total,39265.0,100.0
01,Etobicoke North,Etobicoke North,2612,  Less than 15 minutes,commute_duration_under15,6540.0,16.7
01,Etobicoke North,Etobicoke North,2613,  15 to 29 minutes,commute_duration_15_29,13550.0,34.5
01,Etobicoke North,Etobicoke North,2614,  30 to 44 minutes,commute_duration_30_44,10295.0,26.2
01,Etobicoke North,Etobicoke North,2615,  45 to 59 minutes,commute_duration_45_59,3580.0,9.1
01,Etobicoke North,Etobicoke North,2616,  60 minutes and over,commute_duration_60plus,5305.0,13.5
02,Etobicoke Centre,Etobicoke Centre,1,"Population, 2021",pop_2021,118483.0,
02,Etobicoke Centre,Etobicoke Centre,2,"Population, 2016",pop_2016,118022.0,
02,Etobicoke Centre,Etobicoke Centre,3,"Population percentage change, 2016 to 2021",pop_pct_change,0.4,0.4
02,Etobicoke Centre,Etobicoke Centre,6,Population density per square kilometre,pop_density,3198.3,3198.3
02,Etobicoke Centre,Etobicoke Centre,34,Total - Distribution (%) of the population by broad age groups - 100% data,age_total_dist,100.0,100.0
02,Etobicoke Centre,Etobicoke Centre,35,  0 to 14 years,age_0_14,14.5,14.5
02,Etobicoke Centre,Etobicoke Centre,36,  15 to 64 years,age_15_64,63.3,63.3
02,Etobicoke Centre,Etobicoke Centre,37,  65 years and over,age_65_over,22.2,22.2
02,Etobicoke Centre,Etobicoke Centre,38,    85 years and over,age_85_over,4.4,4.4
02,Etobicoke Centre,Etobicoke Centre,39,Average age of the population,age_mean,44.5,44.5
02,Etobicoke Centre,Etobicoke Centre,40,Median age of the population,age_median,45.6,45.6
02,Etobicoke Centre,Etobicoke Centre,50,Total - Private households by household size - 100% data,pvt_house_total,45250.0,100.0
02,Etobicoke Centre,Etobicoke Centre,51,  1 person,pvt_house_1,11085.0,24.5
02,Etobicoke Centre,Etobicoke Centre,52,  2 persons,pvt_house_2,14325.0,31.7
02,Etobicoke Centre,Etobicoke Centre,53,  3 persons,pvt_house_3,8115.0,17.9
02,Etobicoke Centre,Etobicoke Centre,54,  4 persons,pvt_house_4,7720.0,17.1
02,Etobicoke Centre,Etobicoke Centre,55,  5 or more persons,pvt_house_5plus,4010.0,8.9
02,Etobicoke Centre,Etobicoke Centre,56,Number of persons in private households,pvt_house_persons,116970.0,100.0
02,Etobicoke Centre,Etobicoke Centre,57,Average household size,pvt_house_avg_size,2.6,2.6
02,Etobicoke Centre,Etobicoke Centre,111,Total - Income statistics in 2020 for the population aged 15 years and over in private households - 100% data,income_total,99785.0,100.0
02,Etobicoke Centre,Etobicoke Centre,112,  Number of total income recipients aged 15 years and over in private households in 2020 - 100% data,income_total_recip,95850.0,96.1
02,Etobicoke Centre,Etobicoke Centre,113,    Median total income in 2020 among recipients ($),income_total_median,44400.0,44400.0
02,Etobicoke Centre,Etobicoke Centre,114,  Number of after-tax income recipients aged 15 years and over in private households in 2020 - 100% data,income_aftertax_recip,95885.0,96.1
02,Etobicoke Centre,Etobicoke Centre,115,    Median after-tax income in 2020 among recipients ($),income_aftertax_median,40000.0,40000.0
02,Etobicoke Centre,Etobicoke Centre,116,  Number of market income recipients aged 15 years and over in private households in 2020 - 100% data,income_market_recip,86540.0,86.7
02,Etobicoke Centre,Etobicoke Centre,117,    Median market income in 2020 among recipients ($),income_market_median,39600.0,39600.0
02,Etobicoke Centre,Etobicoke Centre,118,  Number of employment income recipients aged 15 years and over in private households in 2020 - 100% data,income_emp_recip,67910.0,68.1
02,Etobicoke Centre,Etobicoke Centre,119,    Median employment income in 2020 among recipients ($),income_emp_median,41600.0,41600.0
02,Etobicoke Centre,Etobicoke Centre,120,  Number of government transfers recipients aged 15 years and over in private households in 2020 - 100% data,income_govtrans_recip,86395.0,86.6
02,Etobicoke Centre,Etobicoke Centre,121,    Median government transfers in 2020 among recipients ($),income_govtrans_median,9200.0,9200.0
02,Etobicoke Centre,Etobicoke Centre,122,  Number of employment insurance benefits recipients aged 15 years and over in private households in 2020 - 100% data,income_ei_recip,8135.0,8.2
02,Etobicoke Centre,Etobicoke Centre,123,    Median employment insurance benefits in 2020 among recipients ($),income_ei_median,5680.0,5680.0
02,Etobicoke Centre,Etobicoke Centre,124,  Number of COVID-19 emergency and recovery benefits recipients aged 15 years and over in private households in 2020 - 100% data,income_covid_recip,27960.0,28.0
02,Etobicoke Centre,Etobicoke Centre,125,    Median COVID-19 emergency and recovery benefits in 2020 among recipients ($),income_covid_median,9000.0,9000.0
02,Etobicoke Centre,Etobicoke Centre,345,"Prevalence of low income based on the Low-income measure, after tax (LIM-AT) (%)",lim_at_prev,7.9,7.9
02,Etobicoke Centre,Etobicoke Centre,346,  0 to 17 years (%),lim_at_0_17,9.8,9.8
02,Etobicoke Centre,Etobicoke Centre,347,    0 to 5 years (%),lim_at_0_5,10.5,10.5
02,Etobicoke Centre,Etobicoke Centre,348,  18 to 64 years (%),lim_at_18_64,6.8,6.8
02,Etobicoke Centre,Etobicoke Centre,349,  65 years and over (%),lim_at_65_over,9.3,9.3
02,Etobicoke Centre,Etobicoke Centre,365,Total - Adjusted after-tax economic family income decile group for the population in private households - 100% data,income_decile_total,116970.0,100.0
02,Etobicoke Centre,Etobicoke Centre,366,  In bottom half of the distribution,income_decile_bottom_half,45670.0,39.0
02,Etobicoke Centre,Etobicoke Centre,367,    In bottom decile,income_decile_1,8155.0,7.0
02,Etobicoke Centre,Etobicoke Centre,368,    In second decile,income_decile_2,9325.0,8.0
02,Etobicoke Centre,Etobicoke Centre,369,    In third decile,income_decile_3,9150.0,7.8
02,Etobicoke Centre,Etobicoke Centre,370,    In fourth decile,income_decile_4,9220.0,7.9
02,Etobicoke Centre,Etobicoke Centre,371,    In fifth decile,income_decile_5,9820.0,8.4
02,Etobicoke Centre,Etobicoke Centre,372,  In top half of the distribution,income_decile_top_half,71305.0,61.0
02,Etobicoke Centre,Etobicoke Centre,373,    In sixth decile,income_decile_6,10655.0,9.1
02,Etobicoke Centre,Etobicoke Centre,374,    In seventh decile,income_decile_7,10840.0,9.3
02,Etobicoke Centre,Etobicoke Centre,375,    In eighth decile,income_decile_8,12290.0,10.5
02,Etobicoke Centre,Etobicoke Centre,376,    In ninth decile,income_decile_9,14525.0,12.4
02,Etobicoke Centre,Etobicoke Centre,377,    In top decile,income_decile_10,23000.0,19.7
02,Etobicoke Centre,Etobicoke Centre,378,Total - Inequality measures for the population in private households - 100% data,gini_measures,116970.0,116970.0
02,Etobicoke Centre,Etobicoke Centre,379,  Gini index on adjusted household total income,gini_total_income,0.414,0.414
02,Etobicoke Centre,Etobicoke Centre,380,  Gini index on adjusted household market income,gini_market_income,0.513,0.513
02,Etobicoke Centre,Etobicoke Centre,381,  Gini index on adjusted household after-tax income,gini_aftertax_income,0.35,0.35
02,Etobicoke Centre,Etobicoke Centre,382,  P90/P10 ratio on adjusted household after-tax income,gini_p90_p10,4.4,4.4
02,Etobicoke Centre,Etobicoke Centre,1414,Total - Private households by tenure - 25% sample data,housing_tenure_total,45345.0,100.0
02,Etobicoke Centre,Etobicoke Centre,1415,  Owner,housing_tenure_owner,30565.0,67.4
02,Etobicoke Centre,Etobicoke Centre,1416,  Renter,housing_tenure_renter,14780.0,32.6
02,Etobicoke Centre,Etobicoke Centre,1417,"  Dwelling provided by the local government, First Nation or Indian band",housing_tenure_provided,0.0,0.0
02,Etobicoke Centre,Etobicoke Centre,1418,Total - Occupied private dwellings by condominium status - 25% sample data,housing_condo_total,45345.0,100.0
02,Etobicoke Centre,Etobicoke Centre,1465,"Total - Owner and tenant households with household total income greater than zero, in non-farm, non-reserve private dwellings by shelter-cost-to-income ratio - 25% sample data",housing_shelter_total,45255.0,100.0
02,Etobicoke Centre,Etobicoke Centre,1466,  Spending less than 30% of income on shelter costs,housing_shelter_under30,33735.0,74.5
02,Etobicoke Centre,Etobicoke Centre,1467,  Spending 30% or more of income on shelter costs,housing_shelter_30plus,11520.0,25.5
02,Etobicoke Centre,Etobicoke Centre,1468,    30% to less than 100%,housing_shelter_30_100,10560.0,23.3
02,Etobicoke Centre,Etobicoke Centre,1479,"Total - Owner and tenant households with household total income greater than zero and shelter-cost-to-income ratio less than 100%, in non-farm, non-reserve private dwellings - 25% sample data",housing_core_need_total,44290.0,100.0
02,Etobicoke Centre,Etobicoke Centre,1480,  In core need,housing_core_need_yes,7010.0,15.8
02,Etobicoke Centre,Etobicoke Centre,1481,  Not in core need,housing_core_need_no,37285.0,84.2
02,Etobicoke Centre,Etobicoke Centre,1482,"Total - Owner households in non-farm, non-reserve private dwellings - 25% sample data",housing_owner_total,30560.0,
02,Etobicoke Centre,Etobicoke Centre,1483,  % of owner households with a mortgage,housing_owner_mortgage_pct,48.3,48.3
02,Etobicoke Centre,Etobicoke Centre,1484,  % of owner households spending 30% or more of its income on shelter costs,housing_owner_shelter_30plus_pct,18.8,18.8
02,Etobicoke Centre,Etobicoke Centre,1485,  % in core housing need,housing_owner_core_need_pct,8.0,8.0
02,Etobicoke Centre,Etobicoke Centre,1522,Total - Citizenship for the population in private households - 25% sample data,citizen_total,117205.0,100.0
02,Etobicoke Centre,Etobicoke Centre,1523,  Canadian citizens,citizen_canadian,106280.0,90.7
02,Etobicoke Centre,Etobicoke Centre,1524,    Canadian citizens aged under 18,citizen_canadian_under18,19720.0,16.8
02,Etobicoke Centre,Etobicoke Centre,1525,    Canadian citizens aged 18 and over,citizen_canadian_18over,86560.0,73.9
02,Etobicoke Centre,Etobicoke Centre,1526,  Not Canadian citizens,citizen_not_canadian,10925.0,9.3
02,Etobicoke Centre,Etobicoke Centre,1683,Total - Visible minority for the population in private households - 25% sample data,visible_minority_total,117205.0,100.0
02,Etobicoke Centre,Etobicoke Centre,1684,  Total visible minority population,visible_minority_yes,37205.0,31.7
02,Etobicoke Centre,Etobicoke Centre,1685,    South Asian,visible_minority_south_asian,7885.0,6.7
02,Etobicoke Centre,Etobicoke Centre,1686,    Chinese,visible_minority_chinese,3625.0,3.1
02,Etobicoke Centre,Etobicoke Centre,1687,    Black,visible_minority_black,8275.0,7.1
02,Etobicoke Centre,Etobicoke Centre,1688,    Filipino,visible_minority_filipino,3455.0,2.9
02,Etobicoke Centre,Etobicoke Centre,1689,    Arab,visible_minority_arab,1130.0,1.0
02,Etobicoke Centre,Etobicoke Centre,1690,    Latin American,visible_minority_latin_american,4630.0,4.0
02,Etobicoke Centre,Etobicoke Centre,1691,    Southeast Asian,visible_minority_southeast_asian,1360.0,1.2
02,Etobicoke Centre,Etobicoke Centre,1692,    West Asian,visible_minority_west_asian,1300.0,1.1
02,Etobicoke Centre,Etobicoke Centre,1693,    Korean,visible_minority_korean,1960.0,1.7
02,Etobicoke Centre,Etobicoke Centre,1694,    Japanese,visible_minority_japanese,475.0,0.4
02,Etobicoke Centre,Etobicoke Centre,1695,"    Visible minority, n.i.e.",visible_minority_nie,1330.0,1.1
02,Etobicoke Centre,Etobicoke Centre,1696,    Multiple visible minorities,visible_minority_multiple,1775.0,1.5
02,Etobicoke Centre,Etobicoke Centre,1697,  Not a visible minority,visible_minority_no,79995.0,68.3
02,Etobicoke Centre,Etobicoke Centre,1983,Total - Mobility status 5 years ago - 25% sample data,mobility_total,112100.0,100.0
02,Etobicoke Centre,Etobicoke Centre,1984,  Non-movers,mobility_non_movers,81015.0,72.3
02,Etobicoke Centre,Etobicoke Centre,1985,  Movers,mobility_movers,31080.0,27.7
02,Etobicoke Centre,Etobicoke Centre,1986,    Non-migrants,mobility_non_migrants,19020.0,17.0
02,Etobicoke Centre,Etobicoke Centre,1987,    Migrants,mobility_migrants,12060.0,10.8
02,Etobicoke Centre,Etobicoke Centre,1988,      Internal migrants,mobility_internal_migrants,7100.0,6.3
02,Etobicoke Centre,Etobicoke Centre,1989,        Intraprovincial migrants,mobility_intraprovincial_migrants,6290.0,5.6
02,Etobicoke Centre,Etobicoke Centre,1990,        Interprovincial migrants,mobility_interprovincial_migrants,810.0,0.7
02,Etobicoke Centre,Etobicoke Centre,1991,      External migrants,mobility_external_migrants,4960.0,4.4
02,Etobicoke Centre,Etobicoke Centre,1998,"Total - Highest certificate, diploma or degree for the population aged 15 years and over in private households - 25% sample data",education_total,99900.0,100.0
02,Etobicoke Centre,Etobicoke Centre,1999,"  No certificate, diploma or degree",education_none,12955.0,13.0
02,Etobicoke Centre,Etobicoke Centre,2000,  High (secondary) school diploma or equivalency certificate,education_secondary,25030.0,25.1
02,Etobicoke Centre,Etobicoke Centre,2001,"  Postsecondary certificate, diploma or degree",education_postsec,61920.0,62.0
02,Etobicoke Centre,Etobicoke Centre,2002,    Postsecondary certificate or diploma below bachelor level,education_postsec_below_bachelor,24385.0,24.4
02,Etobicoke Centre,Etobicoke Centre,2003,      Apprenticeship or trades certificate or diploma,education_apprentice_trades,4560.0,4.6
02,Etobicoke Centre,Etobicoke Centre,2004,        Non-apprenticeship trades certificate or diploma,education_apprentice_non,2545.0,2.5
02,Etobicoke Centre,Etobicoke Centre,2005,        Apprenticeship certificate,education_apprentice_cert,2010.0,2.0
02,Etobicoke Centre,Etobicoke Centre,2006,"      College, CEGEP or other non-university certificate or diploma",education_college,16915.0,16.9
02,Etobicoke Centre,Etobicoke Centre,2007,      University certificate or diploma below bachelor level,education_university_below_bachelor,2910.0,2.9
02,Etobicoke Centre,Etobicoke Centre,2008,    Bachelor's degree or higher,education_bachelor_higher,37540.0,37.6
02,Etobicoke Centre,Etobicoke Centre,2009,      Bachelor's degree,education_bachelor,24385.0,24.4
02,Etobicoke Centre,Etobicoke Centre,2010,      University certificate or diploma above bachelor level,education_university_above_bachelor,2865.0,2.9
02,Etobicoke Centre,Etobicoke Centre,2011,"      Degree in medicine, dentistry, veterinary medicine or optometry",education_medical_dental_vet,1115.0,1.1
02,Etobicoke Centre,Etobicoke Centre,2012,      Master's degree,education_masters,8020.0,8.0
02,Etobicoke Centre,Etobicoke Centre,2013,      Earned doctorate,education_doctorate,1145.0,1.1
02,Etobicoke Centre,Etobicoke Centre,2014,"Total - Highest certificate, diploma or degree for the population aged 25 to 64 years in private households - 25% sample data",education_25_64_total,61735.0,100.0
02,Etobicoke Centre,Etobicoke Centre,2015,"  No certificate, diploma or degree",education_25_64_none,4050.0,6.6
02,Etobicoke Centre,Etobicoke Centre,2016,  High (secondary) school diploma or equivalency certificate,education_25_64_secondary,12405.0,20.1
02,Etobicoke Centre,Etobicoke Centre,2017,"  Postsecondary certificate, diploma or degree",education_25_64_postsec,45285.0,73.4
02,Etobicoke Centre,Etobicoke Centre,2018,    Postsecondary certificate or diploma below bachelor level,education_25_64_postsec_below_bachelor,16825.0,27.3
02,Etobicoke Centre,Etobicoke Centre,2019,      Apprenticeship or trades certificate or diploma,education_25_64_apprentice_trades,2615.0,4.2
02,Etobicoke Centre,Etobicoke Centre,2020,        Non-apprenticeship trades certificate or diploma,education_25_64_apprentice_non,1435.0,2.3
02,Etobicoke Centre,Etobicoke Centre,2021,        Apprenticeship certificate,education_25_64_apprentice_cert,1180.0,1.9
02,Etobicoke Centre,Etobicoke Centre,2022,"      College, CEGEP or other non-university certificate or diploma",education_25_64_college,12240.0,19.8
02,Etobicoke Centre,Etobicoke Centre,2023,      University certificate or diploma below bachelor level,education_25_64_university_below_bachelor,1965.0,3.2
02,Etobicoke Centre,Etobicoke Centre,2024,    Bachelor's degree or higher,education_25_64_bachelor_higher,28465.0,46.1
02,Etobicoke Centre,Etobicoke Centre,2025,      Bachelor's degree,education_25_64_bachelor,18610.0,30.1
02,Etobicoke Centre,Etobicoke Centre,2026,      University certificate or diploma above bachelor level,education_25_64_university_above_bachelor,2120.0,3.4
02,Etobicoke Centre,Etobicoke Centre,2027,"      Degree in medicine, dentistry, veterinary medicine or optometry",education_25_64_medical_dental_vet,795.0,1.3
02,Etobicoke Centre,Etobicoke Centre,2028,      Master's degree,education_25_64_masters,6155.0,10.0
02,Etobicoke Centre,Etobicoke Centre,2029,      Earned doctorate,education_25_64_doctorate,785.0,1.3
02,Etobicoke Centre,Etobicoke Centre,2246,Total - Labour force aged 15 years and over by occupation - Broad category - National Occupational Classification (NOC) 2021 - 25% sample data,labour_occupation_total,61275.0,100.0
02,Etobicoke Centre,Etobicoke Centre,2247,  Occupation - not applicable,labour_occupation_na,1950.0,3.2
02,Etobicoke Centre,Etobicoke Centre,2248,  All occupations,labour_occupation_all,59325.0,96.8
02,Etobicoke Centre,Etobicoke Centre,2249,    0 Legislative and senior management occupations,labour_occupation_0_management,1370.0,2.2
02,Etobicoke Centre,Etobicoke Centre,2250,"    1 Business, finance and administration occupations",labour_occupation_1_business_finance,12955.0,21.1
02,Etobicoke Centre,Etobicoke Centre,2251,    2 Natural and applied sciences and related occupations,labour_occupation_2_science,6060.0,9.9
02,Etobicoke Centre,Etobicoke Centre,2252,    3 Health occupations,labour_occupation_3_health,3995.0,6.5
02,Etobicoke Centre,Etobicoke Centre,2253,"    4 Occupations in education, law and social, community and government services",labour_occupation_4_education_law_social,7475.0,12.2
02,Etobicoke Centre,Etobicoke Centre,2254,"    5 Occupations in art, culture, recreation and sport",labour_occupation_5_arts_culture,2235.0,3.6
02,Etobicoke Centre,Etobicoke Centre,2255,    6 Sales and service occupations,labour_occupation_6_sales_service,13805.0,22.5
02,Etobicoke Centre,Etobicoke Centre,2256,"    7 Trades, transport and equipment operators and related occupations",labour_occupation_7_trades_transport,9195.0,15.0
02,Etobicoke Centre,Etobicoke Centre,2257,"    8 Natural resources, agriculture and related production occupations",labour_occupation_8_natural_resources,425.0,0.7
02,Etobicoke Centre,Etobicoke Centre,2258,    9 Occupations in manufacturing and utilities,labour_occupation_9_manufacturing,1800.0,2.9
02,Etobicoke Centre,Etobicoke Centre,2259,Total - Labour force aged 15 years and over by industry - Sectors - North American Industry Classification System (NAICS) 2017 - 25% sample data,labour_industry_total,61275.0,100.0
02,Etobicoke Centre,Etobicoke Centre,2260,  Industry - not applicable,labour_industry_na,1950.0,3.2
02,Etobicoke Centre,Etobicoke Centre,2261,  All industries,labour_industry_all,59325.0,96.8
02,Etobicoke Centre,Etobicoke Centre,2262,"    11 Agriculture, forestry, fishing and hunting",labour_industry_11_agriculture,110.0,0.2
02,Etobicoke Centre,Etobicoke Centre,2263,"    21 Mining, quarrying, and oil and gas extraction",labour_industry_21_mining,75.0,0.1
02,Etobicoke Centre,Etobicoke Centre,2264,    22 Utilities,labour_industry_22_utilities,280.0,0.5
02,Etobicoke Centre,Etobicoke Centre,2265,    23 Construction,labour_industry_23_construction,5135.0,8.4
02,Etobicoke Centre,Etobicoke Centre,2266,    31-33 Manufacturing,labour_industry_31_33_manufacturing,4125.0,6.7
02,Etobicoke Centre,Etobicoke Centre,2267,    41 Wholesale trade,labour_industry_41_wholesale,2440.0,4.0
02,Etobicoke Centre,Etobicoke Centre,2268,    44-45 Retail trade,labour_industry_44_45_retail,6160.0,10.1
02,Etobicoke Centre,Etobicoke Centre,2269,    48-49 Transportation and warehousing,labour_industry_48_49_transportation,3530.0,5.8
02,Etobicoke Centre,Etobicoke Centre,2270,    51 Information and cultural industries,labour_industry_51_information,1700.0,2.8
02,Etobicoke Centre,Etobicoke Centre,2271,    52 Finance and insurance,labour_industry_52_finance,4315.0,7.0
02,Etobicoke Centre,Etobicoke Centre,2272,    53 Real estate and rental and leasing,labour_industry_53_real_estate,1950.0,3.2
02,Etobicoke Centre,Etobicoke Centre,2273,"    54 Professional, scientific and technical services",labour_industry_54_professional,6995.0,11.4
02,Etobicoke Centre,Etobicoke Centre,2274,    55 Management of companies and enterprises,labour_industry_55_management,350.0,0.6
02,Etobicoke Centre,Etobicoke Centre,2275,"    56 Administrative and support, waste management and remediation services",labour_industry_56_administrative,2980.0,4.9
02,Etobicoke Centre,Etobicoke Centre,2276,    61 Educational services,labour_industry_61_education,4880.0,8.0
02,Etobicoke Centre,Etobicoke Centre,2277,    62 Health care and social assistance,labour_industry_62_healthcare,6210.0,10.1
02,Etobicoke Centre,Etobicoke Centre,2278,"    71 Arts, entertainment and recreation",labour_industry_71_arts,1120.0,1.8
02,Etobicoke Centre,Etobicoke Centre,2279,    72 Accommodation and food services,labour_industry_72_accommodation,2260.0,3.7
02,Etobicoke Centre,Etobicoke Centre,2280,    81 Other services (except public administration),labour_industry_81_other_services,2180.0,3.6
02,Etobicoke Centre,Etobicoke Centre,2281,    91 Public administration,labour_industry_91_public_admin,2525.0,4.1
02,Etobicoke Centre,Etobicoke Centre,2603,Total - Main mode of commuting for the employed labour force aged 15 years and over with a usual place of work or no fixed workplace address - 25% sample data,commute_mode_total,34180.0,100.0
02,Etobicoke Centre,Etobicoke Centre,2604,"  Car, truck or van",commute_mode_car_truck_van,26695.0,78.1
02,Etobicoke Centre,Etobicoke Centre,2605,"    Car, truck or van - as a driver",commute_mode_car_driver,24125.0,70.6
02,Etobicoke Centre,Etobicoke Centre,2606,"    Car, truck or van - as a passenger",commute_mode_car_passenger,2570.0,7.5
02,Etobicoke Centre,Etobicoke Centre,2607,  Public transit,commute_mode_transit,5260.0,15.4
02,Etobicoke Centre,Etobicoke Centre,2608,  Walked,commute_mode_walked,1035.0,3.0
02,Etobicoke Centre,Etobicoke Centre,2609,  Bicycle,commute_mode_bicycle,160.0,0.5
02,Etobicoke Centre,Etobicoke Centre,2610,  Other method,commute_mode_other,1035.0,3.0
02,Etobicoke Centre,Etobicoke Centre,2611,Total - Commuting duration for the employed labour force aged 15 years and over with a usual place of work or no fixed workplace address - 25% sample data,commute_duration_total,34180.0,100.0
02,Etobicoke Centre,Etobicoke Centre,2612,  Less than 15 minutes,commute_duration_under15,6630.0,19.4
02,Etobicoke Centre,Etobicoke Centre,2613,  15 to 29 minutes,commute_duration_15_29,12480.0,36.5
02,Etobicoke Centre,Etobicoke Centre,2614,  30 to 44 minutes,commute_duration_30_44,8490.0,24.8
02,Etobicoke Centre,Etobicoke Centre,2615,  45 to 59 minutes,commute_duration_45_59,3100.0,9.1
02,Etobicoke Centre,Etobicoke Centre,2616,  60 minutes and over,commute_duration_60plus,3485.0,10.2
03,Etobicoke-Lakeshore,Etobicoke--Lakeshore,1,"Population, 2021",pop_2021,141751.0,
03,Etobicoke-Lakeshore,Etobicoke--Lakeshore,2,"Population, 2016",pop_2016,129081.0,
03,Etobicoke-Lakeshore,Etobicoke--Lakeshore,3,"Population percentage change, 2016 to 2021",pop_pct_change,9.8,9.8
03,Etobicoke-Lakeshore,Etobicoke--Lakeshore,6,Population density per square kilometre,pop_density,3575.4,3575.4
03,Etobicoke-Lakeshore,Etobicoke--Lakeshore,34,Total - Distribution (%) of the population by broad age groups - 100% data,age_total_dist,100.0,100.0
03,Etobicoke-Lakeshore,Etobicoke--Lakeshore,35,  0 to 14 years,age_0_14,13.1,13.1
03,Etobicoke-Lakeshore,Etobicoke--Lakeshore,36,  15 to 64 years,age_15_64,69.8,69.8
03,Etobicoke-Lakeshore,Etobicoke--Lakeshore,37,  65 years and over,age_65_over,17.1,17.1
03,Etobicoke-Lakeshore,Etobicoke--Lakeshore,38,    85 years and over,age_85_over,2.3,2.3
03,Etobicoke-Lakeshore,Etobicoke--Lakeshore,39,Average age of the population,age_mean,42.2,42.2
03,Etobicoke-Lakeshore,Etobicoke--Lakeshore,40,Median age of the population,age_median,40.8,40.8
03,Etobicoke-Lakeshore,Etobicoke--Lakeshore,50,Total - Private households by household size - 100% data,pvt_house_total,65575.0,100.0
03,Etobicoke-Lakeshore,Etobicoke--Lakeshore,51,  1 person,pvt_house_1,24515.0,37.4
03,Etobicoke-Lakeshore,Etobicoke--Lakeshore,52,  2 persons,pvt_house_2,21840.0,33.3
03,Etobicoke-Lakeshore,Etobicoke--Lakeshore,53,  3 persons,pvt_house_3,9265.0,14.1
03,Etobicoke-Lakeshore,Etobicoke--Lakeshore,54,  4 persons,pvt_house_4,7090.0,10.8
03,Etobicoke-Lakeshore,Etobicoke--Lakeshore,55,  5 or more persons,pvt_house_5plus,2865.0,4.4
03,Etobicoke-Lakeshore,Etobicoke--Lakeshore,56,Number of persons in private households,pvt_house_persons,139915.0,100.0
03,Etobicoke-Lakeshore,Etobicoke--Lakeshore,57,Average household size,pvt_house_avg_size,2.1,2.1
03,Etobicoke-Lakeshore,Etobicoke--Lakeshore,111,Total - Income statistics in 2020 for the population aged 15 years and over in private households - 100% data,income_total,121445.0,100.0
03,Etobicoke-Lakeshore,Etobicoke--Lakeshore,112,  Number of total income recipients aged 15 years and over in private households in 2020 - 100% data,income_total_recip,117460.0,96.7
03,Etobicoke-Lakeshore,Etobicoke--Lakeshore,113,    Median total income in 2020 among recipients ($),income_total_median,47600.0,47600.0
03,Etobicoke-Lakeshore,Etobicoke--Lakeshore,114,  Number of after-tax income recipients aged 15 years and over in private households in 2020 - 100% data,income_aftertax_recip,117495.0,96.7
03,Etobicoke-Lakeshore,Etobicoke--Lakeshore,115,    Median after-tax income in 2020 among recipients ($),income_aftertax_median,42400.0,42400.0
03,Etobicoke-Lakeshore,Etobicoke--Lakeshore,116,  Number of market income recipients aged 15 years and over in private households in 2020 - 100% data,income_market_recip,106055.0,87.3
03,Etobicoke-Lakeshore,Etobicoke--Lakeshore,117,    Median market income in 2020 among recipients ($),income_market_median,45600.0,45600.0
03,Etobicoke-Lakeshore,Etobicoke--Lakeshore,118,  Number of employment income recipients aged 15 years and over in private households in 2020 - 100% data,income_emp_recip,88475.0,72.9
03,Etobicoke-Lakeshore,Etobicoke--Lakeshore,119,    Median employment income in 2020 among recipients ($),income_emp_median,48000.0,48000.0
03,Etobicoke-Lakeshore,Etobicoke--Lakeshore,120,  Number of government transfers recipients aged 15 years and over in private households in 2020 - 100% data,income_govtrans_recip,105390.0,86.8
03,Etobicoke-Lakeshore,Etobicoke--Lakeshore,121,    Median government transfers in 2020 among recipients ($),income_govtrans_median,6950.0,6950.0
03,Etobicoke-Lakeshore,Etobicoke--Lakeshore,122,  Number of employment insurance benefits recipients aged 15 years and over in private households in 2020 - 100% data,income_ei_recip,10630.0,8.8
03,Etobicoke-Lakeshore,Etobicoke--Lakeshore,123,    Median employment insurance benefits in 2020 among recipients ($),income_ei_median,5760.0,5760.0
03,Etobicoke-Lakeshore,Etobicoke--Lakeshore,124,  Number of COVID-19 emergency and recovery benefits recipients aged 15 years and over in private households in 2020 - 100% data,income_covid_recip,33995.0,28.0
03,Etobicoke-Lakeshore,Etobicoke--Lakeshore,125,    Median COVID-19 emergency and recovery benefits in 2020 among recipients ($),income_covid_median,10000.0,10000.0
03,Etobicoke-Lakeshore,Etobicoke--Lakeshore,345,"Prevalence of low income based on the Low-income measure, after tax (LIM-AT) (%)",lim_at_prev,11.0,11.0
03,Etobicoke-Lakeshore,Etobicoke--Lakeshore,346,  0 to 17 years (%),lim_at_0_17,10.3,10.3
03,Etobicoke-Lakeshore,Etobicoke--Lakeshore,347,    0 to 5 years (%),lim_at_0_5,10.2,10.2
03,Etobicoke-Lakeshore,Etobicoke--Lakeshore,348,  18 to 64 years (%),lim_at_18_64,10.0,10.0
03,Etobicoke-Lakeshore,Etobicoke--Lakeshore,349,  65 years and over (%),lim_at_65_over,15.7,15.7
03,Etobicoke-Lakeshore,Etobicoke--Lakeshore,365,Total - Adjusted after-tax economic family income decile group for the population in private households - 100% data,income_decile_total,139915.0,100.0
03,Etobicoke-Lakeshore,Etobicoke--Lakeshore,366,  In bottom half of the distribution,income_decile_bottom_half,58190.0,41.6
03,Etobicoke-Lakeshore,Etobicoke--Lakeshore,367,    In bottom decile,income_decile_1,14400.0,10.3
03,Etobicoke-Lakeshore,Etobicoke--Lakeshore,368,    In second decile,income_decile_2,11690.0,8.4
03,Etobicoke-Lakeshore,Etobicoke--Lakeshore,369,    In third decile,income_decile_3,10720.0,7.7
03,Etobicoke-Lakeshore,Etobicoke--Lakeshore,370,    In fourth decile,income_decile_4,10380.0,7.4
03,Etobicoke-Lakeshore,Etobicoke--Lakeshore,371,    In fifth decile,income_decile_5,11005.0,7.9
03,Etobicoke-Lakeshore,Etobicoke--Lakeshore,372,  In top half of the distribution,income_decile_top_half,81725.0,58.4
03,Etobicoke-Lakeshore,Etobicoke--Lakeshore,373,    In sixth decile,income_decile_6,11495.0,8.2
03,Etobicoke-Lakeshore,Etobicoke--Lakeshore,374,    In seventh decile,income_decile_7,12560.0,9.0
03,Etobicoke-Lakeshore,Etobicoke--Lakeshore,375,    In eighth decile,income_decile_8,13990.0,10.0
03,Etobicoke-Lakeshore,Etobicoke--Lakeshore,376,    In ninth decile,income_decile_9,17190.0,12.3
03,Etobicoke-Lakeshore,Etobicoke--Lakeshore,377,    In top decile,income_decile_10,26490.0,18.9
03,Etobicoke-Lakeshore,Etobicoke--Lakeshore,378,Total - Inequality measures for the population in private households - 100% data,gini_measures,139920.0,139920.0
03,Etobicoke-Lakeshore,Etobicoke--Lakeshore,379,  Gini index on adjusted household total income,gini_total_income,0.42,0.42
03,Etobicoke-Lakeshore,Etobicoke--Lakeshore,380,  Gini index on adjusted household market income,gini_market_income,0.51,0.51
03,Etobicoke-Lakeshore,Etobicoke--Lakeshore,381,  Gini index on adjusted household after-tax income,gini_aftertax_income,0.356,0.356
03,Etobicoke-Lakeshore,Etobicoke--Lakeshore,382,  P90/P10 ratio on adjusted household after-tax income,gini_p90_p10,4.8,4.8
03,Etobicoke-Lakeshore,Etobicoke--Lakeshore,1414,Total - Private households by tenure - 25% sample data,housing_tenure_total,65575.0,100.0
03,Etobicoke-Lakeshore,Etobicoke--Lakeshore,1415,  Owner,housing_tenure_owner,37310.0,56.9
03,Etobicoke-Lakeshore,Etobicoke--Lakeshore,1416,  Renter,housing_tenure_renter,28260.0,43.1
03,Etobicoke-Lakeshore,Etobicoke--Lakeshore,1417,"  Dwelling provided by the local government, First Nation or Indian band",housing_tenure_provided,0.0,0.0
03,Etobicoke-Lakeshore,Etobicoke--Lakeshore,1418,Total - Occupied private dwellings by condominium status - 25% sample data,housing_condo_total,65575.0,100.0
03,Etobicoke-Lakeshore,Etobicoke--Lakeshore,1465,"Total - Owner and tenant households with household total income greater than zero, in non-farm, non-reserve private dwellings by shelter-cost-to-income ratio - 25% sample data",housing_shelter_total,65195.0,100.0
03,Etobicoke-Lakeshore,Etobicoke--Lakeshore,1466,  Spending less than 30% of income on shelter costs,housing_shelter_under30,44565.0,68.4
03,Etobicoke-Lakeshore,Etobicoke--Lakeshore,1467,  Spending 30% or more of income on shelter costs,housing_shelter_30plus,20630.0,31.6
03,Etobicoke-Lakeshore,Etobicoke--Lakeshore,1468,    30% to less than 100%,housing_shelter_30_100,17990.0,27.6
03,Etobicoke-Lakeshore,Etobicoke--Lakeshore,1479,"Total - Owner and tenant households with household total income greater than zero and shelter-cost-to-income ratio less than 100%, in non-farm, non-reserve private dwellings - 25% sample data",housing_core_need_total,62560.0,100.0
03,Etobicoke-Lakeshore,Etobicoke--Lakeshore,1480,  In core need,housing_core_need_yes,10815.0,17.3
03,Etobicoke-Lakeshore,Etobicoke--Lakeshore,1481,  Not in core need,housing_core_need_no,51740.0,82.7
03,Etobicoke-Lakeshore,Etobicoke--Lakeshore,1482,"Total - Owner households in non-farm, non-reserve private dwellings - 25% sample data",housing_owner_total,37310.0,
03,Etobicoke-Lakeshore,Etobicoke--Lakeshore,1483,  % of owner households with a mortgage,housing_owner_mortgage_pct,59.4,59.4
03,Etobicoke-Lakeshore,Etobicoke--Lakeshore,1484,  % of owner households spending 30% or more of its income on shelter costs,housing_owner_shelter_30plus_pct,24.7,24.7
03,Etobicoke-Lakeshore,Etobicoke--Lakeshore,1485,  % in core housing need,housing_owner_core_need_pct,9.0,9.0
03,Etobicoke-Lakeshore,Etobicoke--Lakeshore,1522,Total - Citizenship for the population in private households - 25% sample data,citizen_total,139920.0,100.0
03,Etobicoke-Lakeshore,Etobicoke--Lakeshore,1523,  Canadian citizens,citizen_canadian,121125.0,86.6
03,Etobicoke-Lakeshore,Etobicoke--Lakeshore,1524,    Canadian citizens aged under 18,citizen_canadian_under18,19980.0,14.3
03,Etobicoke-Lakeshore,Etobicoke--Lakeshore,1525,    Canadian citizens aged 18 and over,citizen_canadian_18over,101145.0,72.3
03,Etobicoke-Lakeshore,Etobicoke--Lakeshore,1526,  Not Canadian citizens,citizen_not_canadian,18790.0,13.4
03,Etobicoke-Lakeshore,Etobicoke--Lakeshore,1683,Total - Visible minority for the population in private households - 25% sample data,visible_minority_total,139915.0,100.0
03,Etobicoke-Lakeshore,Etobicoke--Lakeshore,1684,  Total visible minority population,visible_minority_yes,48675.0,34.8
03,Etobicoke-Lakeshore,Etobicoke--Lakeshore,1685,    South Asian,visible_minority_south_asian,10850.0,7.8
03,Etobicoke-Lakeshore,Etobicoke--Lakeshore,1686,    Chinese,visible_minority_chinese,5570.0,4.0
03,Etobicoke-Lakeshore,Etobicoke--Lakeshore,1687,    Black,visible_minority_black,8020.0,5.7
03,Etobicoke-Lakeshore,Etobicoke--Lakeshore,1688,    Filipino,visible_minority_filipino,4490.0,3.2
03,Etobicoke-Lakeshore,Etobicoke--Lakeshore,1689,    Arab,visible_minority_arab,1810.0,1.3
03,Etobicoke-Lakeshore,Etobicoke--Lakeshore,1690,    Latin American,visible_minority_latin_american,4590.0,3.3
03,Etobicoke-Lakeshore,Etobicoke--Lakeshore,1691,    Southeast Asian,visible_minority_southeast_asian,2085.0,1.5
03,Etobicoke-Lakeshore,Etobicoke--Lakeshore,1692,    West Asian,visible_minority_west_asian,1850.0,1.3
03,Etobicoke-Lakeshore,Etobicoke--Lakeshore,1693,    Korean,visible_minority_korean,2375.0,1.7
03,Etobicoke-Lakeshore,Etobicoke--Lakeshore,1694,    Japanese,visible_minority_japanese,760.0,0.5
03,Etobicoke-Lakeshore,Etobicoke--Lakeshore,1695,"    Visible minority, n.i.e.",visible_minority_nie,3550.0,2.5
03,Etobicoke-Lakeshore,Etobicoke--Lakeshore,1696,    Multiple visible minorities,visible_minority_multiple,2735.0,2.0
03,Etobicoke-Lakeshore,Etobicoke--Lakeshore,1697,  Not a visible minority,visible_minority_no,91245.0,65.2
03,Etobicoke-Lakeshore,Etobicoke--Lakeshore,1983,Total - Mobility status 5 years ago - 25% sample data,mobility_total,133155.0,100.0
03,Etobicoke-Lakeshore,Etobicoke--Lakeshore,1984,  Non-movers,mobility_non_movers,78645.0,59.1
03,Etobicoke-Lakeshore,Etobicoke--Lakeshore,1985,  Movers,mobility_movers,54510.0,40.9
03,Etobicoke-Lakeshore,Etobicoke--Lakeshore,1986,    Non-migrants,mobility_non_migrants,29180.0,21.9
03,Etobicoke-Lakeshore,Etobicoke--Lakeshore,1987,    Migrants,mobility_migrants,25330.0,19.0
03,Etobicoke-Lakeshore,Etobicoke--Lakeshore,1988,      Internal migrants,mobility_internal_migrants,15020.0,11.3
03,Etobicoke-Lakeshore,Etobicoke--Lakeshore,1989,        Intraprovincial migrants,mobility_intraprovincial_migrants,12765.0,9.6
03,Etobicoke-Lakeshore,Etobicoke--Lakeshore,1990,        Interprovincial migrants,mobility_interprovincial_migrants,2255.0,1.7
03,Etobicoke-Lakeshore,Etobicoke--Lakeshore,1991,      External migrants,mobility_external_migrants,10305.0,7.7
03,Etobicoke-Lakeshore,Etobicoke--Lakeshore,1998,"Total - Highest certificate, diploma or degree for the population aged 15 years and over in private households - 25% sample data",education_total,121460.0,100.0
03,Etobicoke-Lakeshore,Etobicoke--Lakeshore,1999,"  No certificate, diploma or degree",education_none,12965.0,10.7
03,Etobicoke-Lakeshore,Etobicoke--Lakeshore,2000,  High (secondary) school diploma or equivalency certificate,education_secondary,25415.0,20.9
03,Etobicoke-Lakeshore,Etobicoke--Lakeshore,2001,"  Postsecondary certificate, diploma or degree",education_postsec,83075.0,68.4
03,Etobicoke-Lakeshore,Etobicoke--Lakeshore,2002,    Postsecondary certificate or diploma below bachelor level,education_postsec_below_bachelor,28900.0,23.8
03,Etobicoke-Lakeshore,Etobicoke--Lakeshore,2003,      Apprenticeship or trades certificate or diploma,education_apprentice_trades,4745.0,3.9
03,Etobicoke-Lakeshore,Etobicoke--Lakeshore,2004,        Non-apprenticeship trades certificate or diploma,education_apprentice_non,2505.0,2.1
03,Etobicoke-Lakeshore,Etobicoke--Lakeshore,2005,        Apprenticeship certificate,education_apprentice_cert,2240.0,1.8
03,Etobicoke-Lakeshore,Etobicoke--Lakeshore,2006,"      College, CEGEP or other non-university certificate or diploma",education_college,20655.0,17.0
03,Etobicoke-Lakeshore,Etobicoke--Lakeshore,2007,      University certificate or diploma below bachelor level,education_university_below_bachelor,3500.0,2.9
03,Etobicoke-Lakeshore,Etobicoke--Lakeshore,2008,    Bachelor's degree or higher,education_bachelor_higher,54175.0,44.6
03,Etobicoke-Lakeshore,Etobicoke--Lakeshore,2009,      Bachelor's degree,education_bachelor,34155.0,28.1
03,Etobicoke-Lakeshore,Etobicoke--Lakeshore,2010,      University certificate or diploma above bachelor level,education_university_above_bachelor,3965.0,3.3
03,Etobicoke-Lakeshore,Etobicoke--Lakeshore,2011,"      Degree in medicine, dentistry, veterinary medicine or optometry",education_medical_dental_vet,1170.0,1.0
03,Etobicoke-Lakeshore,Etobicoke--Lakeshore,2012,      Master's degree,education_masters,13210.0,10.9
03,Etobicoke-Lakeshore,Etobicoke--Lakeshore,2013,      Earned doctorate,education_doctorate,1675.0,1.4
03,Etobicoke-Lakeshore,Etobicoke--Lakeshore,2014,"Total - Highest certificate, diploma or degree for the population aged 25 to 64 years in private households - 25% sample data",education_25_64_total,85645.0,100.0
03,Etobicoke-Lakeshore,Etobicoke--Lakeshore,2015,"  No certificate, diploma or degree",education_25_64_none,4830.0,5.6
03,Etobicoke-Lakeshore,Etobicoke--Lakeshore,2016,  High (secondary) school diploma or equivalency certificate,education_25_64_secondary,14720.0,17.2
03,Etobicoke-Lakeshore,Etobicoke--Lakeshore,2017,"  Postsecondary certificate, diploma or degree",education_25_64_postsec,66095.0,77.2
03,Etobicoke-Lakeshore,Etobicoke--Lakeshore,2018,    Postsecondary certificate or diploma below bachelor level,education_25_64_postsec_below_bachelor,21760.0,25.4
03,Etobicoke-Lakeshore,Etobicoke--Lakeshore,2019,      Apprenticeship or trades certificate or diploma,education_25_64_apprentice_trades,3245.0,3.8
03,Etobicoke-Lakeshore,Etobicoke--Lakeshore,2020,        Non-apprenticeship trades certificate or diploma,education_25_64_apprentice_non,1670.0,1.9
03,Etobicoke-Lakeshore,Etobicoke--Lakeshore,2021,        Apprenticeship certificate,education_25_64_apprentice_cert,1570.0,1.8
03,Etobicoke-Lakeshore,Etobicoke--Lakeshore,2022,"      College, CEGEP or other non-university certificate or diploma",education_25_64_college,16000.0,18.7
03,Etobicoke-Lakeshore,Etobicoke--Lakeshore,2023,      University certificate or diploma below bachelor level,education_25_64_university_below_bachelor,2520.0,2.9
03,Etobicoke-Lakeshore,Etobicoke--Lakeshore,2024,    Bachelor's degree or higher,education_25_64_bachelor_higher,44335.0,51.8
03,Etobicoke-Lakeshore,Etobicoke--Lakeshore,2025,      Bachelor's degree,education_25_64_bachelor,27875.0,32.5
03,Etobicoke-Lakeshore,Etobicoke--Lakeshore,2026,      University certificate or diploma above bachelor level,education_25_64_university_above_bachelor,3210.0,3.7
03,Etobicoke-Lakeshore,Etobicoke--Lakeshore,2027,"      Degree in medicine, dentistry, veterinary medicine or optometry",education_25_64_medical_dental_vet,850.0,1.0
03,Etobicoke-Lakeshore,Etobicoke--Lakeshore,2028,      Master's degree,education_25_64_masters,11170.0,13.0
03,Etobicoke-Lakeshore,Etobicoke--Lakeshore,2029,      Earned doctorate,education_25_64_doctorate,1225.0,1.4
03,Etobicoke-Lakeshore,Etobicoke--Lakeshore,2246,Total - Labour force aged 15 years and over by occupation - Broad category - National Occupational Classification (NOC) 2021 - 25% sample data,labour_occupation_total,82950.0,100.0
03,Etobicoke-Lakeshore,Etobicoke--Lakeshore,2247,  Occupation - not applicable,labour_occupation_na,2495.0,3.0
03,Etobicoke-Lakeshore,Etobicoke--Lakeshore,2248,  All occupations,labour_occupation_all,80455.0,97.0
03,Etobicoke-Lakeshore,Etobicoke--Lakeshore,2249,    0 Legislative and senior management occupations,labour_occupation_0_management,1675.0,2.0
03,Etobicoke-Lakeshore,Etobicoke--Lakeshore,2250,"    1 Business, finance and administration occupations",labour_occupation_1_business_finance,18755.0,22.6
03,Etobicoke-Lakeshore,Etobicoke--Lakeshore,2251,    2 Natural and applied sciences and related occupations,labour_occupation_2_science,8920.0,10.8
03,Etobicoke-Lakeshore,Etobicoke--Lakeshore,2252,    3 Health occupations,labour_occupation_3_health,5270.0,6.4
03,Etobicoke-Lakeshore,Etobicoke--Lakeshore,2253,"    4 Occupations in education, law and social, community and government services",labour_occupation_4_education_law_social,9955.0,12.0
03,Etobicoke-Lakeshore,Etobicoke--Lakeshore,2254,"    5 Occupations in art, culture, recreation and sport",labour_occupation_5_arts_culture,4430.0,5.3
03,Etobicoke-Lakeshore,Etobicoke--Lakeshore,2255,    6 Sales and service occupations,labour_occupation_6_sales_service,18150.0,21.9
03,Etobicoke-Lakeshore,Etobicoke--Lakeshore,2256,"    7 Trades, transport and equipment operators and related occupations",labour_occupation_7_trades_transport,10570.0,12.7
03,Etobicoke-Lakeshore,Etobicoke--Lakeshore,2257,"    8 Natural resources, agriculture and related production occupations",labour_occupation_8_natural_resources,475.0,0.6
03,Etobicoke-Lakeshore,Etobicoke--Lakeshore,2258,    9 Occupations in manufacturing and utilities,labour_occupation_9_manufacturing,2260.0,2.7
03,Etobicoke-Lakeshore,Etobicoke--Lakeshore,2259,Total - Labour force aged 15 years and over by industry - Sectors - North American Industry Classification System (NAICS) 2017 - 25% sample data,labour_industry_total,82950.0,100.0
03,Etobicoke-Lakeshore,Etobicoke--Lakeshore,2260,  Industry - not applicable,labour_industry_na,2495.0,3.0
03,Etobicoke-Lakeshore,Etobicoke--Lakeshore,2261,  All industries,labour_industry_all,80455.0,97.0
03,Etobicoke-Lakeshore,Etobicoke--Lakeshore,2262,"    11 Agriculture, forestry, fishing and hunting",labour_industry_11_agriculture,170.0,0.2
03,Etobicoke-Lakeshore,Etobicoke--Lakeshore,2263,"    21 Mining, quarrying, and oil and gas extraction",labour_industry_21_mining,145.0,0.2
03,Etobicoke-Lakeshore,Etobicoke--Lakeshore,2264,    22 Utilities,labour_industry_22_utilities,505.0,0.6
03,Etobicoke-Lakeshore,Etobicoke--Lakeshore,2265,    23 Construction,labour_industry_23_construction,5605.0,6.8
03,Etobicoke-Lakeshore,Etobicoke--Lakeshore,2266,    31-33 Manufacturing,labour_industry_31_33_manufacturing,5395.0,6.5
03,Etobicoke-Lakeshore,Etobicoke--Lakeshore,2267,    41 Wholesale trade,labour_industry_41_wholesale,3610.0,4.4
03,Etobicoke-Lakeshore,Etobicoke--Lakeshore,2268,    44-45 Retail trade,labour_industry_44_45_retail,8025.0,9.7
03,Etobicoke-Lakeshore,Etobicoke--Lakeshore,2269,    48-49 Transportation and warehousing,labour_industry_48_49_transportation,4100.0,4.9
03,Etobicoke-Lakeshore,Etobicoke--Lakeshore,2270,    51 Information and cultural industries,labour_industry_51_information,3585.0,4.3
03,Etobicoke-Lakeshore,Etobicoke--Lakeshore,2271,    52 Finance and insurance,labour_industry_52_finance,6735.0,8.1
03,Etobicoke-Lakeshore,Etobicoke--Lakeshore,2272,    53 Real estate and rental and leasing,labour_industry_53_real_estate,2280.0,2.7
03,Etobicoke-Lakeshore,Etobicoke--Lakeshore,2273,"    54 Professional, scientific and technical services",labour_industry_54_professional,11625.0,14.0
03,Etobicoke-Lakeshore,Etobicoke--Lakeshore,2274,    55 Management of companies and enterprises,labour_industry_55_management,515.0,0.6
03,Etobicoke-Lakeshore,Etobicoke--Lakeshore,2275,"    56 Administrative and support, waste management and remediation services",labour_industry_56_administrative,3590.0,4.3
03,Etobicoke-Lakeshore,Etobicoke--Lakeshore,2276,    61 Educational services,labour_industry_61_education,5705.0,6.9
03,Etobicoke-Lakeshore,Etobicoke--Lakeshore,2277,    62 Health care and social assistance,labour_industry_62_healthcare,7855.0,9.5
03,Etobicoke-Lakeshore,Etobicoke--Lakeshore,2278,"    71 Arts, entertainment and recreation",labour_industry_71_arts,1600.0,1.9
03,Etobicoke-Lakeshore,Etobicoke--Lakeshore,2279,    72 Accommodation and food services,labour_industry_72_accommodation,3155.0,3.8
03,Etobicoke-Lakeshore,Etobicoke--Lakeshore,2280,    81 Other services (except public administration),labour_industry_81_other_services,2940.0,3.5
03,Etobicoke-Lakeshore,Etobicoke--Lakeshore,2281,    91 Public administration,labour_industry_91_public_admin,3315.0,4.0
03,Etobicoke-Lakeshore,Etobicoke--Lakeshore,2603,Total - Main mode of commuting for the employed labour force aged 15 years and over with a usual place of work or no fixed workplace address - 25% sample data,commute_mode_total,42490.0,100.0
03,Etobicoke-Lakeshore,Etobicoke--Lakeshore,2604,"  Car, truck or van",commute_mode_car_truck_van,29435.0,69.3
03,Etobicoke-Lakeshore,Etobicoke--Lakeshore,2605,"    Car, truck or van - as a driver",commute_mode_car_driver,26800.0,63.1
03,Etobicoke-Lakeshore,Etobicoke--Lakeshore,2606,"    Car, truck or van - as a passenger",commute_mode_car_passenger,2640.0,6.2
03,Etobicoke-Lakeshore,Etobicoke--Lakeshore,2607,  Public transit,commute_mode_transit,9210.0,21.7
03,Etobicoke-Lakeshore,Etobicoke--Lakeshore,2608,  Walked,commute_mode_walked,1980.0,4.7
03,Etobicoke-Lakeshore,Etobicoke--Lakeshore,2609,  Bicycle,commute_mode_bicycle,510.0,1.2
03,Etobicoke-Lakeshore,Etobicoke--Lakeshore,2610,  Other method,commute_mode_other,1350.0,3.2
03,Etobicoke-Lakeshore,Etobicoke--Lakeshore,2611,Total - Commuting duration for the employed labour force aged 15 years and over with a usual place of work or no fixed workplace address - 25% sample data,commute_duration_total,42490.0,100.0
03,Etobicoke-Lakeshore,Etobicoke--Lakeshore,2612,  Less than 15 minutes,commute_duration_under15,7680.0,18.1
03,Etobicoke-Lakeshore,Etobicoke--Lakeshore,2613,  15 to 29 minutes,commute_duration_15_29,14370.0,33.8
03,Etobicoke-Lakeshore,Etobicoke--Lakeshore,2614,  30 to 44 minutes,commute_duration_30_44,11460.0,27.0
03,Etobicoke-Lakeshore,Etobicoke--Lakeshore,2615,  45 to 59 minutes,commute_duration_45_59,4810.0,11.3
03,Etobicoke-Lakeshore,Etobicoke--Lakeshore,2616,  60 minutes and over,commute_duration_60plus,4175.0,9.8
04,Parkdale-High Park,Parkdale--High Park,1,"Population, 2021",pop_2021,106750.0,
04,Parkdale-High Park,Parkdale--High Park,2,"Population, 2016",pop_2016,108805.0,
04,Parkdale-High Park,Parkdale--High Park,3,"Population percentage change, 2016 to 2021",pop_pct_change,-1.9,-1.9
04,Parkdale-High Park,Parkdale--High Park,6,Population density per square kilometre,pop_density,7197.5,7197.5
04,Parkdale-High Park,Parkdale--High Park,34,Total - Distribution (%) of the population by broad age groups - 100% data,age_total_dist,100.0,100.0
04,Parkdale-High Park,Parkdale--High Park,35,  0 to 14 years,age_0_14,14.2,14.2
04,Parkdale-High Park,Parkdale--High Park,36,  15 to 64 years,age_15_64,70.5,70.5
04,Parkdale-High Park,Parkdale--High Park,37,  65 years and over,age_65_over,15.3,15.3
04,Parkdale-High Park,Parkdale--High Park,38,    85 years and over,age_85_over,2.0,2.0
04,Parkdale-High Park,Parkdale--High Park,39,Average age of the population,age_mean,41.3,41.3
04,Parkdale-High Park,Parkdale--High Park,40,Median age of the population,age_median,40.4,40.4
04,Parkdale-High Park,Parkdale--High Park,50,Total - Private households by household size - 100% data,pvt_house_total,49435.0,100.0
04,Parkdale-High Park,Parkdale--High Park,51,  1 person,pvt_house_1,19660.0,39.8
04,Parkdale-High Park,Parkdale--High Park,52,  2 persons,pvt_house_2,15165.0,30.7
04,Parkdale-High Park,Parkdale--High Park,53,  3 persons,pvt_house_3,6675.0,13.5
04,Parkdale-High Park,Parkdale--High Park,54,  4 persons,pvt_house_4,5795.0,11.7
04,Parkdale-High Park,Parkdale--High Park,55,  5 or more persons,pvt_house_5plus,2140.0,4.3
04,Parkdale-High Park,Parkdale--High Park,56,Number of persons in private households,pvt_house_persons,104670.0,100.0
04,Parkdale-High Park,Parkdale--High Park,57,Average household size,pvt_house_avg_size,2.1,2.1
04,Parkdale-High Park,Parkdale--High Park,111,Total - Income statistics in 2020 for the population aged 15 years and over in private households - 100% data,income_total,89615.0,100.0
04,Parkdale-High Park,Parkdale--High Park,112,  Number of total income recipients aged 15 years and over in private households in 2020 - 100% data,income_total_recip,86400.0,96.4
04,Parkdale-High Park,Parkdale--High Park,113,    Median total income in 2020 among recipients ($),income_total_median,46800.0,46800.0
04,Parkdale-High Park,Parkdale--High Park,114,  Number of after-tax income recipients aged 15 years and over in private households in 2020 - 100% data,income_aftertax_recip,86450.0,96.5
04,Parkdale-High Park,Parkdale--High Park,115,    Median after-tax income in 2020 among recipients ($),income_aftertax_median,41600.0,41600.0
04,Parkdale-High Park,Parkdale--High Park,116,  Number of market income recipients aged 15 years and over in private households in 2020 - 100% data,income_market_recip,77675.0,86.7
04,Parkdale-High Park,Parkdale--High Park,117,    Median market income in 2020 among recipients ($),income_market_median,45600.0,45600.0
04,Parkdale-High Park,Parkdale--High Park,118,  Number of employment income recipients aged 15 years and over in private households in 2020 - 100% data,income_emp_recip,66085.0,73.7
04,Parkdale-High Park,Parkdale--High Park,119,    Median employment income in 2020 among recipients ($),income_emp_median,47600.0,47600.0
04,Parkdale-High Park,Parkdale--High Park,120,  Number of government transfers recipients aged 15 years and over in private households in 2020 - 100% data,income_govtrans_recip,76910.0,85.8
04,Parkdale-High Park,Parkdale--High Park,121,    Median government transfers in 2020 among recipients ($),income_govtrans_median,6900.0,6900.0
04,Parkdale-High Park,Parkdale--High Park,122,  Number of employment insurance benefits recipients aged 15 years and over in private households in 2020 - 100% data,income_ei_recip,8265.0,9.2
04,Parkdale-High Park,Parkdale--High Park,123,    Median employment insurance benefits in 2020 among recipients ($),income_ei_median,5640.0,5640.0
04,Parkdale-High Park,Parkdale--High Park,124,  Number of COVID-19 emergency and recovery benefits recipients aged 15 years and over in private households in 2020 - 100% data,income_covid_recip,26545.0,29.6
04,Parkdale-High Park,Parkdale--High Park,125,    Median COVID-19 emergency and recovery benefits in 2020 among recipients ($),income_covid_median,10000.0,10000.0
04,Parkdale-High Park,Parkdale--High Park,345,"Prevalence of low income based on the Low-income measure, after tax (LIM-AT) (%)",lim_at_prev,11.9,11.9
04,Parkdale-High Park,Parkdale--High Park,346,  0 to 17 years (%),lim_at_0_17,10.0,10.0
04,Parkdale-High Park,Parkdale--High Park,347,    0 to 5 years (%),lim_at_0_5,9.5,9.5
04,Parkdale-High Park,Parkdale--High Park,348,  18 to 64 years (%),lim_at_18_64,11.1,11.1
04,Parkdale-High Park,Parkdale--High Park,349,  65 years and over (%),lim_at_65_over,18.1,18.1
04,Parkdale-High Park,Parkdale--High Park,365,Total - Adjusted after-tax economic family income decile group for the population in private households - 100% data,income_decile_total,104670.0,100.0
04,Parkdale-High Park,Parkdale--High Park,366,  In bottom half of the distribution,income_decile_bottom_half,43855.0,41.9
04,Parkdale-High Park,Parkdale--High Park,367,    In bottom decile,income_decile_1,11725.0,11.2
04,Parkdale-High Park,Parkdale--High Park,368,    In second decile,income_decile_2,9220.0,8.8
04,Parkdale-High Park,Parkdale--High Park,369,    In third decile,income_decile_3,7975.0,7.6
04,Parkdale-High Park,Parkdale--High Park,370,    In fourth decile,income_decile_4,7410.0,7.1
04,Parkdale-High Park,Parkdale--High Park,371,    In fifth decile,income_decile_5,7525.0,7.2
04,Parkdale-High Park,Parkdale--High Park,372,  In top half of the distribution,income_decile_top_half,60820.0,58.1
04,Parkdale-High Park,Parkdale--High Park,373,    In sixth decile,income_decile_6,7615.0,7.3
04,Parkdale-High Park,Parkdale--High Park,374,    In seventh decile,income_decile_7,7860.0,7.5
04,Parkdale-High Park,Parkdale--High Park,375,    In eighth decile,income_decile_8,9580.0,9.2
04,Parkdale-High Park,Parkdale--High Park,376,    In ninth decile,income_decile_9,12640.0,12.1
04,Parkdale-High Park,Parkdale--High Park,377,    In top decile,income_decile_10,23125.0,22.1
04,Parkdale-High Park,Parkdale--High Park,378,Total - Inequality measures for the population in private households - 100% data,gini_measures,104675.0,104675.0
04,Parkdale-High Park,Parkdale--High Park,379,  Gini index on adjusted household total income,gini_total_income,0.437,0.437
04,Parkdale-High Park,Parkdale--High Park,380,  Gini index on adjusted household market income,gini_market_income,0.523,0.523
04,Parkdale-High Park,Parkdale--High Park,381,  Gini index on adjusted household after-tax income,gini_aftertax_income,0.372,0.372
04,Parkdale-High Park,Parkdale--High Park,382,  P90/P10 ratio on adjusted household after-tax income,gini_p90_p10,5.4,5.4
04,Parkdale-High Park,Parkdale--High Park,1414,Total - Private households by tenure - 25% sample data,housing_tenure_total,49440.0,100.0
04,Parkdale-High Park,Parkdale--High Park,1415,  Owner,housing_tenure_owner,21610.0,43.7
04,Parkdale-High Park,Parkdale--High Park,1416,  Renter,housing_tenure_renter,27835.0,56.3
04,Parkdale-High Park,Parkdale--High Park,1417,"  Dwelling provided by the local government, First Nation or Indian band",housing_tenure_provided,0.0,0.0
04,Parkdale-High Park,Parkdale--High Park,1418,Total - Occupied private dwellings by condominium status - 25% sample data,housing_condo_total,49440.0,100.0
04,Parkdale-High Park,Parkdale--High Park,1465,"Total - Owner and tenant households with household total income greater than zero, in non-farm, non-reserve private dwellings by shelter-cost-to-income ratio - 25% sample data",housing_shelter_total,49170.0,100.0
04,Parkdale-High Park,Parkdale--High Park,1466,  Spending less than 30% of income on shelter costs,housing_shelter_under30,33830.0,68.8
04,Parkdale-High Park,Parkdale--High Park,1467,  Spending 30% or more of income on shelter costs,housing_shelter_30plus,15340.0,31.2
04,Parkdale-High Park,Parkdale--High Park,1468,    30% to less than 100%,housing_shelter_30_100,13530.0,27.5
04,Parkdale-High Park,Parkdale--High Park,1479,"Total - Owner and tenant households with household total income greater than zero and shelter-cost-to-income ratio less than 100%, in non-farm, non-reserve private dwellings - 25% sample data",housing_core_need_total,47355.0,100.0
04,Parkdale-High Park,Parkdale--High Park,1480,  In core need,housing_core_need_yes,9895.0,20.9
04,Parkdale-High Park,Parkdale--High Park,1481,  Not in core need,housing_core_need_no,37460.0,79.1
04,Parkdale-High Park,Parkdale--High Park,1482,"Total - Owner households in non-farm, non-reserve private dwellings - 25% sample data",housing_owner_total,21610.0,
04,Parkdale-High Park,Parkdale--High Park,1483,  % of owner households with a mortgage,housing_owner_mortgage_pct,56.3,56.3
04,Parkdale-High Park,Parkdale--High Park,1484,  % of owner households spending 30% or more of its income on shelter costs,housing_owner_shelter_30plus_pct,20.3,20.3
04,Parkdale-High Park,Parkdale--High Park,1485,  % in core housing need,housing_owner_core_need_pct,7.9,7.9
04,Parkdale-High Park,Parkdale--High Park,1522,Total - Citizenship for the population in private households - 25% sample data,citizen_total,104715.0,100.0
04,Parkdale-High Park,Parkdale--High Park,1523,  Canadian citizens,citizen_canadian,94615.0,90.4
04,Parkdale-High Park,Parkdale--High Park,1524,    Canadian citizens aged under 18,citizen_canadian_under18,17100.0,16.3
04,Parkdale-High Park,Parkdale--High Park,1525,    Canadian citizens aged 18 and over,citizen_canadian_18over,77520.0,74.0
04,Parkdale-High Park,Parkdale--High Park,1526,  Not Canadian citizens,citizen_not_canadian,10095.0,9.6
04,Parkdale-High Park,Parkdale--High Park,1683,Total - Visible minority for the population in private households - 25% sample data,visible_minority_total,104715.0,100.0
04,Parkdale-High Park,Parkdale--High Park,1684,  Total visible minority population,visible_minority_yes,30445.0,29.1
04,Parkdale-High Park,Parkdale--High Park,1685,    South Asian,visible_minority_south_asian,5385.0,5.1
04,Parkdale-High Park,Parkdale--High Park,1686,    Chinese,visible_minority_chinese,4070.0,3.9
04,Parkdale-High Park,Parkdale--High Park,1687,    Black,visible_minority_black,6305.0,6.0
04,Parkdale-High Park,Parkdale--High Park,1688,    Filipino,visible_minority_filipino,2785.0,2.7
04,Parkdale-High Park,Parkdale--High Park,1689,    Arab,visible_minority_arab,725.0,0.7
04,Parkdale-High Park,Parkdale--High Park,1690,    Latin American,visible_minority_latin_american,2775.0,2.7
04,Parkdale-High Park,Parkdale--High Park,1691,    Southeast Asian,visible_minority_southeast_asian,2015.0,1.9
04,Parkdale-High Park,Parkdale--High Park,1692,    West Asian,visible_minority_west_asian,545.0,0.5
04,Parkdale-High Park,Parkdale--High Park,1693,    Korean,visible_minority_korean,745.0,0.7
04,Parkdale-High Park,Parkdale--High Park,1694,    Japanese,visible_minority_japanese,845.0,0.8
04,Parkdale-High Park,Parkdale--High Park,1695,"    Visible minority, n.i.e.",visible_minority_nie,2360.0,2.3
04,Parkdale-High Park,Parkdale--High Park,1696,    Multiple visible minorities,visible_minority_multiple,1890.0,1.8
04,Parkdale-High Park,Parkdale--High Park,1697,  Not a visible minority,visible_minority_no,74270.0,70.9
04,Parkdale-High Park,Parkdale--High Park,1983,Total - Mobility status 5 years ago - 25% sample data,mobility_total,99945.0,100.0
04,Parkdale-High Park,Parkdale--High Park,1984,  Non-movers,mobility_non_movers,64060.0,64.1
04,Parkdale-High Park,Parkdale--High Park,1985,  Movers,mobility_movers,35885.0,35.9
04,Parkdale-High Park,Parkdale--High Park,1986,    Non-migrants,mobility_non_migrants,22465.0,22.5
04,Parkdale-High Park,Parkdale--High Park,1987,    Migrants,mobility_migrants,13420.0,13.4
04,Parkdale-High Park,Parkdale--High Park,1988,      Internal migrants,mobility_internal_migrants,7745.0,7.7
04,Parkdale-High Park,Parkdale--High Park,1989,        Intraprovincial migrants,mobility_intraprovincial_migrants,5875.0,5.9
04,Parkdale-High Park,Parkdale--High Park,1990,        Interprovincial migrants,mobility_interprovincial_migrants,1870.0,1.9
04,Parkdale-High Park,Parkdale--High Park,1991,      External migrants,mobility_external_migrants,5675.0,5.7
04,Parkdale-High Park,Parkdale--High Park,1998,"Total - Highest certificate, diploma or degree for the population aged 15 years and over in private households - 25% sample data",education_total,89700.0,100.0
04,Parkdale-High Park,Parkdale--High Park,1999,"  No certificate, diploma or degree",education_none,9500.0,10.6
04,Parkdale-High Park,Parkdale--High Park,2000,  High (secondary) school diploma or equivalency certificate,education_secondary,17355.0,19.3
04,Parkdale-High Park,Parkdale--High Park,2001,"  Postsecondary certificate, diploma or degree",education_postsec,62845.0,70.1
04,Parkdale-High Park,Parkdale--High Park,2002,    Postsecondary certificate or diploma below bachelor level,education_postsec_below_bachelor,17435.0,19.4
04,Parkdale-High Park,Parkdale--High Park,2003,      Apprenticeship or trades certificate or diploma,education_apprentice_trades,2715.0,3.0
04,Parkdale-High Park,Parkdale--High Park,2004,        Non-apprenticeship trades certificate or diploma,education_apprentice_non,1545.0,1.7
04,Parkdale-High Park,Parkdale--High Park,2005,        Apprenticeship certificate,education_apprentice_cert,1165.0,1.3
04,Parkdale-High Park,Parkdale--High Park,2006,"      College, CEGEP or other non-university certificate or diploma",education_college,12725.0,14.2
04,Parkdale-High Park,Parkdale--High Park,2007,      University certificate or diploma below bachelor level,education_university_below_bachelor,1995.0,2.2
04,Parkdale-High Park,Parkdale--High Park,2008,    Bachelor's degree or higher,education_bachelor_higher,45410.0,50.6
04,Parkdale-High Park,Parkdale--High Park,2009,      Bachelor's degree,education_bachelor,27085.0,30.2
04,Parkdale-High Park,Parkdale--High Park,2010,      University certificate or diploma above bachelor level,education_university_above_bachelor,2795.0,3.1
04,Parkdale-High Park,Parkdale--High Park,2011,"      Degree in medicine, dentistry, veterinary medicine or optometry",education_medical_dental_vet,900.0,1.0
04,Parkdale-High Park,Parkdale--High Park,2012,      Master's degree,education_masters,12335.0,13.8
04,Parkdale-High Park,Parkdale--High Park,2013,      Earned doctorate,education_doctorate,2295.0,2.6
04,Parkdale-High Park,Parkdale--High Park,2014,"Total - Highest certificate, diploma or degree for the population aged 25 to 64 years in private households - 25% sample data",education_25_64_total,65235.0,100.0
04,Parkdale-High Park,Parkdale--High Park,2015,"  No certificate, diploma or degree",education_25_64_none,3665.0,5.6
04,Parkdale-High Park,Parkdale--High Park,2016,  High (secondary) school diploma or equivalency certificate,education_25_64_secondary,9925.0,15.2
04,Parkdale-High Park,Parkdale--High Park,2017,"  Postsecondary certificate, diploma or degree",education_25_64_postsec,51645.0,79.2
04,Parkdale-High Park,Parkdale--High Park,2018,    Postsecondary certificate or diploma below bachelor level,education_25_64_postsec_below_bachelor,13375.0,20.5
04,Parkdale-High Park,Parkdale--High Park,2019,      Apprenticeship or trades certificate or diploma,education_25_64_apprentice_trades,1795.0,2.8
04,Parkdale-High Park,Parkdale--High Park,2020,        Non-apprenticeship trades certificate or diploma,education_25_64_apprentice_non,965.0,1.5
04,Parkdale-High Park,Parkdale--High Park,2021,        Apprenticeship certificate,education_25_64_apprentice_cert,830.0,1.3
04,Parkdale-High Park,Parkdale--High Park,2022,"      College, CEGEP or other non-university certificate or diploma",education_25_64_college,10110.0,15.5
04,Parkdale-High Park,Parkdale--High Park,2023,      University certificate or diploma below bachelor level,education_25_64_university_below_bachelor,1470.0,2.3
04,Parkdale-High Park,Parkdale--High Park,2024,    Bachelor's degree or higher,education_25_64_bachelor_higher,38270.0,58.7
04,Parkdale-High Park,Parkdale--High Park,2025,      Bachelor's degree,education_25_64_bachelor,22910.0,35.1
04,Parkdale-High Park,Parkdale--High Park,2026,      University certificate or diploma above bachelor level,education_25_64_university_above_bachelor,2175.0,3.3
04,Parkdale-High Park,Parkdale--High Park,2027,"      Degree in medicine, dentistry, veterinary medicine or optometry",education_25_64_medical_dental_vet,720.0,1.1
04,Parkdale-High Park,Parkdale--High Park,2028,      Master's degree,education_25_64_masters,10665.0,16.3
04,Parkdale-High Park,Parkdale--High Park,2029,      Earned doctorate,education_25_64_doctorate,1800.0,2.8
04,Parkdale-High Park,Parkdale--High Park,2246,Total - Labour force aged 15 years and over by occupation - Broad category - National Occupational Classification (NOC) 2021 - 25% sample data,labour_occupation_total,62770.0,100.0
04,Parkdale-High Park,Parkdale--High Park,2247,  Occupation - not applicable,labour_occupation_na,1655.0,2.6
04,Parkdale-High Park,Parkdale--High Park,2248,  All occupations,labour_occupation_all,61115.0,97.4
04,Parkdale-High Park,Parkdale--High Park,2249,    0 Legislative and senior management occupations,labour_occupation_0_management,1430.0,2.3
04,Parkdale-High Park,Parkdale--High Park,2250,"    1 Business, finance and administration occupations",labour_occupation_1_business_finance,12620.0,20.1
04,Parkdale-High Park,Parkdale--High Park,2251,    2 Natural and applied sciences and related occupations,labour_occupation_2_science,6490.0,10.3
04,Parkdale-High Park,Parkdale--High Park,2252,    3 Health occupations,labour_occupation_3_health,4085.0,6.5
04,Parkdale-High Park,Parkdale--High Park,2253,"    4 Occupations in education, law and social, community and government services",labour_occupation_4_education_law_social,9885.0,15.7
04,Parkdale-High Park,Parkdale--High Park,2254,"    5 Occupations in art, culture, recreation and sport",labour_occupation_5_arts_culture,7025.0,11.2
04,Parkdale-High Park,Parkdale--High Park,2255,    6 Sales and service occupations,labour_occupation_6_sales_service,13165.0,21.0
04,Parkdale-High Park,Parkdale--High Park,2256,"    7 Trades, transport and equipment operators and related occupations",labour_occupation_7_trades_transport,5010.0,8.0
04,Parkdale-High Park,Parkdale--High Park,2257,"    8 Natural resources, agriculture and related production occupations",labour_occupation_8_natural_resources,320.0,0.5
04,Parkdale-High Park,Parkdale--High Park,2258,    9 Occupations in manufacturing and utilities,labour_occupation_9_manufacturing,1075.0,1.7
04,Parkdale-High Park,Parkdale--High Park,2259,Total - Labour force aged 15 years and over by industry - Sectors - North American Industry Classification System (NAICS) 2017 - 25% sample data,labour_industry_total,62770.0,100.0
04,Parkdale-High Park,Parkdale--High Park,2260,  Industry - not applicable,labour_industry_na,1655.0,2.6
04,Parkdale-High Park,Parkdale--High Park,2261,  All industries,labour_industry_all,61115.0,97.4
04,Parkdale-High Park,Parkdale--High Park,2262,"    11 Agriculture, forestry, fishing and hunting",labour_industry_11_agriculture,120.0,0.2
04,Parkdale-High Park,Parkdale--High Park,2263,"    21 Mining, quarrying, and oil and gas extraction",labour_industry_21_mining,120.0,0.2
04,Parkdale-High Park,Parkdale--High Park,2264,    22 Utilities,labour_industry_22_utilities,255.0,0.4
04,Parkdale-High Park,Parkdale--High Park,2265,    23 Construction,labour_industry_23_construction,2505.0,4.0
04,Parkdale-High Park,Parkdale--High Park,2266,    31-33 Manufacturing,labour_industry_31_33_manufacturing,2505.0,4.0
04,Parkdale-High Park,Parkdale--High Park,2267,    41 Wholesale trade,labour_industry_41_wholesale,1805.0,2.9
04,Parkdale-High Park,Parkdale--High Park,2268,    44-45 Retail trade,labour_industry_44_45_retail,5220.0,8.3
04,Parkdale-High Park,Parkdale--High Park,2269,    48-49 Transportation and warehousing,labour_industry_48_49_transportation,2035.0,3.2
04,Parkdale-High Park,Parkdale--High Park,2270,    51 Information and cultural industries,labour_industry_51_information,4275.0,6.8
04,Parkdale-High Park,Parkdale--High Park,2271,    52 Finance and insurance,labour_industry_52_finance,4035.0,6.4
04,Parkdale-High Park,Parkdale--High Park,2272,    53 Real estate and rental and leasing,labour_industry_53_real_estate,1530.0,2.4
04,Parkdale-High Park,Parkdale--High Park,2273,"    54 Professional, scientific and technical services",labour_industry_54_professional,10285.0,16.4
04,Parkdale-High Park,Parkdale--High Park,2274,    55 Management of companies and enterprises,labour_industry_55_management,365.0,0.6
04,Parkdale-High Park,Parkdale--High Park,2275,"    56 Administrative and support, waste management and remediation services",labour_industry_56_administrative,2180.0,3.5
04,Parkdale-High Park,Parkdale--High Park,2276,    61 Educational services,labour_industry_61_education,6070.0,9.7
04,Parkdale-High Park,Parkdale--High Park,2277,    62 Health care and social assistance,labour_industry_62_healthcare,6410.0,10.2
04,Parkdale-High Park,Parkdale--High Park,2278,"    71 Arts, entertainment and recreation",labour_industry_71_arts,2640.0,4.2
04,Parkdale-High Park,Parkdale--High Park,2279,    72 Accommodation and food services,labour_industry_72_accommodation,3350.0,5.3
04,Parkdale-High Park,Parkdale--High Park,2280,    81 Other services (except public administration),labour_industry_81_other_services,2645.0,4.2
04,Parkdale-High Park,Parkdale--High Park,2281,    91 Public administration,labour_industry_91_public_admin,2760.0,4.4
04,Parkdale-High Park,Parkdale--High Park,2603,Total - Main mode of commuting for the employed labour force aged 15 years and over with a usual place of work or no fixed workplace address - 25% sample data,commute_mode_total,27505.0,100.0
04,Parkdale-High Park,Parkdale--High Park,2604,"  Car, truck or van",commute_mode_car_truck_van,13175.0,47.9
04,Parkdale-High Park,Parkdale--High Park,2605,"    Car, truck or van - as a driver",commute_mode_car_driver,11860.0,43.1
04,Parkdale-High Park,Parkdale--High Park,2606,"    Car, truck or van - as a passenger",commute_mode_car_passenger,1315.0,4.8
04,Parkdale-High Park,Parkdale--High Park,2607,  Public transit,commute_mode_transit,8525.0,31.0
04,Parkdale-High Park,Parkdale--High Park,2608,  Walked,commute_mode_walked,2970.0,10.8
04,Parkdale-High Park,Parkdale--High Park,2609,  Bicycle,commute_mode_bicycle,1660.0,6.0
04,Parkdale-High Park,Parkdale--High Park,2610,  Other method,commute_mode_other,1180.0,4.3
04,Parkdale-High Park,Parkdale--High Park,2611,Total - Commuting duration for the employed labour force aged 15 years and over with a usual place of work or no fixed workplace address - 25% sample data,commute_duration_total,27505.0,100.0
04,Parkdale-High Park,Parkdale--High Park,2612,  Less than 15 minutes,commute_duration_under15,4230.0,15.4
04,Parkdale-High Park,Parkdale--High Park,2613,  15 to 29 minutes,commute_duration_15_29,8605.0,31.3
04,Parkdale-High Park,Parkdale--High Park,2614,  30 to 44 minutes,commute_duration_30_44,8610.0,31.3
04,Parkdale-High Park,Parkdale--High Park,2615,  45 to 59 minutes,commute_duration_45_59,3295.0,12.0
04,Parkdale-High Park,Parkdale--High Park,2616,  60 minutes and over,commute_duration_60plus,2775.0,10.1
05,York South-Weston,York South--Weston,1,"Population, 2021",pop_2021,116757.0,
05,York South-Weston,York South--Weston,2,"Population, 2016",pop_2016,116686.0,
05,York South-Weston,York South--Weston,3,"Population percentage change, 2016 to 2021",pop_pct_change,0.1,0.1
05,York South-Weston,York South--Weston,6,Population density per square kilometre,pop_density,4707.7,4707.7
05,York South-Weston,York South--Weston,34,Total - Distribution (%) of the population by broad age groups - 100% data,age_total_dist,100.0,100.0
05,York South-Weston,York South--Weston,35,  0 to 14 years,age_0_14,15.7,15.7
05,York South-Weston,York South--Weston,36,  15 to 64 years,age_15_64,67.7,67.7
05,York South-Weston,York South--Weston,37,  65 years and over,age_65_over,16.6,16.6
05,York South-Weston,York South--Weston,38,    85 years and over,age_85_over,2.7,2.7
05,York South-Weston,York South--Weston,39,Average age of the population,age_mean,41.2,41.2
05,York South-Weston,York South--Weston,40,Median age of the population,age_median,40.4,40.4
05,York South-Weston,York South--Weston,50,Total - Private households by household size - 100% data,pvt_house_total,45055.0,100.0
05,York South-Weston,York South--Weston,51,  1 person,pvt_house_1,12870.0,28.6
05,York South-Weston,York South--Weston,52,  2 persons,pvt_house_2,12725.0,28.2
05,York South-Weston,York South--Weston,53,  3 persons,pvt_house_3,8245.0,18.3
05,York South-Weston,York South--Weston,54,  4 persons,pvt_house_4,6620.0,14.7
05,York South-Weston,York South--Weston,55,  5 or more persons,pvt_house_5plus,4580.0,10.2
05,York South-Weston,York South--Weston,56,Number of persons in private households,pvt_house_persons,115540.0,100.0
05,York South-Weston,York South--Weston,57,Average household size,pvt_house_avg_size,2.6,2.6
05,York South-Weston,York South--Weston,111,Total - Income statistics in 2020 for the population aged 15 years and over in private households - 100% data,income_total,97195.0,100.0
05,York South-Weston,York South--Weston,112,  Number of total income recipients aged 15 years and over in private households in 2020 - 100% data,income_total_recip,92115.0,94.8
05,York South-Weston,York South--Weston,113,    Median total income in 2020 among recipients ($),income_total_median,34400.0,34400.0
05,York South-Weston,York South--Weston,114,  Number of after-tax income recipients aged 15 years and over in private households in 2020 - 100% data,income_aftertax_recip,92140.0,94.8
05,York South-Weston,York South--Weston,115,    Median after-tax income in 2020 among recipients ($),income_aftertax_median,32000.0,32000.0
05,York South-Weston,York South--Weston,116,  Number of market income recipients aged 15 years and over in private households in 2020 - 100% data,income_market_recip,75705.0,77.9
05,York South-Weston,York South--Weston,117,    Median market income in 2020 among recipients ($),income_market_median,28000.0,28000.0
05,York South-Weston,York South--Weston,118,  Number of employment income recipients aged 15 years and over in private households in 2020 - 100% data,income_emp_recip,63285.0,65.1
05,York South-Weston,York South--Weston,119,    Median employment income in 2020 among recipients ($),income_emp_median,32400.0,32400.0
05,York South-Weston,York South--Weston,120,  Number of government transfers recipients aged 15 years and over in private households in 2020 - 100% data,income_govtrans_recip,86335.0,88.8
05,York South-Weston,York South--Weston,121,    Median government transfers in 2020 among recipients ($),income_govtrans_median,11200.0,11200.0
05,York South-Weston,York South--Weston,122,  Number of employment insurance benefits recipients aged 15 years and over in private households in 2020 - 100% data,income_ei_recip,11450.0,11.8
05,York South-Weston,York South--Weston,123,    Median employment insurance benefits in 2020 among recipients ($),income_ei_median,5680.0,5680.0
05,York South-Weston,York South--Weston,124,  Number of COVID-19 emergency and recovery benefits recipients aged 15 years and over in private households in 2020 - 100% data,income_covid_recip,35010.0,36.0
05,York South-Weston,York South--Weston,125,    Median COVID-19 emergency and recovery benefits in 2020 among recipients ($),income_covid_median,10000.0,10000.0
05,York South-Weston,York South--Weston,345,"Prevalence of low income based on the Low-income measure, after tax (LIM-AT) (%)",lim_at_prev,14.7,14.7
05,York South-Weston,York South--Weston,346,  0 to 17 years (%),lim_at_0_17,18.6,18.6
05,York South-Weston,York South--Weston,347,    0 to 5 years (%),lim_at_0_5,19.5,19.5
05,York South-Weston,York South--Weston,348,  18 to 64 years (%),lim_at_18_64,12.4,12.4
05,York South-Weston,York South--Weston,349,  65 years and over (%),lim_at_65_over,19.6,19.6
05,York South-Weston,York South--Weston,365,Total - Adjusted after-tax economic family income decile group for the population in private households - 100% data,income_decile_total,115540.0,100.0
05,York South-Weston,York South--Weston,366,  In bottom half of the distribution,income_decile_bottom_half,69250.0,59.9
05,York South-Weston,York South--Weston,367,    In bottom decile,income_decile_1,15295.0,13.2
05,York South-Weston,York South--Weston,368,    In second decile,income_decile_2,15460.0,13.4
05,York South-Weston,York South--Weston,369,    In third decile,income_decile_3,13710.0,11.9
05,York South-Weston,York South--Weston,370,    In fourth decile,income_decile_4,12475.0,10.8
05,York South-Weston,York South--Weston,371,    In fifth decile,income_decile_5,12310.0,10.7
05,York South-Weston,York South--Weston,372,  In top half of the distribution,income_decile_top_half,46290.0,40.1
05,York South-Weston,York South--Weston,373,    In sixth decile,income_decile_6,11040.0,9.6
05,York South-Weston,York South--Weston,374,    In seventh decile,income_decile_7,10710.0,9.3
05,York South-Weston,York South--Weston,375,    In eighth decile,income_decile_8,9735.0,8.4
05,York South-Weston,York South--Weston,376,    In ninth decile,income_decile_9,8760.0,7.6
05,York South-Weston,York South--Weston,377,    In top decile,income_decile_10,6040.0,5.2
05,York South-Weston,York South--Weston,378,Total - Inequality measures for the population in private households - 100% data,gini_measures,115540.0,115540.0
05,York South-Weston,York South--Weston,379,  Gini index on adjusted household total income,gini_total_income,0.312,0.312
05,York South-Weston,York South--Weston,380,  Gini index on adjusted household market income,gini_market_income,0.476,0.476
05,York South-Weston,York South--Weston,381,  Gini index on adjusted household after-tax income,gini_aftertax_income,0.277,0.277
05,York South-Weston,York South--Weston,382,  P90/P10 ratio on adjusted household after-tax income,gini_p90_p10,3.6,3.6
05,York South-Weston,York South--Weston,1414,Total - Private households by tenure - 25% sample data,housing_tenure_total,45050.0,100.0
05,York South-Weston,York South--Weston,1415,  Owner,housing_tenure_owner,21685.0,48.1
05,York South-Weston,York South--Weston,1416,  Renter,housing_tenure_renter,23370.0,51.9
05,York South-Weston,York South--Weston,1417,"  Dwelling provided by the local government, First Nation or Indian band",housing_tenure_provided,0.0,0.0
05,York South-Weston,York South--Weston,1418,Total - Occupied private dwellings by condominium status - 25% sample data,housing_condo_total,45050.0,100.0
05,York South-Weston,York South--Weston,1465,"Total - Owner and tenant households with household total income greater than zero, in non-farm, non-reserve private dwellings by shelter-cost-to-income ratio - 25% sample data",housing_shelter_total,44830.0,100.0
05,York South-Weston,York South--Weston,1466,  Spending less than 30% of income on shelter costs,housing_shelter_under30,31920.0,71.2
05,York South-Weston,York South--Weston,1467,  Spending 30% or more of income on shelter costs,housing_shelter_30plus,12915.0,28.8
05,York South-Weston,York South--Weston,1468,    30% to less than 100%,housing_shelter_30_100,11875.0,26.5
05,York South-Weston,York South--Weston,1479,"Total - Owner and tenant households with household total income greater than zero and shelter-cost-to-income ratio less than 100%, in non-farm, non-reserve private dwellings - 25% sample data",housing_core_need_total,43795.0,100.0
05,York South-Weston,York South--Weston,1480,  In core need,housing_core_need_yes,10785.0,24.6
05,York South-Weston,York South--Weston,1481,  Not in core need,housing_core_need_no,33010.0,75.4
05,York South-Weston,York South--Weston,1482,"Total - Owner households in non-farm, non-reserve private dwellings - 25% sample data",housing_owner_total,21680.0,
05,York South-Weston,York South--Weston,1483,  % of owner households with a mortgage,housing_owner_mortgage_pct,55.4,55.4
05,York South-Weston,York South--Weston,1484,  % of owner households spending 30% or more of its income on shelter costs,housing_owner_shelter_30plus_pct,22.3,22.3
05,York South-Weston,York South--Weston,1485,  % in core housing need,housing_owner_core_need_pct,11.5,11.5
05,York South-Weston,York South--Weston,1522,Total - Citizenship for the population in private households - 25% sample data,citizen_total,115675.0,100.0
05,York South-Weston,York South--Weston,1523,  Canadian citizens,citizen_canadian,95660.0,82.7
05,York South-Weston,York South--Weston,1524,    Canadian citizens aged under 18,citizen_canadian_under18,20140.0,17.4
05,York South-Weston,York South--Weston,1525,    Canadian citizens aged 18 and over,citizen_canadian_18over,75515.0,65.3
05,York South-Weston,York South--Weston,1526,  Not Canadian citizens,citizen_not_canadian,20015.0,17.3
05,York South-Weston,York South--Weston,1683,Total - Visible minority for the population in private households - 25% sample data,visible_minority_total,115675.0,100.0
05,York South-Weston,York South--Weston,1684,  Total visible minority population,visible_minority_yes,67115.0,58.0
05,York South-Weston,York South--Weston,1685,    South Asian,visible_minority_south_asian,6635.0,5.7
05,York South-Weston,York South--Weston,1686,    Chinese,visible_minority_chinese,2175.0,1.9
05,York South-Weston,York South--Weston,1687,    Black,visible_minority_black,27770.0,24.0
05,York South-Weston,York South--Weston,1688,    Filipino,visible_minority_filipino,7820.0,6.8
05,York South-Weston,York South--Weston,1689,    Arab,visible_minority_arab,825.0,0.7
05,York South-Weston,York South--Weston,1690,    Latin American,visible_minority_latin_american,10580.0,9.1
05,York South-Weston,York South--Weston,1691,    Southeast Asian,visible_minority_southeast_asian,5275.0,4.6
05,York South-Weston,York South--Weston,1692,    West Asian,visible_minority_west_asian,570.0,0.5
05,York South-Weston,York South--Weston,1693,    Korean,visible_minority_korean,345.0,0.3
05,York South-Weston,York South--Weston,1694,    Japanese,visible_minority_japanese,250.0,0.2
05,York South-Weston,York South--Weston,1695,"    Visible minority, n.i.e.",visible_minority_nie,1865.0,1.6
05,York South-Weston,York South--Weston,1696,    Multiple visible minorities,visible_minority_multiple,3010.0,2.6
05,York South-Weston,York South--Weston,1697,  Not a visible minority,visible_minority_no,48555.0,42.0
05,York South-Weston,York South--Weston,1983,Total - Mobility status 5 years ago - 25% sample data,mobility_total,109630.0,100.0
05,York South-Weston,York South--Weston,1984,  Non-movers,mobility_non_movers,79165.0,72.2
05,York South-Weston,York South--Weston,1985,  Movers,mobility_movers,30460.0,27.8
05,York South-Weston,York South--Weston,1986,    Non-migrants,mobility_non_migrants,19815.0,18.1
05,York South-Weston,York South--Weston,1987,    Migrants,mobility_migrants,10645.0,9.7
05,York South-Weston,York South--Weston,1988,      Internal migrants,mobility_internal_migrants,3880.0,3.5
05,York South-Weston,York South--Weston,1989,        Intraprovincial migrants,mobility_intraprovincial_migrants,3125.0,2.9
05,York South-Weston,York South--Weston,1990,        Interprovincial migrants,mobility_interprovincial_migrants,755.0,0.7
05,York South-Weston,York South--Weston,1991,      External migrants,mobility_external_migrants,6770.0,6.2
05,York South-Weston,York South--Weston,1998,"Total - Highest certificate, diploma or degree for the population aged 15 years and over in private households - 25% sample data",education_total,97205.0,100.0
05,York South-Weston,York South--Weston,1999,"  No certificate, diploma or degree",education_none,25155.0,25.9
05,York South-Weston,York South--Weston,2000,  High (secondary) school diploma or equivalency certificate,education_secondary,29000.0,29.8
05,York South-Weston,York South--Weston,2001,"  Postsecondary certificate, diploma or degree",education_postsec,43045.0,44.3
05,York South-Weston,York South--Weston,2002,    Postsecondary certificate or diploma below bachelor level,education_postsec_below_bachelor,25135.0,25.9
05,York South-Weston,York South--Weston,2003,      Apprenticeship or trades certificate or diploma,education_apprentice_trades,5855.0,6.0
05,York South-Weston,York South--Weston,2004,        Non-apprenticeship trades certificate or diploma,education_apprentice_non,3190.0,3.3
05,York South-Weston,York South--Weston,2005,        Apprenticeship certificate,education_apprentice_cert,2665.0,2.7
05,York South-Weston,York South--Weston,2006,"      College, CEGEP or other non-university certificate or diploma",education_college,16875.0,17.4
05,York South-Weston,York South--Weston,2007,      University certificate or diploma below bachelor level,education_university_below_bachelor,2410.0,2.5
05,York South-Weston,York South--Weston,2008,    Bachelor's degree or higher,education_bachelor_higher,17910.0,18.4
05,York South-Weston,York South--Weston,2009,      Bachelor's degree,education_bachelor,12865.0,13.2
05,York South-Weston,York South--Weston,2010,      University certificate or diploma above bachelor level,education_university_above_bachelor,1305.0,1.3
05,York South-Weston,York South--Weston,2011,"      Degree in medicine, dentistry, veterinary medicine or optometry",education_medical_dental_vet,210.0,0.2
05,York South-Weston,York South--Weston,2012,      Master's degree,education_masters,3160.0,3.3
05,York South-Weston,York South--Weston,2013,      Earned doctorate,education_doctorate,370.0,0.4
05,York South-Weston,York South--Weston,2014,"Total - Highest certificate, diploma or degree for the population aged 25 to 64 years in private households - 25% sample data",education_25_64_total,64930.0,100.0
05,York South-Weston,York South--Weston,2015,"  No certificate, diploma or degree",education_25_64_none,12225.0,18.8
05,York South-Weston,York South--Weston,2016,  High (secondary) school diploma or equivalency certificate,education_25_64_secondary,18480.0,28.5
05,York South-Weston,York South--Weston,2017,"  Postsecondary certificate, diploma or degree",education_25_64_postsec,34230.0,52.7
05,York South-Weston,York South--Weston,2018,    Postsecondary certificate or diploma below bachelor level,education_25_64_postsec_below_bachelor,19465.0,30.0
05,York South-Weston,York South--Weston,2019,      Apprenticeship or trades certificate or diploma,education_25_64_apprentice_trades,4090.0,6.3
05,York South-Weston,York South--Weston,2020,        Non-apprenticeship trades certificate or diploma,education_25_64_apprentice_non,2215.0,3.4
05,York South-Weston,York South--Weston,2021,        Apprenticeship certificate,education_25_64_apprentice_cert,1875.0,2.9
05,York South-Weston,York South--Weston,2022,"      College, CEGEP or other non-university certificate or diploma",education_25_64_college,13425.0,20.7
05,York South-Weston,York South--Weston,2023,      University certificate or diploma below bachelor level,education_25_64_university_below_bachelor,1950.0,3.0
05,York South-Weston,York South--Weston,2024,    Bachelor's degree or higher,education_25_64_bachelor_higher,14760.0,22.7
05,York South-Weston,York South--Weston,2025,      Bachelor's degree,education_25_64_bachelor,10485.0,16.1
05,York South-Weston,York South--Weston,2026,      University certificate or diploma above bachelor level,education_25_64_university_above_bachelor,1055.0,1.6
05,York South-Weston,York South--Weston,2027,"      Degree in medicine, dentistry, veterinary medicine or optometry",education_25_64_medical_dental_vet,160.0,0.2
05,York South-Weston,York South--Weston,2028,      Master's degree,education_25_64_masters,2745.0,4.2
05,York South-Weston,York South--Weston,2029,      Earned doctorate,education_25_64_doctorate,320.0,0.5
05,York South-Weston,York South--Weston,2246,Total - Labour force aged 15 years and over by occupation - Broad category - National Occupational Classification (NOC) 2021 - 25% sample data,labour_occupation_total,57390.0,100.0
05,York South-Weston,York South--Weston,2247,  Occupation - not applicable,labour_occupation_na,2160.0,3.8
05,York South-Weston,York South--Weston,2248,  All occupations,labour_occupation_all,55230.0,96.2
05,York South-Weston,York South--Weston,2249,    0 Legislative and senior management occupations,labour_occupation_0_management,315.0,0.5
05,York South-Weston,York South--Weston,2250,"    1 Business, finance and administration occupations",labour_occupation_1_business_finance,8680.0,15.1
05,York South-Weston,York South--Weston,2251,    2 Natural and applied sciences and related occupations,labour_occupation_2_science,3030.0,5.3
05,York South-Weston,York South--Weston,2252,    3 Health occupations,labour_occupation_3_health,3885.0,6.8
05,York South-Weston,York South--Weston,2253,"    4 Occupations in education, law and social, community and government services",labour_occupation_4_education_law_social,5220.0,9.1
05,York South-Weston,York South--Weston,2254,"    5 Occupations in art, culture, recreation and sport",labour_occupation_5_arts_culture,1670.0,2.9
05,York South-Weston,York South--Weston,2255,    6 Sales and service occupations,labour_occupation_6_sales_service,15095.0,26.3
05,York South-Weston,York South--Weston,2256,"    7 Trades, transport and equipment operators and related occupations",labour_occupation_7_trades_transport,12865.0,22.4
05,York South-Weston,York South--Weston,2257,"    8 Natural resources, agriculture and related production occupations",labour_occupation_8_natural_resources,540.0,0.9
05,York South-Weston,York South--Weston,2258,    9 Occupations in manufacturing and utilities,labour_occupation_9_manufacturing,3925.0,6.8
05,York South-Weston,York South--Weston,2259,Total - Labour force aged 15 years and over by industry - Sectors - North American Industry Classification System (NAICS) 2017 - 25% sample data,labour_industry_total,57390.0,100.0
05,York South-Weston,York South--Weston,2260,  Industry - not applicable,labour_industry_na,2160.0,3.8
05,York South-Weston,York South--Weston,2261,  All industries,labour_industry_all,55230.0,96.2
05,York South-Weston,York South--Weston,2262,"    11 Agriculture, forestry, fishing and hunting",labour_industry_11_agriculture,90.0,0.2
05,York South-Weston,York South--Weston,2263,"    21 Mining, quarrying, and oil and gas extraction",labour_industry_21_mining,40.0,0.1
05,York South-Weston,York South--Weston,2264,    22 Utilities,labour_industry_22_utilities,150.0,0.3
05,York South-Weston,York South--Weston,2265,    23 Construction,labour_industry_23_construction,7600.0,13.2
05,York South-Weston,York South--Weston,2266,    31-33 Manufacturing,labour_industry_31_33_manufacturing,5220.0,9.1
05,York South-Weston,York South--Weston,2267,    41 Wholesale trade,labour_industry_41_wholesale,1755.0,3.1
05,York South-Weston,York South--Weston,2268,    44-45 Retail trade,labour_industry_44_45_retail,5950.0,10.4
05,York South-Weston,York South--Weston,2269,    48-49 Transportation and warehousing,labour_industry_48_49_transportation,3810.0,6.6
05,York South-Weston,York South--Weston,2270,    51 Information and cultural industries,labour_industry_51_information,1290.0,2.2
05,York South-Weston,York South--Weston,2271,    52 Finance and insurance,labour_industry_52_finance,2435.0,4.2
05,York South-Weston,York South--Weston,2272,    53 Real estate and rental and leasing,labour_industry_53_real_estate,1085.0,1.9
05,York South-Weston,York South--Weston,2273,"    54 Professional, scientific and technical services",labour_industry_54_professional,3470.0,6.0
05,York South-Weston,York South--Weston,2274,    55 Management of companies and enterprises,labour_industry_55_management,155.0,0.3
05,York South-Weston,York South--Weston,2275,"    56 Administrative and support, waste management and remediation services",labour_industry_56_administrative,4340.0,7.6
05,York South-Weston,York South--Weston,2276,    61 Educational services,labour_industry_61_education,3175.0,5.5
05,York South-Weston,York South--Weston,2277,    62 Health care and social assistance,labour_industry_62_healthcare,6660.0,11.6
05,York South-Weston,York South--Weston,2278,"    71 Arts, entertainment and recreation",labour_industry_71_arts,800.0,1.4
05,York South-Weston,York South--Weston,2279,    72 Accommodation and food services,labour_industry_72_accommodation,3035.0,5.3
05,York South-Weston,York South--Weston,2280,    81 Other services (except public administration),labour_industry_81_other_services,2725.0,4.7
05,York South-Weston,York South--Weston,2281,    91 Public administration,labour_industry_91_public_admin,1445.0,2.5
05,York South-Weston,York South--Weston,2603,Total - Main mode of commuting for the employed labour force aged 15 years and over with a usual place of work or no fixed workplace address - 25% sample data,commute_mode_total,38330.0,100.0
05,York South-Weston,York South--Weston,2604,"  Car, truck or van",commute_mode_car_truck_van,25290.0,66.0
05,York South-Weston,York South--Weston,2605,"    Car, truck or van - as a driver",commute_mode_car_driver,21960.0,57.3
05,York South-Weston,York South--Weston,2606,"    Car, truck or van - as a passenger",commute_mode_car_passenger,3335.0,8.7
05,York South-Weston,York South--Weston,2607,  Public transit,commute_mode_transit,10790.0,28.2
05,York South-Weston,York South--Weston,2608,  Walked,commute_mode_walked,1210.0,3.2
05,York South-Weston,York South--Weston,2609,  Bicycle,commute_mode_bicycle,235.0,0.6
05,York South-Weston,York South--Weston,2610,  Other method,commute_mode_other,805.0,2.1
05,York South-Weston,York South--Weston,2611,Total - Commuting duration for the employed labour force aged 15 years and over with a usual place of work or no fixed workplace address - 25% sample data,commute_duration_total,38330.0,100.0
05,York South-Weston,York South--Weston,2612,  Less than 15 minutes,commute_duration_under15,5060.0,13.2
05,York South-Weston,York South--Weston,2613,  15 to 29 minutes,commute_duration_15_29,11270.0,29.4
05,York South-Weston,York South--Weston,2614,  30 to 44 minutes,commute_duration_30_44,11180.0,29.2
05,York South-Weston,York South--Weston,2615,  45 to 59 minutes,commute_duration_45_59,4475.0,11.7
05,York South-Weston,York South--Weston,2616,  60 minutes and over,commute_duration_60plus,6350.0,16.6
06,York Centre,York Centre,1,"Population, 2021",pop_2021,108307.0,
06,York Centre,York Centre,2,"Population, 2016",pop_2016,104319.0,
06,York Centre,York Centre,3,"Population percentage change, 2016 to 2021",pop_pct_change,3.8,3.8
06,York Centre,York Centre,6,Population density per square kilometre,pop_density,3084.0,3084.0
06,York Centre,York Centre,34,Total - Distribution (%) of the population by broad age groups - 100% data,age_total_dist,100.0,100.0
06,York Centre,York Centre,35,  0 to 14 years,age_0_14,14.5,14.5
06,York Centre,York Centre,36,  15 to 64 years,age_15_64,68.2,68.2
06,York Centre,York Centre,37,  65 years and over,age_65_over,17.3,17.3
06,York Centre,York Centre,38,    85 years and over,age_85_over,3.0,3.0
06,York Centre,York Centre,39,Average age of the population,age_mean,41.9,41.9
06,York Centre,York Centre,40,Median age of the population,age_median,41.6,41.6
06,York Centre,York Centre,50,Total - Private households by household size - 100% data,pvt_house_total,41200.0,100.0
06,York Centre,York Centre,51,  1 person,pvt_house_1,11010.0,26.7
06,York Centre,York Centre,52,  2 persons,pvt_house_2,12025.0,29.2
06,York Centre,York Centre,53,  3 persons,pvt_house_3,7395.0,17.9
06,York Centre,York Centre,54,  4 persons,pvt_house_4,6280.0,15.2
06,York Centre,York Centre,55,  5 or more persons,pvt_house_5plus,4485.0,10.9
06,York Centre,York Centre,56,Number of persons in private households,pvt_house_persons,107610.0,100.0
06,York Centre,York Centre,57,Average household size,pvt_house_avg_size,2.6,2.6
06,York Centre,York Centre,111,Total - Income statistics in 2020 for the population aged 15 years and over in private households - 100% data,income_total,91910.0,100.0
06,York Centre,York Centre,112,  Number of total income recipients aged 15 years and over in private households in 2020 - 100% data,income_total_recip,87785.0,95.5
06,York Centre,York Centre,113,    Median total income in 2020 among recipients ($),income_total_median,36400.0,36400.0
06,York Centre,York Centre,114,  Number of after-tax income recipients aged 15 years and over in private households in 2020 - 100% data,income_aftertax_recip,87835.0,95.6
06,York Centre,York Centre,115,    Median after-tax income in 2020 among recipients ($),income_aftertax_median,33600.0,33600.0
06,York Centre,York Centre,116,  Number of market income recipients aged 15 years and over in private households in 2020 - 100% data,income_market_recip,75730.0,82.4
06,York Centre,York Centre,117,    Median market income in 2020 among recipients ($),income_market_median,30600.0,30600.0
06,York Centre,York Centre,118,  Number of employment income recipients aged 15 years and over in private households in 2020 - 100% data,income_emp_recip,63280.0,68.8
06,York Centre,York Centre,119,    Median employment income in 2020 among recipients ($),income_emp_median,34000.0,34000.0
06,York Centre,York Centre,120,  Number of government transfers recipients aged 15 years and over in private households in 2020 - 100% data,income_govtrans_recip,81440.0,88.6
06,York Centre,York Centre,121,    Median government transfers in 2020 among recipients ($),income_govtrans_median,9700.0,9700.0
06,York Centre,York Centre,122,  Number of employment insurance benefits recipients aged 15 years and over in private households in 2020 - 100% data,income_ei_recip,9605.0,10.5
06,York Centre,York Centre,123,    Median employment insurance benefits in 2020 among recipients ($),income_ei_median,5520.0,5520.0
06,York Centre,York Centre,124,  Number of COVID-19 emergency and recovery benefits recipients aged 15 years and over in private households in 2020 - 100% data,income_covid_recip,33270.0,36.2
06,York Centre,York Centre,125,    Median COVID-19 emergency and recovery benefits in 2020 among recipients ($),income_covid_median,10000.0,10000.0
06,York Centre,York Centre,345,"Prevalence of low income based on the Low-income measure, after tax (LIM-AT) (%)",lim_at_prev,11.5,11.5
06,York Centre,York Centre,346,  0 to 17 years (%),lim_at_0_17,12.1,12.1
06,York Centre,York Centre,347,    0 to 5 years (%),lim_at_0_5,12.0,12.0
06,York Centre,York Centre,348,  18 to 64 years (%),lim_at_18_64,9.5,9.5
06,York Centre,York Centre,349,  65 years and over (%),lim_at_65_over,18.5,18.5
06,York Centre,York Centre,365,Total - Adjusted after-tax economic family income decile group for the population in private households - 100% data,income_decile_total,107610.0,100.0
06,York Centre,York Centre,366,  In bottom half of the distribution,income_decile_bottom_half,57170.0,53.1
06,York Centre,York Centre,367,    In bottom decile,income_decile_1,11795.0,11.0
06,York Centre,York Centre,368,    In second decile,income_decile_2,11945.0,11.1
06,York Centre,York Centre,369,    In third decile,income_decile_3,11640.0,10.8
06,York Centre,York Centre,370,    In fourth decile,income_decile_4,10785.0,10.0
06,York Centre,York Centre,371,    In fifth decile,income_decile_5,11010.0,10.2
06,York Centre,York Centre,372,  In top half of the distribution,income_decile_top_half,50445.0,46.9
06,York Centre,York Centre,373,    In sixth decile,income_decile_6,10305.0,9.6
06,York Centre,York Centre,374,    In seventh decile,income_decile_7,10125.0,9.4
06,York Centre,York Centre,375,    In eighth decile,income_decile_8,10190.0,9.5
06,York Centre,York Centre,376,    In ninth decile,income_decile_9,9575.0,8.9
06,York Centre,York Centre,377,    In top decile,income_decile_10,10250.0,9.5
06,York Centre,York Centre,378,Total - Inequality measures for the population in private households - 100% data,gini_measures,107610.0,107610.0
06,York Centre,York Centre,379,  Gini index on adjusted household total income,gini_total_income,0.365,0.365
06,York Centre,York Centre,380,  Gini index on adjusted household market income,gini_market_income,0.499,0.499
06,York Centre,York Centre,381,  Gini index on adjusted household after-tax income,gini_aftertax_income,0.317,0.317
06,York Centre,York Centre,382,  P90/P10 ratio on adjusted household after-tax income,gini_p90_p10,3.8,3.8
06,York Centre,York Centre,1414,Total - Private households by tenure - 25% sample data,housing_tenure_total,41270.0,100.0
06,York Centre,York Centre,1415,  Owner,housing_tenure_owner,20535.0,49.8
06,York Centre,York Centre,1416,  Renter,housing_tenure_renter,20735.0,50.2
06,York Centre,York Centre,1417,"  Dwelling provided by the local government, First Nation or Indian band",housing_tenure_provided,0.0,0.0
06,York Centre,York Centre,1418,Total - Occupied private dwellings by condominium status - 25% sample data,housing_condo_total,41270.0,100.0
06,York Centre,York Centre,1465,"Total - Owner and tenant households with household total income greater than zero, in non-farm, non-reserve private dwellings by shelter-cost-to-income ratio - 25% sample data",housing_shelter_total,41090.0,100.0
06,York Centre,York Centre,1466,  Spending less than 30% of income on shelter costs,housing_shelter_under30,28480.0,69.3
06,York Centre,York Centre,1467,  Spending 30% or more of income on shelter costs,housing_shelter_30plus,12610.0,30.7
06,York Centre,York Centre,1468,    30% to less than 100%,housing_shelter_30_100,11185.0,27.2
06,York Centre,York Centre,1479,"Total - Owner and tenant households with household total income greater than zero and shelter-cost-to-income ratio less than 100%, in non-farm, non-reserve private dwellings - 25% sample data",housing_core_need_total,39660.0,100.0
06,York Centre,York Centre,1480,  In core need,housing_core_need_yes,8360.0,21.1
06,York Centre,York Centre,1481,  Not in core need,housing_core_need_no,31295.0,78.9
06,York Centre,York Centre,1482,"Total - Owner households in non-farm, non-reserve private dwellings - 25% sample data",housing_owner_total,20535.0,
06,York Centre,York Centre,1483,  % of owner households with a mortgage,housing_owner_mortgage_pct,54.3,54.3
06,York Centre,York Centre,1484,  % of owner households spending 30% or more of its income on shelter costs,housing_owner_shelter_30plus_pct,25.3,25.3
06,York Centre,York Centre,1485,  % in core housing need,housing_owner_core_need_pct,11.6,11.6
06,York Centre,York Centre,1522,Total - Citizenship for the population in private households - 25% sample data,citizen_total,107360.0,100.0
06,York Centre,York Centre,1523,  Canadian citizens,citizen_canadian,85820.0,79.9
06,York Centre,York Centre,1524,    Canadian citizens aged under 18,citizen_canadian_under18,16530.0,15.4
06,York Centre,York Centre,1525,    Canadian citizens aged 18 and over,citizen_canadian_18over,69290.0,64.5
06,York Centre,York Centre,1526,  Not Canadian citizens,citizen_not_canadian,21540.0,20.1
06,York Centre,York Centre,1683,Total - Visible minority for the population in private households - 25% sample data,visible_minority_total,107355.0,100.0
06,York Centre,York Centre,1684,  Total visible minority population,visible_minority_yes,56405.0,52.5
06,York Centre,York Centre,1685,    South Asian,visible_minority_south_asian,4425.0,4.1
06,York Centre,York Centre,1686,    Chinese,visible_minority_chinese,3555.0,3.3
06,York Centre,York Centre,1687,    Black,visible_minority_black,8610.0,8.0
06,York Centre,York Centre,1688,    Filipino,visible_minority_filipino,20675.0,19.3
06,York Centre,York Centre,1689,    Arab,visible_minority_arab,935.0,0.9
06,York Centre,York Centre,1690,    Latin American,visible_minority_latin_american,5760.0,5.4
06,York Centre,York Centre,1691,    Southeast Asian,visible_minority_southeast_asian,4005.0,3.7
06,York Centre,York Centre,1692,    West Asian,visible_minority_west_asian,2725.0,2.5
06,York Centre,York Centre,1693,    Korean,visible_minority_korean,1710.0,1.6
06,York Centre,York Centre,1694,    Japanese,visible_minority_japanese,150.0,0.1
06,York Centre,York Centre,1695,"    Visible minority, n.i.e.",visible_minority_nie,1350.0,1.3
06,York Centre,York Centre,1696,    Multiple visible minorities,visible_minority_multiple,2510.0,2.3
06,York Centre,York Centre,1697,  Not a visible minority,visible_minority_no,50955.0,47.5
06,York Centre,York Centre,1983,Total - Mobility status 5 years ago - 25% sample data,mobility_total,102090.0,100.0
06,York Centre,York Centre,1984,  Non-movers,mobility_non_movers,68045.0,66.7
06,York Centre,York Centre,1985,  Movers,mobility_movers,34045.0,33.3
06,York Centre,York Centre,1986,    Non-migrants,mobility_non_migrants,19315.0,18.9
06,York Centre,York Centre,1987,    Migrants,mobility_migrants,14725.0,14.4
06,York Centre,York Centre,1988,      Internal migrants,mobility_internal_migrants,6215.0,6.1
06,York Centre,York Centre,1989,        Intraprovincial migrants,mobility_intraprovincial_migrants,5185.0,5.1
06,York Centre,York Centre,1990,        Interprovincial migrants,mobility_interprovincial_migrants,1030.0,1.0
06,York Centre,York Centre,1991,      External migrants,mobility_external_migrants,8510.0,8.3
06,York Centre,York Centre,1998,"Total - Highest certificate, diploma or degree for the population aged 15 years and over in private households - 25% sample data",education_total,91800.0,100.0
06,York Centre,York Centre,1999,"  No certificate, diploma or degree",education_none,14700.0,16.0
06,York Centre,York Centre,2000,  High (secondary) school diploma or equivalency certificate,education_secondary,23750.0,25.9
06,York Centre,York Centre,2001,"  Postsecondary certificate, diploma or degree",education_postsec,53345.0,58.1
06,York Centre,York Centre,2002,    Postsecondary certificate or diploma below bachelor level,education_postsec_below_bachelor,22695.0,24.7
06,York Centre,York Centre,2003,      Apprenticeship or trades certificate or diploma,education_apprentice_trades,4160.0,4.5
06,York Centre,York Centre,2004,        Non-apprenticeship trades certificate or diploma,education_apprentice_non,2455.0,2.7
06,York Centre,York Centre,2005,        Apprenticeship certificate,education_apprentice_cert,1705.0,1.9
06,York Centre,York Centre,2006,"      College, CEGEP or other non-university certificate or diploma",education_college,15105.0,16.5
06,York Centre,York Centre,2007,      University certificate or diploma below bachelor level,education_university_below_bachelor,3425.0,3.7
06,York Centre,York Centre,2008,    Bachelor's degree or higher,education_bachelor_higher,30650.0,33.4
06,York Centre,York Centre,2009,      Bachelor's degree,education_bachelor,20120.0,21.9
06,York Centre,York Centre,2010,      University certificate or diploma above bachelor level,education_university_above_bachelor,2670.0,2.9
06,York Centre,York Centre,2011,"      Degree in medicine, dentistry, veterinary medicine or optometry",education_medical_dental_vet,935.0,1.0
06,York Centre,York Centre,2012,      Master's degree,education_masters,6015.0,6.6
06,York Centre,York Centre,2013,      Earned doctorate,education_doctorate,905.0,1.0
06,York Centre,York Centre,2014,"Total - Highest certificate, diploma or degree for the population aged 25 to 64 years in private households - 25% sample data",education_25_64_total,60455.0,100.0
06,York Centre,York Centre,2015,"  No certificate, diploma or degree",education_25_64_none,5270.0,8.7
06,York Centre,York Centre,2016,  High (secondary) school diploma or equivalency certificate,education_25_64_secondary,13690.0,22.6
06,York Centre,York Centre,2017,"  Postsecondary certificate, diploma or degree",education_25_64_postsec,41485.0,68.6
06,York Centre,York Centre,2018,    Postsecondary certificate or diploma below bachelor level,education_25_64_postsec_below_bachelor,16990.0,28.1
06,York Centre,York Centre,2019,      Apprenticeship or trades certificate or diploma,education_25_64_apprentice_trades,2845.0,4.7
06,York Centre,York Centre,2020,        Non-apprenticeship trades certificate or diploma,education_25_64_apprentice_non,1670.0,2.8
06,York Centre,York Centre,2021,        Apprenticeship certificate,education_25_64_apprentice_cert,1170.0,1.9
06,York Centre,York Centre,2022,"      College, CEGEP or other non-university certificate or diploma",education_25_64_college,11530.0,19.1
06,York Centre,York Centre,2023,      University certificate or diploma below bachelor level,education_25_64_university_below_bachelor,2620.0,4.3
06,York Centre,York Centre,2024,    Bachelor's degree or higher,education_25_64_bachelor_higher,24500.0,40.5
06,York Centre,York Centre,2025,      Bachelor's degree,education_25_64_bachelor,16230.0,26.8
06,York Centre,York Centre,2026,      University certificate or diploma above bachelor level,education_25_64_university_above_bachelor,2010.0,3.3
06,York Centre,York Centre,2027,"      Degree in medicine, dentistry, veterinary medicine or optometry",education_25_64_medical_dental_vet,675.0,1.1
06,York Centre,York Centre,2028,      Master's degree,education_25_64_masters,4930.0,8.2
06,York Centre,York Centre,2029,      Earned doctorate,education_25_64_doctorate,645.0,1.1
06,York Centre,York Centre,2246,Total - Labour force aged 15 years and over by occupation - Broad category - National Occupational Classification (NOC) 2021 - 25% sample data,labour_occupation_total,58030.0,100.0
06,York Centre,York Centre,2247,  Occupation - not applicable,labour_occupation_na,2160.0,3.7
06,York Centre,York Centre,2248,  All occupations,labour_occupation_all,55875.0,96.3
06,York Centre,York Centre,2249,    0 Legislative and senior management occupations,labour_occupation_0_management,585.0,1.0
06,York Centre,York Centre,2250,"    1 Business, finance and administration occupations",labour_occupation_1_business_finance,9810.0,16.9
06,York Centre,York Centre,2251,    2 Natural and applied sciences and related occupations,labour_occupation_2_science,4440.0,7.7
06,York Centre,York Centre,2252,    3 Health occupations,labour_occupation_3_health,5430.0,9.4
06,York Centre,York Centre,2253,"    4 Occupations in education, law and social, community and government services",labour_occupation_4_education_law_social,6290.0,10.8
06,York Centre,York Centre,2254,"    5 Occupations in art, culture, recreation and sport",labour_occupation_5_arts_culture,1715.0,3.0
06,York Centre,York Centre,2255,    6 Sales and service occupations,labour_occupation_6_sales_service,14165.0,24.4
06,York Centre,York Centre,2256,"    7 Trades, transport and equipment operators and related occupations",labour_occupation_7_trades_transport,9050.0,15.6
06,York Centre,York Centre,2257,"    8 Natural resources, agriculture and related production occupations",labour_occupation_8_natural_resources,425.0,0.7
06,York Centre,York Centre,2258,    9 Occupations in manufacturing and utilities,labour_occupation_9_manufacturing,3970.0,6.8
06,York Centre,York Centre,2259,Total - Labour force aged 15 years and over by industry - Sectors - North American Industry Classification System (NAICS) 2017 - 25% sample data,labour_industry_total,58030.0,100.0
06,York Centre,York Centre,2260,  Industry - not applicable,labour_industry_na,2160.0,3.7
06,York Centre,York Centre,2261,  All industries,labour_industry_all,55875.0,96.3
06,York Centre,York Centre,2262,"    11 Agriculture, forestry, fishing and hunting",labour_industry_11_agriculture,90.0,0.2
06,York Centre,York Centre,2263,"    21 Mining, quarrying, and oil and gas extraction",labour_industry_21_mining,45.0,0.1
06,York Centre,York Centre,2264,    22 Utilities,labour_industry_22_utilities,145.0,0.2
06,York Centre,York Centre,2265,    23 Construction,labour_industry_23_construction,4775.0,8.2
06,York Centre,York Centre,2266,    31-33 Manufacturing,labour_industry_31_33_manufacturing,5810.0,10.0
06,York Centre,York Centre,2267,    41 Wholesale trade,labour_industry_41_wholesale,2070.0,3.6
06,York Centre,York Centre,2268,    44-45 Retail trade,labour_industry_44_45_retail,5745.0,9.9
06,York Centre,York Centre,2269,    48-49 Transportation and warehousing,labour_industry_48_49_transportation,2725.0,4.7
06,York Centre,York Centre,2270,    51 Information and cultural industries,labour_industry_51_information,1110.0,1.9
06,York Centre,York Centre,2271,    52 Finance and insurance,labour_industry_52_finance,3185.0,5.5
06,York Centre,York Centre,2272,    53 Real estate and rental and leasing,labour_industry_53_real_estate,1550.0,2.7
06,York Centre,York Centre,2273,"    54 Professional, scientific and technical services",labour_industry_54_professional,5145.0,8.9
06,York Centre,York Centre,2274,    55 Management of companies and enterprises,labour_industry_55_management,235.0,0.4
06,York Centre,York Centre,2275,"    56 Administrative and support, waste management and remediation services",labour_industry_56_administrative,3230.0,5.6
06,York Centre,York Centre,2276,    61 Educational services,labour_industry_61_education,3650.0,6.3
06,York Centre,York Centre,2277,    62 Health care and social assistance,labour_industry_62_healthcare,7440.0,12.8
06,York Centre,York Centre,2278,"    71 Arts, entertainment and recreation",labour_industry_71_arts,860.0,1.5
06,York Centre,York Centre,2279,    72 Accommodation and food services,labour_industry_72_accommodation,3105.0,5.4
06,York Centre,York Centre,2280,    81 Other services (except public administration),labour_industry_81_other_services,3265.0,5.6
06,York Centre,York Centre,2281,    91 Public administration,labour_industry_91_public_admin,1705.0,2.9
06,York Centre,York Centre,2603,Total - Main mode of commuting for the employed labour force aged 15 years and over with a usual place of work or no fixed workplace address - 25% sample data,commute_mode_total,37065.0,100.0
06,York Centre,York Centre,2604,"  Car, truck or van",commute_mode_car_truck_van,23550.0,63.5
06,York Centre,York Centre,2605,"    Car, truck or van - as a driver",commute_mode_car_driver,20635.0,55.7
06,York Centre,York Centre,2606,"    Car, truck or van - as a passenger",commute_mode_car_passenger,2910.0,7.9
06,York Centre,York Centre,2607,  Public transit,commute_mode_transit,11115.0,30.0
06,York Centre,York Centre,2608,  Walked,commute_mode_walked,1165.0,3.1
06,York Centre,York Centre,2609,  Bicycle,commute_mode_bicycle,185.0,0.5
06,York Centre,York Centre,2610,  Other method,commute_mode_other,1040.0,2.8
06,York Centre,York Centre,2611,Total - Commuting duration for the employed labour force aged 15 years and over with a usual place of work or no fixed workplace address - 25% sample data,commute_duration_total,37065.0,100.0
06,York Centre,York Centre,2612,  Less than 15 minutes,commute_duration_under15,5400.0,14.6
06,York Centre,York Centre,2613,  15 to 29 minutes,commute_duration_15_29,11470.0,30.9
06,York Centre,York Centre,2614,  30 to 44 minutes,commute_duration_30_44,10425.0,28.1
06,York Centre,York Centre,2615,  45 to 59 minutes,commute_duration_45_59,4620.0,12.5
06,York Centre,York Centre,2616,  60 minutes and over,commute_duration_60plus,5150.0,13.9
07,Humber River-Black Creek,Humber River--Black Creek,1,"Population, 2021",pop_2021,111593.0,
07,Humber River-Black Creek,Humber River--Black Creek,2,"Population, 2016",pop_2016,108037.0,
07,Humber River-Black Creek,Humber River--Black Creek,3,"Population percentage change, 2016 to 2021",pop_pct_change,3.3,3.3
07,Humber River-Black Creek,Humber River--Black Creek,6,Population density per square kilometre,pop_density,3645.5,3645.5
07,Humber River-Black Creek,Humber River--Black Creek,34,Total - Distribution (%) of the population by broad age groups - 100% data,age_total_dist,100.0,100.0
07,Humber River-Black Creek,Humber River--Black Creek,35,  0 to 14 years,age_0_14,16.8,16.8
07,Humber River-Black Creek,Humber River--Black Creek,36,  15 to 64 years,age_15_64,68.1,68.1
07,Humber River-Black Creek,Humber River--Black Creek,37,  65 years and over,age_65_over,15.1,15.1
07,Humber River-Black Creek,Humber River--Black Creek,38,    85 years and over,age_85_over,2.3,2.3
07,Humber River-Black Creek,Humber River--Black Creek,39,Average age of the population,age_mean,39.4,39.4
07,Humber River-Black Creek,Humber River--Black Creek,40,Median age of the population,age_median,38.0,38.0
07,Humber River-Black Creek,Humber River--Black Creek,50,Total - Private households by household size - 100% data,pvt_house_total,37735.0,100.0
07,Humber River-Black Creek,Humber River--Black Creek,51,  1 person,pvt_house_1,8330.0,22.1
07,Humber River-Black Creek,Humber River--Black Creek,52,  2 persons,pvt_house_2,9555.0,25.3
07,Humber River-Black Creek,Humber River--Black Creek,53,  3 persons,pvt_house_3,7165.0,19.0
07,Humber River-Black Creek,Humber River--Black Creek,54,  4 persons,pvt_house_4,6385.0,16.9
07,Humber River-Black Creek,Humber River--Black Creek,55,  5 or more persons,pvt_house_5plus,6290.0,16.7
07,Humber River-Black Creek,Humber River--Black Creek,56,Number of persons in private households,pvt_house_persons,111130.0,100.0
07,Humber River-Black Creek,Humber River--Black Creek,57,Average household size,pvt_house_avg_size,3.0,3.0
07,Humber River-Black Creek,Humber River--Black Creek,111,Total - Income statistics in 2020 for the population aged 15 years and over in private households - 100% data,income_total,92390.0,100.0
07,Humber River-Black Creek,Humber River--Black Creek,112,  Number of total income recipients aged 15 years and over in private households in 2020 - 100% data,income_total_recip,86750.0,93.9
07,Humber River-Black Creek,Humber River--Black Creek,113,    Median total income in 2020 among recipients ($),income_total_median,31400.0,31400.0
07,Humber River-Black Creek,Humber River--Black Creek,114,  Number of after-tax income recipients aged 15 years and over in private households in 2020 - 100% data,income_aftertax_recip,86795.0,93.9
07,Humber River-Black Creek,Humber River--Black Creek,115,    Median after-tax income in 2020 among recipients ($),income_aftertax_median,29800.0,29800.0
07,Humber River-Black Creek,Humber River--Black Creek,116,  Number of market income recipients aged 15 years and over in private households in 2020 - 100% data,income_market_recip,69105.0,74.8
07,Humber River-Black Creek,Humber River--Black Creek,117,    Median market income in 2020 among recipients ($),income_market_median,23200.0,23200.0
07,Humber River-Black Creek,Humber River--Black Creek,118,  Number of employment income recipients aged 15 years and over in private households in 2020 - 100% data,income_emp_recip,58195.0,63.0
07,Humber River-Black Creek,Humber River--Black Creek,119,    Median employment income in 2020 among recipients ($),income_emp_median,27600.0,27600.0
07,Humber River-Black Creek,Humber River--Black Creek,120,  Number of government transfers recipients aged 15 years and over in private households in 2020 - 100% data,income_govtrans_recip,82420.0,89.2
07,Humber River-Black Creek,Humber River--Black Creek,121,    Median government transfers in 2020 among recipients ($),income_govtrans_median,11900.0,11900.0
07,Humber River-Black Creek,Humber River--Black Creek,122,  Number of employment insurance benefits recipients aged 15 years and over in private households in 2020 - 100% data,income_ei_recip,11125.0,12.0
07,Humber River-Black Creek,Humber River--Black Creek,123,    Median employment insurance benefits in 2020 among recipients ($),income_ei_median,5480.0,5480.0
07,Humber River-Black Creek,Humber River--Black Creek,124,  Number of COVID-19 emergency and recovery benefits recipients aged 15 years and over in private households in 2020 - 100% data,income_covid_recip,37370.0,40.4
07,Humber River-Black Creek,Humber River--Black Creek,125,    Median COVID-19 emergency and recovery benefits in 2020 among recipients ($),income_covid_median,10000.0,10000.0
07,Humber River-Black Creek,Humber River--Black Creek,345,"Prevalence of low income based on the Low-income measure, after tax (LIM-AT) (%)",lim_at_prev,15.2,15.2
07,Humber River-Black Creek,Humber River--Black Creek,346,  0 to 17 years (%),lim_at_0_17,20.7,20.7
07,Humber River-Black Creek,Humber River--Black Creek,347,    0 to 5 years (%),lim_at_0_5,22.5,22.5
07,Humber River-Black Creek,Humber River--Black Creek,348,  18 to 64 years (%),lim_at_18_64,12.6,12.6
07,Humber River-Black Creek,Humber River--Black Creek,349,  65 years and over (%),lim_at_65_over,18.8,18.8
07,Humber River-Black Creek,Humber River--Black Creek,365,Total - Adjusted after-tax economic family income decile group for the population in private households - 100% data,income_decile_total,111130.0,100.0
07,Humber River-Black Creek,Humber River--Black Creek,366,  In bottom half of the distribution,income_decile_bottom_half,72790.0,65.5
07,Humber River-Black Creek,Humber River--Black Creek,367,    In bottom decile,income_decile_1,16395.0,14.8
07,Humber River-Black Creek,Humber River--Black Creek,368,    In second decile,income_decile_2,16505.0,14.9
07,Humber River-Black Creek,Humber River--Black Creek,369,    In third decile,income_decile_3,14770.0,13.3
07,Humber River-Black Creek,Humber River--Black Creek,370,    In fourth decile,income_decile_4,13270.0,11.9
07,Humber River-Black Creek,Humber River--Black Creek,371,    In fifth decile,income_decile_5,11850.0,10.7
07,Humber River-Black Creek,Humber River--Black Creek,372,  In top half of the distribution,income_decile_top_half,38340.0,34.5
07,Humber River-Black Creek,Humber River--Black Creek,373,    In sixth decile,income_decile_6,10745.0,9.7
07,Humber River-Black Creek,Humber River--Black Creek,374,    In seventh decile,income_decile_7,9690.0,8.7
07,Humber River-Black Creek,Humber River--Black Creek,375,    In eighth decile,income_decile_8,8170.0,7.4
07,Humber River-Black Creek,Humber River--Black Creek,376,    In ninth decile,income_decile_9,6695.0,6.0
07,Humber River-Black Creek,Humber River--Black Creek,377,    In top decile,income_decile_10,3040.0,2.7
07,Humber River-Black Creek,Humber River--Black Creek,378,Total - Inequality measures for the population in private households - 100% data,gini_measures,111130.0,111130.0
07,Humber River-Black Creek,Humber River--Black Creek,379,  Gini index on adjusted household total income,gini_total_income,0.285,0.285
07,Humber River-Black Creek,Humber River--Black Creek,380,  Gini index on adjusted household market income,gini_market_income,0.466,0.466
07,Humber River-Black Creek,Humber River--Black Creek,381,  Gini index on adjusted household after-tax income,gini_aftertax_income,0.258,0.258
07,Humber River-Black Creek,Humber River--Black Creek,382,  P90/P10 ratio on adjusted household after-tax income,gini_p90_p10,3.4,3.4
07,Humber River-Black Creek,Humber River--Black Creek,1414,Total - Private households by tenure - 25% sample data,housing_tenure_total,37675.0,100.0
07,Humber River-Black Creek,Humber River--Black Creek,1415,  Owner,housing_tenure_owner,18070.0,48.0
07,Humber River-Black Creek,Humber River--Black Creek,1416,  Renter,housing_tenure_renter,19605.0,52.0
07,Humber River-Black Creek,Humber River--Black Creek,1417,"  Dwelling provided by the local government, First Nation or Indian band",housing_tenure_provided,0.0,0.0
07,Humber River-Black Creek,Humber River--Black Creek,1418,Total - Occupied private dwellings by condominium status - 25% sample data,housing_condo_total,37675.0,100.0
07,Humber River-Black Creek,Humber River--Black Creek,1465,"Total - Owner and tenant households with household total income greater than zero, in non-farm, non-reserve private dwellings by shelter-cost-to-income ratio - 25% sample data",housing_shelter_total,37420.0,100.0
07,Humber River-Black Creek,Humber River--Black Creek,1466,  Spending less than 30% of income on shelter costs,housing_shelter_under30,26650.0,71.2
07,Humber River-Black Creek,Humber River--Black Creek,1467,  Spending 30% or more of income on shelter costs,housing_shelter_30plus,10775.0,28.8
07,Humber River-Black Creek,Humber River--Black Creek,1468,    30% to less than 100%,housing_shelter_30_100,9690.0,25.9
07,Humber River-Black Creek,Humber River--Black Creek,1479,"Total - Owner and tenant households with household total income greater than zero and shelter-cost-to-income ratio less than 100%, in non-farm, non-reserve private dwellings - 25% sample data",housing_core_need_total,36340.0,100.0
07,Humber River-Black Creek,Humber River--Black Creek,1480,  In core need,housing_core_need_yes,8860.0,24.4
07,Humber River-Black Creek,Humber River--Black Creek,1481,  Not in core need,housing_core_need_no,27475.0,75.6
07,Humber River-Black Creek,Humber River--Black Creek,1482,"Total - Owner households in non-farm, non-reserve private dwellings - 25% sample data",housing_owner_total,18070.0,
07,Humber River-Black Creek,Humber River--Black Creek,1483,  % of owner households with a mortgage,housing_owner_mortgage_pct,56.3,56.3
07,Humber River-Black Creek,Humber River--Black Creek,1484,  % of owner households spending 30% or more of its income on shelter costs,housing_owner_shelter_30plus_pct,24.0,24.0
07,Humber River-Black Creek,Humber River--Black Creek,1485,  % in core housing need,housing_owner_core_need_pct,13.3,13.3
07,Humber River-Black Creek,Humber River--Black Creek,1522,Total - Citizenship for the population in private households - 25% sample data,citizen_total,111200.0,100.0
07,Humber River-Black Creek,Humber River--Black Creek,1523,  Canadian citizens,citizen_canadian,86755.0,78.0
07,Humber River-Black Creek,Humber River--Black Creek,1524,    Canadian citizens aged under 18,citizen_canadian_under18,19990.0,18.0
07,Humber River-Black Creek,Humber River--Black Creek,1525,    Canadian citizens aged 18 and over,citizen_canadian_18over,66765.0,60.0
07,Humber River-Black Creek,Humber River--Black Creek,1526,  Not Canadian citizens,citizen_not_canadian,24450.0,22.0
07,Humber River-Black Creek,Humber River--Black Creek,1683,Total - Visible minority for the population in private households - 25% sample data,visible_minority_total,111200.0,100.0
07,Humber River-Black Creek,Humber River--Black Creek,1684,  Total visible minority population,visible_minority_yes,86970.0,78.2
07,Humber River-Black Creek,Humber River--Black Creek,1685,    South Asian,visible_minority_south_asian,15295.0,13.8
07,Humber River-Black Creek,Humber River--Black Creek,1686,    Chinese,visible_minority_chinese,2710.0,2.4
07,Humber River-Black Creek,Humber River--Black Creek,1687,    Black,visible_minority_black,27375.0,24.6
07,Humber River-Black Creek,Humber River--Black Creek,1688,    Filipino,visible_minority_filipino,8900.0,8.0
07,Humber River-Black Creek,Humber River--Black Creek,1689,    Arab,visible_minority_arab,1840.0,1.7
07,Humber River-Black Creek,Humber River--Black Creek,1690,    Latin American,visible_minority_latin_american,9975.0,9.0
07,Humber River-Black Creek,Humber River--Black Creek,1691,    Southeast Asian,visible_minority_southeast_asian,11295.0,10.2
07,Humber River-Black Creek,Humber River--Black Creek,1692,    West Asian,visible_minority_west_asian,1870.0,1.7
07,Humber River-Black Creek,Humber River--Black Creek,1693,    Korean,visible_minority_korean,530.0,0.5
07,Humber River-Black Creek,Humber River--Black Creek,1694,    Japanese,visible_minority_japanese,80.0,0.1
07,Humber River-Black Creek,Humber River--Black Creek,1695,"    Visible minority, n.i.e.",visible_minority_nie,3575.0,3.2
07,Humber River-Black Creek,Humber River--Black Creek,1696,    Multiple visible minorities,visible_minority_multiple,3525.0,3.2
07,Humber River-Black Creek,Humber River--Black Creek,1697,  Not a visible minority,visible_minority_no,24235.0,21.8
07,Humber River-Black Creek,Humber River--Black Creek,1983,Total - Mobility status 5 years ago - 25% sample data,mobility_total,105420.0,100.0
07,Humber River-Black Creek,Humber River--Black Creek,1984,  Non-movers,mobility_non_movers,72590.0,68.9
07,Humber River-Black Creek,Humber River--Black Creek,1985,  Movers,mobility_movers,32830.0,31.1
07,Humber River-Black Creek,Humber River--Black Creek,1986,    Non-migrants,mobility_non_migrants,18120.0,17.2
07,Humber River-Black Creek,Humber River--Black Creek,1987,    Migrants,mobility_migrants,14700.0,13.9
07,Humber River-Black Creek,Humber River--Black Creek,1988,      Internal migrants,mobility_internal_migrants,4280.0,4.1
07,Humber River-Black Creek,Humber River--Black Creek,1989,        Intraprovincial migrants,mobility_intraprovincial_migrants,3565.0,3.4
07,Humber River-Black Creek,Humber River--Black Creek,1990,        Interprovincial migrants,mobility_interprovincial_migrants,710.0,0.7
07,Humber River-Black Creek,Humber River--Black Creek,1991,      External migrants,mobility_external_migrants,10425.0,9.9
07,Humber River-Black Creek,Humber River--Black Creek,1998,"Total - Highest certificate, diploma or degree for the population aged 15 years and over in private households - 25% sample data",education_total,92430.0,100.0
07,Humber River-Black Creek,Humber River--Black Creek,1999,"  No certificate, diploma or degree",education_none,25665.0,27.8
07,Humber River-Black Creek,Humber River--Black Creek,2000,  High (secondary) school diploma or equivalency certificate,education_secondary,28780.0,31.1
07,Humber River-Black Creek,Humber River--Black Creek,2001,"  Postsecondary certificate, diploma or degree",education_postsec,37990.0,41.1
07,Humber River-Black Creek,Humber River--Black Creek,2002,    Postsecondary certificate or diploma below bachelor level,education_postsec_below_bachelor,21680.0,23.5
07,Humber River-Black Creek,Humber River--Black Creek,2003,      Apprenticeship or trades certificate or diploma,education_apprentice_trades,4435.0,4.8
07,Humber River-Black Creek,Humber River--Black Creek,2004,        Non-apprenticeship trades certificate or diploma,education_apprentice_non,2640.0,2.9
07,Humber River-Black Creek,Humber River--Black Creek,2005,        Apprenticeship certificate,education_apprentice_cert,1800.0,1.9
07,Humber River-Black Creek,Humber River--Black Creek,2006,"      College, CEGEP or other non-university certificate or diploma",education_college,14605.0,15.8
07,Humber River-Black Creek,Humber River--Black Creek,2007,      University certificate or diploma below bachelor level,education_university_below_bachelor,2630.0,2.8
07,Humber River-Black Creek,Humber River--Black Creek,2008,    Bachelor's degree or higher,education_bachelor_higher,16310.0,17.6
07,Humber River-Black Creek,Humber River--Black Creek,2009,      Bachelor's degree,education_bachelor,11755.0,12.7
07,Humber River-Black Creek,Humber River--Black Creek,2010,      University certificate or diploma above bachelor level,education_university_above_bachelor,1325.0,1.4
07,Humber River-Black Creek,Humber River--Black Creek,2011,"      Degree in medicine, dentistry, veterinary medicine or optometry",education_medical_dental_vet,260.0,0.3
07,Humber River-Black Creek,Humber River--Black Creek,2012,      Master's degree,education_masters,2715.0,2.9
07,Humber River-Black Creek,Humber River--Black Creek,2013,      Earned doctorate,education_doctorate,250.0,0.3
07,Humber River-Black Creek,Humber River--Black Creek,2014,"Total - Highest certificate, diploma or degree for the population aged 25 to 64 years in private households - 25% sample data",education_25_64_total,59385.0,100.0
07,Humber River-Black Creek,Humber River--Black Creek,2015,"  No certificate, diploma or degree",education_25_64_none,12350.0,20.8
07,Humber River-Black Creek,Humber River--Black Creek,2016,  High (secondary) school diploma or equivalency certificate,education_25_64_secondary,17185.0,28.9
07,Humber River-Black Creek,Humber River--Black Creek,2017,"  Postsecondary certificate, diploma or degree",education_25_64_postsec,29845.0,50.3
07,Humber River-Black Creek,Humber River--Black Creek,2018,    Postsecondary certificate or diploma below bachelor level,education_25_64_postsec_below_bachelor,16535.0,27.8
07,Humber River-Black Creek,Humber River--Black Creek,2019,      Apprenticeship or trades certificate or diploma,education_25_64_apprentice_trades,3090.0,5.2
07,Humber River-Black Creek,Humber River--Black Creek,2020,        Non-apprenticeship trades certificate or diploma,education_25_64_apprentice_non,1820.0,3.1
07,Humber River-Black Creek,Humber River--Black Creek,2021,        Apprenticeship certificate,education_25_64_apprentice_cert,1265.0,2.1
07,Humber River-Black Creek,Humber River--Black Creek,2022,"      College, CEGEP or other non-university certificate or diploma",education_25_64_college,11445.0,19.3
07,Humber River-Black Creek,Humber River--Black Creek,2023,      University certificate or diploma below bachelor level,education_25_64_university_below_bachelor,2000.0,3.4
07,Humber River-Black Creek,Humber River--Black Creek,2024,    Bachelor's degree or higher,education_25_64_bachelor_higher,13310.0,22.4
07,Humber River-Black Creek,Humber River--Black Creek,2025,      Bachelor's degree,education_25_64_bachelor,9475.0,16.0
07,Humber River-Black Creek,Humber River--Black Creek,2026,      University certificate or diploma above bachelor level,education_25_64_university_above_bachelor,1075.0,1.8
07,Humber River-Black Creek,Humber River--Black Creek,2027,"      Degree in medicine, dentistry, veterinary medicine or optometry",education_25_64_medical_dental_vet,220.0,0.4
07,Humber River-Black Creek,Humber River--Black Creek,2028,      Master's degree,education_25_64_masters,2345.0,3.9
07,Humber River-Black Creek,Humber River--Black Creek,2029,      Earned doctorate,education_25_64_doctorate,200.0,0.3
07,Humber River-Black Creek,Humber River--Black Creek,2246,Total - Labour force aged 15 years and over by occupation - Broad category - National Occupational Classification (NOC) 2021 - 25% sample data,labour_occupation_total,53120.0,100.0
07,Humber River-Black Creek,Humber River--Black Creek,2247,  Occupation - not applicable,labour_occupation_na,2505.0,4.7
07,Humber River-Black Creek,Humber River--Black Creek,2248,  All occupations,labour_occupation_all,50615.0,95.3
07,Humber River-Black Creek,Humber River--Black Creek,2249,    0 Legislative and senior management occupations,labour_occupation_0_management,145.0,0.3
07,Humber River-Black Creek,Humber River--Black Creek,2250,"    1 Business, finance and administration occupations",labour_occupation_1_business_finance,7175.0,13.5
07,Humber River-Black Creek,Humber River--Black Creek,2251,    2 Natural and applied sciences and related occupations,labour_occupation_2_science,2520.0,4.7
07,Humber River-Black Creek,Humber River--Black Creek,2252,    3 Health occupations,labour_occupation_3_health,4095.0,7.7
07,Humber River-Black Creek,Humber River--Black Creek,2253,"    4 Occupations in education, law and social, community and government services",labour_occupation_4_education_law_social,4000.0,7.5
07,Humber River-Black Creek,Humber River--Black Creek,2254,"    5 Occupations in art, culture, recreation and sport",labour_occupation_5_arts_culture,895.0,1.7
07,Humber River-Black Creek,Humber River--Black Creek,2255,    6 Sales and service occupations,labour_occupation_6_sales_service,14215.0,26.8
07,Humber River-Black Creek,Humber River--Black Creek,2256,"    7 Trades, transport and equipment operators and related occupations",labour_occupation_7_trades_transport,10640.0,20.0
07,Humber River-Black Creek,Humber River--Black Creek,2257,"    8 Natural resources, agriculture and related production occupations",labour_occupation_8_natural_resources,390.0,0.7
07,Humber River-Black Creek,Humber River--Black Creek,2258,    9 Occupations in manufacturing and utilities,labour_occupation_9_manufacturing,6540.0,12.3
07,Humber River-Black Creek,Humber River--Black Creek,2259,Total - Labour force aged 15 years and over by industry - Sectors - North American Industry Classification System (NAICS) 2017 - 25% sample data,labour_industry_total,53120.0,100.0
07,Humber River-Black Creek,Humber River--Black Creek,2260,  Industry - not applicable,labour_industry_na,2505.0,4.7
07,Humber River-Black Creek,Humber River--Black Creek,2261,  All industries,labour_industry_all,50615.0,95.3
07,Humber River-Black Creek,Humber River--Black Creek,2262,"    11 Agriculture, forestry, fishing and hunting",labour_industry_11_agriculture,140.0,0.3
07,Humber River-Black Creek,Humber River--Black Creek,2263,"    21 Mining, quarrying, and oil and gas extraction",labour_industry_21_mining,35.0,0.1
07,Humber River-Black Creek,Humber River--Black Creek,2264,    22 Utilities,labour_industry_22_utilities,80.0,0.2
07,Humber River-Black Creek,Humber River--Black Creek,2265,    23 Construction,labour_industry_23_construction,4895.0,9.2
07,Humber River-Black Creek,Humber River--Black Creek,2266,    31-33 Manufacturing,labour_industry_31_33_manufacturing,8185.0,15.4
07,Humber River-Black Creek,Humber River--Black Creek,2267,    41 Wholesale trade,labour_industry_41_wholesale,1740.0,3.3
07,Humber River-Black Creek,Humber River--Black Creek,2268,    44-45 Retail trade,labour_industry_44_45_retail,5945.0,11.2
07,Humber River-Black Creek,Humber River--Black Creek,2269,    48-49 Transportation and warehousing,labour_industry_48_49_transportation,3875.0,7.3
07,Humber River-Black Creek,Humber River--Black Creek,2270,    51 Information and cultural industries,labour_industry_51_information,705.0,1.3
07,Humber River-Black Creek,Humber River--Black Creek,2271,    52 Finance and insurance,labour_industry_52_finance,1765.0,3.3
07,Humber River-Black Creek,Humber River--Black Creek,2272,    53 Real estate and rental and leasing,labour_industry_53_real_estate,770.0,1.4
07,Humber River-Black Creek,Humber River--Black Creek,2273,"    54 Professional, scientific and technical services",labour_industry_54_professional,2555.0,4.8
07,Humber River-Black Creek,Humber River--Black Creek,2274,    55 Management of companies and enterprises,labour_industry_55_management,120.0,0.2
07,Humber River-Black Creek,Humber River--Black Creek,2275,"    56 Administrative and support, waste management and remediation services",labour_industry_56_administrative,3715.0,7.0
07,Humber River-Black Creek,Humber River--Black Creek,2276,    61 Educational services,labour_industry_61_education,2285.0,4.3
07,Humber River-Black Creek,Humber River--Black Creek,2277,    62 Health care and social assistance,labour_industry_62_healthcare,6155.0,11.6
07,Humber River-Black Creek,Humber River--Black Creek,2278,"    71 Arts, entertainment and recreation",labour_industry_71_arts,685.0,1.3
07,Humber River-Black Creek,Humber River--Black Creek,2279,    72 Accommodation and food services,labour_industry_72_accommodation,3195.0,6.0
07,Humber River-Black Creek,Humber River--Black Creek,2280,    81 Other services (except public administration),labour_industry_81_other_services,2640.0,5.0
07,Humber River-Black Creek,Humber River--Black Creek,2281,    91 Public administration,labour_industry_91_public_admin,1120.0,2.1
07,Humber River-Black Creek,Humber River--Black Creek,2603,Total - Main mode of commuting for the employed labour force aged 15 years and over with a usual place of work or no fixed workplace address - 25% sample data,commute_mode_total,37355.0,100.0
07,Humber River-Black Creek,Humber River--Black Creek,2604,"  Car, truck or van",commute_mode_car_truck_van,25245.0,67.6
07,Humber River-Black Creek,Humber River--Black Creek,2605,"    Car, truck or van - as a driver",commute_mode_car_driver,21355.0,57.2
07,Humber River-Black Creek,Humber River--Black Creek,2606,"    Car, truck or van - as a passenger",commute_mode_car_passenger,3890.0,10.4
07,Humber River-Black Creek,Humber River--Black Creek,2607,  Public transit,commute_mode_transit,10260.0,27.5
07,Humber River-Black Creek,Humber River--Black Creek,2608,  Walked,commute_mode_walked,960.0,2.6
07,Humber River-Black Creek,Humber River--Black Creek,2609,  Bicycle,commute_mode_bicycle,155.0,0.4
07,Humber River-Black Creek,Humber River--Black Creek,2610,  Other method,commute_mode_other,735.0,2.0
07,Humber River-Black Creek,Humber River--Black Creek,2611,Total - Commuting duration for the employed labour force aged 15 years and over with a usual place of work or no fixed workplace address - 25% sample data,commute_duration_total,37355.0,100.0
07,Humber River-Black Creek,Humber River--Black Creek,2612,  Less than 15 minutes,commute_duration_under15,4920.0,13.2
07,Humber River-Black Creek,Humber River--Black Creek,2613,  15 to 29 minutes,commute_duration_15_29,11715.0,31.4
07,Humber River-Black Creek,Humber River--Black Creek,2614,  30 to 44 minutes,commute_duration_30_44,10715.0,28.7
07,Humber River-Black Creek,Humber River--Black Creek,2615,  45 to 59 minutes,commute_duration_45_59,3860.0,10.3
07,Humber River-Black Creek,Humber River--Black Creek,2616,  60 minutes and over,commute_duration_60plus,6145.0,16.5
08,Eglinton-Lawrence,Eglinton--Lawrence,1,"Population, 2021",pop_2021,115832.0,
08,Eglinton-Lawrence,Eglinton--Lawrence,2,"Population, 2016",pop_2016,114395.0,
08,Eglinton-Lawrence,Eglinton--Lawrence,3,"Population percentage change, 2016 to 2021",pop_pct_change,1.3,1.3
08,Eglinton-Lawrence,Eglinton--Lawrence,6,Population density per square kilometre,pop_density,5114.3,5114.3
08,Eglinton-Lawrence,Eglinton--Lawrence,34,Total - Distribution (%) of the population by broad age groups - 100% data,age_total_dist,100.0,100.0
08,Eglinton-Lawrence,Eglinton--Lawrence,35,  0 to 14 years,age_0_14,16.4,16.4
08,Eglinton-Lawrence,Eglinton--Lawrence,36,  15 to 64 years,age_15_64,65.7,65.7
08,Eglinton-Lawrence,Eglinton--Lawrence,37,  65 years and over,age_65_over,17.9,17.9
08,Eglinton-Lawrence,Eglinton--Lawrence,38,    85 years and over,age_85_over,2.9,2.9
08,Eglinton-Lawrence,Eglinton--Lawrence,39,Average age of the population,age_mean,41.4,41.4
08,Eglinton-Lawrence,Eglinton--Lawrence,40,Median age of the population,age_median,41.2,41.2
08,Eglinton-Lawrence,Eglinton--Lawrence,50,Total - Private households by household size - 100% data,pvt_house_total,45890.0,100.0
08,Eglinton-Lawrence,Eglinton--Lawrence,51,  1 person,pvt_house_1,14060.0,30.6
08,Eglinton-Lawrence,Eglinton--Lawrence,52,  2 persons,pvt_house_2,13300.0,29.0
08,Eglinton-Lawrence,Eglinton--Lawrence,53,  3 persons,pvt_house_3,7190.0,15.7
08,Eglinton-Lawrence,Eglinton--Lawrence,54,  4 persons,pvt_house_4,6995.0,15.2
08,Eglinton-Lawrence,Eglinton--Lawrence,55,  5 or more persons,pvt_house_5plus,4340.0,9.5
08,Eglinton-Lawrence,Eglinton--Lawrence,56,Number of persons in private households,pvt_house_persons,114785.0,100.0
08,Eglinton-Lawrence,Eglinton--Lawrence,57,Average household size,pvt_house_avg_size,2.5,2.5
08,Eglinton-Lawrence,Eglinton--Lawrence,111,Total - Income statistics in 2020 for the population aged 15 years and over in private households - 100% data,income_total,95800.0,100.0
08,Eglinton-Lawrence,Eglinton--Lawrence,112,  Number of total income recipients aged 15 years and over in private households in 2020 - 100% data,income_total_recip,91605.0,95.6
08,Eglinton-Lawrence,Eglinton--Lawrence,113,    Median total income in 2020 among recipients ($),income_total_median,44000.0,44000.0
08,Eglinton-Lawrence,Eglinton--Lawrence,114,  Number of after-tax income recipients aged 15 years and over in private households in 2020 - 100% data,income_aftertax_recip,91705.0,95.7
08,Eglinton-Lawrence,Eglinton--Lawrence,115,    Median after-tax income in 2020 among recipients ($),income_aftertax_median,39600.0,39600.0
08,Eglinton-Lawrence,Eglinton--Lawrence,116,  Number of market income recipients aged 15 years and over in private households in 2020 - 100% data,income_market_recip,82725.0,86.4
08,Eglinton-Lawrence,Eglinton--Lawrence,117,    Median market income in 2020 among recipients ($),income_market_median,41200.0,41200.0
08,Eglinton-Lawrence,Eglinton--Lawrence,118,  Number of employment income recipients aged 15 years and over in private households in 2020 - 100% data,income_emp_recip,66775.0,69.7
08,Eglinton-Lawrence,Eglinton--Lawrence,119,    Median employment income in 2020 among recipients ($),income_emp_median,41600.0,41600.0
08,Eglinton-Lawrence,Eglinton--Lawrence,120,  Number of government transfers recipients aged 15 years and over in private households in 2020 - 100% data,income_govtrans_recip,81505.0,85.1
08,Eglinton-Lawrence,Eglinton--Lawrence,121,    Median government transfers in 2020 among recipients ($),income_govtrans_median,7350.0,7350.0
08,Eglinton-Lawrence,Eglinton--Lawrence,122,  Number of employment insurance benefits recipients aged 15 years and over in private households in 2020 - 100% data,income_ei_recip,7575.0,7.9
08,Eglinton-Lawrence,Eglinton--Lawrence,123,    Median employment insurance benefits in 2020 among recipients ($),income_ei_median,5600.0,5600.0
08,Eglinton-Lawrence,Eglinton--Lawrence,124,  Number of COVID-19 emergency and recovery benefits recipients aged 15 years and over in private households in 2020 - 100% data,income_covid_recip,27940.0,29.2
08,Eglinton-Lawrence,Eglinton--Lawrence,125,    Median COVID-19 emergency and recovery benefits in 2020 among recipients ($),income_covid_median,8500.0,8500.0
08,Eglinton-Lawrence,Eglinton--Lawrence,345,"Prevalence of low income based on the Low-income measure, after tax (LIM-AT) (%)",lim_at_prev,10.1,10.1
08,Eglinton-Lawrence,Eglinton--Lawrence,346,  0 to 17 years (%),lim_at_0_17,9.7,9.7
08,Eglinton-Lawrence,Eglinton--Lawrence,347,    0 to 5 years (%),lim_at_0_5,10.0,10.0
08,Eglinton-Lawrence,Eglinton--Lawrence,348,  18 to 64 years (%),lim_at_18_64,9.3,9.3
08,Eglinton-Lawrence,Eglinton--Lawrence,349,  65 years and over (%),lim_at_65_over,13.4,13.4
08,Eglinton-Lawrence,Eglinton--Lawrence,365,Total - Adjusted after-tax economic family income decile group for the population in private households - 100% data,income_decile_total,114785.0,100.0
08,Eglinton-Lawrence,Eglinton--Lawrence,366,  In bottom half of the distribution,income_decile_bottom_half,46160.0,40.2
08,Eglinton-Lawrence,Eglinton--Lawrence,367,    In bottom decile,income_decile_1,10865.0,9.5
08,Eglinton-Lawrence,Eglinton--Lawrence,368,    In second decile,income_decile_2,9280.0,8.1
08,Eglinton-Lawrence,Eglinton--Lawrence,369,    In third decile,income_decile_3,8740.0,7.6
08,Eglinton-Lawrence,Eglinton--Lawrence,370,    In fourth decile,income_decile_4,8655.0,7.5
08,Eglinton-Lawrence,Eglinton--Lawrence,371,    In fifth decile,income_decile_5,8610.0,7.5
08,Eglinton-Lawrence,Eglinton--Lawrence,372,  In top half of the distribution,income_decile_top_half,68625.0,59.8
08,Eglinton-Lawrence,Eglinton--Lawrence,373,    In sixth decile,income_decile_6,8485.0,7.4
08,Eglinton-Lawrence,Eglinton--Lawrence,374,    In seventh decile,income_decile_7,8465.0,7.4
08,Eglinton-Lawrence,Eglinton--Lawrence,375,    In eighth decile,income_decile_8,9020.0,7.9
08,Eglinton-Lawrence,Eglinton--Lawrence,376,    In ninth decile,income_decile_9,11045.0,9.6
08,Eglinton-Lawrence,Eglinton--Lawrence,377,    In top decile,income_decile_10,31605.0,27.5
08,Eglinton-Lawrence,Eglinton--Lawrence,378,Total - Inequality measures for the population in private households - 100% data,gini_measures,114785.0,114785.0
08,Eglinton-Lawrence,Eglinton--Lawrence,379,  Gini index on adjusted household total income,gini_total_income,0.514,0.514
08,Eglinton-Lawrence,Eglinton--Lawrence,380,  Gini index on adjusted household market income,gini_market_income,0.59,0.59
08,Eglinton-Lawrence,Eglinton--Lawrence,381,  Gini index on adjusted household after-tax income,gini_aftertax_income,0.438,0.438
08,Eglinton-Lawrence,Eglinton--Lawrence,382,  P90/P10 ratio on adjusted household after-tax income,gini_p90_p10,6.5,6.5
08,Eglinton-Lawrence,Eglinton--Lawrence,1414,Total - Private households by tenure - 25% sample data,housing_tenure_total,45915.0,100.0
08,Eglinton-Lawrence,Eglinton--Lawrence,1415,  Owner,housing_tenure_owner,24520.0,53.4
08,Eglinton-Lawrence,Eglinton--Lawrence,1416,  Renter,housing_tenure_renter,21395.0,46.6
08,Eglinton-Lawrence,Eglinton--Lawrence,1417,"  Dwelling provided by the local government, First Nation or Indian band",housing_tenure_provided,0.0,0.0
08,Eglinton-Lawrence,Eglinton--Lawrence,1418,Total - Occupied private dwellings by condominium status - 25% sample data,housing_condo_total,45915.0,100.0
08,Eglinton-Lawrence,Eglinton--Lawrence,1465,"Total - Owner and tenant households with household total income greater than zero, in non-farm, non-reserve private dwellings by shelter-cost-to-income ratio - 25% sample data",housing_shelter_total,45645.0,100.0
08,Eglinton-Lawrence,Eglinton--Lawrence,1466,  Spending less than 30% of income on shelter costs,housing_shelter_under30,32625.0,71.5
08,Eglinton-Lawrence,Eglinton--Lawrence,1467,  Spending 30% or more of income on shelter costs,housing_shelter_30plus,13025.0,28.5
08,Eglinton-Lawrence,Eglinton--Lawrence,1468,    30% to less than 100%,housing_shelter_30_100,11405.0,25.0
08,Eglinton-Lawrence,Eglinton--Lawrence,1479,"Total - Owner and tenant households with household total income greater than zero and shelter-cost-to-income ratio less than 100%, in non-farm, non-reserve private dwellings - 25% sample data",housing_core_need_total,44035.0,100.0
08,Eglinton-Lawrence,Eglinton--Lawrence,1480,  In core need,housing_core_need_yes,7710.0,17.5
08,Eglinton-Lawrence,Eglinton--Lawrence,1481,  Not in core need,housing_core_need_no,36325.0,82.5
08,Eglinton-Lawrence,Eglinton--Lawrence,1482,"Total - Owner households in non-farm, non-reserve private dwellings - 25% sample data",housing_owner_total,24520.0,
08,Eglinton-Lawrence,Eglinton--Lawrence,1483,  % of owner households with a mortgage,housing_owner_mortgage_pct,48.7,48.7
08,Eglinton-Lawrence,Eglinton--Lawrence,1484,  % of owner households spending 30% or more of its income on shelter costs,housing_owner_shelter_30plus_pct,20.3,20.3
08,Eglinton-Lawrence,Eglinton--Lawrence,1485,  % in core housing need,housing_owner_core_need_pct,8.0,8.0
08,Eglinton-Lawrence,Eglinton--Lawrence,1522,Total - Citizenship for the population in private households - 25% sample data,citizen_total,114820.0,100.0
08,Eglinton-Lawrence,Eglinton--Lawrence,1523,  Canadian citizens,citizen_canadian,97795.0,85.2
08,Eglinton-Lawrence,Eglinton--Lawrence,1524,    Canadian citizens aged under 18,citizen_canadian_under18,21440.0,18.7
08,Eglinton-Lawrence,Eglinton--Lawrence,1525,    Canadian citizens aged 18 and over,citizen_canadian_18over,76355.0,66.5
08,Eglinton-Lawrence,Eglinton--Lawrence,1526,  Not Canadian citizens,citizen_not_canadian,17030.0,14.8
08,Eglinton-Lawrence,Eglinton--Lawrence,1683,Total - Visible minority for the population in private households - 25% sample data,visible_minority_total,114820.0,100.0
08,Eglinton-Lawrence,Eglinton--Lawrence,1684,  Total visible minority population,visible_minority_yes,42260.0,36.8
08,Eglinton-Lawrence,Eglinton--Lawrence,1685,    South Asian,visible_minority_south_asian,4530.0,3.9
08,Eglinton-Lawrence,Eglinton--Lawrence,1686,    Chinese,visible_minority_chinese,5525.0,4.8
08,Eglinton-Lawrence,Eglinton--Lawrence,1687,    Black,visible_minority_black,6560.0,5.7
08,Eglinton-Lawrence,Eglinton--Lawrence,1688,    Filipino,visible_minority_filipino,12465.0,10.9
08,Eglinton-Lawrence,Eglinton--Lawrence,1689,    Arab,visible_minority_arab,695.0,0.6
08,Eglinton-Lawrence,Eglinton--Lawrence,1690,    Latin American,visible_minority_latin_american,4515.0,3.9
08,Eglinton-Lawrence,Eglinton--Lawrence,1691,    Southeast Asian,visible_minority_southeast_asian,1675.0,1.5
08,Eglinton-Lawrence,Eglinton--Lawrence,1692,    West Asian,visible_minority_west_asian,1570.0,1.4
08,Eglinton-Lawrence,Eglinton--Lawrence,1693,    Korean,visible_minority_korean,1290.0,1.1
08,Eglinton-Lawrence,Eglinton--Lawrence,1694,    Japanese,visible_minority_japanese,405.0,0.4
08,Eglinton-Lawrence,Eglinton--Lawrence,1695,"    Visible minority, n.i.e.",visible_minority_nie,900.0,0.8
08,Eglinton-Lawrence,Eglinton--Lawrence,1696,    Multiple visible minorities,visible_minority_multiple,2125.0,1.9
08,Eglinton-Lawrence,Eglinton--Lawrence,1697,  Not a visible minority,visible_minority_no,72560.0,63.2
08,Eglinton-Lawrence,Eglinton--Lawrence,1983,Total - Mobility status 5 years ago - 25% sample data,mobility_total,108985.0,100.0
08,Eglinton-Lawrence,Eglinton--Lawrence,1984,  Non-movers,mobility_non_movers,73780.0,67.7
08,Eglinton-Lawrence,Eglinton--Lawrence,1985,  Movers,mobility_movers,35205.0,32.3
08,Eglinton-Lawrence,Eglinton--Lawrence,1986,    Non-migrants,mobility_non_migrants,21350.0,19.6
08,Eglinton-Lawrence,Eglinton--Lawrence,1987,    Migrants,mobility_migrants,13850.0,12.7
08,Eglinton-Lawrence,Eglinton--Lawrence,1988,      Internal migrants,mobility_internal_migrants,5625.0,5.2
08,Eglinton-Lawrence,Eglinton--Lawrence,1989,        Intraprovincial migrants,mobility_intraprovincial_migrants,4460.0,4.1
08,Eglinton-Lawrence,Eglinton--Lawrence,1990,        Interprovincial migrants,mobility_interprovincial_migrants,1165.0,1.1
08,Eglinton-Lawrence,Eglinton--Lawrence,1991,      External migrants,mobility_external_migrants,8225.0,7.5
08,Eglinton-Lawrence,Eglinton--Lawrence,1998,"Total - Highest certificate, diploma or degree for the population aged 15 years and over in private households - 25% sample data",education_total,95705.0,100.0
08,Eglinton-Lawrence,Eglinton--Lawrence,1999,"  No certificate, diploma or degree",education_none,12045.0,12.6
08,Eglinton-Lawrence,Eglinton--Lawrence,2000,  High (secondary) school diploma or equivalency certificate,education_secondary,20870.0,21.8
08,Eglinton-Lawrence,Eglinton--Lawrence,2001,"  Postsecondary certificate, diploma or degree",education_postsec,62790.0,65.6
08,Eglinton-Lawrence,Eglinton--Lawrence,2002,    Postsecondary certificate or diploma below bachelor level,education_postsec_below_bachelor,17730.0,18.5
08,Eglinton-Lawrence,Eglinton--Lawrence,2003,      Apprenticeship or trades certificate or diploma,education_apprentice_trades,2990.0,3.1
08,Eglinton-Lawrence,Eglinton--Lawrence,2004,        Non-apprenticeship trades certificate or diploma,education_apprentice_non,1720.0,1.8
08,Eglinton-Lawrence,Eglinton--Lawrence,2005,        Apprenticeship certificate,education_apprentice_cert,1270.0,1.3
08,Eglinton-Lawrence,Eglinton--Lawrence,2006,"      College, CEGEP or other non-university certificate or diploma",education_college,11885.0,12.4
08,Eglinton-Lawrence,Eglinton--Lawrence,2007,      University certificate or diploma below bachelor level,education_university_below_bachelor,2850.0,3.0
08,Eglinton-Lawrence,Eglinton--Lawrence,2008,    Bachelor's degree or higher,education_bachelor_higher,45065.0,47.1
08,Eglinton-Lawrence,Eglinton--Lawrence,2009,      Bachelor's degree,education_bachelor,26925.0,28.1
08,Eglinton-Lawrence,Eglinton--Lawrence,2010,      University certificate or diploma above bachelor level,education_university_above_bachelor,3395.0,3.5
08,Eglinton-Lawrence,Eglinton--Lawrence,2011,"      Degree in medicine, dentistry, veterinary medicine or optometry",education_medical_dental_vet,1850.0,1.9
08,Eglinton-Lawrence,Eglinton--Lawrence,2012,      Master's degree,education_masters,11165.0,11.7
08,Eglinton-Lawrence,Eglinton--Lawrence,2013,      Earned doctorate,education_doctorate,1730.0,1.8
08,Eglinton-Lawrence,Eglinton--Lawrence,2014,"Total - Highest certificate, diploma or degree for the population aged 25 to 64 years in private households - 25% sample data",education_25_64_total,61400.0,100.0
08,Eglinton-Lawrence,Eglinton--Lawrence,2015,"  No certificate, diploma or degree",education_25_64_none,3495.0,5.7
08,Eglinton-Lawrence,Eglinton--Lawrence,2016,  High (secondary) school diploma or equivalency certificate,education_25_64_secondary,10275.0,16.7
08,Eglinton-Lawrence,Eglinton--Lawrence,2017,"  Postsecondary certificate, diploma or degree",education_25_64_postsec,47630.0,77.6
08,Eglinton-Lawrence,Eglinton--Lawrence,2018,    Postsecondary certificate or diploma below bachelor level,education_25_64_postsec_below_bachelor,12650.0,20.6
08,Eglinton-Lawrence,Eglinton--Lawrence,2019,      Apprenticeship or trades certificate or diploma,education_25_64_apprentice_trades,1890.0,3.1
08,Eglinton-Lawrence,Eglinton--Lawrence,2020,        Non-apprenticeship trades certificate or diploma,education_25_64_apprentice_non,1165.0,1.9
08,Eglinton-Lawrence,Eglinton--Lawrence,2021,        Apprenticeship certificate,education_25_64_apprentice_cert,720.0,1.2
08,Eglinton-Lawrence,Eglinton--Lawrence,2022,"      College, CEGEP or other non-university certificate or diploma",education_25_64_college,8745.0,14.2
08,Eglinton-Lawrence,Eglinton--Lawrence,2023,      University certificate or diploma below bachelor level,education_25_64_university_below_bachelor,2015.0,3.3
08,Eglinton-Lawrence,Eglinton--Lawrence,2024,    Bachelor's degree or higher,education_25_64_bachelor_higher,34980.0,57.0
08,Eglinton-Lawrence,Eglinton--Lawrence,2025,      Bachelor's degree,education_25_64_bachelor,20905.0,34.0
08,Eglinton-Lawrence,Eglinton--Lawrence,2026,      University certificate or diploma above bachelor level,education_25_64_university_above_bachelor,2555.0,4.2
08,Eglinton-Lawrence,Eglinton--Lawrence,2027,"      Degree in medicine, dentistry, veterinary medicine or optometry",education_25_64_medical_dental_vet,1395.0,2.3
08,Eglinton-Lawrence,Eglinton--Lawrence,2028,      Master's degree,education_25_64_masters,8920.0,14.5
08,Eglinton-Lawrence,Eglinton--Lawrence,2029,      Earned doctorate,education_25_64_doctorate,1200.0,2.0
08,Eglinton-Lawrence,Eglinton--Lawrence,2246,Total - Labour force aged 15 years and over by occupation - Broad category - National Occupational Classification (NOC) 2021 - 25% sample data,labour_occupation_total,61360.0,100.0
08,Eglinton-Lawrence,Eglinton--Lawrence,2247,  Occupation - not applicable,labour_occupation_na,1855.0,3.0
08,Eglinton-Lawrence,Eglinton--Lawrence,2248,  All occupations,labour_occupation_all,59500.0,97.0
08,Eglinton-Lawrence,Eglinton--Lawrence,2249,    0 Legislative and senior management occupations,labour_occupation_0_management,1785.0,2.9
08,Eglinton-Lawrence,Eglinton--Lawrence,2250,"    1 Business, finance and administration occupations",labour_occupation_1_business_finance,13560.0,22.1
08,Eglinton-Lawrence,Eglinton--Lawrence,2251,    2 Natural and applied sciences and related occupations,labour_occupation_2_science,4860.0,7.9
08,Eglinton-Lawrence,Eglinton--Lawrence,2252,    3 Health occupations,labour_occupation_3_health,5860.0,9.6
08,Eglinton-Lawrence,Eglinton--Lawrence,2253,"    4 Occupations in education, law and social, community and government services",labour_occupation_4_education_law_social,9335.0,15.2
08,Eglinton-Lawrence,Eglinton--Lawrence,2254,"    5 Occupations in art, culture, recreation and sport",labour_occupation_5_arts_culture,2625.0,4.3
08,Eglinton-Lawrence,Eglinton--Lawrence,2255,    6 Sales and service occupations,labour_occupation_6_sales_service,13360.0,21.8
08,Eglinton-Lawrence,Eglinton--Lawrence,2256,"    7 Trades, transport and equipment operators and related occupations",labour_occupation_7_trades_transport,5940.0,9.7
08,Eglinton-Lawrence,Eglinton--Lawrence,2257,"    8 Natural resources, agriculture and related production occupations",labour_occupation_8_natural_resources,310.0,0.5
08,Eglinton-Lawrence,Eglinton--Lawrence,2258,    9 Occupations in manufacturing and utilities,labour_occupation_9_manufacturing,1860.0,3.0
08,Eglinton-Lawrence,Eglinton--Lawrence,2259,Total - Labour force aged 15 years and over by industry - Sectors - North American Industry Classification System (NAICS) 2017 - 25% sample data,labour_industry_total,61360.0,100.0
08,Eglinton-Lawrence,Eglinton--Lawrence,2260,  Industry - not applicable,labour_industry_na,1855.0,3.0
08,Eglinton-Lawrence,Eglinton--Lawrence,2261,  All industries,labour_industry_all,59500.0,97.0
08,Eglinton-Lawrence,Eglinton--Lawrence,2262,"    11 Agriculture, forestry, fishing and hunting",labour_industry_11_agriculture,90.0,0.1
08,Eglinton-Lawrence,Eglinton--Lawrence,2263,"    21 Mining, quarrying, and oil and gas extraction",labour_industry_21_mining,105.0,0.2
08,Eglinton-Lawrence,Eglinton--Lawrence,2264,    22 Utilities,labour_industry_22_utilities,185.0,0.3
08,Eglinton-Lawrence,Eglinton--Lawrence,2265,    23 Construction,labour_industry_23_construction,3320.0,5.4
08,Eglinton-Lawrence,Eglinton--Lawrence,2266,    31-33 Manufacturing,labour_industry_31_33_manufacturing,3315.0,5.4
08,Eglinton-Lawrence,Eglinton--Lawrence,2267,    41 Wholesale trade,labour_industry_41_wholesale,1990.0,3.2
08,Eglinton-Lawrence,Eglinton--Lawrence,2268,    44-45 Retail trade,labour_industry_44_45_retail,5550.0,9.0
08,Eglinton-Lawrence,Eglinton--Lawrence,2269,    48-49 Transportation and warehousing,labour_industry_48_49_transportation,1630.0,2.7
08,Eglinton-Lawrence,Eglinton--Lawrence,2270,    51 Information and cultural industries,labour_industry_51_information,1675.0,2.7
08,Eglinton-Lawrence,Eglinton--Lawrence,2271,    52 Finance and insurance,labour_industry_52_finance,5335.0,8.7
08,Eglinton-Lawrence,Eglinton--Lawrence,2272,    53 Real estate and rental and leasing,labour_industry_53_real_estate,2470.0,4.0
08,Eglinton-Lawrence,Eglinton--Lawrence,2273,"    54 Professional, scientific and technical services",labour_industry_54_professional,9075.0,14.8
08,Eglinton-Lawrence,Eglinton--Lawrence,2274,    55 Management of companies and enterprises,labour_industry_55_management,400.0,0.7
08,Eglinton-Lawrence,Eglinton--Lawrence,2275,"    56 Administrative and support, waste management and remediation services",labour_industry_56_administrative,2860.0,4.7
08,Eglinton-Lawrence,Eglinton--Lawrence,2276,    61 Educational services,labour_industry_61_education,4780.0,7.8
08,Eglinton-Lawrence,Eglinton--Lawrence,2277,    62 Health care and social assistance,labour_industry_62_healthcare,7690.0,12.5
08,Eglinton-Lawrence,Eglinton--Lawrence,2278,"    71 Arts, entertainment and recreation",labour_industry_71_arts,1135.0,1.8
08,Eglinton-Lawrence,Eglinton--Lawrence,2279,    72 Accommodation and food services,labour_industry_72_accommodation,2710.0,4.4
08,Eglinton-Lawrence,Eglinton--Lawrence,2280,    81 Other services (except public administration),labour_industry_81_other_services,3365.0,5.5
08,Eglinton-Lawrence,Eglinton--Lawrence,2281,    91 Public administration,labour_industry_91_public_admin,1850.0,3.0
08,Eglinton-Lawrence,Eglinton--Lawrence,2603,Total - Main mode of commuting for the employed labour force aged 15 years and over with a usual place of work or no fixed workplace address - 25% sample data,commute_mode_total,32000.0,100.0
08,Eglinton-Lawrence,Eglinton--Lawrence,2604,"  Car, truck or van",commute_mode_car_truck_van,18885.0,59.0
08,Eglinton-Lawrence,Eglinton--Lawrence,2605,"    Car, truck or van - as a driver",commute_mode_car_driver,16740.0,52.3
08,Eglinton-Lawrence,Eglinton--Lawrence,2606,"    Car, truck or van - as a passenger",commute_mode_car_passenger,2145.0,6.7
08,Eglinton-Lawrence,Eglinton--Lawrence,2607,  Public transit,commute_mode_transit,9185.0,28.7
08,Eglinton-Lawrence,Eglinton--Lawrence,2608,  Walked,commute_mode_walked,2330.0,7.3
08,Eglinton-Lawrence,Eglinton--Lawrence,2609,  Bicycle,commute_mode_bicycle,380.0,1.2
08,Eglinton-Lawrence,Eglinton--Lawrence,2610,  Other method,commute_mode_other,1215.0,3.8
08,Eglinton-Lawrence,Eglinton--Lawrence,2611,Total - Commuting duration for the employed labour force aged 15 years and over with a usual place of work or no fixed workplace address - 25% sample data,commute_duration_total,32000.0,100.0
08,Eglinton-Lawrence,Eglinton--Lawrence,2612,  Less than 15 minutes,commute_duration_under15,5755.0,18.0
08,Eglinton-Lawrence,Eglinton--Lawrence,2613,  15 to 29 minutes,commute_duration_15_29,10380.0,32.4
08,Eglinton-Lawrence,Eglinton--Lawrence,2614,  30 to 44 minutes,commute_duration_30_44,9475.0,29.6
08,Eglinton-Lawrence,Eglinton--Lawrence,2615,  45 to 59 minutes,commute_duration_45_59,3520.0,11.0
08,Eglinton-Lawrence,Eglinton--Lawrence,2616,  60 minutes and over,commute_duration_60plus,2875.0,9.0
09,Davenport,Davenport,1,"Population, 2021",pop_2021,105946.0,
09,Davenport,Davenport,2,"Population, 2016",pop_2016,108473.0,
09,Davenport,Davenport,3,"Population percentage change, 2016 to 2021",pop_pct_change,-2.3,-2.3
09,Davenport,Davenport,6,Population density per square kilometre,pop_density,8769.1,8769.1
09,Davenport,Davenport,34,Total - Distribution (%) of the population by broad age groups - 100% data,age_total_dist,100.0,100.0
09,Davenport,Davenport,35,  0 to 14 years,age_0_14,12.5,12.5
09,Davenport,Davenport,36,  15 to 64 years,age_15_64,73.2,73.2
09,Davenport,Davenport,37,  65 years and over,age_65_over,14.3,14.3
09,Davenport,Davenport,38,    85 years and over,age_85_over,1.9,1.9
09,Davenport,Davenport,39,Average age of the population,age_mean,40.6,40.6
09,Davenport,Davenport,40,Median age of the population,age_median,38.4,38.4
09,Davenport,Davenport,50,Total - Private households by household size - 100% data,pvt_house_total,45760.0,100.0
09,Davenport,Davenport,51,  1 person,pvt_house_1,14955.0,32.7
09,Davenport,Davenport,52,  2 persons,pvt_house_2,15020.0,32.8
09,Davenport,Davenport,53,  3 persons,pvt_house_3,7390.0,16.1
09,Davenport,Davenport,54,  4 persons,pvt_house_4,5560.0,12.2
09,Davenport,Davenport,55,  5 or more persons,pvt_house_5plus,2830.0,6.2
09,Davenport,Davenport,56,Number of persons in private households,pvt_house_persons,105315.0,100.0
09,Davenport,Davenport,57,Average household size,pvt_house_avg_size,2.3,2.3
09,Davenport,Davenport,111,Total - Income statistics in 2020 for the population aged 15 years and over in private households - 100% data,income_total,92030.0,100.0
09,Davenport,Davenport,112,  Number of total income recipients aged 15 years and over in private households in 2020 - 100% data,income_total_recip,88550.0,96.2
09,Davenport,Davenport,113,    Median total income in 2020 among recipients ($),income_total_median,40400.0,40400.0
09,Davenport,Davenport,114,  Number of after-tax income recipients aged 15 years and over in private households in 2020 - 100% data,income_aftertax_recip,88610.0,96.3
09,Davenport,Davenport,115,    Median after-tax income in 2020 among recipients ($),income_aftertax_median,36800.0,36800.0
09,Davenport,Davenport,116,  Number of market income recipients aged 15 years and over in private households in 2020 - 100% data,income_market_recip,78295.0,85.1
09,Davenport,Davenport,117,    Median market income in 2020 among recipients ($),income_market_median,37200.0,37200.0
09,Davenport,Davenport,118,  Number of employment income recipients aged 15 years and over in private households in 2020 - 100% data,income_emp_recip,67090.0,72.9
09,Davenport,Davenport,119,    Median employment income in 2020 among recipients ($),income_emp_median,42000.0,42000.0
09,Davenport,Davenport,120,  Number of government transfers recipients aged 15 years and over in private households in 2020 - 100% data,income_govtrans_recip,80645.0,87.6
09,Davenport,Davenport,121,    Median government transfers in 2020 among recipients ($),income_govtrans_median,8200.0,8200.0
09,Davenport,Davenport,122,  Number of employment insurance benefits recipients aged 15 years and over in private households in 2020 - 100% data,income_ei_recip,10145.0,11.0
09,Davenport,Davenport,123,    Median employment insurance benefits in 2020 among recipients ($),income_ei_median,5560.0,5560.0
09,Davenport,Davenport,124,  Number of COVID-19 emergency and recovery benefits recipients aged 15 years and over in private households in 2020 - 100% data,income_covid_recip,29850.0,32.4
09,Davenport,Davenport,125,    Median COVID-19 emergency and recovery benefits in 2020 among recipients ($),income_covid_median,10000.0,10000.0
09,Davenport,Davenport,345,"Prevalence of low income based on the Low-income measure, after tax (LIM-AT) (%)",lim_at_prev,10.8,10.8
09,Davenport,Davenport,346,  0 to 17 years (%),lim_at_0_17,10.3,10.3
09,Davenport,Davenport,347,    0 to 5 years (%),lim_at_0_5,9.6,9.6
09,Davenport,Davenport,348,  18 to 64 years (%),lim_at_18_64,9.7,9.7
09,Davenport,Davenport,349,  65 years and over (%),lim_at_65_over,16.9,16.9
09,Davenport,Davenport,365,Total - Adjusted after-tax economic family income decile group for the population in private households - 100% data,income_decile_total,105315.0,100.0
09,Davenport,Davenport,366,  In bottom half of the distribution,income_decile_bottom_half,50810.0,48.2
09,Davenport,Davenport,367,    In bottom decile,income_decile_1,11790.0,11.2
09,Davenport,Davenport,368,    In second decile,income_decile_2,10945.0,10.4
09,Davenport,Davenport,369,    In third decile,income_decile_3,9790.0,9.3
09,Davenport,Davenport,370,    In fourth decile,income_decile_4,9195.0,8.7
09,Davenport,Davenport,371,    In fifth decile,income_decile_5,9090.0,8.6
09,Davenport,Davenport,372,  In top half of the distribution,income_decile_top_half,54505.0,51.8
09,Davenport,Davenport,373,    In sixth decile,income_decile_6,9680.0,9.2
09,Davenport,Davenport,374,    In seventh decile,income_decile_7,9795.0,9.3
09,Davenport,Davenport,375,    In eighth decile,income_decile_8,10820.0,10.3
09,Davenport,Davenport,376,    In ninth decile,income_decile_9,11560.0,11.0
09,Davenport,Davenport,377,    In top decile,income_decile_10,12650.0,12.0
09,Davenport,Davenport,378,Total - Inequality measures for the population in private households - 100% data,gini_measures,105315.0,105315.0
09,Davenport,Davenport,379,  Gini index on adjusted household total income,gini_total_income,0.349,0.349
09,Davenport,Davenport,380,  Gini index on adjusted household market income,gini_market_income,0.466,0.466
09,Davenport,Davenport,381,  Gini index on adjusted household after-tax income,gini_aftertax_income,0.303,0.303
09,Davenport,Davenport,382,  P90/P10 ratio on adjusted household after-tax income,gini_p90_p10,4.0,4.0
09,Davenport,Davenport,1414,Total - Private households by tenure - 25% sample data,housing_tenure_total,45670.0,100.0
09,Davenport,Davenport,1415,  Owner,housing_tenure_owner,23650.0,51.8
09,Davenport,Davenport,1416,  Renter,housing_tenure_renter,22025.0,48.2
09,Davenport,Davenport,1417,"  Dwelling provided by the local government, First Nation or Indian band",housing_tenure_provided,0.0,0.0
09,Davenport,Davenport,1418,Total - Occupied private dwellings by condominium status - 25% sample data,housing_condo_total,45670.0,100.0
09,Davenport,Davenport,1465,"Total - Owner and tenant households with household total income greater than zero, in non-farm, non-reserve private dwellings by shelter-cost-to-income ratio - 25% sample data",housing_shelter_total,45345.0,100.0
09,Davenport,Davenport,1466,  Spending less than 30% of income on shelter costs,housing_shelter_under30,31260.0,68.9
09,Davenport,Davenport,1467,  Spending 30% or more of income on shelter costs,housing_shelter_30plus,14085.0,31.1
09,Davenport,Davenport,1468,    30% to less than 100%,housing_shelter_30_100,12610.0,27.8
09,Davenport,Davenport,1479,"Total - Owner and tenant households with household total income greater than zero and shelter-cost-to-income ratio less than 100%, in non-farm, non-reserve private dwellings - 25% sample data",housing_core_need_total,43865.0,100.0
09,Davenport,Davenport,1480,  In core need,housing_core_need_yes,8270.0,18.9
09,Davenport,Davenport,1481,  Not in core need,housing_core_need_no,35605.0,81.2
09,Davenport,Davenport,1482,"Total - Owner households in non-farm, non-reserve private dwellings - 25% sample data",housing_owner_total,23650.0,
09,Davenport,Davenport,1483,  % of owner households with a mortgage,housing_owner_mortgage_pct,59.0,59.0
09,Davenport,Davenport,1484,  % of owner households spending 30% or more of its income on shelter costs,housing_owner_shelter_30plus_pct,21.5,21.5
09,Davenport,Davenport,1485,  % in core housing need,housing_owner_core_need_pct,9.8,9.8
09,Davenport,Davenport,1522,Total - Citizenship for the population in private households - 25% sample data,citizen_total,104730.0,100.0
09,Davenport,Davenport,1523,  Canadian citizens,citizen_canadian,90640.0,86.5
09,Davenport,Davenport,1524,    Canadian citizens aged under 18,citizen_canadian_under18,14620.0,14.0
09,Davenport,Davenport,1525,    Canadian citizens aged 18 and over,citizen_canadian_18over,76015.0,72.6
09,Davenport,Davenport,1526,  Not Canadian citizens,citizen_not_canadian,14090.0,13.5
09,Davenport,Davenport,1683,Total - Visible minority for the population in private households - 25% sample data,visible_minority_total,104735.0,100.0
09,Davenport,Davenport,1684,  Total visible minority population,visible_minority_yes,35215.0,33.6
09,Davenport,Davenport,1685,    South Asian,visible_minority_south_asian,4820.0,4.6
09,Davenport,Davenport,1686,    Chinese,visible_minority_chinese,5525.0,5.3
09,Davenport,Davenport,1687,    Black,visible_minority_black,7100.0,6.8
09,Davenport,Davenport,1688,    Filipino,visible_minority_filipino,3150.0,3.0
09,Davenport,Davenport,1689,    Arab,visible_minority_arab,660.0,0.6
09,Davenport,Davenport,1690,    Latin American,visible_minority_latin_american,6130.0,5.9
09,Davenport,Davenport,1691,    Southeast Asian,visible_minority_southeast_asian,2450.0,2.3
09,Davenport,Davenport,1692,    West Asian,visible_minority_west_asian,525.0,0.5
09,Davenport,Davenport,1693,    Korean,visible_minority_korean,835.0,0.8
09,Davenport,Davenport,1694,    Japanese,visible_minority_japanese,615.0,0.6
09,Davenport,Davenport,1695,"    Visible minority, n.i.e.",visible_minority_nie,1215.0,1.2
09,Davenport,Davenport,1696,    Multiple visible minorities,visible_minority_multiple,2195.0,2.1
09,Davenport,Davenport,1697,  Not a visible minority,visible_minority_no,69520.0,66.4
09,Davenport,Davenport,1983,Total - Mobility status 5 years ago - 25% sample data,mobility_total,100070.0,100.0
09,Davenport,Davenport,1984,  Non-movers,mobility_non_movers,64270.0,64.2
09,Davenport,Davenport,1985,  Movers,mobility_movers,35795.0,35.8
09,Davenport,Davenport,1986,    Non-migrants,mobility_non_migrants,22465.0,22.4
09,Davenport,Davenport,1987,    Migrants,mobility_migrants,13330.0,13.3
09,Davenport,Davenport,1988,      Internal migrants,mobility_internal_migrants,7425.0,7.4
09,Davenport,Davenport,1989,        Intraprovincial migrants,mobility_intraprovincial_migrants,5430.0,5.4
09,Davenport,Davenport,1990,        Interprovincial migrants,mobility_interprovincial_migrants,1995.0,2.0
09,Davenport,Davenport,1991,      External migrants,mobility_external_migrants,5905.0,5.9
09,Davenport,Davenport,1998,"Total - Highest certificate, diploma or degree for the population aged 15 years and over in private households - 25% sample data",education_total,91635.0,100.0
09,Davenport,Davenport,1999,"  No certificate, diploma or degree",education_none,18865.0,20.6
09,Davenport,Davenport,2000,  High (secondary) school diploma or equivalency certificate,education_secondary,19875.0,21.7
09,Davenport,Davenport,2001,"  Postsecondary certificate, diploma or degree",education_postsec,52895.0,57.7
09,Davenport,Davenport,2002,    Postsecondary certificate or diploma below bachelor level,education_postsec_below_bachelor,18555.0,20.2
09,Davenport,Davenport,2003,      Apprenticeship or trades certificate or diploma,education_apprentice_trades,3325.0,3.6
09,Davenport,Davenport,2004,        Non-apprenticeship trades certificate or diploma,education_apprentice_non,2010.0,2.2
09,Davenport,Davenport,2005,        Apprenticeship certificate,education_apprentice_cert,1315.0,1.4
09,Davenport,Davenport,2006,"      College, CEGEP or other non-university certificate or diploma",education_college,13355.0,14.6
09,Davenport,Davenport,2007,      University certificate or diploma below bachelor level,education_university_below_bachelor,1880.0,2.1
09,Davenport,Davenport,2008,    Bachelor's degree or higher,education_bachelor_higher,34340.0,37.5
09,Davenport,Davenport,2009,      Bachelor's degree,education_bachelor,21915.0,23.9
09,Davenport,Davenport,2010,      University certificate or diploma above bachelor level,education_university_above_bachelor,1940.0,2.1
09,Davenport,Davenport,2011,"      Degree in medicine, dentistry, veterinary medicine or optometry",education_medical_dental_vet,380.0,0.4
09,Davenport,Davenport,2012,      Master's degree,education_masters,8690.0,9.5
09,Davenport,Davenport,2013,      Earned doctorate,education_doctorate,1415.0,1.5
09,Davenport,Davenport,2014,"Total - Highest certificate, diploma or degree for the population aged 25 to 64 years in private households - 25% sample data",education_25_64_total,67145.0,100.0
09,Davenport,Davenport,2015,"  No certificate, diploma or degree",education_25_64_none,8160.0,12.2
09,Davenport,Davenport,2016,  High (secondary) school diploma or equivalency certificate,education_25_64_secondary,13045.0,19.4
09,Davenport,Davenport,2017,"  Postsecondary certificate, diploma or degree",education_25_64_postsec,45940.0,68.4
09,Davenport,Davenport,2018,    Postsecondary certificate or diploma below bachelor level,education_25_64_postsec_below_bachelor,15100.0,22.5
09,Davenport,Davenport,2019,      Apprenticeship or trades certificate or diploma,education_25_64_apprentice_trades,2400.0,3.6
09,Davenport,Davenport,2020,        Non-apprenticeship trades certificate or diploma,education_25_64_apprentice_non,1410.0,2.1
09,Davenport,Davenport,2021,        Apprenticeship certificate,education_25_64_apprentice_cert,995.0,1.5
09,Davenport,Davenport,2022,"      College, CEGEP or other non-university certificate or diploma",education_25_64_college,11195.0,16.7
09,Davenport,Davenport,2023,      University certificate or diploma below bachelor level,education_25_64_university_below_bachelor,1500.0,2.2
09,Davenport,Davenport,2024,    Bachelor's degree or higher,education_25_64_bachelor_higher,30840.0,45.9
09,Davenport,Davenport,2025,      Bachelor's degree,education_25_64_bachelor,19465.0,29.0
09,Davenport,Davenport,2026,      University certificate or diploma above bachelor level,education_25_64_university_above_bachelor,1770.0,2.6
09,Davenport,Davenport,2027,"      Degree in medicine, dentistry, veterinary medicine or optometry",education_25_64_medical_dental_vet,305.0,0.5
09,Davenport,Davenport,2028,      Master's degree,education_25_64_masters,8065.0,12.0
09,Davenport,Davenport,2029,      Earned doctorate,education_25_64_doctorate,1235.0,1.8
09,Davenport,Davenport,2246,Total - Labour force aged 15 years and over by occupation - Broad category - National Occupational Classification (NOC) 2021 - 25% sample data,labour_occupation_total,62975.0,100.0
09,Davenport,Davenport,2247,  Occupation - not applicable,labour_occupation_na,1600.0,2.5
09,Davenport,Davenport,2248,  All occupations,labour_occupation_all,61375.0,97.5
09,Davenport,Davenport,2249,    0 Legislative and senior management occupations,labour_occupation_0_management,890.0,1.4
09,Davenport,Davenport,2250,"    1 Business, finance and administration occupations",labour_occupation_1_business_finance,11665.0,18.5
09,Davenport,Davenport,2251,    2 Natural and applied sciences and related occupations,labour_occupation_2_science,5130.0,8.1
09,Davenport,Davenport,2252,    3 Health occupations,labour_occupation_3_health,2825.0,4.5
09,Davenport,Davenport,2253,"    4 Occupations in education, law and social, community and government services",labour_occupation_4_education_law_social,8855.0,14.1
09,Davenport,Davenport,2254,"    5 Occupations in art, culture, recreation and sport",labour_occupation_5_arts_culture,7060.0,11.2
09,Davenport,Davenport,2255,    6 Sales and service occupations,labour_occupation_6_sales_service,14430.0,22.9
09,Davenport,Davenport,2256,"    7 Trades, transport and equipment operators and related occupations",labour_occupation_7_trades_transport,8260.0,13.1
09,Davenport,Davenport,2257,"    8 Natural resources, agriculture and related production occupations",labour_occupation_8_natural_resources,470.0,0.7
09,Davenport,Davenport,2258,    9 Occupations in manufacturing and utilities,labour_occupation_9_manufacturing,1780.0,2.8
09,Davenport,Davenport,2259,Total - Labour force aged 15 years and over by industry - Sectors - North American Industry Classification System (NAICS) 2017 - 25% sample data,labour_industry_total,62975.0,100.0
09,Davenport,Davenport,2260,  Industry - not applicable,labour_industry_na,1600.0,2.5
09,Davenport,Davenport,2261,  All industries,labour_industry_all,61375.0,97.5
09,Davenport,Davenport,2262,"    11 Agriculture, forestry, fishing and hunting",labour_industry_11_agriculture,70.0,0.1
09,Davenport,Davenport,2263,"    21 Mining, quarrying, and oil and gas extraction",labour_industry_21_mining,45.0,0.1
09,Davenport,Davenport,2264,    22 Utilities,labour_industry_22_utilities,190.0,0.3
09,Davenport,Davenport,2265,    23 Construction,labour_industry_23_construction,5260.0,8.4
09,Davenport,Davenport,2266,    31-33 Manufacturing,labour_industry_31_33_manufacturing,3055.0,4.9
09,Davenport,Davenport,2267,    41 Wholesale trade,labour_industry_41_wholesale,1385.0,2.2
09,Davenport,Davenport,2268,    44-45 Retail trade,labour_industry_44_45_retail,5890.0,9.4
09,Davenport,Davenport,2269,    48-49 Transportation and warehousing,labour_industry_48_49_transportation,1860.0,3.0
09,Davenport,Davenport,2270,    51 Information and cultural industries,labour_industry_51_information,4280.0,6.8
09,Davenport,Davenport,2271,    52 Finance and insurance,labour_industry_52_finance,3445.0,5.5
09,Davenport,Davenport,2272,    53 Real estate and rental and leasing,labour_industry_53_real_estate,1210.0,1.9
09,Davenport,Davenport,2273,"    54 Professional, scientific and technical services",labour_industry_54_professional,8510.0,13.5
09,Davenport,Davenport,2274,    55 Management of companies and enterprises,labour_industry_55_management,280.0,0.4
09,Davenport,Davenport,2275,"    56 Administrative and support, waste management and remediation services",labour_industry_56_administrative,3270.0,5.2
09,Davenport,Davenport,2276,    61 Educational services,labour_industry_61_education,5560.0,8.8
09,Davenport,Davenport,2277,    62 Health care and social assistance,labour_industry_62_healthcare,5625.0,8.9
09,Davenport,Davenport,2278,"    71 Arts, entertainment and recreation",labour_industry_71_arts,2165.0,3.4
09,Davenport,Davenport,2279,    72 Accommodation and food services,labour_industry_72_accommodation,3730.0,5.9
09,Davenport,Davenport,2280,    81 Other services (except public administration),labour_industry_81_other_services,2945.0,4.7
09,Davenport,Davenport,2281,    91 Public administration,labour_industry_91_public_admin,2590.0,4.1
09,Davenport,Davenport,2603,Total - Main mode of commuting for the employed labour force aged 15 years and over with a usual place of work or no fixed workplace address - 25% sample data,commute_mode_total,31345.0,100.0
09,Davenport,Davenport,2604,"  Car, truck or van",commute_mode_car_truck_van,16150.0,51.5
09,Davenport,Davenport,2605,"    Car, truck or van - as a driver",commute_mode_car_driver,13620.0,43.5
09,Davenport,Davenport,2606,"    Car, truck or van - as a passenger",commute_mode_car_passenger,2530.0,8.1
09,Davenport,Davenport,2607,  Public transit,commute_mode_transit,9375.0,29.9
09,Davenport,Davenport,2608,  Walked,commute_mode_walked,2780.0,8.9
09,Davenport,Davenport,2609,  Bicycle,commute_mode_bicycle,1965.0,6.3
09,Davenport,Davenport,2610,  Other method,commute_mode_other,1070.0,3.4
09,Davenport,Davenport,2611,Total - Commuting duration for the employed labour force aged 15 years and over with a usual place of work or no fixed workplace address - 25% sample data,commute_duration_total,31345.0,100.0
09,Davenport,Davenport,2612,  Less than 15 minutes,commute_duration_under15,4220.0,13.5
09,Davenport,Davenport,2613,  15 to 29 minutes,commute_duration_15_29,9600.0,30.6
09,Davenport,Davenport,2614,  30 to 44 minutes,commute_duration_30_44,9735.0,31.1
09,Davenport,Davenport,2615,  45 to 59 minutes,commute_duration_45_59,4010.0,12.8
09,Davenport,Davenport,2616,  60 minutes and over,commute_duration_60plus,3780.0,12.1
10,Spadina-Fort York,Spadina--Fort York,1,"Population, 2021",pop_2021,136213.0,
10,Spadina-Fort York,Spadina--Fort York,2,"Population, 2016",pop_2016,115506.0,
10,Spadina-Fort York,Spadina--Fort York,3,"Population percentage change, 2016 to 2021",pop_pct_change,17.9,17.9
10,Spadina-Fort York,Spadina--Fort York,6,Population density per square kilometre,pop_density,10675.4,10675.4
10,Spadina-Fort York,Spadina--Fort York,34,Total - Distribution (%) of the population by broad age groups - 100% data,age_total_dist,100.0,100.0
10,Spadina-Fort York,Spadina--Fort York,35,  0 to 14 years,age_0_14,6.8,6.8
10,Spadina-Fort York,Spadina--Fort York,36,  15 to 64 years,age_15_64,85.4,85.4
10,Spadina-Fort York,Spadina--Fort York,37,  65 years and over,age_65_over,7.8,7.8
10,Spadina-Fort York,Spadina--Fort York,38,    85 years and over,age_85_over,0.9,0.9
10,Spadina-Fort York,Spadina--Fort York,39,Average age of the population,age_mean,36.7,36.7
10,Spadina-Fort York,Spadina--Fort York,40,Median age of the population,age_median,32.8,32.8
10,Spadina-Fort York,Spadina--Fort York,50,Total - Private households by household size - 100% data,pvt_house_total,80640.0,100.0
10,Spadina-Fort York,Spadina--Fort York,51,  1 person,pvt_house_1,42285.0,52.4
10,Spadina-Fort York,Spadina--Fort York,52,  2 persons,pvt_house_2,28100.0,34.8
10,Spadina-Fort York,Spadina--Fort York,53,  3 persons,pvt_house_3,6395.0,7.9
10,Spadina-Fort York,Spadina--Fort York,54,  4 persons,pvt_house_4,2685.0,3.3
10,Spadina-Fort York,Spadina--Fort York,55,  5 or more persons,pvt_house_5plus,1175.0,1.5
10,Spadina-Fort York,Spadina--Fort York,56,Number of persons in private households,pvt_house_persons,135040.0,100.0
10,Spadina-Fort York,Spadina--Fort York,57,Average household size,pvt_house_avg_size,1.7,1.7
10,Spadina-Fort York,Spadina--Fort York,111,Total - Income statistics in 2020 for the population aged 15 years and over in private households - 100% data,income_total,125790.0,100.0
10,Spadina-Fort York,Spadina--Fort York,112,  Number of total income recipients aged 15 years and over in private households in 2020 - 100% data,income_total_recip,121545.0,96.6
10,Spadina-Fort York,Spadina--Fort York,113,    Median total income in 2020 among recipients ($),income_total_median,58400.0,58400.0
10,Spadina-Fort York,Spadina--Fort York,114,  Number of after-tax income recipients aged 15 years and over in private households in 2020 - 100% data,income_aftertax_recip,121580.0,96.7
10,Spadina-Fort York,Spadina--Fort York,115,    Median after-tax income in 2020 among recipients ($),income_aftertax_median,50400.0,50400.0
10,Spadina-Fort York,Spadina--Fort York,116,  Number of market income recipients aged 15 years and over in private households in 2020 - 100% data,income_market_recip,113015.0,89.8
10,Spadina-Fort York,Spadina--Fort York,117,    Median market income in 2020 among recipients ($),income_market_median,60000.0,60000.0
10,Spadina-Fort York,Spadina--Fort York,118,  Number of employment income recipients aged 15 years and over in private households in 2020 - 100% data,income_emp_recip,102235.0,81.3
10,Spadina-Fort York,Spadina--Fort York,119,    Median employment income in 2020 among recipients ($),income_emp_median,62400.0,62400.0
10,Spadina-Fort York,Spadina--Fort York,120,  Number of government transfers recipients aged 15 years and over in private households in 2020 - 100% data,income_govtrans_recip,108805.0,86.5
10,Spadina-Fort York,Spadina--Fort York,121,    Median government transfers in 2020 among recipients ($),income_govtrans_median,1380.0,1380.0
10,Spadina-Fort York,Spadina--Fort York,122,  Number of employment insurance benefits recipients aged 15 years and over in private households in 2020 - 100% data,income_ei_recip,10305.0,8.2
10,Spadina-Fort York,Spadina--Fort York,123,    Median employment insurance benefits in 2020 among recipients ($),income_ei_median,5520.0,5520.0
10,Spadina-Fort York,Spadina--Fort York,124,  Number of COVID-19 emergency and recovery benefits recipients aged 15 years and over in private households in 2020 - 100% data,income_covid_recip,34255.0,27.2
10,Spadina-Fort York,Spadina--Fort York,125,    Median COVID-19 emergency and recovery benefits in 2020 among recipients ($),income_covid_median,10000.0,10000.0
10,Spadina-Fort York,Spadina--Fort York,345,"Prevalence of low income based on the Low-income measure, after tax (LIM-AT) (%)",lim_at_prev,14.0,14.0
10,Spadina-Fort York,Spadina--Fort York,346,  0 to 17 years (%),lim_at_0_17,16.5,16.5
10,Spadina-Fort York,Spadina--Fort York,347,    0 to 5 years (%),lim_at_0_5,13.8,13.8
10,Spadina-Fort York,Spadina--Fort York,348,  18 to 64 years (%),lim_at_18_64,12.9,12.9
10,Spadina-Fort York,Spadina--Fort York,349,  65 years and over (%),lim_at_65_over,23.3,23.3
10,Spadina-Fort York,Spadina--Fort York,365,Total - Adjusted after-tax economic family income decile group for the population in private households - 100% data,income_decile_total,135040.0,100.0
10,Spadina-Fort York,Spadina--Fort York,366,  In bottom half of the distribution,income_decile_bottom_half,56040.0,41.5
10,Spadina-Fort York,Spadina--Fort York,367,    In bottom decile,income_decile_1,19060.0,14.1
10,Spadina-Fort York,Spadina--Fort York,368,    In second decile,income_decile_2,10175.0,7.5
10,Spadina-Fort York,Spadina--Fort York,369,    In third decile,income_decile_3,9275.0,6.9
10,Spadina-Fort York,Spadina--Fort York,370,    In fourth decile,income_decile_4,8740.0,6.5
10,Spadina-Fort York,Spadina--Fort York,371,    In fifth decile,income_decile_5,8795.0,6.5
10,Spadina-Fort York,Spadina--Fort York,372,  In top half of the distribution,income_decile_top_half,79000.0,58.5
10,Spadina-Fort York,Spadina--Fort York,373,    In sixth decile,income_decile_6,9905.0,7.3
10,Spadina-Fort York,Spadina--Fort York,374,    In seventh decile,income_decile_7,11270.0,8.3
10,Spadina-Fort York,Spadina--Fort York,375,    In eighth decile,income_decile_8,13420.0,9.9
10,Spadina-Fort York,Spadina--Fort York,376,    In ninth decile,income_decile_9,17050.0,12.6
10,Spadina-Fort York,Spadina--Fort York,377,    In top decile,income_decile_10,27350.0,20.3
10,Spadina-Fort York,Spadina--Fort York,378,Total - Inequality measures for the population in private households - 100% data,gini_measures,135040.0,135040.0
10,Spadina-Fort York,Spadina--Fort York,379,  Gini index on adjusted household total income,gini_total_income,0.426,0.426
10,Spadina-Fort York,Spadina--Fort York,380,  Gini index on adjusted household market income,gini_market_income,0.493,0.493
10,Spadina-Fort York,Spadina--Fort York,381,  Gini index on adjusted household after-tax income,gini_aftertax_income,0.368,0.368
10,Spadina-Fort York,Spadina--Fort York,382,  P90/P10 ratio on adjusted household after-tax income,gini_p90_p10,5.8,5.8
10,Spadina-Fort York,Spadina--Fort York,1414,Total - Private households by tenure - 25% sample data,housing_tenure_total,80735.0,100.0
10,Spadina-Fort York,Spadina--Fort York,1415,  Owner,housing_tenure_owner,33845.0,41.9
10,Spadina-Fort York,Spadina--Fort York,1416,  Renter,housing_tenure_renter,46885.0,58.1
10,Spadina-Fort York,Spadina--Fort York,1417,"  Dwelling provided by the local government, First Nation or Indian band",housing_tenure_provided,0.0,0.0
10,Spadina-Fort York,Spadina--Fort York,1418,Total - Occupied private dwellings by condominium status - 25% sample data,housing_condo_total,80735.0,100.0
10,Spadina-Fort York,Spadina--Fort York,1465,"Total - Owner and tenant households with household total income greater than zero, in non-farm, non-reserve private dwellings by shelter-cost-to-income ratio - 25% sample data",housing_shelter_total,79555.0,100.0
10,Spadina-Fort York,Spadina--Fort York,1466,  Spending less than 30% of income on shelter costs,housing_shelter_under30,47630.0,59.9
10,Spadina-Fort York,Spadina--Fort York,1467,  Spending 30% or more of income on shelter costs,housing_shelter_30plus,31930.0,40.1
10,Spadina-Fort York,Spadina--Fort York,1468,    30% to less than 100%,housing_shelter_30_100,26030.0,32.7
10,Spadina-Fort York,Spadina--Fort York,1479,"Total - Owner and tenant households with household total income greater than zero and shelter-cost-to-income ratio less than 100%, in non-farm, non-reserve private dwellings - 25% sample data",housing_core_need_total,73655.0,100.0
10,Spadina-Fort York,Spadina--Fort York,1480,  In core need,housing_core_need_yes,10755.0,14.6
10,Spadina-Fort York,Spadina--Fort York,1481,  Not in core need,housing_core_need_no,62905.0,85.4
10,Spadina-Fort York,Spadina--Fort York,1482,"Total - Owner households in non-farm, non-reserve private dwellings - 25% sample data",housing_owner_total,33850.0,
10,Spadina-Fort York,Spadina--Fort York,1483,  % of owner households with a mortgage,housing_owner_mortgage_pct,72.5,72.5
10,Spadina-Fort York,Spadina--Fort York,1484,  % of owner households spending 30% or more of its income on shelter costs,housing_owner_shelter_30plus_pct,35.2,35.2
10,Spadina-Fort York,Spadina--Fort York,1485,  % in core housing need,housing_owner_core_need_pct,10.6,10.6
10,Spadina-Fort York,Spadina--Fort York,1522,Total - Citizenship for the population in private households - 25% sample data,citizen_total,135405.0,100.0
10,Spadina-Fort York,Spadina--Fort York,1523,  Canadian citizens,citizen_canadian,105250.0,77.7
10,Spadina-Fort York,Spadina--Fort York,1524,    Canadian citizens aged under 18,citizen_canadian_under18,9245.0,6.8
10,Spadina-Fort York,Spadina--Fort York,1525,    Canadian citizens aged 18 and over,citizen_canadian_18over,96000.0,70.9
10,Spadina-Fort York,Spadina--Fort York,1526,  Not Canadian citizens,citizen_not_canadian,30155.0,22.3
10,Spadina-Fort York,Spadina--Fort York,1683,Total - Visible minority for the population in private households - 25% sample data,visible_minority_total,135400.0,100.0
10,Spadina-Fort York,Spadina--Fort York,1684,  Total visible minority population,visible_minority_yes,70400.0,52.0
10,Spadina-Fort York,Spadina--Fort York,1685,    South Asian,visible_minority_south_asian,17365.0,12.8
10,Spadina-Fort York,Spadina--Fort York,1686,    Chinese,visible_minority_chinese,19660.0,14.5
10,Spadina-Fort York,Spadina--Fort York,1687,    Black,visible_minority_black,8265.0,6.1
10,Spadina-Fort York,Spadina--Fort York,1688,    Filipino,visible_minority_filipino,3465.0,2.6
10,Spadina-Fort York,Spadina--Fort York,1689,    Arab,visible_minority_arab,3150.0,2.3
10,Spadina-Fort York,Spadina--Fort York,1690,    Latin American,visible_minority_latin_american,4660.0,3.4
10,Spadina-Fort York,Spadina--Fort York,1691,    Southeast Asian,visible_minority_southeast_asian,2740.0,2.0
10,Spadina-Fort York,Spadina--Fort York,1692,    West Asian,visible_minority_west_asian,2560.0,1.9
10,Spadina-Fort York,Spadina--Fort York,1693,    Korean,visible_minority_korean,2415.0,1.8
10,Spadina-Fort York,Spadina--Fort York,1694,    Japanese,visible_minority_japanese,970.0,0.7
10,Spadina-Fort York,Spadina--Fort York,1695,"    Visible minority, n.i.e.",visible_minority_nie,1440.0,1.1
10,Spadina-Fort York,Spadina--Fort York,1696,    Multiple visible minorities,visible_minority_multiple,3705.0,2.7
10,Spadina-Fort York,Spadina--Fort York,1697,  Not a visible minority,visible_minority_no,65000.0,48.0
10,Spadina-Fort York,Spadina--Fort York,1983,Total - Mobility status 5 years ago - 25% sample data,mobility_total,130980.0,100.0
10,Spadina-Fort York,Spadina--Fort York,1984,  Non-movers,mobility_non_movers,45275.0,34.6
10,Spadina-Fort York,Spadina--Fort York,1985,  Movers,mobility_movers,85705.0,65.4
10,Spadina-Fort York,Spadina--Fort York,1986,    Non-migrants,mobility_non_migrants,36135.0,27.6
10,Spadina-Fort York,Spadina--Fort York,1987,    Migrants,mobility_migrants,49570.0,37.8
10,Spadina-Fort York,Spadina--Fort York,1988,      Internal migrants,mobility_internal_migrants,30610.0,23.4
10,Spadina-Fort York,Spadina--Fort York,1989,        Intraprovincial migrants,mobility_intraprovincial_migrants,23335.0,17.8
10,Spadina-Fort York,Spadina--Fort York,1990,        Interprovincial migrants,mobility_interprovincial_migrants,7275.0,5.6
10,Spadina-Fort York,Spadina--Fort York,1991,      External migrants,mobility_external_migrants,18960.0,14.5
10,Spadina-Fort York,Spadina--Fort York,1998,"Total - Highest certificate, diploma or degree for the population aged 15 years and over in private households - 25% sample data",education_total,126135.0,100.0
10,Spadina-Fort York,Spadina--Fort York,1999,"  No certificate, diploma or degree",education_none,6555.0,5.2
10,Spadina-Fort York,Spadina--Fort York,2000,  High (secondary) school diploma or equivalency certificate,education_secondary,17105.0,13.6
10,Spadina-Fort York,Spadina--Fort York,2001,"  Postsecondary certificate, diploma or degree",education_postsec,102470.0,81.2
10,Spadina-Fort York,Spadina--Fort York,2002,    Postsecondary certificate or diploma below bachelor level,education_postsec_below_bachelor,19910.0,15.8
10,Spadina-Fort York,Spadina--Fort York,2003,      Apprenticeship or trades certificate or diploma,education_apprentice_trades,2285.0,1.8
10,Spadina-Fort York,Spadina--Fort York,2004,        Non-apprenticeship trades certificate or diploma,education_apprentice_non,1315.0,1.0
10,Spadina-Fort York,Spadina--Fort York,2005,        Apprenticeship certificate,education_apprentice_cert,970.0,0.8
10,Spadina-Fort York,Spadina--Fort York,2006,"      College, CEGEP or other non-university certificate or diploma",education_college,14670.0,11.6
10,Spadina-Fort York,Spadina--Fort York,2007,      University certificate or diploma below bachelor level,education_university_below_bachelor,2955.0,2.3
10,Spadina-Fort York,Spadina--Fort York,2008,    Bachelor's degree or higher,education_bachelor_higher,82565.0,65.5
10,Spadina-Fort York,Spadina--Fort York,2009,      Bachelor's degree,education_bachelor,52415.0,41.6
10,Spadina-Fort York,Spadina--Fort York,2010,      University certificate or diploma above bachelor level,education_university_above_bachelor,4220.0,3.3
10,Spadina-Fort York,Spadina--Fort York,2011,"      Degree in medicine, dentistry, veterinary medicine or optometry",education_medical_dental_vet,1545.0,1.2
10,Spadina-Fort York,Spadina--Fort York,2012,      Master's degree,education_masters,22025.0,17.5
10,Spadina-Fort York,Spadina--Fort York,2013,      Earned doctorate,education_doctorate,2360.0,1.9
10,Spadina-Fort York,Spadina--Fort York,2014,"Total - Highest certificate, diploma or degree for the population aged 25 to 64 years in private households - 25% sample data",education_25_64_total,102960.0,100.0
10,Spadina-Fort York,Spadina--Fort York,2015,"  No certificate, diploma or degree",education_25_64_none,2805.0,2.7
10,Spadina-Fort York,Spadina--Fort York,2016,  High (secondary) school diploma or equivalency certificate,education_25_64_secondary,10855.0,10.5
10,Spadina-Fort York,Spadina--Fort York,2017,"  Postsecondary certificate, diploma or degree",education_25_64_postsec,89305.0,86.7
10,Spadina-Fort York,Spadina--Fort York,2018,    Postsecondary certificate or diploma below bachelor level,education_25_64_postsec_below_bachelor,16390.0,15.9
10,Spadina-Fort York,Spadina--Fort York,2019,      Apprenticeship or trades certificate or diploma,education_25_64_apprentice_trades,1780.0,1.7
10,Spadina-Fort York,Spadina--Fort York,2020,        Non-apprenticeship trades certificate or diploma,education_25_64_apprentice_non,1020.0,1.0
10,Spadina-Fort York,Spadina--Fort York,2021,        Apprenticeship certificate,education_25_64_apprentice_cert,760.0,0.7
10,Spadina-Fort York,Spadina--Fort York,2022,"      College, CEGEP or other non-university certificate or diploma",education_25_64_college,12240.0,11.9
10,Spadina-Fort York,Spadina--Fort York,2023,      University certificate or diploma below bachelor level,education_25_64_university_below_bachelor,2370.0,2.3
10,Spadina-Fort York,Spadina--Fort York,2024,    Bachelor's degree or higher,education_25_64_bachelor_higher,72910.0,70.8
10,Spadina-Fort York,Spadina--Fort York,2025,      Bachelor's degree,education_25_64_bachelor,45155.0,43.9
10,Spadina-Fort York,Spadina--Fort York,2026,      University certificate or diploma above bachelor level,education_25_64_university_above_bachelor,3775.0,3.7
10,Spadina-Fort York,Spadina--Fort York,2027,"      Degree in medicine, dentistry, veterinary medicine or optometry",education_25_64_medical_dental_vet,1430.0,1.4
10,Spadina-Fort York,Spadina--Fort York,2028,      Master's degree,education_25_64_masters,20520.0,19.9
10,Spadina-Fort York,Spadina--Fort York,2029,      Earned doctorate,education_25_64_doctorate,2030.0,2.0
10,Spadina-Fort York,Spadina--Fort York,2246,Total - Labour force aged 15 years and over by occupation - Broad category - National Occupational Classification (NOC) 2021 - 25% sample data,labour_occupation_total,101755.0,100.0
10,Spadina-Fort York,Spadina--Fort York,2247,  Occupation - not applicable,labour_occupation_na,1985.0,2.0
10,Spadina-Fort York,Spadina--Fort York,2248,  All occupations,labour_occupation_all,99770.0,98.0
10,Spadina-Fort York,Spadina--Fort York,2249,    0 Legislative and senior management occupations,labour_occupation_0_management,2275.0,2.2
10,Spadina-Fort York,Spadina--Fort York,2250,"    1 Business, finance and administration occupations",labour_occupation_1_business_finance,31000.0,30.5
10,Spadina-Fort York,Spadina--Fort York,2251,    2 Natural and applied sciences and related occupations,labour_occupation_2_science,16480.0,16.2
10,Spadina-Fort York,Spadina--Fort York,2252,    3 Health occupations,labour_occupation_3_health,5220.0,5.1
10,Spadina-Fort York,Spadina--Fort York,2253,"    4 Occupations in education, law and social, community and government services",labour_occupation_4_education_law_social,11445.0,11.2
10,Spadina-Fort York,Spadina--Fort York,2254,"    5 Occupations in art, culture, recreation and sport",labour_occupation_5_arts_culture,8230.0,8.1
10,Spadina-Fort York,Spadina--Fort York,2255,    6 Sales and service occupations,labour_occupation_6_sales_service,18930.0,18.6
10,Spadina-Fort York,Spadina--Fort York,2256,"    7 Trades, transport and equipment operators and related occupations",labour_occupation_7_trades_transport,5085.0,5.0
10,Spadina-Fort York,Spadina--Fort York,2257,"    8 Natural resources, agriculture and related production occupations",labour_occupation_8_natural_resources,240.0,0.2
10,Spadina-Fort York,Spadina--Fort York,2258,    9 Occupations in manufacturing and utilities,labour_occupation_9_manufacturing,870.0,0.9
10,Spadina-Fort York,Spadina--Fort York,2259,Total - Labour force aged 15 years and over by industry - Sectors - North American Industry Classification System (NAICS) 2017 - 25% sample data,labour_industry_total,101755.0,100.0
10,Spadina-Fort York,Spadina--Fort York,2260,  Industry - not applicable,labour_industry_na,1985.0,2.0
10,Spadina-Fort York,Spadina--Fort York,2261,  All industries,labour_industry_all,99770.0,98.0
10,Spadina-Fort York,Spadina--Fort York,2262,"    11 Agriculture, forestry, fishing and hunting",labour_industry_11_agriculture,140.0,0.1
10,Spadina-Fort York,Spadina--Fort York,2263,"    21 Mining, quarrying, and oil and gas extraction",labour_industry_21_mining,270.0,0.3
10,Spadina-Fort York,Spadina--Fort York,2264,    22 Utilities,labour_industry_22_utilities,475.0,0.5
10,Spadina-Fort York,Spadina--Fort York,2265,    23 Construction,labour_industry_23_construction,2805.0,2.8
10,Spadina-Fort York,Spadina--Fort York,2266,    31-33 Manufacturing,labour_industry_31_33_manufacturing,2960.0,2.9
10,Spadina-Fort York,Spadina--Fort York,2267,    41 Wholesale trade,labour_industry_41_wholesale,2920.0,2.9
10,Spadina-Fort York,Spadina--Fort York,2268,    44-45 Retail trade,labour_industry_44_45_retail,7015.0,6.9
10,Spadina-Fort York,Spadina--Fort York,2269,    48-49 Transportation and warehousing,labour_industry_48_49_transportation,2475.0,2.4
10,Spadina-Fort York,Spadina--Fort York,2270,    51 Information and cultural industries,labour_industry_51_information,6690.0,6.6
10,Spadina-Fort York,Spadina--Fort York,2271,    52 Finance and insurance,labour_industry_52_finance,15270.0,15.0
10,Spadina-Fort York,Spadina--Fort York,2272,    53 Real estate and rental and leasing,labour_industry_53_real_estate,2945.0,2.9
10,Spadina-Fort York,Spadina--Fort York,2273,"    54 Professional, scientific and technical services",labour_industry_54_professional,24890.0,24.5
10,Spadina-Fort York,Spadina--Fort York,2274,    55 Management of companies and enterprises,labour_industry_55_management,1150.0,1.1
10,Spadina-Fort York,Spadina--Fort York,2275,"    56 Administrative and support, waste management and remediation services",labour_industry_56_administrative,2880.0,2.8
10,Spadina-Fort York,Spadina--Fort York,2276,    61 Educational services,labour_industry_61_education,5300.0,5.2
10,Spadina-Fort York,Spadina--Fort York,2277,    62 Health care and social assistance,labour_industry_62_healthcare,7550.0,7.4
10,Spadina-Fort York,Spadina--Fort York,2278,"    71 Arts, entertainment and recreation",labour_industry_71_arts,2735.0,2.7
10,Spadina-Fort York,Spadina--Fort York,2279,    72 Accommodation and food services,labour_industry_72_accommodation,4655.0,4.6
10,Spadina-Fort York,Spadina--Fort York,2280,    81 Other services (except public administration),labour_industry_81_other_services,2890.0,2.8
10,Spadina-Fort York,Spadina--Fort York,2281,    91 Public administration,labour_industry_91_public_admin,3755.0,3.7
10,Spadina-Fort York,Spadina--Fort York,2603,Total - Main mode of commuting for the employed labour force aged 15 years and over with a usual place of work or no fixed workplace address - 25% sample data,commute_mode_total,33805.0,100.0
10,Spadina-Fort York,Spadina--Fort York,2604,"  Car, truck or van",commute_mode_car_truck_van,12550.0,37.1
10,Spadina-Fort York,Spadina--Fort York,2605,"    Car, truck or van - as a driver",commute_mode_car_driver,11120.0,32.9
10,Spadina-Fort York,Spadina--Fort York,2606,"    Car, truck or van - as a passenger",commute_mode_car_passenger,1430.0,4.2
10,Spadina-Fort York,Spadina--Fort York,2607,  Public transit,commute_mode_transit,7805.0,23.1
10,Spadina-Fort York,Spadina--Fort York,2608,  Walked,commute_mode_walked,9855.0,29.2
10,Spadina-Fort York,Spadina--Fort York,2609,  Bicycle,commute_mode_bicycle,1660.0,4.9
10,Spadina-Fort York,Spadina--Fort York,2610,  Other method,commute_mode_other,1935.0,5.7
10,Spadina-Fort York,Spadina--Fort York,2611,Total - Commuting duration for the employed labour force aged 15 years and over with a usual place of work or no fixed workplace address - 25% sample data,commute_duration_total,33805.0,100.0
10,Spadina-Fort York,Spadina--Fort York,2612,  Less than 15 minutes,commute_duration_under15,6780.0,20.1
10,Spadina-Fort York,Spadina--Fort York,2613,  15 to 29 minutes,commute_duration_15_29,11945.0,35.3
10,Spadina-Fort York,Spadina--Fort York,2614,  30 to 44 minutes,commute_duration_30_44,9170.0,27.1
10,Spadina-Fort York,Spadina--Fort York,2615,  45 to 59 minutes,commute_duration_45_59,2985.0,8.8
10,Spadina-Fort York,Spadina--Fort York,2616,  60 minutes and over,commute_duration_60plus,2920.0,8.6
11,University-Rosedale,University--Rosedale,1,"Population, 2021",pop_2021,106216.0,
11,University-Rosedale,University--Rosedale,2,"Population, 2016",pop_2016,104311.0,
11,University-Rosedale,University--Rosedale,3,"Population percentage change, 2016 to 2021",pop_pct_change,1.8,1.8
11,University-Rosedale,University--Rosedale,6,Population density per square kilometre,pop_density,7828.0,7828.0
11,University-Rosedale,University--Rosedale,34,Total - Distribution (%) of the population by broad age groups - 100% data,age_total_dist,100.0,100.0
11,University-Rosedale,University--Rosedale,35,  0 to 14 years,age_0_14,8.5,8.5
11,University-Rosedale,University--Rosedale,36,  15 to 64 years,age_15_64,72.9,72.9
11,University-Rosedale,University--Rosedale,37,  65 years and over,age_65_over,18.6,18.6
11,University-Rosedale,University--Rosedale,38,    85 years and over,age_85_over,3.1,3.1
11,University-Rosedale,University--Rosedale,39,Average age of the population,age_mean,42.3,42.3
11,University-Rosedale,University--Rosedale,40,Median age of the population,age_median,37.2,37.2
11,University-Rosedale,University--Rosedale,50,Total - Private households by household size - 100% data,pvt_house_total,53550.0,100.0
11,University-Rosedale,University--Rosedale,51,  1 person,pvt_house_1,24400.0,45.6
11,University-Rosedale,University--Rosedale,52,  2 persons,pvt_house_2,17845.0,33.3
11,University-Rosedale,University--Rosedale,53,  3 persons,pvt_house_3,5615.0,10.5
11,University-Rosedale,University--Rosedale,54,  4 persons,pvt_house_4,3875.0,7.2
11,University-Rosedale,University--Rosedale,55,  5 or more persons,pvt_house_5plus,1815.0,3.4
11,University-Rosedale,University--Rosedale,56,Number of persons in private households,pvt_house_persons,102330.0,100.0
11,University-Rosedale,University--Rosedale,57,Average household size,pvt_house_avg_size,1.9,1.9
11,University-Rosedale,University--Rosedale,111,Total - Income statistics in 2020 for the population aged 15 years and over in private households - 100% data,income_total,93380.0,100.0
11,University-Rosedale,University--Rosedale,112,  Number of total income recipients aged 15 years and over in private households in 2020 - 100% data,income_total_recip,89790.0,96.2
11,University-Rosedale,University--Rosedale,113,    Median total income in 2020 among recipients ($),income_total_median,47200.0,47200.0
11,University-Rosedale,University--Rosedale,114,  Number of after-tax income recipients aged 15 years and over in private households in 2020 - 100% data,income_aftertax_recip,89825.0,96.2
11,University-Rosedale,University--Rosedale,115,    Median after-tax income in 2020 among recipients ($),income_aftertax_median,42000.0,42000.0
11,University-Rosedale,University--Rosedale,116,  Number of market income recipients aged 15 years and over in private households in 2020 - 100% data,income_market_recip,82605.0,88.5
11,University-Rosedale,University--Rosedale,117,    Median market income in 2020 among recipients ($),income_market_median,46000.0,46000.0
11,University-Rosedale,University--Rosedale,118,  Number of employment income recipients aged 15 years and over in private households in 2020 - 100% data,income_emp_recip,66035.0,70.7
11,University-Rosedale,University--Rosedale,119,    Median employment income in 2020 among recipients ($),income_emp_median,45600.0,45600.0
11,University-Rosedale,University--Rosedale,120,  Number of government transfers recipients aged 15 years and over in private households in 2020 - 100% data,income_govtrans_recip,80175.0,85.9
11,University-Rosedale,University--Rosedale,121,    Median government transfers in 2020 among recipients ($),income_govtrans_median,5360.0,5360.0
11,University-Rosedale,University--Rosedale,122,  Number of employment insurance benefits recipients aged 15 years and over in private households in 2020 - 100% data,income_ei_recip,6230.0,6.7
11,University-Rosedale,University--Rosedale,123,    Median employment insurance benefits in 2020 among recipients ($),income_ei_median,5480.0,5480.0
11,University-Rosedale,University--Rosedale,124,  Number of COVID-19 emergency and recovery benefits recipients aged 15 years and over in private households in 2020 - 100% data,income_covid_recip,25730.0,27.6
11,University-Rosedale,University--Rosedale,125,    Median COVID-19 emergency and recovery benefits in 2020 among recipients ($),income_covid_median,10000.0,10000.0
11,University-Rosedale,University--Rosedale,345,"Prevalence of low income based on the Low-income measure, after tax (LIM-AT) (%)",lim_at_prev,15.5,15.5
11,University-Rosedale,University--Rosedale,346,  0 to 17 years (%),lim_at_0_17,12.3,12.3
11,University-Rosedale,University--Rosedale,347,    0 to 5 years (%),lim_at_0_5,13.3,13.3
11,University-Rosedale,University--Rosedale,348,  18 to 64 years (%),lim_at_18_64,16.5,16.5
11,University-Rosedale,University--Rosedale,349,  65 years and over (%),lim_at_65_over,13.4,13.4
11,University-Rosedale,University--Rosedale,365,Total - Adjusted after-tax economic family income decile group for the population in private households - 100% data,income_decile_total,102335.0,100.0
11,University-Rosedale,University--Rosedale,366,  In bottom half of the distribution,income_decile_bottom_half,44880.0,43.9
11,University-Rosedale,University--Rosedale,367,    In bottom decile,income_decile_1,17060.0,16.7
11,University-Rosedale,University--Rosedale,368,    In second decile,income_decile_2,8500.0,8.3
11,University-Rosedale,University--Rosedale,369,    In third decile,income_decile_3,6820.0,6.7
11,University-Rosedale,University--Rosedale,370,    In fourth decile,income_decile_4,6395.0,6.2
11,University-Rosedale,University--Rosedale,371,    In fifth decile,income_decile_5,6100.0,6.0
11,University-Rosedale,University--Rosedale,372,  In top half of the distribution,income_decile_top_half,57460.0,56.1
11,University-Rosedale,University--Rosedale,373,    In sixth decile,income_decile_6,6285.0,6.1
11,University-Rosedale,University--Rosedale,374,    In seventh decile,income_decile_7,6880.0,6.7
11,University-Rosedale,University--Rosedale,375,    In eighth decile,income_decile_8,7515.0,7.3
11,University-Rosedale,University--Rosedale,376,    In ninth decile,income_decile_9,9905.0,9.7
11,University-Rosedale,University--Rosedale,377,    In top decile,income_decile_10,26875.0,26.3
11,University-Rosedale,University--Rosedale,378,Total - Inequality measures for the population in private households - 100% data,gini_measures,102330.0,102330.0
11,University-Rosedale,University--Rosedale,379,  Gini index on adjusted household total income,gini_total_income,0.596,0.596
11,University-Rosedale,University--Rosedale,380,  Gini index on adjusted household market income,gini_market_income,0.653,0.653
11,University-Rosedale,University--Rosedale,381,  Gini index on adjusted household after-tax income,gini_aftertax_income,0.522,0.522
11,University-Rosedale,University--Rosedale,382,  P90/P10 ratio on adjusted household after-tax income,gini_p90_p10,8.5,8.5
11,University-Rosedale,University--Rosedale,1414,Total - Private households by tenure - 25% sample data,housing_tenure_total,53505.0,100.0
11,University-Rosedale,University--Rosedale,1415,  Owner,housing_tenure_owner,23085.0,43.1
11,University-Rosedale,University--Rosedale,1416,  Renter,housing_tenure_renter,30420.0,56.9
11,University-Rosedale,University--Rosedale,1417,"  Dwelling provided by the local government, First Nation or Indian band",housing_tenure_provided,0.0,0.0
11,University-Rosedale,University--Rosedale,1418,Total - Occupied private dwellings by condominium status - 25% sample data,housing_condo_total,53505.0,100.0
11,University-Rosedale,University--Rosedale,1465,"Total - Owner and tenant households with household total income greater than zero, in non-farm, non-reserve private dwellings by shelter-cost-to-income ratio - 25% sample data",housing_shelter_total,52745.0,100.0
11,University-Rosedale,University--Rosedale,1466,  Spending less than 30% of income on shelter costs,housing_shelter_under30,31345.0,59.4
11,University-Rosedale,University--Rosedale,1467,  Spending 30% or more of income on shelter costs,housing_shelter_30plus,21400.0,40.6
11,University-Rosedale,University--Rosedale,1468,    30% to less than 100%,housing_shelter_30_100,16530.0,31.3
11,University-Rosedale,University--Rosedale,1479,"Total - Owner and tenant households with household total income greater than zero and shelter-cost-to-income ratio less than 100%, in non-farm, non-reserve private dwellings - 25% sample data",housing_core_need_total,47880.0,100.0
11,University-Rosedale,University--Rosedale,1480,  In core need,housing_core_need_yes,8375.0,17.5
11,University-Rosedale,University--Rosedale,1481,  Not in core need,housing_core_need_no,39505.0,82.5
11,University-Rosedale,University--Rosedale,1482,"Total - Owner households in non-farm, non-reserve private dwellings - 25% sample data",housing_owner_total,23085.0,
11,University-Rosedale,University--Rosedale,1483,  % of owner households with a mortgage,housing_owner_mortgage_pct,45.3,45.3
11,University-Rosedale,University--Rosedale,1484,  % of owner households spending 30% or more of its income on shelter costs,housing_owner_shelter_30plus_pct,29.8,29.8
11,University-Rosedale,University--Rosedale,1485,  % in core housing need,housing_owner_core_need_pct,10.5,10.5
11,University-Rosedale,University--Rosedale,1522,Total - Citizenship for the population in private households - 25% sample data,citizen_total,102385.0,100.0
11,University-Rosedale,University--Rosedale,1523,  Canadian citizens,citizen_canadian,84435.0,82.5
11,University-Rosedale,University--Rosedale,1524,    Canadian citizens aged under 18,citizen_canadian_under18,9710.0,9.5
11,University-Rosedale,University--Rosedale,1525,    Canadian citizens aged 18 and over,citizen_canadian_18over,74725.0,73.0
11,University-Rosedale,University--Rosedale,1526,  Not Canadian citizens,citizen_not_canadian,17950.0,17.5
11,University-Rosedale,University--Rosedale,1683,Total - Visible minority for the population in private households - 25% sample data,visible_minority_total,102385.0,100.0
11,University-Rosedale,University--Rosedale,1684,  Total visible minority population,visible_minority_yes,38440.0,37.5
11,University-Rosedale,University--Rosedale,1685,    South Asian,visible_minority_south_asian,6215.0,6.1
11,University-Rosedale,University--Rosedale,1686,    Chinese,visible_minority_chinese,14725.0,14.4
11,University-Rosedale,University--Rosedale,1687,    Black,visible_minority_black,3550.0,3.5
11,University-Rosedale,University--Rosedale,1688,    Filipino,visible_minority_filipino,1390.0,1.4
11,University-Rosedale,University--Rosedale,1689,    Arab,visible_minority_arab,1650.0,1.6
11,University-Rosedale,University--Rosedale,1690,    Latin American,visible_minority_latin_american,2265.0,2.2
11,University-Rosedale,University--Rosedale,1691,    Southeast Asian,visible_minority_southeast_asian,1290.0,1.3
11,University-Rosedale,University--Rosedale,1692,    West Asian,visible_minority_west_asian,1605.0,1.6
11,University-Rosedale,University--Rosedale,1693,    Korean,visible_minority_korean,2195.0,2.1
11,University-Rosedale,University--Rosedale,1694,    Japanese,visible_minority_japanese,955.0,0.9
11,University-Rosedale,University--Rosedale,1695,"    Visible minority, n.i.e.",visible_minority_nie,580.0,0.6
11,University-Rosedale,University--Rosedale,1696,    Multiple visible minorities,visible_minority_multiple,2010.0,2.0
11,University-Rosedale,University--Rosedale,1697,  Not a visible minority,visible_minority_no,63940.0,62.5
11,University-Rosedale,University--Rosedale,1983,Total - Mobility status 5 years ago - 25% sample data,mobility_total,99250.0,100.0
11,University-Rosedale,University--Rosedale,1984,  Non-movers,mobility_non_movers,50260.0,50.6
11,University-Rosedale,University--Rosedale,1985,  Movers,mobility_movers,48990.0,49.4
11,University-Rosedale,University--Rosedale,1986,    Non-migrants,mobility_non_migrants,24505.0,24.7
11,University-Rosedale,University--Rosedale,1987,    Migrants,mobility_migrants,24485.0,24.7
11,University-Rosedale,University--Rosedale,1988,      Internal migrants,mobility_internal_migrants,13145.0,13.2
11,University-Rosedale,University--Rosedale,1989,        Intraprovincial migrants,mobility_intraprovincial_migrants,8980.0,9.0
11,University-Rosedale,University--Rosedale,1990,        Interprovincial migrants,mobility_interprovincial_migrants,4175.0,4.2
11,University-Rosedale,University--Rosedale,1991,      External migrants,mobility_external_migrants,11335.0,11.4
11,University-Rosedale,University--Rosedale,1998,"Total - Highest certificate, diploma or degree for the population aged 15 years and over in private households - 25% sample data",education_total,93395.0,100.0
11,University-Rosedale,University--Rosedale,1999,"  No certificate, diploma or degree",education_none,7250.0,7.8
11,University-Rosedale,University--Rosedale,2000,  High (secondary) school diploma or equivalency certificate,education_secondary,16045.0,17.2
11,University-Rosedale,University--Rosedale,2001,"  Postsecondary certificate, diploma or degree",education_postsec,70110.0,75.1
11,University-Rosedale,University--Rosedale,2002,    Postsecondary certificate or diploma below bachelor level,education_postsec_below_bachelor,12705.0,13.6
11,University-Rosedale,University--Rosedale,2003,      Apprenticeship or trades certificate or diploma,education_apprentice_trades,1690.0,1.8
11,University-Rosedale,University--Rosedale,2004,        Non-apprenticeship trades certificate or diploma,education_apprentice_non,970.0,1.0
11,University-Rosedale,University--Rosedale,2005,        Apprenticeship certificate,education_apprentice_cert,720.0,0.8
11,University-Rosedale,University--Rosedale,2006,"      College, CEGEP or other non-university certificate or diploma",education_college,9160.0,9.8
11,University-Rosedale,University--Rosedale,2007,      University certificate or diploma below bachelor level,education_university_below_bachelor,1850.0,2.0
11,University-Rosedale,University--Rosedale,2008,    Bachelor's degree or higher,education_bachelor_higher,57405.0,61.5
11,University-Rosedale,University--Rosedale,2009,      Bachelor's degree,education_bachelor,31820.0,34.1
11,University-Rosedale,University--Rosedale,2010,      University certificate or diploma above bachelor level,education_university_above_bachelor,2925.0,3.1
11,University-Rosedale,University--Rosedale,2011,"      Degree in medicine, dentistry, veterinary medicine or optometry",education_medical_dental_vet,2105.0,2.3
11,University-Rosedale,University--Rosedale,2012,      Master's degree,education_masters,16555.0,17.7
11,University-Rosedale,University--Rosedale,2013,      Earned doctorate,education_doctorate,4005.0,4.3
11,University-Rosedale,University--Rosedale,2014,"Total - Highest certificate, diploma or degree for the population aged 25 to 64 years in private households - 25% sample data",education_25_64_total,62110.0,100.0
11,University-Rosedale,University--Rosedale,2015,"  No certificate, diploma or degree",education_25_64_none,2195.0,3.5
11,University-Rosedale,University--Rosedale,2016,  High (secondary) school diploma or equivalency certificate,education_25_64_secondary,7495.0,12.1
11,University-Rosedale,University--Rosedale,2017,"  Postsecondary certificate, diploma or degree",education_25_64_postsec,52425.0,84.4
11,University-Rosedale,University--Rosedale,2018,    Postsecondary certificate or diploma below bachelor level,education_25_64_postsec_below_bachelor,8990.0,14.5
11,University-Rosedale,University--Rosedale,2019,      Apprenticeship or trades certificate or diploma,education_25_64_apprentice_trades,1145.0,1.8
11,University-Rosedale,University--Rosedale,2020,        Non-apprenticeship trades certificate or diploma,education_25_64_apprentice_non,685.0,1.1
11,University-Rosedale,University--Rosedale,2021,        Apprenticeship certificate,education_25_64_apprentice_cert,460.0,0.7
11,University-Rosedale,University--Rosedale,2022,"      College, CEGEP or other non-university certificate or diploma",education_25_64_college,6630.0,10.7
11,University-Rosedale,University--Rosedale,2023,      University certificate or diploma below bachelor level,education_25_64_university_below_bachelor,1215.0,2.0
11,University-Rosedale,University--Rosedale,2024,    Bachelor's degree or higher,education_25_64_bachelor_higher,43430.0,69.9
11,University-Rosedale,University--Rosedale,2025,      Bachelor's degree,education_25_64_bachelor,23200.0,37.4
11,University-Rosedale,University--Rosedale,2026,      University certificate or diploma above bachelor level,education_25_64_university_above_bachelor,2155.0,3.5
11,University-Rosedale,University--Rosedale,2027,"      Degree in medicine, dentistry, veterinary medicine or optometry",education_25_64_medical_dental_vet,1665.0,2.7
11,University-Rosedale,University--Rosedale,2028,      Master's degree,education_25_64_masters,13465.0,21.7
11,University-Rosedale,University--Rosedale,2029,      Earned doctorate,education_25_64_doctorate,2950.0,4.7
11,University-Rosedale,University--Rosedale,2246,Total - Labour force aged 15 years and over by occupation - Broad category - National Occupational Classification (NOC) 2021 - 25% sample data,labour_occupation_total,63255.0,100.0
11,University-Rosedale,University--Rosedale,2247,  Occupation - not applicable,labour_occupation_na,1795.0,2.8
11,University-Rosedale,University--Rosedale,2248,  All occupations,labour_occupation_all,61455.0,97.2
11,University-Rosedale,University--Rosedale,2249,    0 Legislative and senior management occupations,labour_occupation_0_management,1970.0,3.1
11,University-Rosedale,University--Rosedale,2250,"    1 Business, finance and administration occupations",labour_occupation_1_business_finance,14415.0,22.8
11,University-Rosedale,University--Rosedale,2251,    2 Natural and applied sciences and related occupations,labour_occupation_2_science,7305.0,11.5
11,University-Rosedale,University--Rosedale,2252,    3 Health occupations,labour_occupation_3_health,4405.0,7.0
11,University-Rosedale,University--Rosedale,2253,"    4 Occupations in education, law and social, community and government services",labour_occupation_4_education_law_social,11065.0,17.5
11,University-Rosedale,University--Rosedale,2254,"    5 Occupations in art, culture, recreation and sport",labour_occupation_5_arts_culture,6540.0,10.3
11,University-Rosedale,University--Rosedale,2255,    6 Sales and service occupations,labour_occupation_6_sales_service,11875.0,18.8
11,University-Rosedale,University--Rosedale,2256,"    7 Trades, transport and equipment operators and related occupations",labour_occupation_7_trades_transport,2965.0,4.7
11,University-Rosedale,University--Rosedale,2257,"    8 Natural resources, agriculture and related production occupations",labour_occupation_8_natural_resources,330.0,0.5
11,University-Rosedale,University--Rosedale,2258,    9 Occupations in manufacturing and utilities,labour_occupation_9_manufacturing,590.0,0.9
11,University-Rosedale,University--Rosedale,2259,Total - Labour force aged 15 years and over by industry - Sectors - North American Industry Classification System (NAICS) 2017 - 25% sample data,labour_industry_total,63255.0,100.0
11,University-Rosedale,University--Rosedale,2260,  Industry - not applicable,labour_industry_na,1795.0,2.8
11,University-Rosedale,University--Rosedale,2261,  All industries,labour_industry_all,61455.0,97.2
11,University-Rosedale,University--Rosedale,2262,"    11 Agriculture, forestry, fishing and hunting",labour_industry_11_agriculture,130.0,0.2
11,University-Rosedale,University--Rosedale,2263,"    21 Mining, quarrying, and oil and gas extraction",labour_industry_21_mining,125.0,0.2
11,University-Rosedale,University--Rosedale,2264,    22 Utilities,labour_industry_22_utilities,215.0,0.3
11,University-Rosedale,University--Rosedale,2265,    23 Construction,labour_industry_23_construction,1620.0,2.6
11,University-Rosedale,University--Rosedale,2266,    31-33 Manufacturing,labour_industry_31_33_manufacturing,1645.0,2.6
11,University-Rosedale,University--Rosedale,2267,    41 Wholesale trade,labour_industry_41_wholesale,1320.0,2.1
11,University-Rosedale,University--Rosedale,2268,    44-45 Retail trade,labour_industry_44_45_retail,4705.0,7.4
11,University-Rosedale,University--Rosedale,2269,    48-49 Transportation and warehousing,labour_industry_48_49_transportation,1080.0,1.7
11,University-Rosedale,University--Rosedale,2270,    51 Information and cultural industries,labour_industry_51_information,3740.0,5.9
11,University-Rosedale,University--Rosedale,2271,    52 Finance and insurance,labour_industry_52_finance,6045.0,9.6
11,University-Rosedale,University--Rosedale,2272,    53 Real estate and rental and leasing,labour_industry_53_real_estate,2075.0,3.3
11,University-Rosedale,University--Rosedale,2273,"    54 Professional, scientific and technical services",labour_industry_54_professional,12765.0,20.2
11,University-Rosedale,University--Rosedale,2274,    55 Management of companies and enterprises,labour_industry_55_management,430.0,0.7
11,University-Rosedale,University--Rosedale,2275,"    56 Administrative and support, waste management and remediation services",labour_industry_56_administrative,1750.0,2.8
11,University-Rosedale,University--Rosedale,2276,    61 Educational services,labour_industry_61_education,6725.0,10.6
11,University-Rosedale,University--Rosedale,2277,    62 Health care and social assistance,labour_industry_62_healthcare,6380.0,10.1
11,University-Rosedale,University--Rosedale,2278,"    71 Arts, entertainment and recreation",labour_industry_71_arts,2495.0,3.9
11,University-Rosedale,University--Rosedale,2279,    72 Accommodation and food services,labour_industry_72_accommodation,3395.0,5.4
11,University-Rosedale,University--Rosedale,2280,    81 Other services (except public administration),labour_industry_81_other_services,2315.0,3.7
11,University-Rosedale,University--Rosedale,2281,    91 Public administration,labour_industry_91_public_admin,2495.0,3.9
11,University-Rosedale,University--Rosedale,2603,Total - Main mode of commuting for the employed labour force aged 15 years and over with a usual place of work or no fixed workplace address - 25% sample data,commute_mode_total,24425.0,100.0
11,University-Rosedale,University--Rosedale,2604,"  Car, truck or van",commute_mode_car_truck_van,8960.0,36.7
11,University-Rosedale,University--Rosedale,2605,"    Car, truck or van - as a driver",commute_mode_car_driver,7885.0,32.3
11,University-Rosedale,University--Rosedale,2606,"    Car, truck or van - as a passenger",commute_mode_car_passenger,1075.0,4.4
11,University-Rosedale,University--Rosedale,2607,  Public transit,commute_mode_transit,5945.0,24.3
11,University-Rosedale,University--Rosedale,2608,  Walked,commute_mode_walked,6505.0,26.6
11,University-Rosedale,University--Rosedale,2609,  Bicycle,commute_mode_bicycle,2025.0,8.3
11,University-Rosedale,University--Rosedale,2610,  Other method,commute_mode_other,995.0,4.1
11,University-Rosedale,University--Rosedale,2611,Total - Commuting duration for the employed labour force aged 15 years and over with a usual place of work or no fixed workplace address - 25% sample data,commute_duration_total,24425.0,100.0
11,University-Rosedale,University--Rosedale,2612,  Less than 15 minutes,commute_duration_under15,5750.0,23.5
11,University-Rosedale,University--Rosedale,2613,  15 to 29 minutes,commute_duration_15_29,8935.0,36.6
11,University-Rosedale,University--Rosedale,2614,  30 to 44 minutes,commute_duration_30_44,6060.0,24.8
11,University-Rosedale,University--Rosedale,2615,  45 to 59 minutes,commute_duration_45_59,1960.0,8.0
11,University-Rosedale,University--Rosedale,2616,  60 minutes and over,commute_duration_60plus,1720.0,7.0
12,Toronto-St. Paul's,Toronto--St. Paul's,1,"Population, 2021",pop_2021,116953.0,
12,Toronto-St. Paul's,Toronto--St. Paul's,2,"Population, 2016",pop_2016,107900.0,
12,Toronto-St. Paul's,Toronto--St. Paul's,3,"Population percentage change, 2016 to 2021",pop_pct_change,8.4,8.4
12,Toronto-St. Paul's,Toronto--St. Paul's,6,Population density per square kilometre,pop_density,8914.8,8914.8
12,Toronto-St. Paul's,Toronto--St. Paul's,34,Total - Distribution (%) of the population by broad age groups - 100% data,age_total_dist,100.0,100.0
12,Toronto-St. Paul's,Toronto--St. Paul's,35,  0 to 14 years,age_0_14,11.6,11.6
12,Toronto-St. Paul's,Toronto--St. Paul's,36,  15 to 64 years,age_15_64,68.0,68.0
12,Toronto-St. Paul's,Toronto--St. Paul's,37,  65 years and over,age_65_over,20.5,20.5
12,Toronto-St. Paul's,Toronto--St. Paul's,38,    85 years and over,age_85_over,3.6,3.6
12,Toronto-St. Paul's,Toronto--St. Paul's,39,Average age of the population,age_mean,43.5,43.5
12,Toronto-St. Paul's,Toronto--St. Paul's,40,Median age of the population,age_median,40.4,40.4
12,Toronto-St. Paul's,Toronto--St. Paul's,50,Total - Private households by household size - 100% data,pvt_house_total,58395.0,100.0
12,Toronto-St. Paul's,Toronto--St. Paul's,51,  1 person,pvt_house_1,25760.0,44.1
12,Toronto-St. Paul's,Toronto--St. Paul's,52,  2 persons,pvt_house_2,19090.0,32.7
12,Toronto-St. Paul's,Toronto--St. Paul's,53,  3 persons,pvt_house_3,6590.0,11.3
12,Toronto-St. Paul's,Toronto--St. Paul's,54,  4 persons,pvt_house_4,4865.0,8.3
12,Toronto-St. Paul's,Toronto--St. Paul's,55,  5 or more persons,pvt_house_5plus,2090.0,3.6
12,Toronto-St. Paul's,Toronto--St. Paul's,56,Number of persons in private households,pvt_house_persons,114375.0,100.0
12,Toronto-St. Paul's,Toronto--St. Paul's,57,Average household size,pvt_house_avg_size,2.0,2.0
12,Toronto-St. Paul's,Toronto--St. Paul's,111,Total - Income statistics in 2020 for the population aged 15 years and over in private households - 100% data,income_total,100875.0,100.0
12,Toronto-St. Paul's,Toronto--St. Paul's,112,  Number of total income recipients aged 15 years and over in private households in 2020 - 100% data,income_total_recip,97185.0,96.3
12,Toronto-St. Paul's,Toronto--St. Paul's,113,    Median total income in 2020 among recipients ($),income_total_median,50400.0,50400.0
12,Toronto-St. Paul's,Toronto--St. Paul's,114,  Number of after-tax income recipients aged 15 years and over in private households in 2020 - 100% data,income_aftertax_recip,97255.0,96.4
12,Toronto-St. Paul's,Toronto--St. Paul's,115,    Median after-tax income in 2020 among recipients ($),income_aftertax_median,44400.0,44400.0
12,Toronto-St. Paul's,Toronto--St. Paul's,116,  Number of market income recipients aged 15 years and over in private households in 2020 - 100% data,income_market_recip,88950.0,88.2
12,Toronto-St. Paul's,Toronto--St. Paul's,117,    Median market income in 2020 among recipients ($),income_market_median,49200.0,49200.0
12,Toronto-St. Paul's,Toronto--St. Paul's,118,  Number of employment income recipients aged 15 years and over in private households in 2020 - 100% data,income_emp_recip,72910.0,72.3
12,Toronto-St. Paul's,Toronto--St. Paul's,119,    Median employment income in 2020 among recipients ($),income_emp_median,48400.0,48400.0
12,Toronto-St. Paul's,Toronto--St. Paul's,120,  Number of government transfers recipients aged 15 years and over in private households in 2020 - 100% data,income_govtrans_recip,86885.0,86.1
12,Toronto-St. Paul's,Toronto--St. Paul's,121,    Median government transfers in 2020 among recipients ($),income_govtrans_median,6360.0,6360.0
12,Toronto-St. Paul's,Toronto--St. Paul's,122,  Number of employment insurance benefits recipients aged 15 years and over in private households in 2020 - 100% data,income_ei_recip,7955.0,7.9
12,Toronto-St. Paul's,Toronto--St. Paul's,123,    Median employment insurance benefits in 2020 among recipients ($),income_ei_median,5560.0,5560.0
12,Toronto-St. Paul's,Toronto--St. Paul's,124,  Number of COVID-19 emergency and recovery benefits recipients aged 15 years and over in private households in 2020 - 100% data,income_covid_recip,26725.0,26.5
12,Toronto-St. Paul's,Toronto--St. Paul's,125,    Median COVID-19 emergency and recovery benefits in 2020 among recipients ($),income_covid_median,10000.0,10000.0
12,Toronto-St. Paul's,Toronto--St. Paul's,345,"Prevalence of low income based on the Low-income measure, after tax (LIM-AT) (%)",lim_at_prev,12.4,12.4
12,Toronto-St. Paul's,Toronto--St. Paul's,346,  0 to 17 years (%),lim_at_0_17,11.2,11.2
12,Toronto-St. Paul's,Toronto--St. Paul's,347,    0 to 5 years (%),lim_at_0_5,9.8,9.8
12,Toronto-St. Paul's,Toronto--St. Paul's,348,  18 to 64 years (%),lim_at_18_64,11.8,11.8
12,Toronto-St. Paul's,Toronto--St. Paul's,349,  65 years and over (%),lim_at_65_over,15.7,15.7
12,Toronto-St. Paul's,Toronto--St. Paul's,365,Total - Adjusted after-tax economic family income decile group for the population in private households - 100% data,income_decile_total,114380.0,100.0
12,Toronto-St. Paul's,Toronto--St. Paul's,366,  In bottom half of the distribution,income_decile_bottom_half,47205.0,41.3
12,Toronto-St. Paul's,Toronto--St. Paul's,367,    In bottom decile,income_decile_1,13255.0,11.6
12,Toronto-St. Paul's,Toronto--St. Paul's,368,    In second decile,income_decile_2,9220.0,8.1
12,Toronto-St. Paul's,Toronto--St. Paul's,369,    In third decile,income_decile_3,8295.0,7.3
12,Toronto-St. Paul's,Toronto--St. Paul's,370,    In fourth decile,income_decile_4,8180.0,7.2
12,Toronto-St. Paul's,Toronto--St. Paul's,371,    In fifth decile,income_decile_5,8255.0,7.2
12,Toronto-St. Paul's,Toronto--St. Paul's,372,  In top half of the distribution,income_decile_top_half,67170.0,58.7
12,Toronto-St. Paul's,Toronto--St. Paul's,373,    In sixth decile,income_decile_6,8560.0,7.5
12,Toronto-St. Paul's,Toronto--St. Paul's,374,    In seventh decile,income_decile_7,9030.0,7.9
12,Toronto-St. Paul's,Toronto--St. Paul's,375,    In eighth decile,income_decile_8,10015.0,8.8
12,Toronto-St. Paul's,Toronto--St. Paul's,376,    In ninth decile,income_decile_9,11670.0,10.2
12,Toronto-St. Paul's,Toronto--St. Paul's,377,    In top decile,income_decile_10,27895.0,24.4
12,Toronto-St. Paul's,Toronto--St. Paul's,378,Total - Inequality measures for the population in private households - 100% data,gini_measures,114375.0,114375.0
12,Toronto-St. Paul's,Toronto--St. Paul's,379,  Gini index on adjusted household total income,gini_total_income,0.557,0.557
12,Toronto-St. Paul's,Toronto--St. Paul's,380,  Gini index on adjusted household market income,gini_market_income,0.622,0.622
12,Toronto-St. Paul's,Toronto--St. Paul's,381,  Gini index on adjusted household after-tax income,gini_aftertax_income,0.483,0.483
12,Toronto-St. Paul's,Toronto--St. Paul's,382,  P90/P10 ratio on adjusted household after-tax income,gini_p90_p10,6.8,6.8
12,Toronto-St. Paul's,Toronto--St. Paul's,1414,Total - Private households by tenure - 25% sample data,housing_tenure_total,58110.0,100.0
12,Toronto-St. Paul's,Toronto--St. Paul's,1415,  Owner,housing_tenure_owner,22430.0,38.6
12,Toronto-St. Paul's,Toronto--St. Paul's,1416,  Renter,housing_tenure_renter,35680.0,61.4
12,Toronto-St. Paul's,Toronto--St. Paul's,1417,"  Dwelling provided by the local government, First Nation or Indian band",housing_tenure_provided,0.0,0.0
12,Toronto-St. Paul's,Toronto--St. Paul's,1418,Total - Occupied private dwellings by condominium status - 25% sample data,housing_condo_total,58110.0,100.0
12,Toronto-St. Paul's,Toronto--St. Paul's,1465,"Total - Owner and tenant households with household total income greater than zero, in non-farm, non-reserve private dwellings by shelter-cost-to-income ratio - 25% sample data",housing_shelter_total,57520.0,100.0
12,Toronto-St. Paul's,Toronto--St. Paul's,1466,  Spending less than 30% of income on shelter costs,housing_shelter_under30,36290.0,63.1
12,Toronto-St. Paul's,Toronto--St. Paul's,1467,  Spending 30% or more of income on shelter costs,housing_shelter_30plus,21235.0,36.9
12,Toronto-St. Paul's,Toronto--St. Paul's,1468,    30% to less than 100%,housing_shelter_30_100,18125.0,31.5
12,Toronto-St. Paul's,Toronto--St. Paul's,1479,"Total - Owner and tenant households with household total income greater than zero and shelter-cost-to-income ratio less than 100%, in non-farm, non-reserve private dwellings - 25% sample data",housing_core_need_total,54415.0,100.0
12,Toronto-St. Paul's,Toronto--St. Paul's,1480,  In core need,housing_core_need_yes,10550.0,19.4
12,Toronto-St. Paul's,Toronto--St. Paul's,1481,  Not in core need,housing_core_need_no,43865.0,80.6
12,Toronto-St. Paul's,Toronto--St. Paul's,1482,"Total - Owner households in non-farm, non-reserve private dwellings - 25% sample data",housing_owner_total,22430.0,
12,Toronto-St. Paul's,Toronto--St. Paul's,1483,  % of owner households with a mortgage,housing_owner_mortgage_pct,50.5,50.5
12,Toronto-St. Paul's,Toronto--St. Paul's,1484,  % of owner households spending 30% or more of its income on shelter costs,housing_owner_shelter_30plus_pct,24.8,24.8
12,Toronto-St. Paul's,Toronto--St. Paul's,1485,  % in core housing need,housing_owner_core_need_pct,8.2,8.2
12,Toronto-St. Paul's,Toronto--St. Paul's,1522,Total - Citizenship for the population in private households - 25% sample data,citizen_total,114095.0,100.0
12,Toronto-St. Paul's,Toronto--St. Paul's,1523,  Canadian citizens,citizen_canadian,95315.0,83.5
12,Toronto-St. Paul's,Toronto--St. Paul's,1524,    Canadian citizens aged under 18,citizen_canadian_under18,14400.0,12.6
12,Toronto-St. Paul's,Toronto--St. Paul's,1525,    Canadian citizens aged 18 and over,citizen_canadian_18over,80915.0,70.9
12,Toronto-St. Paul's,Toronto--St. Paul's,1526,  Not Canadian citizens,citizen_not_canadian,18785.0,16.5
12,Toronto-St. Paul's,Toronto--St. Paul's,1683,Total - Visible minority for the population in private households - 25% sample data,visible_minority_total,114100.0,100.0
12,Toronto-St. Paul's,Toronto--St. Paul's,1684,  Total visible minority population,visible_minority_yes,39925.0,35.0
12,Toronto-St. Paul's,Toronto--St. Paul's,1685,    South Asian,visible_minority_south_asian,7175.0,6.3
12,Toronto-St. Paul's,Toronto--St. Paul's,1686,    Chinese,visible_minority_chinese,5745.0,5.0
12,Toronto-St. Paul's,Toronto--St. Paul's,1687,    Black,visible_minority_black,6820.0,6.0
12,Toronto-St. Paul's,Toronto--St. Paul's,1688,    Filipino,visible_minority_filipino,5150.0,4.5
12,Toronto-St. Paul's,Toronto--St. Paul's,1689,    Arab,visible_minority_arab,1130.0,1.0
12,Toronto-St. Paul's,Toronto--St. Paul's,1690,    Latin American,visible_minority_latin_american,4645.0,4.1
12,Toronto-St. Paul's,Toronto--St. Paul's,1691,    Southeast Asian,visible_minority_southeast_asian,1160.0,1.0
12,Toronto-St. Paul's,Toronto--St. Paul's,1692,    West Asian,visible_minority_west_asian,2255.0,2.0
12,Toronto-St. Paul's,Toronto--St. Paul's,1693,    Korean,visible_minority_korean,2075.0,1.8
12,Toronto-St. Paul's,Toronto--St. Paul's,1694,    Japanese,visible_minority_japanese,850.0,0.7
12,Toronto-St. Paul's,Toronto--St. Paul's,1695,"    Visible minority, n.i.e.",visible_minority_nie,800.0,0.7
12,Toronto-St. Paul's,Toronto--St. Paul's,1696,    Multiple visible minorities,visible_minority_multiple,2125.0,1.9
12,Toronto-St. Paul's,Toronto--St. Paul's,1697,  Not a visible minority,visible_minority_no,74175.0,65.0
12,Toronto-St. Paul's,Toronto--St. Paul's,1983,Total - Mobility status 5 years ago - 25% sample data,mobility_total,109575.0,100.0
12,Toronto-St. Paul's,Toronto--St. Paul's,1984,  Non-movers,mobility_non_movers,60825.0,55.5
12,Toronto-St. Paul's,Toronto--St. Paul's,1985,  Movers,mobility_movers,48755.0,44.5
12,Toronto-St. Paul's,Toronto--St. Paul's,1986,    Non-migrants,mobility_non_migrants,26965.0,24.6
12,Toronto-St. Paul's,Toronto--St. Paul's,1987,    Migrants,mobility_migrants,21780.0,19.9
12,Toronto-St. Paul's,Toronto--St. Paul's,1988,      Internal migrants,mobility_internal_migrants,9885.0,9.0
12,Toronto-St. Paul's,Toronto--St. Paul's,1989,        Intraprovincial migrants,mobility_intraprovincial_migrants,7655.0,7.0
12,Toronto-St. Paul's,Toronto--St. Paul's,1990,        Interprovincial migrants,mobility_interprovincial_migrants,2230.0,2.0
12,Toronto-St. Paul's,Toronto--St. Paul's,1991,      External migrants,mobility_external_migrants,11895.0,10.9
12,Toronto-St. Paul's,Toronto--St. Paul's,1998,"Total - Highest certificate, diploma or degree for the population aged 15 years and over in private households - 25% sample data",education_total,100635.0,100.0
12,Toronto-St. Paul's,Toronto--St. Paul's,1999,"  No certificate, diploma or degree",education_none,8230.0,8.2
12,Toronto-St. Paul's,Toronto--St. Paul's,2000,  High (secondary) school diploma or equivalency certificate,education_secondary,17585.0,17.5
12,Toronto-St. Paul's,Toronto--St. Paul's,2001,"  Postsecondary certificate, diploma or degree",education_postsec,74825.0,74.4
12,Toronto-St. Paul's,Toronto--St. Paul's,2002,    Postsecondary certificate or diploma below bachelor level,education_postsec_below_bachelor,17725.0,17.6
12,Toronto-St. Paul's,Toronto--St. Paul's,2003,      Apprenticeship or trades certificate or diploma,education_apprentice_trades,2360.0,2.3
12,Toronto-St. Paul's,Toronto--St. Paul's,2004,        Non-apprenticeship trades certificate or diploma,education_apprentice_non,1445.0,1.4
12,Toronto-St. Paul's,Toronto--St. Paul's,2005,        Apprenticeship certificate,education_apprentice_cert,910.0,0.9
12,Toronto-St. Paul's,Toronto--St. Paul's,2006,"      College, CEGEP or other non-university certificate or diploma",education_college,12650.0,12.6
12,Toronto-St. Paul's,Toronto--St. Paul's,2007,      University certificate or diploma below bachelor level,education_university_below_bachelor,2715.0,2.7
12,Toronto-St. Paul's,Toronto--St. Paul's,2008,    Bachelor's degree or higher,education_bachelor_higher,57105.0,56.7
12,Toronto-St. Paul's,Toronto--St. Paul's,2009,      Bachelor's degree,education_bachelor,32555.0,32.3
12,Toronto-St. Paul's,Toronto--St. Paul's,2010,      University certificate or diploma above bachelor level,education_university_above_bachelor,3950.0,3.9
12,Toronto-St. Paul's,Toronto--St. Paul's,2011,"      Degree in medicine, dentistry, veterinary medicine or optometry",education_medical_dental_vet,1835.0,1.8
12,Toronto-St. Paul's,Toronto--St. Paul's,2012,      Master's degree,education_masters,15875.0,15.8
12,Toronto-St. Paul's,Toronto--St. Paul's,2013,      Earned doctorate,education_doctorate,2895.0,2.9
12,Toronto-St. Paul's,Toronto--St. Paul's,2014,"Total - Highest certificate, diploma or degree for the population aged 25 to 64 years in private households - 25% sample data",education_25_64_total,68690.0,100.0
12,Toronto-St. Paul's,Toronto--St. Paul's,2015,"  No certificate, diploma or degree",education_25_64_none,2485.0,3.6
12,Toronto-St. Paul's,Toronto--St. Paul's,2016,  High (secondary) school diploma or equivalency certificate,education_25_64_secondary,9020.0,13.1
12,Toronto-St. Paul's,Toronto--St. Paul's,2017,"  Postsecondary certificate, diploma or degree",education_25_64_postsec,57180.0,83.2
12,Toronto-St. Paul's,Toronto--St. Paul's,2018,    Postsecondary certificate or diploma below bachelor level,education_25_64_postsec_below_bachelor,12665.0,18.4
12,Toronto-St. Paul's,Toronto--St. Paul's,2019,      Apprenticeship or trades certificate or diploma,education_25_64_apprentice_trades,1550.0,2.3
12,Toronto-St. Paul's,Toronto--St. Paul's,2020,        Non-apprenticeship trades certificate or diploma,education_25_64_apprentice_non,960.0,1.4
12,Toronto-St. Paul's,Toronto--St. Paul's,2021,        Apprenticeship certificate,education_25_64_apprentice_cert,590.0,0.9
12,Toronto-St. Paul's,Toronto--St. Paul's,2022,"      College, CEGEP or other non-university certificate or diploma",education_25_64_college,9270.0,13.5
12,Toronto-St. Paul's,Toronto--St. Paul's,2023,      University certificate or diploma below bachelor level,education_25_64_university_below_bachelor,1845.0,2.7
12,Toronto-St. Paul's,Toronto--St. Paul's,2024,    Bachelor's degree or higher,education_25_64_bachelor_higher,44515.0,64.8
12,Toronto-St. Paul's,Toronto--St. Paul's,2025,      Bachelor's degree,education_25_64_bachelor,25395.0,37.0
12,Toronto-St. Paul's,Toronto--St. Paul's,2026,      University certificate or diploma above bachelor level,education_25_64_university_above_bachelor,2965.0,4.3
12,Toronto-St. Paul's,Toronto--St. Paul's,2027,"      Degree in medicine, dentistry, veterinary medicine or optometry",education_25_64_medical_dental_vet,1160.0,1.7
12,Toronto-St. Paul's,Toronto--St. Paul's,2028,      Master's degree,education_25_64_masters,12945.0,18.8
12,Toronto-St. Paul's,Toronto--St. Paul's,2029,      Earned doctorate,education_25_64_doctorate,2050.0,3.0
12,Toronto-St. Paul's,Toronto--St. Paul's,2246,Total - Labour force aged 15 years and over by occupation - Broad category - National Occupational Classification (NOC) 2021 - 25% sample data,labour_occupation_total,68825.0,100.0
12,Toronto-St. Paul's,Toronto--St. Paul's,2247,  Occupation - not applicable,labour_occupation_na,1700.0,2.5
12,Toronto-St. Paul's,Toronto--St. Paul's,2248,  All occupations,labour_occupation_all,67125.0,97.5
12,Toronto-St. Paul's,Toronto--St. Paul's,2249,    0 Legislative and senior management occupations,labour_occupation_0_management,2115.0,3.1
12,Toronto-St. Paul's,Toronto--St. Paul's,2250,"    1 Business, finance and administration occupations",labour_occupation_1_business_finance,16455.0,23.9
12,Toronto-St. Paul's,Toronto--St. Paul's,2251,    2 Natural and applied sciences and related occupations,labour_occupation_2_science,7590.0,11.0
12,Toronto-St. Paul's,Toronto--St. Paul's,2252,    3 Health occupations,labour_occupation_3_health,4725.0,6.9
12,Toronto-St. Paul's,Toronto--St. Paul's,2253,"    4 Occupations in education, law and social, community and government services",labour_occupation_4_education_law_social,11190.0,16.3
12,Toronto-St. Paul's,Toronto--St. Paul's,2254,"    5 Occupations in art, culture, recreation and sport",labour_occupation_5_arts_culture,5495.0,8.0
12,Toronto-St. Paul's,Toronto--St. Paul's,2255,    6 Sales and service occupations,labour_occupation_6_sales_service,13830.0,20.1
12,Toronto-St. Paul's,Toronto--St. Paul's,2256,"    7 Trades, transport and equipment operators and related occupations",labour_occupation_7_trades_transport,4465.0,6.5
12,Toronto-St. Paul's,Toronto--St. Paul's,2257,"    8 Natural resources, agriculture and related production occupations",labour_occupation_8_natural_resources,330.0,0.5
12,Toronto-St. Paul's,Toronto--St. Paul's,2258,    9 Occupations in manufacturing and utilities,labour_occupation_9_manufacturing,930.0,1.4
12,Toronto-St. Paul's,Toronto--St. Paul's,2259,Total - Labour force aged 15 years and over by industry - Sectors - North American Industry Classification System (NAICS) 2017 - 25% sample data,labour_industry_total,68825.0,100.0
12,Toronto-St. Paul's,Toronto--St. Paul's,2260,  Industry - not applicable,labour_industry_na,1700.0,2.5
12,Toronto-St. Paul's,Toronto--St. Paul's,2261,  All industries,labour_industry_all,67125.0,97.5
12,Toronto-St. Paul's,Toronto--St. Paul's,2262,"    11 Agriculture, forestry, fishing and hunting",labour_industry_11_agriculture,135.0,0.2
12,Toronto-St. Paul's,Toronto--St. Paul's,2263,"    21 Mining, quarrying, and oil and gas extraction",labour_industry_21_mining,115.0,0.2
12,Toronto-St. Paul's,Toronto--St. Paul's,2264,    22 Utilities,labour_industry_22_utilities,235.0,0.3
12,Toronto-St. Paul's,Toronto--St. Paul's,2265,    23 Construction,labour_industry_23_construction,2650.0,3.9
12,Toronto-St. Paul's,Toronto--St. Paul's,2266,    31-33 Manufacturing,labour_industry_31_33_manufacturing,2320.0,3.4
12,Toronto-St. Paul's,Toronto--St. Paul's,2267,    41 Wholesale trade,labour_industry_41_wholesale,1555.0,2.3
12,Toronto-St. Paul's,Toronto--St. Paul's,2268,    44-45 Retail trade,labour_industry_44_45_retail,5520.0,8.0
12,Toronto-St. Paul's,Toronto--St. Paul's,2269,    48-49 Transportation and warehousing,labour_industry_48_49_transportation,1470.0,2.1
12,Toronto-St. Paul's,Toronto--St. Paul's,2270,    51 Information and cultural industries,labour_industry_51_information,3225.0,4.7
12,Toronto-St. Paul's,Toronto--St. Paul's,2271,    52 Finance and insurance,labour_industry_52_finance,6670.0,9.7
12,Toronto-St. Paul's,Toronto--St. Paul's,2272,    53 Real estate and rental and leasing,labour_industry_53_real_estate,2610.0,3.8
12,Toronto-St. Paul's,Toronto--St. Paul's,2273,"    54 Professional, scientific and technical services",labour_industry_54_professional,13320.0,19.4
12,Toronto-St. Paul's,Toronto--St. Paul's,2274,    55 Management of companies and enterprises,labour_industry_55_management,480.0,0.7
12,Toronto-St. Paul's,Toronto--St. Paul's,2275,"    56 Administrative and support, waste management and remediation services",labour_industry_56_administrative,2655.0,3.9
12,Toronto-St. Paul's,Toronto--St. Paul's,2276,    61 Educational services,labour_industry_61_education,5945.0,8.6
12,Toronto-St. Paul's,Toronto--St. Paul's,2277,    62 Health care and social assistance,labour_industry_62_healthcare,7480.0,10.9
12,Toronto-St. Paul's,Toronto--St. Paul's,2278,"    71 Arts, entertainment and recreation",labour_industry_71_arts,2065.0,3.0
12,Toronto-St. Paul's,Toronto--St. Paul's,2279,    72 Accommodation and food services,labour_industry_72_accommodation,3010.0,4.4
12,Toronto-St. Paul's,Toronto--St. Paul's,2280,    81 Other services (except public administration),labour_industry_81_other_services,2855.0,4.1
12,Toronto-St. Paul's,Toronto--St. Paul's,2281,    91 Public administration,labour_industry_91_public_admin,2805.0,4.1
12,Toronto-St. Paul's,Toronto--St. Paul's,2603,Total - Main mode of commuting for the employed labour force aged 15 years and over with a usual place of work or no fixed workplace address - 25% sample data,commute_mode_total,29695.0,100.0
12,Toronto-St. Paul's,Toronto--St. Paul's,2604,"  Car, truck or van",commute_mode_car_truck_van,13835.0,46.6
12,Toronto-St. Paul's,Toronto--St. Paul's,2605,"    Car, truck or van - as a driver",commute_mode_car_driver,12295.0,41.4
12,Toronto-St. Paul's,Toronto--St. Paul's,2606,"    Car, truck or van - as a passenger",commute_mode_car_passenger,1545.0,5.2
12,Toronto-St. Paul's,Toronto--St. Paul's,2607,  Public transit,commute_mode_transit,10395.0,35.0
12,Toronto-St. Paul's,Toronto--St. Paul's,2608,  Walked,commute_mode_walked,3165.0,10.7
12,Toronto-St. Paul's,Toronto--St. Paul's,2609,  Bicycle,commute_mode_bicycle,900.0,3.0
12,Toronto-St. Paul's,Toronto--St. Paul's,2610,  Other method,commute_mode_other,1405.0,4.7
12,Toronto-St. Paul's,Toronto--St. Paul's,2611,Total - Commuting duration for the employed labour force aged 15 years and over with a usual place of work or no fixed workplace address - 25% sample data,commute_duration_total,29695.0,100.0
12,Toronto-St. Paul's,Toronto--St. Paul's,2612,  Less than 15 minutes,commute_duration_under15,5215.0,17.6
12,Toronto-St. Paul's,Toronto--St. Paul's,2613,  15 to 29 minutes,commute_duration_15_29,9680.0,32.6
12,Toronto-St. Paul's,Toronto--St. Paul's,2614,  30 to 44 minutes,commute_duration_30_44,8935.0,30.1
12,Toronto-St. Paul's,Toronto--St. Paul's,2615,  45 to 59 minutes,commute_duration_45_59,3150.0,10.6
12,Toronto-St. Paul's,Toronto--St. Paul's,2616,  60 minutes and over,commute_duration_60plus,2715.0,9.1
13,Toronto Centre,Toronto Centre,1,"Population, 2021",pop_2021,119901.0,
13,Toronto Centre,Toronto Centre,2,"Population, 2016",pop_2016,103805.0,
13,Toronto Centre,Toronto Centre,3,"Population percentage change, 2016 to 2021",pop_pct_change,15.5,15.5
13,Toronto Centre,Toronto Centre,6,Population density per square kilometre,pop_density,20546.5,20546.5
13,Toronto Centre,Toronto Centre,34,Total - Distribution (%) of the population by broad age groups - 100% data,age_total_dist,100.0,100.0
13,Toronto Centre,Toronto Centre,35,  0 to 14 years,age_0_14,7.9,7.9
13,Toronto Centre,Toronto Centre,36,  15 to 64 years,age_15_64,80.9,80.9
13,Toronto Centre,Toronto Centre,37,  65 years and over,age_65_over,11.2,11.2
13,Toronto Centre,Toronto Centre,38,    85 years and over,age_85_over,1.0,1.0
13,Toronto Centre,Toronto Centre,39,Average age of the population,age_mean,39.2,39.2
13,Toronto Centre,Toronto Centre,40,Median age of the population,age_median,35.2,35.2
13,Toronto Centre,Toronto Centre,50,Total - Private households by household size - 100% data,pvt_house_total,68980.0,100.0
13,Toronto Centre,Toronto Centre,51,  1 person,pvt_house_1,37340.0,54.1
13,Toronto Centre,Toronto Centre,52,  2 persons,pvt_house_2,21805.0,31.6
13,Toronto Centre,Toronto Centre,53,  3 persons,pvt_house_3,5530.0,8.0
13,Toronto Centre,Toronto Centre,54,  4 persons,pvt_house_4,2790.0,4.0
13,Toronto Centre,Toronto Centre,55,  5 or more persons,pvt_house_5plus,1520.0,2.2
13,Toronto Centre,Toronto Centre,56,Number of persons in private households,pvt_house_persons,117135.0,100.0
13,Toronto Centre,Toronto Centre,57,Average household size,pvt_house_avg_size,1.7,1.7
13,Toronto Centre,Toronto Centre,111,Total - Income statistics in 2020 for the population aged 15 years and over in private households - 100% data,income_total,107865.0,100.0
13,Toronto Centre,Toronto Centre,112,  Number of total income recipients aged 15 years and over in private households in 2020 - 100% data,income_total_recip,103360.0,95.8
13,Toronto Centre,Toronto Centre,113,    Median total income in 2020 among recipients ($),income_total_median,40800.0,40800.0
13,Toronto Centre,Toronto Centre,114,  Number of after-tax income recipients aged 15 years and over in private households in 2020 - 100% data,income_aftertax_recip,103400.0,95.9
13,Toronto Centre,Toronto Centre,115,    Median after-tax income in 2020 among recipients ($),income_aftertax_median,37200.0,37200.0
13,Toronto Centre,Toronto Centre,116,  Number of market income recipients aged 15 years and over in private households in 2020 - 100% data,income_market_recip,89105.0,82.6
13,Toronto Centre,Toronto Centre,117,    Median market income in 2020 among recipients ($),income_market_median,41200.0,41200.0
13,Toronto Centre,Toronto Centre,118,  Number of employment income recipients aged 15 years and over in private households in 2020 - 100% data,income_emp_recip,78070.0,72.4
13,Toronto Centre,Toronto Centre,119,    Median employment income in 2020 among recipients ($),income_emp_median,43200.0,43200.0
13,Toronto Centre,Toronto Centre,120,  Number of government transfers recipients aged 15 years and over in private households in 2020 - 100% data,income_govtrans_recip,94235.0,87.4
13,Toronto Centre,Toronto Centre,121,    Median government transfers in 2020 among recipients ($),income_govtrans_median,5800.0,5800.0
13,Toronto Centre,Toronto Centre,122,  Number of employment insurance benefits recipients aged 15 years and over in private households in 2020 - 100% data,income_ei_recip,9960.0,9.2
13,Toronto Centre,Toronto Centre,123,    Median employment insurance benefits in 2020 among recipients ($),income_ei_median,5520.0,5520.0
13,Toronto Centre,Toronto Centre,124,  Number of COVID-19 emergency and recovery benefits recipients aged 15 years and over in private households in 2020 - 100% data,income_covid_recip,34265.0,31.8
13,Toronto Centre,Toronto Centre,125,    Median COVID-19 emergency and recovery benefits in 2020 among recipients ($),income_covid_median,10000.0,10000.0
13,Toronto Centre,Toronto Centre,345,"Prevalence of low income based on the Low-income measure, after tax (LIM-AT) (%)",lim_at_prev,22.2,22.2
13,Toronto Centre,Toronto Centre,346,  0 to 17 years (%),lim_at_0_17,25.6,25.6
13,Toronto Centre,Toronto Centre,347,    0 to 5 years (%),lim_at_0_5,23.0,23.0
13,Toronto Centre,Toronto Centre,348,  18 to 64 years (%),lim_at_18_64,20.8,20.8
13,Toronto Centre,Toronto Centre,349,  65 years and over (%),lim_at_65_over,29.6,29.6
13,Toronto Centre,Toronto Centre,365,Total - Adjusted after-tax economic family income decile group for the population in private households - 100% data,income_decile_total,117140.0,100.0
13,Toronto Centre,Toronto Centre,366,  In bottom half of the distribution,income_decile_bottom_half,67455.0,57.6
13,Toronto Centre,Toronto Centre,367,    In bottom decile,income_decile_1,25325.0,21.6
13,Toronto Centre,Toronto Centre,368,    In second decile,income_decile_2,13265.0,11.3
13,Toronto Centre,Toronto Centre,369,    In third decile,income_decile_3,10720.0,9.2
13,Toronto Centre,Toronto Centre,370,    In fourth decile,income_decile_4,9525.0,8.1
13,Toronto Centre,Toronto Centre,371,    In fifth decile,income_decile_5,8625.0,7.4
13,Toronto Centre,Toronto Centre,372,  In top half of the distribution,income_decile_top_half,49685.0,42.4
13,Toronto Centre,Toronto Centre,373,    In sixth decile,income_decile_6,8175.0,7.0
13,Toronto Centre,Toronto Centre,374,    In seventh decile,income_decile_7,8315.0,7.1
13,Toronto Centre,Toronto Centre,375,    In eighth decile,income_decile_8,8420.0,7.2
13,Toronto Centre,Toronto Centre,376,    In ninth decile,income_decile_9,9965.0,8.5
13,Toronto Centre,Toronto Centre,377,    In top decile,income_decile_10,14810.0,12.6
13,Toronto Centre,Toronto Centre,378,Total - Inequality measures for the population in private households - 100% data,gini_measures,117140.0,117140.0
13,Toronto Centre,Toronto Centre,379,  Gini index on adjusted household total income,gini_total_income,0.444,0.444
13,Toronto Centre,Toronto Centre,380,  Gini index on adjusted household market income,gini_market_income,0.56,0.56
13,Toronto Centre,Toronto Centre,381,  Gini index on adjusted household after-tax income,gini_aftertax_income,0.389,0.389
13,Toronto Centre,Toronto Centre,382,  P90/P10 ratio on adjusted household after-tax income,gini_p90_p10,6.5,6.5
13,Toronto Centre,Toronto Centre,1414,Total - Private households by tenure - 25% sample data,housing_tenure_total,68965.0,100.0
13,Toronto Centre,Toronto Centre,1415,  Owner,housing_tenure_owner,20665.0,30.0
13,Toronto Centre,Toronto Centre,1416,  Renter,housing_tenure_renter,48300.0,70.0
13,Toronto Centre,Toronto Centre,1417,"  Dwelling provided by the local government, First Nation or Indian band",housing_tenure_provided,0.0,0.0
13,Toronto Centre,Toronto Centre,1418,Total - Occupied private dwellings by condominium status - 25% sample data,housing_condo_total,68965.0,100.0
13,Toronto Centre,Toronto Centre,1465,"Total - Owner and tenant households with household total income greater than zero, in non-farm, non-reserve private dwellings by shelter-cost-to-income ratio - 25% sample data",housing_shelter_total,67745.0,100.0
13,Toronto Centre,Toronto Centre,1466,  Spending less than 30% of income on shelter costs,housing_shelter_under30,40175.0,59.3
13,Toronto Centre,Toronto Centre,1467,  Spending 30% or more of income on shelter costs,housing_shelter_30plus,27570.0,40.7
13,Toronto Centre,Toronto Centre,1468,    30% to less than 100%,housing_shelter_30_100,21730.0,32.1
13,Toronto Centre,Toronto Centre,1479,"Total - Owner and tenant households with household total income greater than zero and shelter-cost-to-income ratio less than 100%, in non-farm, non-reserve private dwellings - 25% sample data",housing_core_need_total,61900.0,100.0
13,Toronto Centre,Toronto Centre,1480,  In core need,housing_core_need_yes,13645.0,22.0
13,Toronto Centre,Toronto Centre,1481,  Not in core need,housing_core_need_no,48255.0,78.0
13,Toronto Centre,Toronto Centre,1482,"Total - Owner households in non-farm, non-reserve private dwellings - 25% sample data",housing_owner_total,20660.0,
13,Toronto Centre,Toronto Centre,1483,  % of owner households with a mortgage,housing_owner_mortgage_pct,66.5,66.5
13,Toronto Centre,Toronto Centre,1484,  % of owner households spending 30% or more of its income on shelter costs,housing_owner_shelter_30plus_pct,35.1,35.1
13,Toronto Centre,Toronto Centre,1485,  % in core housing need,housing_owner_core_need_pct,11.6,11.6
13,Toronto Centre,Toronto Centre,1522,Total - Citizenship for the population in private households - 25% sample data,citizen_total,116935.0,100.0
13,Toronto Centre,Toronto Centre,1523,  Canadian citizens,citizen_canadian,89760.0,76.8
13,Toronto Centre,Toronto Centre,1524,    Canadian citizens aged under 18,citizen_canadian_under18,9520.0,8.1
13,Toronto Centre,Toronto Centre,1525,    Canadian citizens aged 18 and over,citizen_canadian_18over,80240.0,68.6
13,Toronto Centre,Toronto Centre,1526,  Not Canadian citizens,citizen_not_canadian,27170.0,23.2
13,Toronto Centre,Toronto Centre,1683,Total - Visible minority for the population in private households - 25% sample data,visible_minority_total,116930.0,100.0
13,Toronto Centre,Toronto Centre,1684,  Total visible minority population,visible_minority_yes,67145.0,57.4
13,Toronto Centre,Toronto Centre,1685,    South Asian,visible_minority_south_asian,16090.0,13.8
13,Toronto Centre,Toronto Centre,1686,    Chinese,visible_minority_chinese,14410.0,12.3
13,Toronto Centre,Toronto Centre,1687,    Black,visible_minority_black,12005.0,10.3
13,Toronto Centre,Toronto Centre,1688,    Filipino,visible_minority_filipino,5810.0,5.0
13,Toronto Centre,Toronto Centre,1689,    Arab,visible_minority_arab,2825.0,2.4
13,Toronto Centre,Toronto Centre,1690,    Latin American,visible_minority_latin_american,3880.0,3.3
13,Toronto Centre,Toronto Centre,1691,    Southeast Asian,visible_minority_southeast_asian,2515.0,2.2
13,Toronto Centre,Toronto Centre,1692,    West Asian,visible_minority_west_asian,2360.0,2.0
13,Toronto Centre,Toronto Centre,1693,    Korean,visible_minority_korean,2620.0,2.2
13,Toronto Centre,Toronto Centre,1694,    Japanese,visible_minority_japanese,920.0,0.8
13,Toronto Centre,Toronto Centre,1695,"    Visible minority, n.i.e.",visible_minority_nie,930.0,0.8
13,Toronto Centre,Toronto Centre,1696,    Multiple visible minorities,visible_minority_multiple,2780.0,2.4
13,Toronto Centre,Toronto Centre,1697,  Not a visible minority,visible_minority_no,49790.0,42.6
13,Toronto Centre,Toronto Centre,1983,Total - Mobility status 5 years ago - 25% sample data,mobility_total,113210.0,100.0
13,Toronto Centre,Toronto Centre,1984,  Non-movers,mobility_non_movers,50380.0,44.5
13,Toronto Centre,Toronto Centre,1985,  Movers,mobility_movers,62830.0,55.5
13,Toronto Centre,Toronto Centre,1986,    Non-migrants,mobility_non_migrants,28775.0,25.4
13,Toronto Centre,Toronto Centre,1987,    Migrants,mobility_migrants,34060.0,30.1
13,Toronto Centre,Toronto Centre,1988,      Internal migrants,mobility_internal_migrants,17610.0,15.6
13,Toronto Centre,Toronto Centre,1989,        Intraprovincial migrants,mobility_intraprovincial_migrants,12860.0,11.4
13,Toronto Centre,Toronto Centre,1990,        Interprovincial migrants,mobility_interprovincial_migrants,4750.0,4.2
13,Toronto Centre,Toronto Centre,1991,      External migrants,mobility_external_migrants,16450.0,14.5
13,Toronto Centre,Toronto Centre,1998,"Total - Highest certificate, diploma or degree for the population aged 15 years and over in private households - 25% sample data",education_total,107625.0,100.0
13,Toronto Centre,Toronto Centre,1999,"  No certificate, diploma or degree",education_none,8325.0,7.7
13,Toronto Centre,Toronto Centre,2000,  High (secondary) school diploma or equivalency certificate,education_secondary,20970.0,19.5
13,Toronto Centre,Toronto Centre,2001,"  Postsecondary certificate, diploma or degree",education_postsec,78330.0,72.8
13,Toronto Centre,Toronto Centre,2002,    Postsecondary certificate or diploma below bachelor level,education_postsec_below_bachelor,19720.0,18.3
13,Toronto Centre,Toronto Centre,2003,      Apprenticeship or trades certificate or diploma,education_apprentice_trades,2480.0,2.3
13,Toronto Centre,Toronto Centre,2004,        Non-apprenticeship trades certificate or diploma,education_apprentice_non,1430.0,1.3
13,Toronto Centre,Toronto Centre,2005,        Apprenticeship certificate,education_apprentice_cert,1050.0,1.0
13,Toronto Centre,Toronto Centre,2006,"      College, CEGEP or other non-university certificate or diploma",education_college,14495.0,13.5
13,Toronto Centre,Toronto Centre,2007,      University certificate or diploma below bachelor level,education_university_below_bachelor,2745.0,2.6
13,Toronto Centre,Toronto Centre,2008,    Bachelor's degree or higher,education_bachelor_higher,58605.0,54.5
13,Toronto Centre,Toronto Centre,2009,      Bachelor's degree,education_bachelor,35430.0,32.9
13,Toronto Centre,Toronto Centre,2010,      University certificate or diploma above bachelor level,education_university_above_bachelor,3420.0,3.2
13,Toronto Centre,Toronto Centre,2011,"      Degree in medicine, dentistry, veterinary medicine or optometry",education_medical_dental_vet,1665.0,1.5
13,Toronto Centre,Toronto Centre,2012,      Master's degree,education_masters,15515.0,14.4
13,Toronto Centre,Toronto Centre,2013,      Earned doctorate,education_doctorate,2580.0,2.4
13,Toronto Centre,Toronto Centre,2014,"Total - Highest certificate, diploma or degree for the population aged 25 to 64 years in private households - 25% sample data",education_25_64_total,79220.0,100.0
13,Toronto Centre,Toronto Centre,2015,"  No certificate, diploma or degree",education_25_64_none,4410.0,5.6
13,Toronto Centre,Toronto Centre,2016,  High (secondary) school diploma or equivalency certificate,education_25_64_secondary,11145.0,14.1
13,Toronto Centre,Toronto Centre,2017,"  Postsecondary certificate, diploma or degree",education_25_64_postsec,63665.0,80.4
13,Toronto Centre,Toronto Centre,2018,    Postsecondary certificate or diploma below bachelor level,education_25_64_postsec_below_bachelor,15115.0,19.1
13,Toronto Centre,Toronto Centre,2019,      Apprenticeship or trades certificate or diploma,education_25_64_apprentice_trades,1920.0,2.4
13,Toronto Centre,Toronto Centre,2020,        Non-apprenticeship trades certificate or diploma,education_25_64_apprentice_non,1130.0,1.4
13,Toronto Centre,Toronto Centre,2021,        Apprenticeship certificate,education_25_64_apprentice_cert,790.0,1.0
13,Toronto Centre,Toronto Centre,2022,"      College, CEGEP or other non-university certificate or diploma",education_25_64_college,11205.0,14.1
13,Toronto Centre,Toronto Centre,2023,      University certificate or diploma below bachelor level,education_25_64_university_below_bachelor,1990.0,2.5
13,Toronto Centre,Toronto Centre,2024,    Bachelor's degree or higher,education_25_64_bachelor_higher,48545.0,61.3
13,Toronto Centre,Toronto Centre,2025,      Bachelor's degree,education_25_64_bachelor,28190.0,35.6
13,Toronto Centre,Toronto Centre,2026,      University certificate or diploma above bachelor level,education_25_64_university_above_bachelor,2875.0,3.6
13,Toronto Centre,Toronto Centre,2027,"      Degree in medicine, dentistry, veterinary medicine or optometry",education_25_64_medical_dental_vet,1465.0,1.8
13,Toronto Centre,Toronto Centre,2028,      Master's degree,education_25_64_masters,13880.0,17.5
13,Toronto Centre,Toronto Centre,2029,      Earned doctorate,education_25_64_doctorate,2145.0,2.7
13,Toronto Centre,Toronto Centre,2246,Total - Labour force aged 15 years and over by occupation - Broad category - National Occupational Classification (NOC) 2021 - 25% sample data,labour_occupation_total,75185.0,100.0
13,Toronto Centre,Toronto Centre,2247,  Occupation - not applicable,labour_occupation_na,2885.0,3.8
13,Toronto Centre,Toronto Centre,2248,  All occupations,labour_occupation_all,72305.0,96.2
13,Toronto Centre,Toronto Centre,2249,    0 Legislative and senior management occupations,labour_occupation_0_management,1215.0,1.6
13,Toronto Centre,Toronto Centre,2250,"    1 Business, finance and administration occupations",labour_occupation_1_business_finance,17760.0,23.6
13,Toronto Centre,Toronto Centre,2251,    2 Natural and applied sciences and related occupations,labour_occupation_2_science,10580.0,14.1
13,Toronto Centre,Toronto Centre,2252,    3 Health occupations,labour_occupation_3_health,4905.0,6.5
13,Toronto Centre,Toronto Centre,2253,"    4 Occupations in education, law and social, community and government services",labour_occupation_4_education_law_social,9985.0,13.3
13,Toronto Centre,Toronto Centre,2254,"    5 Occupations in art, culture, recreation and sport",labour_occupation_5_arts_culture,5900.0,7.8
13,Toronto Centre,Toronto Centre,2255,    6 Sales and service occupations,labour_occupation_6_sales_service,16485.0,21.9
13,Toronto Centre,Toronto Centre,2256,"    7 Trades, transport and equipment operators and related occupations",labour_occupation_7_trades_transport,4480.0,6.0
13,Toronto Centre,Toronto Centre,2257,"    8 Natural resources, agriculture and related production occupations",labour_occupation_8_natural_resources,225.0,0.3
13,Toronto Centre,Toronto Centre,2258,    9 Occupations in manufacturing and utilities,labour_occupation_9_manufacturing,780.0,1.0
13,Toronto Centre,Toronto Centre,2259,Total - Labour force aged 15 years and over by industry - Sectors - North American Industry Classification System (NAICS) 2017 - 25% sample data,labour_industry_total,75185.0,100.0
13,Toronto Centre,Toronto Centre,2260,  Industry - not applicable,labour_industry_na,2885.0,3.8
13,Toronto Centre,Toronto Centre,2261,  All industries,labour_industry_all,72305.0,96.2
13,Toronto Centre,Toronto Centre,2262,"    11 Agriculture, forestry, fishing and hunting",labour_industry_11_agriculture,160.0,0.2
13,Toronto Centre,Toronto Centre,2263,"    21 Mining, quarrying, and oil and gas extraction",labour_industry_21_mining,150.0,0.2
13,Toronto Centre,Toronto Centre,2264,    22 Utilities,labour_industry_22_utilities,265.0,0.4
13,Toronto Centre,Toronto Centre,2265,    23 Construction,labour_industry_23_construction,1775.0,2.4
13,Toronto Centre,Toronto Centre,2266,    31-33 Manufacturing,labour_industry_31_33_manufacturing,1850.0,2.5
13,Toronto Centre,Toronto Centre,2267,    41 Wholesale trade,labour_industry_41_wholesale,1505.0,2.0
13,Toronto Centre,Toronto Centre,2268,    44-45 Retail trade,labour_industry_44_45_retail,5990.0,8.0
13,Toronto Centre,Toronto Centre,2269,    48-49 Transportation and warehousing,labour_industry_48_49_transportation,2195.0,2.9
13,Toronto Centre,Toronto Centre,2270,    51 Information and cultural industries,labour_industry_51_information,4195.0,5.6
13,Toronto Centre,Toronto Centre,2271,    52 Finance and insurance,labour_industry_52_finance,8075.0,10.7
13,Toronto Centre,Toronto Centre,2272,    53 Real estate and rental and leasing,labour_industry_53_real_estate,1765.0,2.3
13,Toronto Centre,Toronto Centre,2273,"    54 Professional, scientific and technical services",labour_industry_54_professional,14395.0,19.1
13,Toronto Centre,Toronto Centre,2274,    55 Management of companies and enterprises,labour_industry_55_management,695.0,0.9
13,Toronto Centre,Toronto Centre,2275,"    56 Administrative and support, waste management and remediation services",labour_industry_56_administrative,3080.0,4.1
13,Toronto Centre,Toronto Centre,2276,    61 Educational services,labour_industry_61_education,5900.0,7.8
13,Toronto Centre,Toronto Centre,2277,    62 Health care and social assistance,labour_industry_62_healthcare,7525.0,10.0
13,Toronto Centre,Toronto Centre,2278,"    71 Arts, entertainment and recreation",labour_industry_71_arts,2085.0,2.8
13,Toronto Centre,Toronto Centre,2279,    72 Accommodation and food services,labour_industry_72_accommodation,4750.0,6.3
13,Toronto Centre,Toronto Centre,2280,    81 Other services (except public administration),labour_industry_81_other_services,2805.0,3.7
13,Toronto Centre,Toronto Centre,2281,    91 Public administration,labour_industry_91_public_admin,3135.0,4.2
13,Toronto Centre,Toronto Centre,2603,Total - Main mode of commuting for the employed labour force aged 15 years and over with a usual place of work or no fixed workplace address - 25% sample data,commute_mode_total,30560.0,100.0
13,Toronto Centre,Toronto Centre,2604,"  Car, truck or van",commute_mode_car_truck_van,8985.0,29.4
13,Toronto Centre,Toronto Centre,2605,"    Car, truck or van - as a driver",commute_mode_car_driver,7775.0,25.4
13,Toronto Centre,Toronto Centre,2606,"    Car, truck or van - as a passenger",commute_mode_car_passenger,1210.0,4.0
13,Toronto Centre,Toronto Centre,2607,  Public transit,commute_mode_transit,9670.0,31.6
13,Toronto Centre,Toronto Centre,2608,  Walked,commute_mode_walked,8855.0,29.0
13,Toronto Centre,Toronto Centre,2609,  Bicycle,commute_mode_bicycle,1765.0,5.8
13,Toronto Centre,Toronto Centre,2610,  Other method,commute_mode_other,1290.0,4.2
13,Toronto Centre,Toronto Centre,2611,Total - Commuting duration for the employed labour force aged 15 years and over with a usual place of work or no fixed workplace address - 25% sample data,commute_duration_total,30560.0,100.0
13,Toronto Centre,Toronto Centre,2612,  Less than 15 minutes,commute_duration_under15,6245.0,20.4
13,Toronto Centre,Toronto Centre,2613,  15 to 29 minutes,commute_duration_15_29,10740.0,35.1
13,Toronto Centre,Toronto Centre,2614,  30 to 44 minutes,commute_duration_30_44,8160.0,26.7
13,Toronto Centre,Toronto Centre,2615,  45 to 59 minutes,commute_duration_45_59,2720.0,8.9
13,Toronto Centre,Toronto Centre,2616,  60 minutes and over,commute_duration_60plus,2695.0,8.8
14,Toronto-Danforth,Toronto--Danforth,1,"Population, 2021",pop_2021,105472.0,
14,Toronto-Danforth,Toronto--Danforth,2,"Population, 2016",pop_2016,106875.0,
14,Toronto-Danforth,Toronto--Danforth,3,"Population percentage change, 2016 to 2021",pop_pct_change,-1.3,-1.3
14,Toronto-Danforth,Toronto--Danforth,6,Population density per square kilometre,pop_density,5173.3,5173.3
14,Toronto-Danforth,Toronto--Danforth,34,Total - Distribution (%) of the population by broad age groups - 100% data,age_total_dist,100.0,100.0
14,Toronto-Danforth,Toronto--Danforth,35,  0 to 14 years,age_0_14,15.4,15.4
14,Toronto-Danforth,Toronto--Danforth,36,  15 to 64 years,age_15_64,68.9,68.9
14,Toronto-Danforth,Toronto--Danforth,37,  65 years and over,age_65_over,15.7,15.7
14,Toronto-Danforth,Toronto--Danforth,38,    85 years and over,age_85_over,2.0,2.0
14,Toronto-Danforth,Toronto--Danforth,39,Average age of the population,age_mean,41.3,41.3
14,Toronto-Danforth,Toronto--Danforth,40,Median age of the population,age_median,41.2,41.2
14,Toronto-Danforth,Toronto--Danforth,50,Total - Private households by household size - 100% data,pvt_house_total,46200.0,100.0
14,Toronto-Danforth,Toronto--Danforth,51,  1 person,pvt_house_1,16025.0,34.7
14,Toronto-Danforth,Toronto--Danforth,52,  2 persons,pvt_house_2,14515.0,31.4
14,Toronto-Danforth,Toronto--Danforth,53,  3 persons,pvt_house_3,6945.0,15.0
14,Toronto-Danforth,Toronto--Danforth,54,  4 persons,pvt_house_4,6195.0,13.4
14,Toronto-Danforth,Toronto--Danforth,55,  5 or more persons,pvt_house_5plus,2515.0,5.4
14,Toronto-Danforth,Toronto--Danforth,56,Number of persons in private households,pvt_house_persons,104585.0,100.0
14,Toronto-Danforth,Toronto--Danforth,57,Average household size,pvt_house_avg_size,2.3,2.3
14,Toronto-Danforth,Toronto--Danforth,111,Total - Income statistics in 2020 for the population aged 15 years and over in private households - 100% data,income_total,88350.0,100.0
14,Toronto-Danforth,Toronto--Danforth,112,  Number of total income recipients aged 15 years and over in private households in 2020 - 100% data,income_total_recip,85325.0,96.6
14,Toronto-Danforth,Toronto--Danforth,113,    Median total income in 2020 among recipients ($),income_total_median,45600.0,45600.0
14,Toronto-Danforth,Toronto--Danforth,114,  Number of after-tax income recipients aged 15 years and over in private households in 2020 - 100% data,income_aftertax_recip,85345.0,96.6
14,Toronto-Danforth,Toronto--Danforth,115,    Median after-tax income in 2020 among recipients ($),income_aftertax_median,40800.0,40800.0
14,Toronto-Danforth,Toronto--Danforth,116,  Number of market income recipients aged 15 years and over in private households in 2020 - 100% data,income_market_recip,75200.0,85.1
14,Toronto-Danforth,Toronto--Danforth,117,    Median market income in 2020 among recipients ($),income_market_median,45600.0,45600.0
14,Toronto-Danforth,Toronto--Danforth,118,  Number of employment income recipients aged 15 years and over in private households in 2020 - 100% data,income_emp_recip,63770.0,72.2
14,Toronto-Danforth,Toronto--Danforth,119,    Median employment income in 2020 among recipients ($),income_emp_median,50400.0,50400.0
14,Toronto-Danforth,Toronto--Danforth,120,  Number of government transfers recipients aged 15 years and over in private households in 2020 - 100% data,income_govtrans_recip,75795.0,85.8
14,Toronto-Danforth,Toronto--Danforth,121,    Median government transfers in 2020 among recipients ($),income_govtrans_median,7500.0,7500.0
14,Toronto-Danforth,Toronto--Danforth,122,  Number of employment insurance benefits recipients aged 15 years and over in private households in 2020 - 100% data,income_ei_recip,7655.0,8.7
14,Toronto-Danforth,Toronto--Danforth,123,    Median employment insurance benefits in 2020 among recipients ($),income_ei_median,5760.0,5760.0
14,Toronto-Danforth,Toronto--Danforth,124,  Number of COVID-19 emergency and recovery benefits recipients aged 15 years and over in private households in 2020 - 100% data,income_covid_recip,24880.0,28.2
14,Toronto-Danforth,Toronto--Danforth,125,    Median COVID-19 emergency and recovery benefits in 2020 among recipients ($),income_covid_median,10000.0,10000.0
14,Toronto-Danforth,Toronto--Danforth,345,"Prevalence of low income based on the Low-income measure, after tax (LIM-AT) (%)",lim_at_prev,11.5,11.5
14,Toronto-Danforth,Toronto--Danforth,346,  0 to 17 years (%),lim_at_0_17,9.2,9.2
14,Toronto-Danforth,Toronto--Danforth,347,    0 to 5 years (%),lim_at_0_5,8.0,8.0
14,Toronto-Danforth,Toronto--Danforth,348,  18 to 64 years (%),lim_at_18_64,9.9,9.9
14,Toronto-Danforth,Toronto--Danforth,349,  65 years and over (%),lim_at_65_over,21.0,21.0
14,Toronto-Danforth,Toronto--Danforth,365,Total - Adjusted after-tax economic family income decile group for the population in private households - 100% data,income_decile_total,104585.0,100.0
14,Toronto-Danforth,Toronto--Danforth,366,  In bottom half of the distribution,income_decile_bottom_half,43075.0,41.2
14,Toronto-Danforth,Toronto--Danforth,367,    In bottom decile,income_decile_1,11290.0,10.8
14,Toronto-Danforth,Toronto--Danforth,368,    In second decile,income_decile_2,9280.0,8.9
14,Toronto-Danforth,Toronto--Danforth,369,    In third decile,income_decile_3,8165.0,7.8
14,Toronto-Danforth,Toronto--Danforth,370,    In fourth decile,income_decile_4,7095.0,6.8
14,Toronto-Danforth,Toronto--Danforth,371,    In fifth decile,income_decile_5,7240.0,6.9
14,Toronto-Danforth,Toronto--Danforth,372,  In top half of the distribution,income_decile_top_half,61510.0,58.8
14,Toronto-Danforth,Toronto--Danforth,373,    In sixth decile,income_decile_6,7425.0,7.1
14,Toronto-Danforth,Toronto--Danforth,374,    In seventh decile,income_decile_7,8420.0,8.1
14,Toronto-Danforth,Toronto--Danforth,375,    In eighth decile,income_decile_8,9660.0,9.2
14,Toronto-Danforth,Toronto--Danforth,376,    In ninth decile,income_decile_9,12895.0,12.3
14,Toronto-Danforth,Toronto--Danforth,377,    In top decile,income_decile_10,23105.0,22.1
14,Toronto-Danforth,Toronto--Danforth,378,Total - Inequality measures for the population in private households - 100% data,gini_measures,104585.0,104585.0
14,Toronto-Danforth,Toronto--Danforth,379,  Gini index on adjusted household total income,gini_total_income,0.412,0.412
14,Toronto-Danforth,Toronto--Danforth,380,  Gini index on adjusted household market income,gini_market_income,0.508,0.508
14,Toronto-Danforth,Toronto--Danforth,381,  Gini index on adjusted household after-tax income,gini_aftertax_income,0.352,0.352
14,Toronto-Danforth,Toronto--Danforth,382,  P90/P10 ratio on adjusted household after-tax income,gini_p90_p10,5.2,5.2
14,Toronto-Danforth,Toronto--Danforth,1414,Total - Private households by tenure - 25% sample data,housing_tenure_total,46235.0,100.0
14,Toronto-Danforth,Toronto--Danforth,1415,  Owner,housing_tenure_owner,25380.0,54.9
14,Toronto-Danforth,Toronto--Danforth,1416,  Renter,housing_tenure_renter,20855.0,45.1
14,Toronto-Danforth,Toronto--Danforth,1417,"  Dwelling provided by the local government, First Nation or Indian band",housing_tenure_provided,0.0,0.0
14,Toronto-Danforth,Toronto--Danforth,1418,Total - Occupied private dwellings by condominium status - 25% sample data,housing_condo_total,46235.0,100.0
14,Toronto-Danforth,Toronto--Danforth,1465,"Total - Owner and tenant households with household total income greater than zero, in non-farm, non-reserve private dwellings by shelter-cost-to-income ratio - 25% sample data",housing_shelter_total,45940.0,100.0
14,Toronto-Danforth,Toronto--Danforth,1466,  Spending less than 30% of income on shelter costs,housing_shelter_under30,33535.0,73.0
14,Toronto-Danforth,Toronto--Danforth,1467,  Spending 30% or more of income on shelter costs,housing_shelter_30plus,12405.0,27.0
14,Toronto-Danforth,Toronto--Danforth,1468,    30% to less than 100%,housing_shelter_30_100,11075.0,24.1
14,Toronto-Danforth,Toronto--Danforth,1479,"Total - Owner and tenant households with household total income greater than zero and shelter-cost-to-income ratio less than 100%, in non-farm, non-reserve private dwellings - 25% sample data",housing_core_need_total,44605.0,100.0
14,Toronto-Danforth,Toronto--Danforth,1480,  In core need,housing_core_need_yes,8050.0,18.0
14,Toronto-Danforth,Toronto--Danforth,1481,  Not in core need,housing_core_need_no,36550.0,81.9
14,Toronto-Danforth,Toronto--Danforth,1482,"Total - Owner households in non-farm, non-reserve private dwellings - 25% sample data",housing_owner_total,25375.0,
14,Toronto-Danforth,Toronto--Danforth,1483,  % of owner households with a mortgage,housing_owner_mortgage_pct,59.9,59.9
14,Toronto-Danforth,Toronto--Danforth,1484,  % of owner households spending 30% or more of its income on shelter costs,housing_owner_shelter_30plus_pct,18.2,18.2
14,Toronto-Danforth,Toronto--Danforth,1485,  % in core housing need,housing_owner_core_need_pct,7.9,7.9
14,Toronto-Danforth,Toronto--Danforth,1522,Total - Citizenship for the population in private households - 25% sample data,citizen_total,104555.0,100.0
14,Toronto-Danforth,Toronto--Danforth,1523,  Canadian citizens,citizen_canadian,95935.0,91.8
14,Toronto-Danforth,Toronto--Danforth,1524,    Canadian citizens aged under 18,citizen_canadian_under18,18155.0,17.4
14,Toronto-Danforth,Toronto--Danforth,1525,    Canadian citizens aged 18 and over,citizen_canadian_18over,77785.0,74.4
14,Toronto-Danforth,Toronto--Danforth,1526,  Not Canadian citizens,citizen_not_canadian,8625.0,8.2
14,Toronto-Danforth,Toronto--Danforth,1683,Total - Visible minority for the population in private households - 25% sample data,visible_minority_total,104555.0,100.0
14,Toronto-Danforth,Toronto--Danforth,1684,  Total visible minority population,visible_minority_yes,35810.0,34.2
14,Toronto-Danforth,Toronto--Danforth,1685,    South Asian,visible_minority_south_asian,6015.0,5.8
14,Toronto-Danforth,Toronto--Danforth,1686,    Chinese,visible_minority_chinese,11670.0,11.2
14,Toronto-Danforth,Toronto--Danforth,1687,    Black,visible_minority_black,5495.0,5.3
14,Toronto-Danforth,Toronto--Danforth,1688,    Filipino,visible_minority_filipino,2560.0,2.4
14,Toronto-Danforth,Toronto--Danforth,1689,    Arab,visible_minority_arab,870.0,0.8
14,Toronto-Danforth,Toronto--Danforth,1690,    Latin American,visible_minority_latin_american,1695.0,1.6
14,Toronto-Danforth,Toronto--Danforth,1691,    Southeast Asian,visible_minority_southeast_asian,2045.0,2.0
14,Toronto-Danforth,Toronto--Danforth,1692,    West Asian,visible_minority_west_asian,780.0,0.7
14,Toronto-Danforth,Toronto--Danforth,1693,    Korean,visible_minority_korean,665.0,0.6
14,Toronto-Danforth,Toronto--Danforth,1694,    Japanese,visible_minority_japanese,825.0,0.8
14,Toronto-Danforth,Toronto--Danforth,1695,"    Visible minority, n.i.e.",visible_minority_nie,695.0,0.7
14,Toronto-Danforth,Toronto--Danforth,1696,    Multiple visible minorities,visible_minority_multiple,2500.0,2.4
14,Toronto-Danforth,Toronto--Danforth,1697,  Not a visible minority,visible_minority_no,68740.0,65.7
14,Toronto-Danforth,Toronto--Danforth,1983,Total - Mobility status 5 years ago - 25% sample data,mobility_total,99205.0,100.0
14,Toronto-Danforth,Toronto--Danforth,1984,  Non-movers,mobility_non_movers,68105.0,68.7
14,Toronto-Danforth,Toronto--Danforth,1985,  Movers,mobility_movers,31100.0,31.3
14,Toronto-Danforth,Toronto--Danforth,1986,    Non-migrants,mobility_non_migrants,21555.0,21.7
14,Toronto-Danforth,Toronto--Danforth,1987,    Migrants,mobility_migrants,9545.0,9.6
14,Toronto-Danforth,Toronto--Danforth,1988,      Internal migrants,mobility_internal_migrants,5435.0,5.5
14,Toronto-Danforth,Toronto--Danforth,1989,        Intraprovincial migrants,mobility_intraprovincial_migrants,4205.0,4.2
14,Toronto-Danforth,Toronto--Danforth,1990,        Interprovincial migrants,mobility_interprovincial_migrants,1225.0,1.2
14,Toronto-Danforth,Toronto--Danforth,1991,      External migrants,mobility_external_migrants,4115.0,4.1
14,Toronto-Danforth,Toronto--Danforth,1998,"Total - Highest certificate, diploma or degree for the population aged 15 years and over in private households - 25% sample data",education_total,88370.0,100.0
14,Toronto-Danforth,Toronto--Danforth,1999,"  No certificate, diploma or degree",education_none,12495.0,14.1
14,Toronto-Danforth,Toronto--Danforth,2000,  High (secondary) school diploma or equivalency certificate,education_secondary,18125.0,20.5
14,Toronto-Danforth,Toronto--Danforth,2001,"  Postsecondary certificate, diploma or degree",education_postsec,57750.0,65.4
14,Toronto-Danforth,Toronto--Danforth,2002,    Postsecondary certificate or diploma below bachelor level,education_postsec_below_bachelor,17250.0,19.5
14,Toronto-Danforth,Toronto--Danforth,2003,      Apprenticeship or trades certificate or diploma,education_apprentice_trades,2570.0,2.9
14,Toronto-Danforth,Toronto--Danforth,2004,        Non-apprenticeship trades certificate or diploma,education_apprentice_non,1400.0,1.6
14,Toronto-Danforth,Toronto--Danforth,2005,        Apprenticeship certificate,education_apprentice_cert,1170.0,1.3
14,Toronto-Danforth,Toronto--Danforth,2006,"      College, CEGEP or other non-university certificate or diploma",education_college,12620.0,14.3
14,Toronto-Danforth,Toronto--Danforth,2007,      University certificate or diploma below bachelor level,education_university_below_bachelor,2060.0,2.3
14,Toronto-Danforth,Toronto--Danforth,2008,    Bachelor's degree or higher,education_bachelor_higher,40500.0,45.8
14,Toronto-Danforth,Toronto--Danforth,2009,      Bachelor's degree,education_bachelor,25065.0,28.4
14,Toronto-Danforth,Toronto--Danforth,2010,      University certificate or diploma above bachelor level,education_university_above_bachelor,2385.0,2.7
14,Toronto-Danforth,Toronto--Danforth,2011,"      Degree in medicine, dentistry, veterinary medicine or optometry",education_medical_dental_vet,585.0,0.7
14,Toronto-Danforth,Toronto--Danforth,2012,      Master's degree,education_masters,10535.0,11.9
14,Toronto-Danforth,Toronto--Danforth,2013,      Earned doctorate,education_doctorate,1920.0,2.2
14,Toronto-Danforth,Toronto--Danforth,2014,"Total - Highest certificate, diploma or degree for the population aged 25 to 64 years in private households - 25% sample data",education_25_64_total,63180.0,100.0
14,Toronto-Danforth,Toronto--Danforth,2015,"  No certificate, diploma or degree",education_25_64_none,4630.0,7.3
14,Toronto-Danforth,Toronto--Danforth,2016,  High (secondary) school diploma or equivalency certificate,education_25_64_secondary,10195.0,16.1
14,Toronto-Danforth,Toronto--Danforth,2017,"  Postsecondary certificate, diploma or degree",education_25_64_postsec,48350.0,76.5
14,Toronto-Danforth,Toronto--Danforth,2018,    Postsecondary certificate or diploma below bachelor level,education_25_64_postsec_below_bachelor,13210.0,20.9
14,Toronto-Danforth,Toronto--Danforth,2019,      Apprenticeship or trades certificate or diploma,education_25_64_apprentice_trades,1725.0,2.7
14,Toronto-Danforth,Toronto--Danforth,2020,        Non-apprenticeship trades certificate or diploma,education_25_64_apprentice_non,905.0,1.4
14,Toronto-Danforth,Toronto--Danforth,2021,        Apprenticeship certificate,education_25_64_apprentice_cert,820.0,1.3
14,Toronto-Danforth,Toronto--Danforth,2022,"      College, CEGEP or other non-university certificate or diploma",education_25_64_college,9940.0,15.7
14,Toronto-Danforth,Toronto--Danforth,2023,      University certificate or diploma below bachelor level,education_25_64_university_below_bachelor,1550.0,2.5
14,Toronto-Danforth,Toronto--Danforth,2024,    Bachelor's degree or higher,education_25_64_bachelor_higher,35145.0,55.6
14,Toronto-Danforth,Toronto--Danforth,2025,      Bachelor's degree,education_25_64_bachelor,21530.0,34.1
14,Toronto-Danforth,Toronto--Danforth,2026,      University certificate or diploma above bachelor level,education_25_64_university_above_bachelor,2075.0,3.3
14,Toronto-Danforth,Toronto--Danforth,2027,"      Degree in medicine, dentistry, veterinary medicine or optometry",education_25_64_medical_dental_vet,515.0,0.8
14,Toronto-Danforth,Toronto--Danforth,2028,      Master's degree,education_25_64_masters,9415.0,14.9
14,Toronto-Danforth,Toronto--Danforth,2029,      Earned doctorate,education_25_64_doctorate,1605.0,2.5
14,Toronto-Danforth,Toronto--Danforth,2246,Total - Labour force aged 15 years and over by occupation - Broad category - National Occupational Classification (NOC) 2021 - 25% sample data,labour_occupation_total,59950.0,100.0
14,Toronto-Danforth,Toronto--Danforth,2247,  Occupation - not applicable,labour_occupation_na,1635.0,2.7
14,Toronto-Danforth,Toronto--Danforth,2248,  All occupations,labour_occupation_all,58310.0,97.3
14,Toronto-Danforth,Toronto--Danforth,2249,    0 Legislative and senior management occupations,labour_occupation_0_management,1445.0,2.4
14,Toronto-Danforth,Toronto--Danforth,2250,"    1 Business, finance and administration occupations",labour_occupation_1_business_finance,13085.0,21.8
14,Toronto-Danforth,Toronto--Danforth,2251,    2 Natural and applied sciences and related occupations,labour_occupation_2_science,5665.0,9.4
14,Toronto-Danforth,Toronto--Danforth,2252,    3 Health occupations,labour_occupation_3_health,3470.0,5.8
14,Toronto-Danforth,Toronto--Danforth,2253,"    4 Occupations in education, law and social, community and government services",labour_occupation_4_education_law_social,9635.0,16.1
14,Toronto-Danforth,Toronto--Danforth,2254,"    5 Occupations in art, culture, recreation and sport",labour_occupation_5_arts_culture,6245.0,10.4
14,Toronto-Danforth,Toronto--Danforth,2255,    6 Sales and service occupations,labour_occupation_6_sales_service,12445.0,20.8
14,Toronto-Danforth,Toronto--Danforth,2256,"    7 Trades, transport and equipment operators and related occupations",labour_occupation_7_trades_transport,5000.0,8.3
14,Toronto-Danforth,Toronto--Danforth,2257,"    8 Natural resources, agriculture and related production occupations",labour_occupation_8_natural_resources,290.0,0.5
14,Toronto-Danforth,Toronto--Danforth,2258,    9 Occupations in manufacturing and utilities,labour_occupation_9_manufacturing,1035.0,1.7
14,Toronto-Danforth,Toronto--Danforth,2259,Total - Labour force aged 15 years and over by industry - Sectors - North American Industry Classification System (NAICS) 2017 - 25% sample data,labour_industry_total,59950.0,100.0
14,Toronto-Danforth,Toronto--Danforth,2260,  Industry - not applicable,labour_industry_na,1635.0,2.7
14,Toronto-Danforth,Toronto--Danforth,2261,  All industries,labour_industry_all,58310.0,97.3
14,Toronto-Danforth,Toronto--Danforth,2262,"    11 Agriculture, forestry, fishing and hunting",labour_industry_11_agriculture,115.0,0.2
14,Toronto-Danforth,Toronto--Danforth,2263,"    21 Mining, quarrying, and oil and gas extraction",labour_industry_21_mining,85.0,0.1
14,Toronto-Danforth,Toronto--Danforth,2264,    22 Utilities,labour_industry_22_utilities,295.0,0.5
14,Toronto-Danforth,Toronto--Danforth,2265,    23 Construction,labour_industry_23_construction,2510.0,4.2
14,Toronto-Danforth,Toronto--Danforth,2266,    31-33 Manufacturing,labour_industry_31_33_manufacturing,2050.0,3.4
14,Toronto-Danforth,Toronto--Danforth,2267,    41 Wholesale trade,labour_industry_41_wholesale,1350.0,2.3
14,Toronto-Danforth,Toronto--Danforth,2268,    44-45 Retail trade,labour_industry_44_45_retail,4830.0,8.1
14,Toronto-Danforth,Toronto--Danforth,2269,    48-49 Transportation and warehousing,labour_industry_48_49_transportation,1700.0,2.8
14,Toronto-Danforth,Toronto--Danforth,2270,    51 Information and cultural industries,labour_industry_51_information,4135.0,6.9
14,Toronto-Danforth,Toronto--Danforth,2271,    52 Finance and insurance,labour_industry_52_finance,4705.0,7.8
14,Toronto-Danforth,Toronto--Danforth,2272,    53 Real estate and rental and leasing,labour_industry_53_real_estate,1730.0,2.9
14,Toronto-Danforth,Toronto--Danforth,2273,"    54 Professional, scientific and technical services",labour_industry_54_professional,9335.0,15.6
14,Toronto-Danforth,Toronto--Danforth,2274,    55 Management of companies and enterprises,labour_industry_55_management,485.0,0.8
14,Toronto-Danforth,Toronto--Danforth,2275,"    56 Administrative and support, waste management and remediation services",labour_industry_56_administrative,2105.0,3.5
14,Toronto-Danforth,Toronto--Danforth,2276,    61 Educational services,labour_industry_61_education,5680.0,9.5
14,Toronto-Danforth,Toronto--Danforth,2277,    62 Health care and social assistance,labour_industry_62_healthcare,5965.0,9.9
14,Toronto-Danforth,Toronto--Danforth,2278,"    71 Arts, entertainment and recreation",labour_industry_71_arts,2380.0,4.0
14,Toronto-Danforth,Toronto--Danforth,2279,    72 Accommodation and food services,labour_industry_72_accommodation,3205.0,5.3
14,Toronto-Danforth,Toronto--Danforth,2280,    81 Other services (except public administration),labour_industry_81_other_services,2565.0,4.3
14,Toronto-Danforth,Toronto--Danforth,2281,    91 Public administration,labour_industry_91_public_admin,3080.0,5.1
14,Toronto-Danforth,Toronto--Danforth,2603,Total - Main mode of commuting for the employed labour force aged 15 years and over with a usual place of work or no fixed workplace address - 25% sample data,commute_mode_total,25465.0,100.0
14,Toronto-Danforth,Toronto--Danforth,2604,"  Car, truck or van",commute_mode_car_truck_van,12790.0,50.2
14,Toronto-Danforth,Toronto--Danforth,2605,"    Car, truck or van - as a driver",commute_mode_car_driver,11315.0,44.4
14,Toronto-Danforth,Toronto--Danforth,2606,"    Car, truck or van - as a passenger",commute_mode_car_passenger,1470.0,5.8
14,Toronto-Danforth,Toronto--Danforth,2607,  Public transit,commute_mode_transit,7200.0,28.3
14,Toronto-Danforth,Toronto--Danforth,2608,  Walked,commute_mode_walked,2910.0,11.4
14,Toronto-Danforth,Toronto--Danforth,2609,  Bicycle,commute_mode_bicycle,1575.0,6.2
14,Toronto-Danforth,Toronto--Danforth,2610,  Other method,commute_mode_other,990.0,3.9
14,Toronto-Danforth,Toronto--Danforth,2611,Total - Commuting duration for the employed labour force aged 15 years and over with a usual place of work or no fixed workplace address - 25% sample data,commute_duration_total,25465.0,100.0
14,Toronto-Danforth,Toronto--Danforth,2612,  Less than 15 minutes,commute_duration_under15,4465.0,17.5
14,Toronto-Danforth,Toronto--Danforth,2613,  15 to 29 minutes,commute_duration_15_29,8680.0,34.1
14,Toronto-Danforth,Toronto--Danforth,2614,  30 to 44 minutes,commute_duration_30_44,7640.0,30.0
14,Toronto-Danforth,Toronto--Danforth,2615,  45 to 59 minutes,commute_duration_45_59,2610.0,10.2
14,Toronto-Danforth,Toronto--Danforth,2616,  60 minutes and over,commute_duration_60plus,2060.0,8.1
15,Don Valley West,Don Valley West,1,"Population, 2021",pop_2021,101959.0,
15,Don Valley West,Don Valley West,2,"Population, 2016",pop_2016,102508.0,
15,Don Valley West,Don Valley West,3,"Population percentage change, 2016 to 2021",pop_pct_change,-0.5,-0.5
15,Don Valley West,Don Valley West,6,Population density per square kilometre,pop_density,3386.0,3386.0
15,Don Valley West,Don Valley West,34,Total - Distribution (%) of the population by broad age groups - 100% data,age_total_dist,100.0,100.0
15,Don Valley West,Don Valley West,35,  0 to 14 years,age_0_14,17.0,17.0
15,Don Valley West,Don Valley West,36,  15 to 64 years,age_15_64,65.1,65.1
15,Don Valley West,Don Valley West,37,  65 years and over,age_65_over,17.8,17.8
15,Don Valley West,Don Valley West,38,    85 years and over,age_85_over,2.7,2.7
15,Don Valley West,Don Valley West,39,Average age of the population,age_mean,41.4,41.4
15,Don Valley West,Don Valley West,40,Median age of the population,age_median,41.6,41.6
15,Don Valley West,Don Valley West,50,Total - Private households by household size - 100% data,pvt_house_total,39720.0,100.0
15,Don Valley West,Don Valley West,51,  1 person,pvt_house_1,11605.0,29.2
15,Don Valley West,Don Valley West,52,  2 persons,pvt_house_2,11585.0,29.2
15,Don Valley West,Don Valley West,53,  3 persons,pvt_house_3,6165.0,15.5
15,Don Valley West,Don Valley West,54,  4 persons,pvt_house_4,6550.0,16.5
15,Don Valley West,Don Valley West,55,  5 or more persons,pvt_house_5plus,3820.0,9.6
15,Don Valley West,Don Valley West,56,Number of persons in private households,pvt_house_persons,100480.0,100.0
15,Don Valley West,Don Valley West,57,Average household size,pvt_house_avg_size,2.5,2.5
15,Don Valley West,Don Valley West,111,Total - Income statistics in 2020 for the population aged 15 years and over in private households - 100% data,income_total,83180.0,100.0
15,Don Valley West,Don Valley West,112,  Number of total income recipients aged 15 years and over in private households in 2020 - 100% data,income_total_recip,78830.0,94.8
15,Don Valley West,Don Valley West,113,    Median total income in 2020 among recipients ($),income_total_median,47600.0,47600.0
15,Don Valley West,Don Valley West,114,  Number of after-tax income recipients aged 15 years and over in private households in 2020 - 100% data,income_aftertax_recip,78900.0,94.9
15,Don Valley West,Don Valley West,115,    Median after-tax income in 2020 among recipients ($),income_aftertax_median,42400.0,42400.0
15,Don Valley West,Don Valley West,116,  Number of market income recipients aged 15 years and over in private households in 2020 - 100% data,income_market_recip,70680.0,85.0
15,Don Valley West,Don Valley West,117,    Median market income in 2020 among recipients ($),income_market_median,47600.0,47600.0
15,Don Valley West,Don Valley West,118,  Number of employment income recipients aged 15 years and over in private households in 2020 - 100% data,income_emp_recip,55800.0,67.1
15,Don Valley West,Don Valley West,119,    Median employment income in 2020 among recipients ($),income_emp_median,45200.0,45200.0
15,Don Valley West,Don Valley West,120,  Number of government transfers recipients aged 15 years and over in private households in 2020 - 100% data,income_govtrans_recip,69400.0,83.4
15,Don Valley West,Don Valley West,121,    Median government transfers in 2020 among recipients ($),income_govtrans_median,6400.0,6400.0
15,Don Valley West,Don Valley West,122,  Number of employment insurance benefits recipients aged 15 years and over in private households in 2020 - 100% data,income_ei_recip,4795.0,5.8
15,Don Valley West,Don Valley West,123,    Median employment insurance benefits in 2020 among recipients ($),income_ei_median,5640.0,5640.0
15,Don Valley West,Don Valley West,124,  Number of COVID-19 emergency and recovery benefits recipients aged 15 years and over in private households in 2020 - 100% data,income_covid_recip,21940.0,26.4
15,Don Valley West,Don Valley West,125,    Median COVID-19 emergency and recovery benefits in 2020 among recipients ($),income_covid_median,9500.0,9500.0
15,Don Valley West,Don Valley West,345,"Prevalence of low income based on the Low-income measure, after tax (LIM-AT) (%)",lim_at_prev,12.6,12.6
15,Don Valley West,Don Valley West,346,  0 to 17 years (%),lim_at_0_17,15.4,15.4
15,Don Valley West,Don Valley West,347,    0 to 5 years (%),lim_at_0_5,17.1,17.1
15,Don Valley West,Don Valley West,348,  18 to 64 years (%),lim_at_18_64,11.8,11.8
15,Don Valley West,Don Valley West,349,  65 years and over (%),lim_at_65_over,12.1,12.1
15,Don Valley West,Don Valley West,365,Total - Adjusted after-tax economic family income decile group for the population in private households - 100% data,income_decile_total,100485.0,100.0
15,Don Valley West,Don Valley West,366,  In bottom half of the distribution,income_decile_bottom_half,39980.0,39.8
15,Don Valley West,Don Valley West,367,    In bottom decile,income_decile_1,11045.0,11.0
15,Don Valley West,Don Valley West,368,    In second decile,income_decile_2,8715.0,8.7
15,Don Valley West,Don Valley West,369,    In third decile,income_decile_3,7605.0,7.6
15,Don Valley West,Don Valley West,370,    In fourth decile,income_decile_4,6435.0,6.4
15,Don Valley West,Don Valley West,371,    In fifth decile,income_decile_5,6160.0,6.1
15,Don Valley West,Don Valley West,372,  In top half of the distribution,income_decile_top_half,60505.0,60.2
15,Don Valley West,Don Valley West,373,    In sixth decile,income_decile_6,5885.0,5.9
15,Don Valley West,Don Valley West,374,    In seventh decile,income_decile_7,6255.0,6.2
15,Don Valley West,Don Valley West,375,    In eighth decile,income_decile_8,6880.0,6.8
15,Don Valley West,Don Valley West,376,    In ninth decile,income_decile_9,9255.0,9.2
15,Don Valley West,Don Valley West,377,    In top decile,income_decile_10,32235.0,32.1
15,Don Valley West,Don Valley West,378,Total - Inequality measures for the population in private households - 100% data,gini_measures,100480.0,100480.0
15,Don Valley West,Don Valley West,379,  Gini index on adjusted household total income,gini_total_income,0.587,0.587
15,Don Valley West,Don Valley West,380,  Gini index on adjusted household market income,gini_market_income,0.65,0.65
15,Don Valley West,Don Valley West,381,  Gini index on adjusted household after-tax income,gini_aftertax_income,0.508,0.508
15,Don Valley West,Don Valley West,382,  P90/P10 ratio on adjusted household after-tax income,gini_p90_p10,8.0,8.0
15,Don Valley West,Don Valley West,1414,Total - Private households by tenure - 25% sample data,housing_tenure_total,40030.0,100.0
15,Don Valley West,Don Valley West,1415,  Owner,housing_tenure_owner,20815.0,52.0
15,Don Valley West,Don Valley West,1416,  Renter,housing_tenure_renter,19215.0,48.0
15,Don Valley West,Don Valley West,1417,"  Dwelling provided by the local government, First Nation or Indian band",housing_tenure_provided,0.0,0.0
15,Don Valley West,Don Valley West,1418,Total - Occupied private dwellings by condominium status - 25% sample data,housing_condo_total,40030.0,100.0
15,Don Valley West,Don Valley West,1465,"Total - Owner and tenant households with household total income greater than zero, in non-farm, non-reserve private dwellings by shelter-cost-to-income ratio - 25% sample data",housing_shelter_total,39815.0,100.0
15,Don Valley West,Don Valley West,1466,  Spending less than 30% of income on shelter costs,housing_shelter_under30,27495.0,69.1
15,Don Valley West,Don Valley West,1467,  Spending 30% or more of income on shelter costs,housing_shelter_30plus,12320.0,30.9
15,Don Valley West,Don Valley West,1468,    30% to less than 100%,housing_shelter_30_100,10280.0,25.8
15,Don Valley West,Don Valley West,1479,"Total - Owner and tenant households with household total income greater than zero and shelter-cost-to-income ratio less than 100%, in non-farm, non-reserve private dwellings - 25% sample data",housing_core_need_total,37775.0,100.0
15,Don Valley West,Don Valley West,1480,  In core need,housing_core_need_yes,6780.0,17.9
15,Don Valley West,Don Valley West,1481,  Not in core need,housing_core_need_no,30990.0,82.0
15,Don Valley West,Don Valley West,1482,"Total - Owner households in non-farm, non-reserve private dwellings - 25% sample data",housing_owner_total,20815.0,
15,Don Valley West,Don Valley West,1483,  % of owner households with a mortgage,housing_owner_mortgage_pct,46.6,46.6
15,Don Valley West,Don Valley West,1484,  % of owner households spending 30% or more of its income on shelter costs,housing_owner_shelter_30plus_pct,21.8,21.8
15,Don Valley West,Don Valley West,1485,  % in core housing need,housing_owner_core_need_pct,6.1,6.1
15,Don Valley West,Don Valley West,1522,Total - Citizenship for the population in private households - 25% sample data,citizen_total,101025.0,100.0
15,Don Valley West,Don Valley West,1523,  Canadian citizens,citizen_canadian,86210.0,85.3
15,Don Valley West,Don Valley West,1524,    Canadian citizens aged under 18,citizen_canadian_under18,19190.0,19.0
15,Don Valley West,Don Valley West,1525,    Canadian citizens aged 18 and over,citizen_canadian_18over,67025.0,66.3
15,Don Valley West,Don Valley West,1526,  Not Canadian citizens,citizen_not_canadian,14810.0,14.7
15,Don Valley West,Don Valley West,1683,Total - Visible minority for the population in private households - 25% sample data,visible_minority_total,101025.0,100.0
15,Don Valley West,Don Valley West,1684,  Total visible minority population,visible_minority_yes,47415.0,46.9
15,Don Valley West,Don Valley West,1685,    South Asian,visible_minority_south_asian,13410.0,13.3
15,Don Valley West,Don Valley West,1686,    Chinese,visible_minority_chinese,12420.0,12.3
15,Don Valley West,Don Valley West,1687,    Black,visible_minority_black,3835.0,3.8
15,Don Valley West,Don Valley West,1688,    Filipino,visible_minority_filipino,3510.0,3.5
15,Don Valley West,Don Valley West,1689,    Arab,visible_minority_arab,1550.0,1.5
15,Don Valley West,Don Valley West,1690,    Latin American,visible_minority_latin_american,2150.0,2.1
15,Don Valley West,Don Valley West,1691,    Southeast Asian,visible_minority_southeast_asian,615.0,0.6
15,Don Valley West,Don Valley West,1692,    West Asian,visible_minority_west_asian,5305.0,5.3
15,Don Valley West,Don Valley West,1693,    Korean,visible_minority_korean,1590.0,1.6
15,Don Valley West,Don Valley West,1694,    Japanese,visible_minority_japanese,525.0,0.5
15,Don Valley West,Don Valley West,1695,"    Visible minority, n.i.e.",visible_minority_nie,750.0,0.7
15,Don Valley West,Don Valley West,1696,    Multiple visible minorities,visible_minority_multiple,1760.0,1.7
15,Don Valley West,Don Valley West,1697,  Not a visible minority,visible_minority_no,53610.0,53.1
15,Don Valley West,Don Valley West,1983,Total - Mobility status 5 years ago - 25% sample data,mobility_total,96410.0,100.0
15,Don Valley West,Don Valley West,1984,  Non-movers,mobility_non_movers,64385.0,66.8
15,Don Valley West,Don Valley West,1985,  Movers,mobility_movers,32030.0,33.2
15,Don Valley West,Don Valley West,1986,    Non-migrants,mobility_non_migrants,18270.0,19.0
15,Don Valley West,Don Valley West,1987,    Migrants,mobility_migrants,13760.0,14.3
15,Don Valley West,Don Valley West,1988,      Internal migrants,mobility_internal_migrants,5465.0,5.7
15,Don Valley West,Don Valley West,1989,        Intraprovincial migrants,mobility_intraprovincial_migrants,4280.0,4.4
15,Don Valley West,Don Valley West,1990,        Interprovincial migrants,mobility_interprovincial_migrants,1190.0,1.2
15,Don Valley West,Don Valley West,1991,      External migrants,mobility_external_migrants,8285.0,8.6
15,Don Valley West,Don Valley West,1998,"Total - Highest certificate, diploma or degree for the population aged 15 years and over in private households - 25% sample data",education_total,83725.0,100.0
15,Don Valley West,Don Valley West,1999,"  No certificate, diploma or degree",education_none,8135.0,9.7
15,Don Valley West,Don Valley West,2000,  High (secondary) school diploma or equivalency certificate,education_secondary,16200.0,19.3
15,Don Valley West,Don Valley West,2001,"  Postsecondary certificate, diploma or degree",education_postsec,59390.0,70.9
15,Don Valley West,Don Valley West,2002,    Postsecondary certificate or diploma below bachelor level,education_postsec_below_bachelor,13170.0,15.7
15,Don Valley West,Don Valley West,2003,      Apprenticeship or trades certificate or diploma,education_apprentice_trades,1760.0,2.1
15,Don Valley West,Don Valley West,2004,        Non-apprenticeship trades certificate or diploma,education_apprentice_non,1085.0,1.3
15,Don Valley West,Don Valley West,2005,        Apprenticeship certificate,education_apprentice_cert,675.0,0.8
15,Don Valley West,Don Valley West,2006,"      College, CEGEP or other non-university certificate or diploma",education_college,9010.0,10.8
15,Don Valley West,Don Valley West,2007,      University certificate or diploma below bachelor level,education_university_below_bachelor,2400.0,2.9
15,Don Valley West,Don Valley West,2008,    Bachelor's degree or higher,education_bachelor_higher,46215.0,55.2
15,Don Valley West,Don Valley West,2009,      Bachelor's degree,education_bachelor,26460.0,31.6
15,Don Valley West,Don Valley West,2010,      University certificate or diploma above bachelor level,education_university_above_bachelor,2870.0,3.4
15,Don Valley West,Don Valley West,2011,"      Degree in medicine, dentistry, veterinary medicine or optometry",education_medical_dental_vet,2250.0,2.7
15,Don Valley West,Don Valley West,2012,      Master's degree,education_masters,12635.0,15.1
15,Don Valley West,Don Valley West,2013,      Earned doctorate,education_doctorate,2005.0,2.4
15,Don Valley West,Don Valley West,2014,"Total - Highest certificate, diploma or degree for the population aged 25 to 64 years in private households - 25% sample data",education_25_64_total,53935.0,100.0
15,Don Valley West,Don Valley West,2015,"  No certificate, diploma or degree",education_25_64_none,2230.0,4.1
15,Don Valley West,Don Valley West,2016,  High (secondary) school diploma or equivalency certificate,education_25_64_secondary,7285.0,13.5
15,Don Valley West,Don Valley West,2017,"  Postsecondary certificate, diploma or degree",education_25_64_postsec,44420.0,82.4
15,Don Valley West,Don Valley West,2018,    Postsecondary certificate or diploma below bachelor level,education_25_64_postsec_below_bachelor,8965.0,16.6
15,Don Valley West,Don Valley West,2019,      Apprenticeship or trades certificate or diploma,education_25_64_apprentice_trades,1165.0,2.2
15,Don Valley West,Don Valley West,2020,        Non-apprenticeship trades certificate or diploma,education_25_64_apprentice_non,750.0,1.4
15,Don Valley West,Don Valley West,2021,        Apprenticeship certificate,education_25_64_apprentice_cert,420.0,0.8
15,Don Valley West,Don Valley West,2022,"      College, CEGEP or other non-university certificate or diploma",education_25_64_college,6260.0,11.6
15,Don Valley West,Don Valley West,2023,      University certificate or diploma below bachelor level,education_25_64_university_below_bachelor,1545.0,2.9
15,Don Valley West,Don Valley West,2024,    Bachelor's degree or higher,education_25_64_bachelor_higher,35455.0,65.7
15,Don Valley West,Don Valley West,2025,      Bachelor's degree,education_25_64_bachelor,20115.0,37.3
15,Don Valley West,Don Valley West,2026,      University certificate or diploma above bachelor level,education_25_64_university_above_bachelor,2120.0,3.9
15,Don Valley West,Don Valley West,2027,"      Degree in medicine, dentistry, veterinary medicine or optometry",education_25_64_medical_dental_vet,1540.0,2.9
15,Don Valley West,Don Valley West,2028,      Master's degree,education_25_64_masters,10235.0,19.0
15,Don Valley West,Don Valley West,2029,      Earned doctorate,education_25_64_doctorate,1435.0,2.7
15,Don Valley West,Don Valley West,2246,Total - Labour force aged 15 years and over by occupation - Broad category - National Occupational Classification (NOC) 2021 - 25% sample data,labour_occupation_total,52550.0,100.0
15,Don Valley West,Don Valley West,2247,  Occupation - not applicable,labour_occupation_na,1800.0,3.4
15,Don Valley West,Don Valley West,2248,  All occupations,labour_occupation_all,50745.0,96.6
15,Don Valley West,Don Valley West,2249,    0 Legislative and senior management occupations,labour_occupation_0_management,2130.0,4.1
15,Don Valley West,Don Valley West,2250,"    1 Business, finance and administration occupations",labour_occupation_1_business_finance,12990.0,24.7
15,Don Valley West,Don Valley West,2251,    2 Natural and applied sciences and related occupations,labour_occupation_2_science,5395.0,10.3
15,Don Valley West,Don Valley West,2252,    3 Health occupations,labour_occupation_3_health,4615.0,8.8
15,Don Valley West,Don Valley West,2253,"    4 Occupations in education, law and social, community and government services",labour_occupation_4_education_law_social,7240.0,13.8
15,Don Valley West,Don Valley West,2254,"    5 Occupations in art, culture, recreation and sport",labour_occupation_5_arts_culture,2740.0,5.2
15,Don Valley West,Don Valley West,2255,    6 Sales and service occupations,labour_occupation_6_sales_service,10490.0,20.0
15,Don Valley West,Don Valley West,2256,"    7 Trades, transport and equipment operators and related occupations",labour_occupation_7_trades_transport,3930.0,7.5
15,Don Valley West,Don Valley West,2257,"    8 Natural resources, agriculture and related production occupations",labour_occupation_8_natural_resources,285.0,0.5
15,Don Valley West,Don Valley West,2258,    9 Occupations in manufacturing and utilities,labour_occupation_9_manufacturing,940.0,1.8
15,Don Valley West,Don Valley West,2259,Total - Labour force aged 15 years and over by industry - Sectors - North American Industry Classification System (NAICS) 2017 - 25% sample data,labour_industry_total,52550.0,100.0
15,Don Valley West,Don Valley West,2260,  Industry - not applicable,labour_industry_na,1800.0,3.4
15,Don Valley West,Don Valley West,2261,  All industries,labour_industry_all,50745.0,96.6
15,Don Valley West,Don Valley West,2262,"    11 Agriculture, forestry, fishing and hunting",labour_industry_11_agriculture,100.0,0.2
15,Don Valley West,Don Valley West,2263,"    21 Mining, quarrying, and oil and gas extraction",labour_industry_21_mining,105.0,0.2
15,Don Valley West,Don Valley West,2264,    22 Utilities,labour_industry_22_utilities,195.0,0.4
15,Don Valley West,Don Valley West,2265,    23 Construction,labour_industry_23_construction,1960.0,3.7
15,Don Valley West,Don Valley West,2266,    31-33 Manufacturing,labour_industry_31_33_manufacturing,2105.0,4.0
15,Don Valley West,Don Valley West,2267,    41 Wholesale trade,labour_industry_41_wholesale,1590.0,3.0
15,Don Valley West,Don Valley West,2268,    44-45 Retail trade,labour_industry_44_45_retail,4275.0,8.1
15,Don Valley West,Don Valley West,2269,    48-49 Transportation and warehousing,labour_industry_48_49_transportation,1890.0,3.6
15,Don Valley West,Don Valley West,2270,    51 Information and cultural industries,labour_industry_51_information,1730.0,3.3
15,Don Valley West,Don Valley West,2271,    52 Finance and insurance,labour_industry_52_finance,5720.0,10.9
15,Don Valley West,Don Valley West,2272,    53 Real estate and rental and leasing,labour_industry_53_real_estate,2275.0,4.3
15,Don Valley West,Don Valley West,2273,"    54 Professional, scientific and technical services",labour_industry_54_professional,8750.0,16.7
15,Don Valley West,Don Valley West,2274,    55 Management of companies and enterprises,labour_industry_55_management,415.0,0.8
15,Don Valley West,Don Valley West,2275,"    56 Administrative and support, waste management and remediation services",labour_industry_56_administrative,2005.0,3.8
15,Don Valley West,Don Valley West,2276,    61 Educational services,labour_industry_61_education,4065.0,7.7
15,Don Valley West,Don Valley West,2277,    62 Health care and social assistance,labour_industry_62_healthcare,6610.0,12.6
15,Don Valley West,Don Valley West,2278,"    71 Arts, entertainment and recreation",labour_industry_71_arts,995.0,1.9
15,Don Valley West,Don Valley West,2279,    72 Accommodation and food services,labour_industry_72_accommodation,1975.0,3.8
15,Don Valley West,Don Valley West,2280,    81 Other services (except public administration),labour_industry_81_other_services,2125.0,4.0
15,Don Valley West,Don Valley West,2281,    91 Public administration,labour_industry_91_public_admin,1860.0,3.5
15,Don Valley West,Don Valley West,2603,Total - Main mode of commuting for the employed labour force aged 15 years and over with a usual place of work or no fixed workplace address - 25% sample data,commute_mode_total,23605.0,100.0
15,Don Valley West,Don Valley West,2604,"  Car, truck or van",commute_mode_car_truck_van,15140.0,64.1
15,Don Valley West,Don Valley West,2605,"    Car, truck or van - as a driver",commute_mode_car_driver,13765.0,58.3
15,Don Valley West,Don Valley West,2606,"    Car, truck or van - as a passenger",commute_mode_car_passenger,1375.0,5.8
15,Don Valley West,Don Valley West,2607,  Public transit,commute_mode_transit,5120.0,21.7
15,Don Valley West,Don Valley West,2608,  Walked,commute_mode_walked,2045.0,8.7
15,Don Valley West,Don Valley West,2609,  Bicycle,commute_mode_bicycle,360.0,1.5
15,Don Valley West,Don Valley West,2610,  Other method,commute_mode_other,935.0,4.0
15,Don Valley West,Don Valley West,2611,Total - Commuting duration for the employed labour force aged 15 years and over with a usual place of work or no fixed workplace address - 25% sample data,commute_duration_total,23605.0,100.0
15,Don Valley West,Don Valley West,2612,  Less than 15 minutes,commute_duration_under15,4330.0,18.3
15,Don Valley West,Don Valley West,2613,  15 to 29 minutes,commute_duration_15_29,8030.0,34.0
15,Don Valley West,Don Valley West,2614,  30 to 44 minutes,commute_duration_30_44,6900.0,29.2
15,Don Valley West,Don Valley West,2615,  45 to 59 minutes,commute_duration_45_59,2365.0,10.0
15,Don Valley West,Don Valley West,2616,  60 minutes and over,commute_duration_60plus,1985.0,8.4
16,Don Valley East,Don Valley East,1,"Population, 2021",pop_2021,95039.0,
16,Don Valley East,Don Valley East,2,"Population, 2016",pop_2016,94579.0,
16,Don Valley East,Don Valley East,3,"Population percentage change, 2016 to 2021",pop_pct_change,0.5,0.5
16,Don Valley East,Don Valley East,6,Population density per square kilometre,pop_density,4171.8,4171.8
16,Don Valley East,Don Valley East,34,Total - Distribution (%) of the population by broad age groups - 100% data,age_total_dist,100.0,100.0
16,Don Valley East,Don Valley East,35,  0 to 14 years,age_0_14,15.4,15.4
16,Don Valley East,Don Valley East,36,  15 to 64 years,age_15_64,65.5,65.5
16,Don Valley East,Don Valley East,37,  65 years and over,age_65_over,19.1,19.1
16,Don Valley East,Don Valley East,38,    85 years and over,age_85_over,3.3,3.3
16,Don Valley East,Don Valley East,39,Average age of the population,age_mean,42.2,42.2
16,Don Valley East,Don Valley East,40,Median age of the population,age_median,41.6,41.6
16,Don Valley East,Don Valley East,50,Total - Private households by household size - 100% data,pvt_house_total,38300.0,100.0
16,Don Valley East,Don Valley East,51,  1 person,pvt_house_1,11740.0,30.7
16,Don Valley East,Don Valley East,52,  2 persons,pvt_house_2,11295.0,29.5
16,Don Valley East,Don Valley East,53,  3 persons,pvt_house_3,6460.0,16.9
16,Don Valley East,Don Valley East,54,  4 persons,pvt_house_4,5305.0,13.9
16,Don Valley East,Don Valley East,55,  5 or more persons,pvt_house_5plus,3500.0,9.1
16,Don Valley East,Don Valley East,56,Number of persons in private households,pvt_house_persons,94320.0,100.0
16,Don Valley East,Don Valley East,57,Average household size,pvt_house_avg_size,2.5,2.5
16,Don Valley East,Don Valley East,111,Total - Income statistics in 2020 for the population aged 15 years and over in private households - 100% data,income_total,79705.0,100.0
16,Don Valley East,Don Valley East,112,  Number of total income recipients aged 15 years and over in private households in 2020 - 100% data,income_total_recip,75715.0,95.0
16,Don Valley East,Don Valley East,113,    Median total income in 2020 among recipients ($),income_total_median,36400.0,36400.0
16,Don Valley East,Don Valley East,114,  Number of after-tax income recipients aged 15 years and over in private households in 2020 - 100% data,income_aftertax_recip,75735.0,95.0
16,Don Valley East,Don Valley East,115,    Median after-tax income in 2020 among recipients ($),income_aftertax_median,34000.0,34000.0
16,Don Valley East,Don Valley East,116,  Number of market income recipients aged 15 years and over in private households in 2020 - 100% data,income_market_recip,63795.0,80.0
16,Don Valley East,Don Valley East,117,    Median market income in 2020 among recipients ($),income_market_median,31400.0,31400.0
16,Don Valley East,Don Valley East,118,  Number of employment income recipients aged 15 years and over in private households in 2020 - 100% data,income_emp_recip,51600.0,64.7
16,Don Valley East,Don Valley East,119,    Median employment income in 2020 among recipients ($),income_emp_median,33600.0,33600.0
16,Don Valley East,Don Valley East,120,  Number of government transfers recipients aged 15 years and over in private households in 2020 - 100% data,income_govtrans_recip,70125.0,88.0
16,Don Valley East,Don Valley East,121,    Median government transfers in 2020 among recipients ($),income_govtrans_median,10600.0,10600.0
16,Don Valley East,Don Valley East,122,  Number of employment insurance benefits recipients aged 15 years and over in private households in 2020 - 100% data,income_ei_recip,7310.0,9.2
16,Don Valley East,Don Valley East,123,    Median employment insurance benefits in 2020 among recipients ($),income_ei_median,5520.0,5520.0
16,Don Valley East,Don Valley East,124,  Number of COVID-19 emergency and recovery benefits recipients aged 15 years and over in private households in 2020 - 100% data,income_covid_recip,25640.0,32.2
16,Don Valley East,Don Valley East,125,    Median COVID-19 emergency and recovery benefits in 2020 among recipients ($),income_covid_median,10000.0,10000.0
16,Don Valley East,Don Valley East,345,"Prevalence of low income based on the Low-income measure, after tax (LIM-AT) (%)",lim_at_prev,14.5,14.5
16,Don Valley East,Don Valley East,346,  0 to 17 years (%),lim_at_0_17,19.4,19.4
16,Don Valley East,Don Valley East,347,    0 to 5 years (%),lim_at_0_5,21.9,21.9
16,Don Valley East,Don Valley East,348,  18 to 64 years (%),lim_at_18_64,12.2,12.2
16,Don Valley East,Don Valley East,349,  65 years and over (%),lim_at_65_over,17.2,17.2
16,Don Valley East,Don Valley East,365,Total - Adjusted after-tax economic family income decile group for the population in private households - 100% data,income_decile_total,94320.0,100.0
16,Don Valley East,Don Valley East,366,  In bottom half of the distribution,income_decile_bottom_half,53695.0,56.9
16,Don Valley East,Don Valley East,367,    In bottom decile,income_decile_1,11915.0,12.6
16,Don Valley East,Don Valley East,368,    In second decile,income_decile_2,11375.0,12.1
16,Don Valley East,Don Valley East,369,    In third decile,income_decile_3,11150.0,11.8
16,Don Valley East,Don Valley East,370,    In fourth decile,income_decile_4,10110.0,10.7
16,Don Valley East,Don Valley East,371,    In fifth decile,income_decile_5,9140.0,9.7
16,Don Valley East,Don Valley East,372,  In top half of the distribution,income_decile_top_half,40625.0,43.1
16,Don Valley East,Don Valley East,373,    In sixth decile,income_decile_6,8565.0,9.1
16,Don Valley East,Don Valley East,374,    In seventh decile,income_decile_7,7745.0,8.2
16,Don Valley East,Don Valley East,375,    In eighth decile,income_decile_8,7940.0,8.4
16,Don Valley East,Don Valley East,376,    In ninth decile,income_decile_9,7620.0,8.1
16,Don Valley East,Don Valley East,377,    In top decile,income_decile_10,8755.0,9.3
16,Don Valley East,Don Valley East,378,Total - Inequality measures for the population in private households - 100% data,gini_measures,94320.0,94320.0
16,Don Valley East,Don Valley East,379,  Gini index on adjusted household total income,gini_total_income,0.367,0.367
16,Don Valley East,Don Valley East,380,  Gini index on adjusted household market income,gini_market_income,0.518,0.518
16,Don Valley East,Don Valley East,381,  Gini index on adjusted household after-tax income,gini_aftertax_income,0.317,0.317
16,Don Valley East,Don Valley East,382,  P90/P10 ratio on adjusted household after-tax income,gini_p90_p10,4.1,4.1
16,Don Valley East,Don Valley East,1414,Total - Private households by tenure - 25% sample data,housing_tenure_total,38285.0,100.0
16,Don Valley East,Don Valley East,1415,  Owner,housing_tenure_owner,16940.0,44.2
16,Don Valley East,Don Valley East,1416,  Renter,housing_tenure_renter,21340.0,55.7
16,Don Valley East,Don Valley East,1417,"  Dwelling provided by the local government, First Nation or Indian band",housing_tenure_provided,0.0,0.0
16,Don Valley East,Don Valley East,1418,Total - Occupied private dwellings by condominium status - 25% sample data,housing_condo_total,38285.0,100.0
16,Don Valley East,Don Valley East,1465,"Total - Owner and tenant households with household total income greater than zero, in non-farm, non-reserve private dwellings by shelter-cost-to-income ratio - 25% sample data",housing_shelter_total,38120.0,100.0
16,Don Valley East,Don Valley East,1466,  Spending less than 30% of income on shelter costs,housing_shelter_under30,25400.0,66.6
16,Don Valley East,Don Valley East,1467,  Spending 30% or more of income on shelter costs,housing_shelter_30plus,12725.0,33.4
16,Don Valley East,Don Valley East,1468,    30% to less than 100%,housing_shelter_30_100,11280.0,29.6
16,Don Valley East,Don Valley East,1479,"Total - Owner and tenant households with household total income greater than zero and shelter-cost-to-income ratio less than 100%, in non-farm, non-reserve private dwellings - 25% sample data",housing_core_need_total,36680.0,100.0
16,Don Valley East,Don Valley East,1480,  In core need,housing_core_need_yes,8805.0,24.0
16,Don Valley East,Don Valley East,1481,  Not in core need,housing_core_need_no,27875.0,76.0
16,Don Valley East,Don Valley East,1482,"Total - Owner households in non-farm, non-reserve private dwellings - 25% sample data",housing_owner_total,16945.0,
16,Don Valley East,Don Valley East,1483,  % of owner households with a mortgage,housing_owner_mortgage_pct,52.3,52.3
16,Don Valley East,Don Valley East,1484,  % of owner households spending 30% or more of its income on shelter costs,housing_owner_shelter_30plus_pct,26.2,26.2
16,Don Valley East,Don Valley East,1485,  % in core housing need,housing_owner_core_need_pct,12.9,12.9
16,Don Valley East,Don Valley East,1522,Total - Citizenship for the population in private households - 25% sample data,citizen_total,94335.0,100.0
16,Don Valley East,Don Valley East,1523,  Canadian citizens,citizen_canadian,76930.0,81.5
16,Don Valley East,Don Valley East,1524,    Canadian citizens aged under 18,citizen_canadian_under18,14985.0,15.9
16,Don Valley East,Don Valley East,1525,    Canadian citizens aged 18 and over,citizen_canadian_18over,61945.0,65.7
16,Don Valley East,Don Valley East,1526,  Not Canadian citizens,citizen_not_canadian,17410.0,18.5
16,Don Valley East,Don Valley East,1683,Total - Visible minority for the population in private households - 25% sample data,visible_minority_total,94335.0,100.0
16,Don Valley East,Don Valley East,1684,  Total visible minority population,visible_minority_yes,59525.0,63.1
16,Don Valley East,Don Valley East,1685,    South Asian,visible_minority_south_asian,17285.0,18.3
16,Don Valley East,Don Valley East,1686,    Chinese,visible_minority_chinese,7240.0,7.7
16,Don Valley East,Don Valley East,1687,    Black,visible_minority_black,9880.0,10.5
16,Don Valley East,Don Valley East,1688,    Filipino,visible_minority_filipino,7175.0,7.6
16,Don Valley East,Don Valley East,1689,    Arab,visible_minority_arab,3600.0,3.8
16,Don Valley East,Don Valley East,1690,    Latin American,visible_minority_latin_american,2290.0,2.4
16,Don Valley East,Don Valley East,1691,    Southeast Asian,visible_minority_southeast_asian,810.0,0.9
16,Don Valley East,Don Valley East,1692,    West Asian,visible_minority_west_asian,5520.0,5.9
16,Don Valley East,Don Valley East,1693,    Korean,visible_minority_korean,1360.0,1.4
16,Don Valley East,Don Valley East,1694,    Japanese,visible_minority_japanese,680.0,0.7
16,Don Valley East,Don Valley East,1695,"    Visible minority, n.i.e.",visible_minority_nie,1435.0,1.5
16,Don Valley East,Don Valley East,1696,    Multiple visible minorities,visible_minority_multiple,2260.0,2.4
16,Don Valley East,Don Valley East,1697,  Not a visible minority,visible_minority_no,34810.0,36.9
16,Don Valley East,Don Valley East,1983,Total - Mobility status 5 years ago - 25% sample data,mobility_total,89735.0,100.0
16,Don Valley East,Don Valley East,1984,  Non-movers,mobility_non_movers,59420.0,66.2
16,Don Valley East,Don Valley East,1985,  Movers,mobility_movers,30310.0,33.8
16,Don Valley East,Don Valley East,1986,    Non-migrants,mobility_non_migrants,16225.0,18.1
16,Don Valley East,Don Valley East,1987,    Migrants,mobility_migrants,14085.0,15.7
16,Don Valley East,Don Valley East,1988,      Internal migrants,mobility_internal_migrants,4650.0,5.2
16,Don Valley East,Don Valley East,1989,        Intraprovincial migrants,mobility_intraprovincial_migrants,3690.0,4.1
16,Don Valley East,Don Valley East,1990,        Interprovincial migrants,mobility_interprovincial_migrants,960.0,1.1
16,Don Valley East,Don Valley East,1991,      External migrants,mobility_external_migrants,9435.0,10.5
16,Don Valley East,Don Valley East,1998,"Total - Highest certificate, diploma or degree for the population aged 15 years and over in private households - 25% sample data",education_total,79750.0,100.0
16,Don Valley East,Don Valley East,1999,"  No certificate, diploma or degree",education_none,11670.0,14.6
16,Don Valley East,Don Valley East,2000,  High (secondary) school diploma or equivalency certificate,education_secondary,20155.0,25.3
16,Don Valley East,Don Valley East,2001,"  Postsecondary certificate, diploma or degree",education_postsec,47925.0,60.1
16,Don Valley East,Don Valley East,2002,    Postsecondary certificate or diploma below bachelor level,education_postsec_below_bachelor,18860.0,23.6
16,Don Valley East,Don Valley East,2003,      Apprenticeship or trades certificate or diploma,education_apprentice_trades,2810.0,3.5
16,Don Valley East,Don Valley East,2004,        Non-apprenticeship trades certificate or diploma,education_apprentice_non,1605.0,2.0
16,Don Valley East,Don Valley East,2005,        Apprenticeship certificate,education_apprentice_cert,1205.0,1.5
16,Don Valley East,Don Valley East,2006,"      College, CEGEP or other non-university certificate or diploma",education_college,13460.0,16.9
16,Don Valley East,Don Valley East,2007,      University certificate or diploma below bachelor level,education_university_below_bachelor,2590.0,3.2
16,Don Valley East,Don Valley East,2008,    Bachelor's degree or higher,education_bachelor_higher,29065.0,36.4
16,Don Valley East,Don Valley East,2009,      Bachelor's degree,education_bachelor,18905.0,23.7
16,Don Valley East,Don Valley East,2010,      University certificate or diploma above bachelor level,education_university_above_bachelor,2020.0,2.5
16,Don Valley East,Don Valley East,2011,"      Degree in medicine, dentistry, veterinary medicine or optometry",education_medical_dental_vet,755.0,0.9
16,Don Valley East,Don Valley East,2012,      Master's degree,education_masters,6640.0,8.3
16,Don Valley East,Don Valley East,2013,      Earned doctorate,education_doctorate,750.0,0.9
16,Don Valley East,Don Valley East,2014,"Total - Highest certificate, diploma or degree for the population aged 25 to 64 years in private households - 25% sample data",education_25_64_total,51255.0,100.0
16,Don Valley East,Don Valley East,2015,"  No certificate, diploma or degree",education_25_64_none,4545.0,8.9
16,Don Valley East,Don Valley East,2016,  High (secondary) school diploma or equivalency certificate,education_25_64_secondary,10655.0,20.8
16,Don Valley East,Don Valley East,2017,"  Postsecondary certificate, diploma or degree",education_25_64_postsec,36055.0,70.3
16,Don Valley East,Don Valley East,2018,    Postsecondary certificate or diploma below bachelor level,education_25_64_postsec_below_bachelor,13130.0,25.6
16,Don Valley East,Don Valley East,2019,      Apprenticeship or trades certificate or diploma,education_25_64_apprentice_trades,1775.0,3.5
16,Don Valley East,Don Valley East,2020,        Non-apprenticeship trades certificate or diploma,education_25_64_apprentice_non,1040.0,2.0
16,Don Valley East,Don Valley East,2021,        Apprenticeship certificate,education_25_64_apprentice_cert,740.0,1.4
16,Don Valley East,Don Valley East,2022,"      College, CEGEP or other non-university certificate or diploma",education_25_64_college,9550.0,18.6
16,Don Valley East,Don Valley East,2023,      University certificate or diploma below bachelor level,education_25_64_university_below_bachelor,1800.0,3.5
16,Don Valley East,Don Valley East,2024,    Bachelor's degree or higher,education_25_64_bachelor_higher,22925.0,44.7
16,Don Valley East,Don Valley East,2025,      Bachelor's degree,education_25_64_bachelor,14650.0,28.6
16,Don Valley East,Don Valley East,2026,      University certificate or diploma above bachelor level,education_25_64_university_above_bachelor,1565.0,3.1
16,Don Valley East,Don Valley East,2027,"      Degree in medicine, dentistry, veterinary medicine or optometry",education_25_64_medical_dental_vet,570.0,1.1
16,Don Valley East,Don Valley East,2028,      Master's degree,education_25_64_masters,5645.0,11.0
16,Don Valley East,Don Valley East,2029,      Earned doctorate,education_25_64_doctorate,490.0,1.0
16,Don Valley East,Don Valley East,2246,Total - Labour force aged 15 years and over by occupation - Broad category - National Occupational Classification (NOC) 2021 - 25% sample data,labour_occupation_total,47800.0,100.0
16,Don Valley East,Don Valley East,2247,  Occupation - not applicable,labour_occupation_na,2150.0,4.5
16,Don Valley East,Don Valley East,2248,  All occupations,labour_occupation_all,45655.0,95.5
16,Don Valley East,Don Valley East,2249,    0 Legislative and senior management occupations,labour_occupation_0_management,590.0,1.2
16,Don Valley East,Don Valley East,2250,"    1 Business, finance and administration occupations",labour_occupation_1_business_finance,9800.0,20.5
16,Don Valley East,Don Valley East,2251,    2 Natural and applied sciences and related occupations,labour_occupation_2_science,5310.0,11.1
16,Don Valley East,Don Valley East,2252,    3 Health occupations,labour_occupation_3_health,3320.0,6.9
16,Don Valley East,Don Valley East,2253,"    4 Occupations in education, law and social, community and government services",labour_occupation_4_education_law_social,4870.0,10.2
16,Don Valley East,Don Valley East,2254,"    5 Occupations in art, culture, recreation and sport",labour_occupation_5_arts_culture,1700.0,3.6
16,Don Valley East,Don Valley East,2255,    6 Sales and service occupations,labour_occupation_6_sales_service,12120.0,25.4
16,Don Valley East,Don Valley East,2256,"    7 Trades, transport and equipment operators and related occupations",labour_occupation_7_trades_transport,6195.0,13.0
16,Don Valley East,Don Valley East,2257,"    8 Natural resources, agriculture and related production occupations",labour_occupation_8_natural_resources,285.0,0.6
16,Don Valley East,Don Valley East,2258,    9 Occupations in manufacturing and utilities,labour_occupation_9_manufacturing,1460.0,3.1
16,Don Valley East,Don Valley East,2259,Total - Labour force aged 15 years and over by industry - Sectors - North American Industry Classification System (NAICS) 2017 - 25% sample data,labour_industry_total,47800.0,100.0
16,Don Valley East,Don Valley East,2260,  Industry - not applicable,labour_industry_na,2150.0,4.5
16,Don Valley East,Don Valley East,2261,  All industries,labour_industry_all,45655.0,95.5
16,Don Valley East,Don Valley East,2262,"    11 Agriculture, forestry, fishing and hunting",labour_industry_11_agriculture,40.0,0.1
16,Don Valley East,Don Valley East,2263,"    21 Mining, quarrying, and oil and gas extraction",labour_industry_21_mining,55.0,0.1
16,Don Valley East,Don Valley East,2264,    22 Utilities,labour_industry_22_utilities,130.0,0.3
16,Don Valley East,Don Valley East,2265,    23 Construction,labour_industry_23_construction,2685.0,5.6
16,Don Valley East,Don Valley East,2266,    31-33 Manufacturing,labour_industry_31_33_manufacturing,2625.0,5.5
16,Don Valley East,Don Valley East,2267,    41 Wholesale trade,labour_industry_41_wholesale,1420.0,3.0
16,Don Valley East,Don Valley East,2268,    44-45 Retail trade,labour_industry_44_45_retail,5275.0,11.0
16,Don Valley East,Don Valley East,2269,    48-49 Transportation and warehousing,labour_industry_48_49_transportation,2705.0,5.7
16,Don Valley East,Don Valley East,2270,    51 Information and cultural industries,labour_industry_51_information,1720.0,3.6
16,Don Valley East,Don Valley East,2271,    52 Finance and insurance,labour_industry_52_finance,3745.0,7.8
16,Don Valley East,Don Valley East,2272,    53 Real estate and rental and leasing,labour_industry_53_real_estate,1450.0,3.0
16,Don Valley East,Don Valley East,2273,"    54 Professional, scientific and technical services",labour_industry_54_professional,5530.0,11.6
16,Don Valley East,Don Valley East,2274,    55 Management of companies and enterprises,labour_industry_55_management,315.0,0.7
16,Don Valley East,Don Valley East,2275,"    56 Administrative and support, waste management and remediation services",labour_industry_56_administrative,3075.0,6.4
16,Don Valley East,Don Valley East,2276,    61 Educational services,labour_industry_61_education,2960.0,6.2
16,Don Valley East,Don Valley East,2277,    62 Health care and social assistance,labour_industry_62_healthcare,5390.0,11.3
16,Don Valley East,Don Valley East,2278,"    71 Arts, entertainment and recreation",labour_industry_71_arts,690.0,1.4
16,Don Valley East,Don Valley East,2279,    72 Accommodation and food services,labour_industry_72_accommodation,2200.0,4.6
16,Don Valley East,Don Valley East,2280,    81 Other services (except public administration),labour_industry_81_other_services,1970.0,4.1
16,Don Valley East,Don Valley East,2281,    91 Public administration,labour_industry_91_public_admin,1665.0,3.5
16,Don Valley East,Don Valley East,2603,Total - Main mode of commuting for the employed labour force aged 15 years and over with a usual place of work or no fixed workplace address - 25% sample data,commute_mode_total,26805.0,100.0
16,Don Valley East,Don Valley East,2604,"  Car, truck or van",commute_mode_car_truck_van,17955.0,67.0
16,Don Valley East,Don Valley East,2605,"    Car, truck or van - as a driver",commute_mode_car_driver,15810.0,59.0
16,Don Valley East,Don Valley East,2606,"    Car, truck or van - as a passenger",commute_mode_car_passenger,2145.0,8.0
16,Don Valley East,Don Valley East,2607,  Public transit,commute_mode_transit,6730.0,25.1
16,Don Valley East,Don Valley East,2608,  Walked,commute_mode_walked,1100.0,4.1
16,Don Valley East,Don Valley East,2609,  Bicycle,commute_mode_bicycle,195.0,0.7
16,Don Valley East,Don Valley East,2610,  Other method,commute_mode_other,825.0,3.1
16,Don Valley East,Don Valley East,2611,Total - Commuting duration for the employed labour force aged 15 years and over with a usual place of work or no fixed workplace address - 25% sample data,commute_duration_total,26805.0,100.0
16,Don Valley East,Don Valley East,2612,  Less than 15 minutes,commute_duration_under15,4170.0,15.6
16,Don Valley East,Don Valley East,2613,  15 to 29 minutes,commute_duration_15_29,8680.0,32.4
16,Don Valley East,Don Valley East,2614,  30 to 44 minutes,commute_duration_30_44,7250.0,27.0
16,Don Valley East,Don Valley East,2615,  45 to 59 minutes,commute_duration_45_59,3105.0,11.6
16,Don Valley East,Don Valley East,2616,  60 minutes and over,commute_duration_60plus,3605.0,13.4
17,Don Valley North,Don Valley North,1,"Population, 2021",pop_2021,113663.0,
17,Don Valley North,Don Valley North,2,"Population, 2016",pop_2016,110076.0,
17,Don Valley North,Don Valley North,3,"Population percentage change, 2016 to 2021",pop_pct_change,3.3,3.3
17,Don Valley North,Don Valley North,6,Population density per square kilometre,pop_density,4669.6,4669.6
17,Don Valley North,Don Valley North,34,Total - Distribution (%) of the population by broad age groups - 100% data,age_total_dist,100.0,100.0
17,Don Valley North,Don Valley North,35,  0 to 14 years,age_0_14,12.5,12.5
17,Don Valley North,Don Valley North,36,  15 to 64 years,age_15_64,67.2,67.2
17,Don Valley North,Don Valley North,37,  65 years and over,age_65_over,20.3,20.3
17,Don Valley North,Don Valley North,38,    85 years and over,age_85_over,3.2,3.2
17,Don Valley North,Don Valley North,39,Average age of the population,age_mean,43.0,43.0
17,Don Valley North,Don Valley North,40,Median age of the population,age_median,40.8,40.8
17,Don Valley North,Don Valley North,50,Total - Private households by household size - 100% data,pvt_house_total,45785.0,100.0
17,Don Valley North,Don Valley North,51,  1 person,pvt_house_1,12555.0,27.4
17,Don Valley North,Don Valley North,52,  2 persons,pvt_house_2,14885.0,32.5
17,Don Valley North,Don Valley North,53,  3 persons,pvt_house_3,8555.0,18.7
17,Don Valley North,Don Valley North,54,  4 persons,pvt_house_4,6360.0,13.9
17,Don Valley North,Don Valley North,55,  5 or more persons,pvt_house_5plus,3440.0,7.5
17,Don Valley North,Don Valley North,56,Number of persons in private households,pvt_house_persons,112590.0,100.0
17,Don Valley North,Don Valley North,57,Average household size,pvt_house_avg_size,2.5,2.5
17,Don Valley North,Don Valley North,111,Total - Income statistics in 2020 for the population aged 15 years and over in private households - 100% data,income_total,98430.0,100.0
17,Don Valley North,Don Valley North,112,  Number of total income recipients aged 15 years and over in private households in 2020 - 100% data,income_total_recip,93195.0,94.7
17,Don Valley North,Don Valley North,113,    Median total income in 2020 among recipients ($),income_total_median,36800.0,36800.0
17,Don Valley North,Don Valley North,114,  Number of after-tax income recipients aged 15 years and over in private households in 2020 - 100% data,income_aftertax_recip,93220.0,94.7
17,Don Valley North,Don Valley North,115,    Median after-tax income in 2020 among recipients ($),income_aftertax_median,34000.0,34000.0
17,Don Valley North,Don Valley North,116,  Number of market income recipients aged 15 years and over in private households in 2020 - 100% data,income_market_recip,82040.0,83.3
17,Don Valley North,Don Valley North,117,    Median market income in 2020 among recipients ($),income_market_median,32000.0,32000.0
17,Don Valley North,Don Valley North,118,  Number of employment income recipients aged 15 years and over in private households in 2020 - 100% data,income_emp_recip,64335.0,65.4
17,Don Valley North,Don Valley North,119,    Median employment income in 2020 among recipients ($),income_emp_median,35200.0,35200.0
17,Don Valley North,Don Valley North,120,  Number of government transfers recipients aged 15 years and over in private households in 2020 - 100% data,income_govtrans_recip,85740.0,87.1
17,Don Valley North,Don Valley North,121,    Median government transfers in 2020 among recipients ($),income_govtrans_median,8100.0,8100.0
17,Don Valley North,Don Valley North,122,  Number of employment insurance benefits recipients aged 15 years and over in private households in 2020 - 100% data,income_ei_recip,7375.0,7.5
17,Don Valley North,Don Valley North,123,    Median employment insurance benefits in 2020 among recipients ($),income_ei_median,5480.0,5480.0
17,Don Valley North,Don Valley North,124,  Number of COVID-19 emergency and recovery benefits recipients aged 15 years and over in private households in 2020 - 100% data,income_covid_recip,29780.0,30.3
17,Don Valley North,Don Valley North,125,    Median COVID-19 emergency and recovery benefits in 2020 among recipients ($),income_covid_median,10000.0,10000.0
17,Don Valley North,Don Valley North,345,"Prevalence of low income based on the Low-income measure, after tax (LIM-AT) (%)",lim_at_prev,14.4,14.4
17,Don Valley North,Don Valley North,346,  0 to 17 years (%),lim_at_0_17,16.0,16.0
17,Don Valley North,Don Valley North,347,    0 to 5 years (%),lim_at_0_5,15.7,15.7
17,Don Valley North,Don Valley North,348,  18 to 64 years (%),lim_at_18_64,13.3,13.3
17,Don Valley North,Don Valley North,349,  65 years and over (%),lim_at_65_over,16.7,16.7
17,Don Valley North,Don Valley North,365,Total - Adjusted after-tax economic family income decile group for the population in private households - 100% data,income_decile_total,112590.0,100.0
17,Don Valley North,Don Valley North,366,  In bottom half of the distribution,income_decile_bottom_half,59265.0,52.6
17,Don Valley North,Don Valley North,367,    In bottom decile,income_decile_1,15920.0,14.1
17,Don Valley North,Don Valley North,368,    In second decile,income_decile_2,11500.0,10.2
17,Don Valley North,Don Valley North,369,    In third decile,income_decile_3,11085.0,9.8
17,Don Valley North,Don Valley North,370,    In fourth decile,income_decile_4,10585.0,9.4
17,Don Valley North,Don Valley North,371,    In fifth decile,income_decile_5,10175.0,9.0
17,Don Valley North,Don Valley North,372,  In top half of the distribution,income_decile_top_half,53320.0,47.4
17,Don Valley North,Don Valley North,373,    In sixth decile,income_decile_6,10035.0,8.9
17,Don Valley North,Don Valley North,374,    In seventh decile,income_decile_7,10060.0,8.9
17,Don Valley North,Don Valley North,375,    In eighth decile,income_decile_8,10335.0,9.2
17,Don Valley North,Don Valley North,376,    In ninth decile,income_decile_9,11060.0,9.8
17,Don Valley North,Don Valley North,377,    In top decile,income_decile_10,11830.0,10.5
17,Don Valley North,Don Valley North,378,Total - Inequality measures for the population in private households - 100% data,gini_measures,112590.0,112590.0
17,Don Valley North,Don Valley North,379,  Gini index on adjusted household total income,gini_total_income,0.362,0.362
17,Don Valley North,Don Valley North,380,  Gini index on adjusted household market income,gini_market_income,0.475,0.475
17,Don Valley North,Don Valley North,381,  Gini index on adjusted household after-tax income,gini_aftertax_income,0.319,0.319
17,Don Valley North,Don Valley North,382,  P90/P10 ratio on adjusted household after-tax income,gini_p90_p10,4.4,4.4
17,Don Valley North,Don Valley North,1414,Total - Private households by tenure - 25% sample data,housing_tenure_total,45785.0,100.0
17,Don Valley North,Don Valley North,1415,  Owner,housing_tenure_owner,25990.0,56.8
17,Don Valley North,Don Valley North,1416,  Renter,housing_tenure_renter,19790.0,43.2
17,Don Valley North,Don Valley North,1417,"  Dwelling provided by the local government, First Nation or Indian band",housing_tenure_provided,0.0,0.0
17,Don Valley North,Don Valley North,1418,Total - Occupied private dwellings by condominium status - 25% sample data,housing_condo_total,45785.0,100.0
17,Don Valley North,Don Valley North,1465,"Total - Owner and tenant households with household total income greater than zero, in non-farm, non-reserve private dwellings by shelter-cost-to-income ratio - 25% sample data",housing_shelter_total,45305.0,100.0
17,Don Valley North,Don Valley North,1466,  Spending less than 30% of income on shelter costs,housing_shelter_under30,28700.0,63.3
17,Don Valley North,Don Valley North,1467,  Spending 30% or more of income on shelter costs,housing_shelter_30plus,16605.0,36.7
17,Don Valley North,Don Valley North,1468,    30% to less than 100%,housing_shelter_30_100,13705.0,30.3
17,Don Valley North,Don Valley North,1479,"Total - Owner and tenant households with household total income greater than zero and shelter-cost-to-income ratio less than 100%, in non-farm, non-reserve private dwellings - 25% sample data",housing_core_need_total,42405.0,100.0
17,Don Valley North,Don Valley North,1480,  In core need,housing_core_need_yes,8245.0,19.4
17,Don Valley North,Don Valley North,1481,  Not in core need,housing_core_need_no,34155.0,80.5
17,Don Valley North,Don Valley North,1482,"Total - Owner households in non-farm, non-reserve private dwellings - 25% sample data",housing_owner_total,25990.0,
17,Don Valley North,Don Valley North,1483,  % of owner households with a mortgage,housing_owner_mortgage_pct,52.0,52.0
17,Don Valley North,Don Valley North,1484,  % of owner households spending 30% or more of its income on shelter costs,housing_owner_shelter_30plus_pct,31.4,31.4
17,Don Valley North,Don Valley North,1485,  % in core housing need,housing_owner_core_need_pct,13.4,13.4
17,Don Valley North,Don Valley North,1522,Total - Citizenship for the population in private households - 25% sample data,citizen_total,112590.0,100.0
17,Don Valley North,Don Valley North,1523,  Canadian citizens,citizen_canadian,83300.0,74.0
17,Don Valley North,Don Valley North,1524,    Canadian citizens aged under 18,citizen_canadian_under18,13545.0,12.0
17,Don Valley North,Don Valley North,1525,    Canadian citizens aged 18 and over,citizen_canadian_18over,69760.0,62.0
17,Don Valley North,Don Valley North,1526,  Not Canadian citizens,citizen_not_canadian,29290.0,26.0
17,Don Valley North,Don Valley North,1683,Total - Visible minority for the population in private households - 25% sample data,visible_minority_total,112590.0,100.0
17,Don Valley North,Don Valley North,1684,  Total visible minority population,visible_minority_yes,83875.0,74.5
17,Don Valley North,Don Valley North,1685,    South Asian,visible_minority_south_asian,15560.0,13.8
17,Don Valley North,Don Valley North,1686,    Chinese,visible_minority_chinese,32915.0,29.2
17,Don Valley North,Don Valley North,1687,    Black,visible_minority_black,5720.0,5.1
17,Don Valley North,Don Valley North,1688,    Filipino,visible_minority_filipino,5680.0,5.0
17,Don Valley North,Don Valley North,1689,    Arab,visible_minority_arab,2800.0,2.5
17,Don Valley North,Don Valley North,1690,    Latin American,visible_minority_latin_american,2485.0,2.2
17,Don Valley North,Don Valley North,1691,    Southeast Asian,visible_minority_southeast_asian,1360.0,1.2
17,Don Valley North,Don Valley North,1692,    West Asian,visible_minority_west_asian,8945.0,7.9
17,Don Valley North,Don Valley North,1693,    Korean,visible_minority_korean,4350.0,3.9
17,Don Valley North,Don Valley North,1694,    Japanese,visible_minority_japanese,620.0,0.6
17,Don Valley North,Don Valley North,1695,"    Visible minority, n.i.e.",visible_minority_nie,835.0,0.7
17,Don Valley North,Don Valley North,1696,    Multiple visible minorities,visible_minority_multiple,2595.0,2.3
17,Don Valley North,Don Valley North,1697,  Not a visible minority,visible_minority_no,28715.0,25.5
17,Don Valley North,Don Valley North,1983,Total - Mobility status 5 years ago - 25% sample data,mobility_total,108215.0,100.0
17,Don Valley North,Don Valley North,1984,  Non-movers,mobility_non_movers,63265.0,58.5
17,Don Valley North,Don Valley North,1985,  Movers,mobility_movers,44950.0,41.5
17,Don Valley North,Don Valley North,1986,    Non-migrants,mobility_non_migrants,20275.0,18.7
17,Don Valley North,Don Valley North,1987,    Migrants,mobility_migrants,24675.0,22.8
17,Don Valley North,Don Valley North,1988,      Internal migrants,mobility_internal_migrants,8850.0,8.2
17,Don Valley North,Don Valley North,1989,        Intraprovincial migrants,mobility_intraprovincial_migrants,6955.0,6.4
17,Don Valley North,Don Valley North,1990,        Interprovincial migrants,mobility_interprovincial_migrants,1890.0,1.7
17,Don Valley North,Don Valley North,1991,      External migrants,mobility_external_migrants,15825.0,14.6
17,Don Valley North,Don Valley North,1998,"Total - Highest certificate, diploma or degree for the population aged 15 years and over in private households - 25% sample data",education_total,98425.0,100.0
17,Don Valley North,Don Valley North,1999,"  No certificate, diploma or degree",education_none,9570.0,9.7
17,Don Valley North,Don Valley North,2000,  High (secondary) school diploma or equivalency certificate,education_secondary,20050.0,20.4
17,Don Valley North,Don Valley North,2001,"  Postsecondary certificate, diploma or degree",education_postsec,68805.0,69.9
17,Don Valley North,Don Valley North,2002,    Postsecondary certificate or diploma below bachelor level,education_postsec_below_bachelor,19825.0,20.1
17,Don Valley North,Don Valley North,2003,      Apprenticeship or trades certificate or diploma,education_apprentice_trades,2450.0,2.5
17,Don Valley North,Don Valley North,2004,        Non-apprenticeship trades certificate or diploma,education_apprentice_non,1510.0,1.5
17,Don Valley North,Don Valley North,2005,        Apprenticeship certificate,education_apprentice_cert,940.0,1.0
17,Don Valley North,Don Valley North,2006,"      College, CEGEP or other non-university certificate or diploma",education_college,13770.0,14.0
17,Don Valley North,Don Valley North,2007,      University certificate or diploma below bachelor level,education_university_below_bachelor,3605.0,3.7
17,Don Valley North,Don Valley North,2008,    Bachelor's degree or higher,education_bachelor_higher,48980.0,49.8
17,Don Valley North,Don Valley North,2009,      Bachelor's degree,education_bachelor,30300.0,30.8
17,Don Valley North,Don Valley North,2010,      University certificate or diploma above bachelor level,education_university_above_bachelor,3250.0,3.3
17,Don Valley North,Don Valley North,2011,"      Degree in medicine, dentistry, veterinary medicine or optometry",education_medical_dental_vet,1480.0,1.5
17,Don Valley North,Don Valley North,2012,      Master's degree,education_masters,12155.0,12.3
17,Don Valley North,Don Valley North,2013,      Earned doctorate,education_doctorate,1800.0,1.8
17,Don Valley North,Don Valley North,2014,"Total - Highest certificate, diploma or degree for the population aged 25 to 64 years in private households - 25% sample data",education_25_64_total,63460.0,100.0
17,Don Valley North,Don Valley North,2015,"  No certificate, diploma or degree",education_25_64_none,2750.0,4.3
17,Don Valley North,Don Valley North,2016,  High (secondary) school diploma or equivalency certificate,education_25_64_secondary,9110.0,14.4
17,Don Valley North,Don Valley North,2017,"  Postsecondary certificate, diploma or degree",education_25_64_postsec,51600.0,81.3
17,Don Valley North,Don Valley North,2018,    Postsecondary certificate or diploma below bachelor level,education_25_64_postsec_below_bachelor,13065.0,20.6
17,Don Valley North,Don Valley North,2019,      Apprenticeship or trades certificate or diploma,education_25_64_apprentice_trades,1330.0,2.1
17,Don Valley North,Don Valley North,2020,        Non-apprenticeship trades certificate or diploma,education_25_64_apprentice_non,800.0,1.3
17,Don Valley North,Don Valley North,2021,        Apprenticeship certificate,education_25_64_apprentice_cert,535.0,0.8
17,Don Valley North,Don Valley North,2022,"      College, CEGEP or other non-university certificate or diploma",education_25_64_college,9290.0,14.6
17,Don Valley North,Don Valley North,2023,      University certificate or diploma below bachelor level,education_25_64_university_below_bachelor,2440.0,3.8
17,Don Valley North,Don Valley North,2024,    Bachelor's degree or higher,education_25_64_bachelor_higher,38535.0,60.7
17,Don Valley North,Don Valley North,2025,      Bachelor's degree,education_25_64_bachelor,23465.0,37.0
17,Don Valley North,Don Valley North,2026,      University certificate or diploma above bachelor level,education_25_64_university_above_bachelor,2400.0,3.8
17,Don Valley North,Don Valley North,2027,"      Degree in medicine, dentistry, veterinary medicine or optometry",education_25_64_medical_dental_vet,1065.0,1.7
17,Don Valley North,Don Valley North,2028,      Master's degree,education_25_64_masters,10330.0,16.3
17,Don Valley North,Don Valley North,2029,      Earned doctorate,education_25_64_doctorate,1275.0,2.0
17,Don Valley North,Don Valley North,2246,Total - Labour force aged 15 years and over by occupation - Broad category - National Occupational Classification (NOC) 2021 - 25% sample data,labour_occupation_total,60055.0,100.0
17,Don Valley North,Don Valley North,2247,  Occupation - not applicable,labour_occupation_na,2595.0,4.3
17,Don Valley North,Don Valley North,2248,  All occupations,labour_occupation_all,57460.0,95.7
17,Don Valley North,Don Valley North,2249,    0 Legislative and senior management occupations,labour_occupation_0_management,580.0,1.0
17,Don Valley North,Don Valley North,2250,"    1 Business, finance and administration occupations",labour_occupation_1_business_finance,12750.0,21.2
17,Don Valley North,Don Valley North,2251,    2 Natural and applied sciences and related occupations,labour_occupation_2_science,10270.0,17.1
17,Don Valley North,Don Valley North,2252,    3 Health occupations,labour_occupation_3_health,4260.0,7.1
17,Don Valley North,Don Valley North,2253,"    4 Occupations in education, law and social, community and government services",labour_occupation_4_education_law_social,6375.0,10.6
17,Don Valley North,Don Valley North,2254,"    5 Occupations in art, culture, recreation and sport",labour_occupation_5_arts_culture,2180.0,3.6
17,Don Valley North,Don Valley North,2255,    6 Sales and service occupations,labour_occupation_6_sales_service,13305.0,22.2
17,Don Valley North,Don Valley North,2256,"    7 Trades, transport and equipment operators and related occupations",labour_occupation_7_trades_transport,5695.0,9.5
17,Don Valley North,Don Valley North,2257,"    8 Natural resources, agriculture and related production occupations",labour_occupation_8_natural_resources,230.0,0.4
17,Don Valley North,Don Valley North,2258,    9 Occupations in manufacturing and utilities,labour_occupation_9_manufacturing,1805.0,3.0
17,Don Valley North,Don Valley North,2259,Total - Labour force aged 15 years and over by industry - Sectors - North American Industry Classification System (NAICS) 2017 - 25% sample data,labour_industry_total,60055.0,100.0
17,Don Valley North,Don Valley North,2260,  Industry - not applicable,labour_industry_na,2595.0,4.3
17,Don Valley North,Don Valley North,2261,  All industries,labour_industry_all,57460.0,95.7
17,Don Valley North,Don Valley North,2262,"    11 Agriculture, forestry, fishing and hunting",labour_industry_11_agriculture,50.0,0.1
17,Don Valley North,Don Valley North,2263,"    21 Mining, quarrying, and oil and gas extraction",labour_industry_21_mining,45.0,0.1
17,Don Valley North,Don Valley North,2264,    22 Utilities,labour_industry_22_utilities,275.0,0.5
17,Don Valley North,Don Valley North,2265,    23 Construction,labour_industry_23_construction,2620.0,4.4
17,Don Valley North,Don Valley North,2266,    31-33 Manufacturing,labour_industry_31_33_manufacturing,3900.0,6.5
17,Don Valley North,Don Valley North,2267,    41 Wholesale trade,labour_industry_41_wholesale,1890.0,3.1
17,Don Valley North,Don Valley North,2268,    44-45 Retail trade,labour_industry_44_45_retail,5400.0,9.0
17,Don Valley North,Don Valley North,2269,    48-49 Transportation and warehousing,labour_industry_48_49_transportation,2615.0,4.4
17,Don Valley North,Don Valley North,2270,    51 Information and cultural industries,labour_industry_51_information,1845.0,3.1
17,Don Valley North,Don Valley North,2271,    52 Finance and insurance,labour_industry_52_finance,5675.0,9.4
17,Don Valley North,Don Valley North,2272,    53 Real estate and rental and leasing,labour_industry_53_real_estate,1955.0,3.3
17,Don Valley North,Don Valley North,2273,"    54 Professional, scientific and technical services",labour_industry_54_professional,9675.0,16.1
17,Don Valley North,Don Valley North,2274,    55 Management of companies and enterprises,labour_industry_55_management,390.0,0.6
17,Don Valley North,Don Valley North,2275,"    56 Administrative and support, waste management and remediation services",labour_industry_56_administrative,2945.0,4.9
17,Don Valley North,Don Valley North,2276,    61 Educational services,labour_industry_61_education,4090.0,6.8
17,Don Valley North,Don Valley North,2277,    62 Health care and social assistance,labour_industry_62_healthcare,6385.0,10.6
17,Don Valley North,Don Valley North,2278,"    71 Arts, entertainment and recreation",labour_industry_71_arts,780.0,1.3
17,Don Valley North,Don Valley North,2279,    72 Accommodation and food services,labour_industry_72_accommodation,2920.0,4.9
17,Don Valley North,Don Valley North,2280,    81 Other services (except public administration),labour_industry_81_other_services,2070.0,3.4
17,Don Valley North,Don Valley North,2281,    91 Public administration,labour_industry_91_public_admin,1940.0,3.2
17,Don Valley North,Don Valley North,2603,Total - Main mode of commuting for the employed labour force aged 15 years and over with a usual place of work or no fixed workplace address - 25% sample data,commute_mode_total,29865.0,100.0
17,Don Valley North,Don Valley North,2604,"  Car, truck or van",commute_mode_car_truck_van,19965.0,66.9
17,Don Valley North,Don Valley North,2605,"    Car, truck or van - as a driver",commute_mode_car_driver,17900.0,59.9
17,Don Valley North,Don Valley North,2606,"    Car, truck or van - as a passenger",commute_mode_car_passenger,2065.0,6.9
17,Don Valley North,Don Valley North,2607,  Public transit,commute_mode_transit,7920.0,26.5
17,Don Valley North,Don Valley North,2608,  Walked,commute_mode_walked,970.0,3.2
17,Don Valley North,Don Valley North,2609,  Bicycle,commute_mode_bicycle,100.0,0.3
17,Don Valley North,Don Valley North,2610,  Other method,commute_mode_other,910.0,3.0
17,Don Valley North,Don Valley North,2611,Total - Commuting duration for the employed labour force aged 15 years and over with a usual place of work or no fixed workplace address - 25% sample data,commute_duration_total,29865.0,100.0
17,Don Valley North,Don Valley North,2612,  Less than 15 minutes,commute_duration_under15,4010.0,13.4
17,Don Valley North,Don Valley North,2613,  15 to 29 minutes,commute_duration_15_29,9625.0,32.2
17,Don Valley North,Don Valley North,2614,  30 to 44 minutes,commute_duration_30_44,8495.0,28.4
17,Don Valley North,Don Valley North,2615,  45 to 59 minutes,commute_duration_45_59,3520.0,11.8
17,Don Valley North,Don Valley North,2616,  60 minutes and over,commute_duration_60plus,4215.0,14.1
18,Willowdale,Willowdale,1,"Population, 2021",pop_2021,118218.0,
18,Willowdale,Willowdale,2,"Population, 2016",pop_2016,118801.0,
18,Willowdale,Willowdale,3,"Population percentage change, 2016 to 2021",pop_pct_change,-0.5,-0.5
18,Willowdale,Willowdale,6,Population density per square kilometre,pop_density,5984.4,5984.4
18,Willowdale,Willowdale,34,Total - Distribution (%) of the population by broad age groups - 100% data,age_total_dist,100.0,100.0
18,Willowdale,Willowdale,35,  0 to 14 years,age_0_14,11.3,11.3
18,Willowdale,Willowdale,36,  15 to 64 years,age_15_64,70.7,70.7
18,Willowdale,Willowdale,37,  65 years and over,age_65_over,18.0,18.0
18,Willowdale,Willowdale,38,    85 years and over,age_85_over,3.0,3.0
18,Willowdale,Willowdale,39,Average age of the population,age_mean,42.4,42.4
18,Willowdale,Willowdale,40,Median age of the population,age_median,39.6,39.6
18,Willowdale,Willowdale,50,Total - Private households by household size - 100% data,pvt_house_total,50560.0,100.0
18,Willowdale,Willowdale,51,  1 person,pvt_house_1,16010.0,31.7
18,Willowdale,Willowdale,52,  2 persons,pvt_house_2,16865.0,33.4
18,Willowdale,Willowdale,53,  3 persons,pvt_house_3,8650.0,17.1
18,Willowdale,Willowdale,54,  4 persons,pvt_house_4,5925.0,11.7
18,Willowdale,Willowdale,55,  5 or more persons,pvt_house_5plus,3110.0,6.2
18,Willowdale,Willowdale,56,Number of persons in private households,pvt_house_persons,116945.0,100.0
18,Willowdale,Willowdale,57,Average household size,pvt_house_avg_size,2.3,2.3
18,Willowdale,Willowdale,111,Total - Income statistics in 2020 for the population aged 15 years and over in private households - 100% data,income_total,103610.0,100.0
18,Willowdale,Willowdale,112,  Number of total income recipients aged 15 years and over in private households in 2020 - 100% data,income_total_recip,97655.0,94.3
18,Willowdale,Willowdale,113,    Median total income in 2020 among recipients ($),income_total_median,37200.0,37200.0
18,Willowdale,Willowdale,114,  Number of after-tax income recipients aged 15 years and over in private households in 2020 - 100% data,income_aftertax_recip,97700.0,94.3
18,Willowdale,Willowdale,115,    Median after-tax income in 2020 among recipients ($),income_aftertax_median,34000.0,34000.0
18,Willowdale,Willowdale,116,  Number of market income recipients aged 15 years and over in private households in 2020 - 100% data,income_market_recip,86020.0,83.0
18,Willowdale,Willowdale,117,    Median market income in 2020 among recipients ($),income_market_median,33600.0,33600.0
18,Willowdale,Willowdale,118,  Number of employment income recipients aged 15 years and over in private households in 2020 - 100% data,income_emp_recip,68170.0,65.8
18,Willowdale,Willowdale,119,    Median employment income in 2020 among recipients ($),income_emp_median,37600.0,37600.0
18,Willowdale,Willowdale,120,  Number of government transfers recipients aged 15 years and over in private households in 2020 - 100% data,income_govtrans_recip,88995.0,85.9
18,Willowdale,Willowdale,121,    Median government transfers in 2020 among recipients ($),income_govtrans_median,6200.0,6200.0
18,Willowdale,Willowdale,122,  Number of employment insurance benefits recipients aged 15 years and over in private households in 2020 - 100% data,income_ei_recip,6915.0,6.7
18,Willowdale,Willowdale,123,    Median employment insurance benefits in 2020 among recipients ($),income_ei_median,5520.0,5520.0
18,Willowdale,Willowdale,124,  Number of COVID-19 emergency and recovery benefits recipients aged 15 years and over in private households in 2020 - 100% data,income_covid_recip,30680.0,29.6
18,Willowdale,Willowdale,125,    Median COVID-19 emergency and recovery benefits in 2020 among recipients ($),income_covid_median,10000.0,10000.0
18,Willowdale,Willowdale,345,"Prevalence of low income based on the Low-income measure, after tax (LIM-AT) (%)",lim_at_prev,17.9,17.9
18,Willowdale,Willowdale,346,  0 to 17 years (%),lim_at_0_17,17.4,17.4
18,Willowdale,Willowdale,347,    0 to 5 years (%),lim_at_0_5,16.0,16.0
18,Willowdale,Willowdale,348,  18 to 64 years (%),lim_at_18_64,16.8,16.8
18,Willowdale,Willowdale,349,  65 years and over (%),lim_at_65_over,22.4,22.4
18,Willowdale,Willowdale,365,Total - Adjusted after-tax economic family income decile group for the population in private households - 100% data,income_decile_total,116945.0,100.0
18,Willowdale,Willowdale,366,  In bottom half of the distribution,income_decile_bottom_half,61655.0,52.7
18,Willowdale,Willowdale,367,    In bottom decile,income_decile_1,20325.0,17.4
18,Willowdale,Willowdale,368,    In second decile,income_decile_2,11665.0,10.0
18,Willowdale,Willowdale,369,    In third decile,income_decile_3,10345.0,8.8
18,Willowdale,Willowdale,370,    In fourth decile,income_decile_4,9800.0,8.4
18,Willowdale,Willowdale,371,    In fifth decile,income_decile_5,9525.0,8.1
18,Willowdale,Willowdale,372,  In top half of the distribution,income_decile_top_half,55285.0,47.3
18,Willowdale,Willowdale,373,    In sixth decile,income_decile_6,9020.0,7.7
18,Willowdale,Willowdale,374,    In seventh decile,income_decile_7,9340.0,8.0
18,Willowdale,Willowdale,375,    In eighth decile,income_decile_8,9975.0,8.5
18,Willowdale,Willowdale,376,    In ninth decile,income_decile_9,11105.0,9.5
18,Willowdale,Willowdale,377,    In top decile,income_decile_10,15845.0,13.5
18,Willowdale,Willowdale,378,Total - Inequality measures for the population in private households - 100% data,gini_measures,116945.0,116945.0
18,Willowdale,Willowdale,379,  Gini index on adjusted household total income,gini_total_income,0.417,0.417
18,Willowdale,Willowdale,380,  Gini index on adjusted household market income,gini_market_income,0.52,0.52
18,Willowdale,Willowdale,381,  Gini index on adjusted household after-tax income,gini_aftertax_income,0.366,0.366
18,Willowdale,Willowdale,382,  P90/P10 ratio on adjusted household after-tax income,gini_p90_p10,5.6,5.6
18,Willowdale,Willowdale,1414,Total - Private households by tenure - 25% sample data,housing_tenure_total,50555.0,100.0
18,Willowdale,Willowdale,1415,  Owner,housing_tenure_owner,29340.0,58.0
18,Willowdale,Willowdale,1416,  Renter,housing_tenure_renter,21210.0,42.0
18,Willowdale,Willowdale,1417,"  Dwelling provided by the local government, First Nation or Indian band",housing_tenure_provided,0.0,0.0
18,Willowdale,Willowdale,1418,Total - Occupied private dwellings by condominium status - 25% sample data,housing_condo_total,50555.0,100.0
18,Willowdale,Willowdale,1465,"Total - Owner and tenant households with household total income greater than zero, in non-farm, non-reserve private dwellings by shelter-cost-to-income ratio - 25% sample data",housing_shelter_total,49845.0,100.0
18,Willowdale,Willowdale,1466,  Spending less than 30% of income on shelter costs,housing_shelter_under30,28675.0,57.5
18,Willowdale,Willowdale,1467,  Spending 30% or more of income on shelter costs,housing_shelter_30plus,21175.0,42.5
18,Willowdale,Willowdale,1468,    30% to less than 100%,housing_shelter_30_100,16180.0,32.5
18,Willowdale,Willowdale,1479,"Total - Owner and tenant households with household total income greater than zero and shelter-cost-to-income ratio less than 100%, in non-farm, non-reserve private dwellings - 25% sample data",housing_core_need_total,44855.0,100.0
18,Willowdale,Willowdale,1480,  In core need,housing_core_need_yes,9295.0,20.7
18,Willowdale,Willowdale,1481,  Not in core need,housing_core_need_no,35555.0,79.3
18,Willowdale,Willowdale,1482,"Total - Owner households in non-farm, non-reserve private dwellings - 25% sample data",housing_owner_total,29340.0,
18,Willowdale,Willowdale,1483,  % of owner households with a mortgage,housing_owner_mortgage_pct,54.8,54.8
18,Willowdale,Willowdale,1484,  % of owner households spending 30% or more of its income on shelter costs,housing_owner_shelter_30plus_pct,37.6,37.6
18,Willowdale,Willowdale,1485,  % in core housing need,housing_owner_core_need_pct,15.7,15.7
18,Willowdale,Willowdale,1522,Total - Citizenship for the population in private households - 25% sample data,citizen_total,117125.0,100.0
18,Willowdale,Willowdale,1523,  Canadian citizens,citizen_canadian,83475.0,71.3
18,Willowdale,Willowdale,1524,    Canadian citizens aged under 18,citizen_canadian_under18,13015.0,11.1
18,Willowdale,Willowdale,1525,    Canadian citizens aged 18 and over,citizen_canadian_18over,70460.0,60.2
18,Willowdale,Willowdale,1526,  Not Canadian citizens,citizen_not_canadian,33655.0,28.7
18,Willowdale,Willowdale,1683,Total - Visible minority for the population in private households - 25% sample data,visible_minority_total,117125.0,100.0
18,Willowdale,Willowdale,1684,  Total visible minority population,visible_minority_yes,83215.0,71.0
18,Willowdale,Willowdale,1685,    South Asian,visible_minority_south_asian,8865.0,7.6
18,Willowdale,Willowdale,1686,    Chinese,visible_minority_chinese,29655.0,25.3
18,Willowdale,Willowdale,1687,    Black,visible_minority_black,2865.0,2.4
18,Willowdale,Willowdale,1688,    Filipino,visible_minority_filipino,7590.0,6.5
18,Willowdale,Willowdale,1689,    Arab,visible_minority_arab,1690.0,1.4
18,Willowdale,Willowdale,1690,    Latin American,visible_minority_latin_american,2285.0,2.0
18,Willowdale,Willowdale,1691,    Southeast Asian,visible_minority_southeast_asian,1540.0,1.3
18,Willowdale,Willowdale,1692,    West Asian,visible_minority_west_asian,12865.0,11.0
18,Willowdale,Willowdale,1693,    Korean,visible_minority_korean,11555.0,9.9
18,Willowdale,Willowdale,1694,    Japanese,visible_minority_japanese,900.0,0.8
18,Willowdale,Willowdale,1695,"    Visible minority, n.i.e.",visible_minority_nie,815.0,0.7
18,Willowdale,Willowdale,1696,    Multiple visible minorities,visible_minority_multiple,2590.0,2.2
18,Willowdale,Willowdale,1697,  Not a visible minority,visible_minority_no,33910.0,29.0
18,Willowdale,Willowdale,1983,Total - Mobility status 5 years ago - 25% sample data,mobility_total,112600.0,100.0
18,Willowdale,Willowdale,1984,  Non-movers,mobility_non_movers,61285.0,54.4
18,Willowdale,Willowdale,1985,  Movers,mobility_movers,51315.0,45.6
18,Willowdale,Willowdale,1986,    Non-migrants,mobility_non_migrants,23095.0,20.5
18,Willowdale,Willowdale,1987,    Migrants,mobility_migrants,28215.0,25.1
18,Willowdale,Willowdale,1988,      Internal migrants,mobility_internal_migrants,10860.0,9.6
18,Willowdale,Willowdale,1989,        Intraprovincial migrants,mobility_intraprovincial_migrants,8660.0,7.7
18,Willowdale,Willowdale,1990,        Interprovincial migrants,mobility_interprovincial_migrants,2200.0,2.0
18,Willowdale,Willowdale,1991,      External migrants,mobility_external_migrants,17355.0,15.4
18,Willowdale,Willowdale,1998,"Total - Highest certificate, diploma or degree for the population aged 15 years and over in private households - 25% sample data",education_total,103695.0,100.0
18,Willowdale,Willowdale,1999,"  No certificate, diploma or degree",education_none,7870.0,7.6
18,Willowdale,Willowdale,2000,  High (secondary) school diploma or equivalency certificate,education_secondary,20435.0,19.7
18,Willowdale,Willowdale,2001,"  Postsecondary certificate, diploma or degree",education_postsec,75390.0,72.7
18,Willowdale,Willowdale,2002,    Postsecondary certificate or diploma below bachelor level,education_postsec_below_bachelor,18360.0,17.7
18,Willowdale,Willowdale,2003,      Apprenticeship or trades certificate or diploma,education_apprentice_trades,2270.0,2.2
18,Willowdale,Willowdale,2004,        Non-apprenticeship trades certificate or diploma,education_apprentice_non,1310.0,1.3
18,Willowdale,Willowdale,2005,        Apprenticeship certificate,education_apprentice_cert,955.0,0.9
18,Willowdale,Willowdale,2006,"      College, CEGEP or other non-university certificate or diploma",education_college,12645.0,12.2
18,Willowdale,Willowdale,2007,      University certificate or diploma below bachelor level,education_university_below_bachelor,3450.0,3.3
18,Willowdale,Willowdale,2008,    Bachelor's degree or higher,education_bachelor_higher,57030.0,55.0
18,Willowdale,Willowdale,2009,      Bachelor's degree,education_bachelor,35035.0,33.8
18,Willowdale,Willowdale,2010,      University certificate or diploma above bachelor level,education_university_above_bachelor,3285.0,3.2
18,Willowdale,Willowdale,2011,"      Degree in medicine, dentistry, veterinary medicine or optometry",education_medical_dental_vet,1880.0,1.8
18,Willowdale,Willowdale,2012,      Master's degree,education_masters,14510.0,14.0
18,Willowdale,Willowdale,2013,      Earned doctorate,education_doctorate,2315.0,2.2
18,Willowdale,Willowdale,2014,"Total - Highest certificate, diploma or degree for the population aged 25 to 64 years in private households - 25% sample data",education_25_64_total,70425.0,100.0
18,Willowdale,Willowdale,2015,"  No certificate, diploma or degree",education_25_64_none,2125.0,3.0
18,Willowdale,Willowdale,2016,  High (secondary) school diploma or equivalency certificate,education_25_64_secondary,9315.0,13.2
18,Willowdale,Willowdale,2017,"  Postsecondary certificate, diploma or degree",education_25_64_postsec,58980.0,83.7
18,Willowdale,Willowdale,2018,    Postsecondary certificate or diploma below bachelor level,education_25_64_postsec_below_bachelor,12620.0,17.9
18,Willowdale,Willowdale,2019,      Apprenticeship or trades certificate or diploma,education_25_64_apprentice_trades,1285.0,1.8
18,Willowdale,Willowdale,2020,        Non-apprenticeship trades certificate or diploma,education_25_64_apprentice_non,735.0,1.0
18,Willowdale,Willowdale,2021,        Apprenticeship certificate,education_25_64_apprentice_cert,545.0,0.8
18,Willowdale,Willowdale,2022,"      College, CEGEP or other non-university certificate or diploma",education_25_64_college,8930.0,12.7
18,Willowdale,Willowdale,2023,      University certificate or diploma below bachelor level,education_25_64_university_below_bachelor,2410.0,3.4
18,Willowdale,Willowdale,2024,    Bachelor's degree or higher,education_25_64_bachelor_higher,46365.0,65.8
18,Willowdale,Willowdale,2025,      Bachelor's degree,education_25_64_bachelor,27945.0,39.7
18,Willowdale,Willowdale,2026,      University certificate or diploma above bachelor level,education_25_64_university_above_bachelor,2475.0,3.5
18,Willowdale,Willowdale,2027,"      Degree in medicine, dentistry, veterinary medicine or optometry",education_25_64_medical_dental_vet,1465.0,2.1
18,Willowdale,Willowdale,2028,      Master's degree,education_25_64_masters,12690.0,18.0
18,Willowdale,Willowdale,2029,      Earned doctorate,education_25_64_doctorate,1790.0,2.5
18,Willowdale,Willowdale,2246,Total - Labour force aged 15 years and over by occupation - Broad category - National Occupational Classification (NOC) 2021 - 25% sample data,labour_occupation_total,64835.0,100.0
18,Willowdale,Willowdale,2247,  Occupation - not applicable,labour_occupation_na,2440.0,3.8
18,Willowdale,Willowdale,2248,  All occupations,labour_occupation_all,62390.0,96.2
18,Willowdale,Willowdale,2249,    0 Legislative and senior management occupations,labour_occupation_0_management,935.0,1.4
18,Willowdale,Willowdale,2250,"    1 Business, finance and administration occupations",labour_occupation_1_business_finance,15055.0,23.2
18,Willowdale,Willowdale,2251,    2 Natural and applied sciences and related occupations,labour_occupation_2_science,10825.0,16.7
18,Willowdale,Willowdale,2252,    3 Health occupations,labour_occupation_3_health,4860.0,7.5
18,Willowdale,Willowdale,2253,"    4 Occupations in education, law and social, community and government services",labour_occupation_4_education_law_social,6970.0,10.8
18,Willowdale,Willowdale,2254,"    5 Occupations in art, culture, recreation and sport",labour_occupation_5_arts_culture,2715.0,4.2
18,Willowdale,Willowdale,2255,    6 Sales and service occupations,labour_occupation_6_sales_service,13970.0,21.5
18,Willowdale,Willowdale,2256,"    7 Trades, transport and equipment operators and related occupations",labour_occupation_7_trades_transport,5320.0,8.2
18,Willowdale,Willowdale,2257,"    8 Natural resources, agriculture and related production occupations",labour_occupation_8_natural_resources,215.0,0.3
18,Willowdale,Willowdale,2258,    9 Occupations in manufacturing and utilities,labour_occupation_9_manufacturing,1540.0,2.4
18,Willowdale,Willowdale,2259,Total - Labour force aged 15 years and over by industry - Sectors - North American Industry Classification System (NAICS) 2017 - 25% sample data,labour_industry_total,64835.0,100.0
18,Willowdale,Willowdale,2260,  Industry - not applicable,labour_industry_na,2440.0,3.8
18,Willowdale,Willowdale,2261,  All industries,labour_industry_all,62390.0,96.2
18,Willowdale,Willowdale,2262,"    11 Agriculture, forestry, fishing and hunting",labour_industry_11_agriculture,120.0,0.2
18,Willowdale,Willowdale,2263,"    21 Mining, quarrying, and oil and gas extraction",labour_industry_21_mining,70.0,0.1
18,Willowdale,Willowdale,2264,    22 Utilities,labour_industry_22_utilities,270.0,0.4
18,Willowdale,Willowdale,2265,    23 Construction,labour_industry_23_construction,2910.0,4.5
18,Willowdale,Willowdale,2266,    31-33 Manufacturing,labour_industry_31_33_manufacturing,3525.0,5.4
18,Willowdale,Willowdale,2267,    41 Wholesale trade,labour_industry_41_wholesale,2095.0,3.2
18,Willowdale,Willowdale,2268,    44-45 Retail trade,labour_industry_44_45_retail,5675.0,8.8
18,Willowdale,Willowdale,2269,    48-49 Transportation and warehousing,labour_industry_48_49_transportation,2235.0,3.4
18,Willowdale,Willowdale,2270,    51 Information and cultural industries,labour_industry_51_information,2035.0,3.1
18,Willowdale,Willowdale,2271,    52 Finance and insurance,labour_industry_52_finance,7040.0,10.9
18,Willowdale,Willowdale,2272,    53 Real estate and rental and leasing,labour_industry_53_real_estate,2245.0,3.5
18,Willowdale,Willowdale,2273,"    54 Professional, scientific and technical services",labour_industry_54_professional,10920.0,16.8
18,Willowdale,Willowdale,2274,    55 Management of companies and enterprises,labour_industry_55_management,490.0,0.8
18,Willowdale,Willowdale,2275,"    56 Administrative and support, waste management and remediation services",labour_industry_56_administrative,2260.0,3.5
18,Willowdale,Willowdale,2276,    61 Educational services,labour_industry_61_education,4500.0,6.9
18,Willowdale,Willowdale,2277,    62 Health care and social assistance,labour_industry_62_healthcare,6830.0,10.5
18,Willowdale,Willowdale,2278,"    71 Arts, entertainment and recreation",labour_industry_71_arts,1070.0,1.7
18,Willowdale,Willowdale,2279,    72 Accommodation and food services,labour_industry_72_accommodation,3485.0,5.4
18,Willowdale,Willowdale,2280,    81 Other services (except public administration),labour_industry_81_other_services,2305.0,3.6
18,Willowdale,Willowdale,2281,    91 Public administration,labour_industry_91_public_admin,2325.0,3.6
18,Willowdale,Willowdale,2603,Total - Main mode of commuting for the employed labour force aged 15 years and over with a usual place of work or no fixed workplace address - 25% sample data,commute_mode_total,31275.0,100.0
18,Willowdale,Willowdale,2604,"  Car, truck or van",commute_mode_car_truck_van,18675.0,59.7
18,Willowdale,Willowdale,2605,"    Car, truck or van - as a driver",commute_mode_car_driver,16700.0,53.4
18,Willowdale,Willowdale,2606,"    Car, truck or van - as a passenger",commute_mode_car_passenger,1970.0,6.3
18,Willowdale,Willowdale,2607,  Public transit,commute_mode_transit,9570.0,30.6
18,Willowdale,Willowdale,2608,  Walked,commute_mode_walked,2110.0,6.7
18,Willowdale,Willowdale,2609,  Bicycle,commute_mode_bicycle,160.0,0.5
18,Willowdale,Willowdale,2610,  Other method,commute_mode_other,760.0,2.4
18,Willowdale,Willowdale,2611,Total - Commuting duration for the employed labour force aged 15 years and over with a usual place of work or no fixed workplace address - 25% sample data,commute_duration_total,31275.0,100.0
18,Willowdale,Willowdale,2612,  Less than 15 minutes,commute_duration_under15,4545.0,14.5
18,Willowdale,Willowdale,2613,  15 to 29 minutes,commute_duration_15_29,9450.0,30.2
18,Willowdale,Willowdale,2614,  30 to 44 minutes,commute_duration_30_44,9760.0,31.2
18,Willowdale,Willowdale,2615,  45 to 59 minutes,commute_duration_45_59,4025.0,12.9
18,Willowdale,Willowdale,2616,  60 minutes and over,commute_duration_60plus,3495.0,11.2
19,Beaches-East York,Beaches--East York,1,"Population, 2021",pop_2021,109359.0,
19,Beaches-East York,Beaches--East York,2,"Population, 2016",pop_2016,109468.0,
19,Beaches-East York,Beaches--East York,3,"Population percentage change, 2016 to 2021",pop_pct_change,-0.1,-0.1
19,Beaches-East York,Beaches--East York,6,Population density per square kilometre,pop_density,6531.2,6531.2
19,Beaches-East York,Beaches--East York,34,Total - Distribution (%) of the population by broad age groups - 100% data,age_total_dist,100.0,100.0
19,Beaches-East York,Beaches--East York,35,  0 to 14 years,age_0_14,17.1,17.1
19,Beaches-East York,Beaches--East York,36,  15 to 64 years,age_15_64,67.6,67.6
19,Beaches-East York,Beaches--East York,37,  65 years and over,age_65_over,15.3,15.3
19,Beaches-East York,Beaches--East York,38,    85 years and over,age_85_over,1.7,1.7
19,Beaches-East York,Beaches--East York,39,Average age of the population,age_mean,40.8,40.8
19,Beaches-East York,Beaches--East York,40,Median age of the population,age_median,41.2,41.2
19,Beaches-East York,Beaches--East York,50,Total - Private households by household size - 100% data,pvt_house_total,45720.0,100.0
19,Beaches-East York,Beaches--East York,51,  1 person,pvt_house_1,14585.0,31.9
19,Beaches-East York,Beaches--East York,52,  2 persons,pvt_house_2,13540.0,29.6
19,Beaches-East York,Beaches--East York,53,  3 persons,pvt_house_3,7585.0,16.6
19,Beaches-East York,Beaches--East York,54,  4 persons,pvt_house_4,7095.0,15.5
19,Beaches-East York,Beaches--East York,55,  5 or more persons,pvt_house_5plus,2920.0,6.4
19,Beaches-East York,Beaches--East York,56,Number of persons in private households,pvt_house_persons,108545.0,100.0
19,Beaches-East York,Beaches--East York,57,Average household size,pvt_house_avg_size,2.4,2.4
19,Beaches-East York,Beaches--East York,111,Total - Income statistics in 2020 for the population aged 15 years and over in private households - 100% data,income_total,89915.0,100.0
19,Beaches-East York,Beaches--East York,112,  Number of total income recipients aged 15 years and over in private households in 2020 - 100% data,income_total_recip,85990.0,95.6
19,Beaches-East York,Beaches--East York,113,    Median total income in 2020 among recipients ($),income_total_median,44000.0,44000.0
19,Beaches-East York,Beaches--East York,114,  Number of after-tax income recipients aged 15 years and over in private households in 2020 - 100% data,income_aftertax_recip,86045.0,95.7
19,Beaches-East York,Beaches--East York,115,    Median after-tax income in 2020 among recipients ($),income_aftertax_median,39600.0,39600.0
19,Beaches-East York,Beaches--East York,116,  Number of market income recipients aged 15 years and over in private households in 2020 - 100% data,income_market_recip,75385.0,83.8
19,Beaches-East York,Beaches--East York,117,    Median market income in 2020 among recipients ($),income_market_median,42800.0,42800.0
19,Beaches-East York,Beaches--East York,118,  Number of employment income recipients aged 15 years and over in private households in 2020 - 100% data,income_emp_recip,63240.0,70.3
19,Beaches-East York,Beaches--East York,119,    Median employment income in 2020 among recipients ($),income_emp_median,46000.0,46000.0
19,Beaches-East York,Beaches--East York,120,  Number of government transfers recipients aged 15 years and over in private households in 2020 - 100% data,income_govtrans_recip,76635.0,85.2
19,Beaches-East York,Beaches--East York,121,    Median government transfers in 2020 among recipients ($),income_govtrans_median,8500.0,8500.0
19,Beaches-East York,Beaches--East York,122,  Number of employment insurance benefits recipients aged 15 years and over in private households in 2020 - 100% data,income_ei_recip,7935.0,8.8
19,Beaches-East York,Beaches--East York,123,    Median employment insurance benefits in 2020 among recipients ($),income_ei_median,5920.0,5920.0
19,Beaches-East York,Beaches--East York,124,  Number of COVID-19 emergency and recovery benefits recipients aged 15 years and over in private households in 2020 - 100% data,income_covid_recip,25955.0,28.9
19,Beaches-East York,Beaches--East York,125,    Median COVID-19 emergency and recovery benefits in 2020 among recipients ($),income_covid_median,10000.0,10000.0
19,Beaches-East York,Beaches--East York,345,"Prevalence of low income based on the Low-income measure, after tax (LIM-AT) (%)",lim_at_prev,11.8,11.8
19,Beaches-East York,Beaches--East York,346,  0 to 17 years (%),lim_at_0_17,11.3,11.3
19,Beaches-East York,Beaches--East York,347,    0 to 5 years (%),lim_at_0_5,10.2,10.2
19,Beaches-East York,Beaches--East York,348,  18 to 64 years (%),lim_at_18_64,10.9,10.9
19,Beaches-East York,Beaches--East York,349,  65 years and over (%),lim_at_65_over,16.4,16.4
19,Beaches-East York,Beaches--East York,365,Total - Adjusted after-tax economic family income decile group for the population in private households - 100% data,income_decile_total,108550.0,100.0
19,Beaches-East York,Beaches--East York,366,  In bottom half of the distribution,income_decile_bottom_half,47230.0,43.5
19,Beaches-East York,Beaches--East York,367,    In bottom decile,income_decile_1,11850.0,10.9
19,Beaches-East York,Beaches--East York,368,    In second decile,income_decile_2,9720.0,9.0
19,Beaches-East York,Beaches--East York,369,    In third decile,income_decile_3,8885.0,8.2
19,Beaches-East York,Beaches--East York,370,    In fourth decile,income_decile_4,8425.0,7.8
19,Beaches-East York,Beaches--East York,371,    In fifth decile,income_decile_5,8355.0,7.7
19,Beaches-East York,Beaches--East York,372,  In top half of the distribution,income_decile_top_half,61315.0,56.5
19,Beaches-East York,Beaches--East York,373,    In sixth decile,income_decile_6,8210.0,7.6
19,Beaches-East York,Beaches--East York,374,    In seventh decile,income_decile_7,8695.0,8.0
19,Beaches-East York,Beaches--East York,375,    In eighth decile,income_decile_8,10075.0,9.3
19,Beaches-East York,Beaches--East York,376,    In ninth decile,income_decile_9,13095.0,12.1
19,Beaches-East York,Beaches--East York,377,    In top decile,income_decile_10,21250.0,19.6
19,Beaches-East York,Beaches--East York,378,Total - Inequality measures for the population in private households - 100% data,gini_measures,108545.0,108545.0
19,Beaches-East York,Beaches--East York,379,  Gini index on adjusted household total income,gini_total_income,0.415,0.415
19,Beaches-East York,Beaches--East York,380,  Gini index on adjusted household market income,gini_market_income,0.517,0.517
19,Beaches-East York,Beaches--East York,381,  Gini index on adjusted household after-tax income,gini_aftertax_income,0.351,0.351
19,Beaches-East York,Beaches--East York,382,  P90/P10 ratio on adjusted household after-tax income,gini_p90_p10,5.0,5.0
19,Beaches-East York,Beaches--East York,1414,Total - Private households by tenure - 25% sample data,housing_tenure_total,45700.0,100.0
19,Beaches-East York,Beaches--East York,1415,  Owner,housing_tenure_owner,25515.0,55.8
19,Beaches-East York,Beaches--East York,1416,  Renter,housing_tenure_renter,20190.0,44.2
19,Beaches-East York,Beaches--East York,1417,"  Dwelling provided by the local government, First Nation or Indian band",housing_tenure_provided,0.0,0.0
19,Beaches-East York,Beaches--East York,1418,Total - Occupied private dwellings by condominium status - 25% sample data,housing_condo_total,45700.0,100.0
19,Beaches-East York,Beaches--East York,1465,"Total - Owner and tenant households with household total income greater than zero, in non-farm, non-reserve private dwellings by shelter-cost-to-income ratio - 25% sample data",housing_shelter_total,45500.0,100.0
19,Beaches-East York,Beaches--East York,1466,  Spending less than 30% of income on shelter costs,housing_shelter_under30,33095.0,72.7
19,Beaches-East York,Beaches--East York,1467,  Spending 30% or more of income on shelter costs,housing_shelter_30plus,12400.0,27.3
19,Beaches-East York,Beaches--East York,1468,    30% to less than 100%,housing_shelter_30_100,11085.0,24.4
19,Beaches-East York,Beaches--East York,1479,"Total - Owner and tenant households with household total income greater than zero and shelter-cost-to-income ratio less than 100%, in non-farm, non-reserve private dwellings - 25% sample data",housing_core_need_total,44180.0,100.0
19,Beaches-East York,Beaches--East York,1480,  In core need,housing_core_need_yes,8075.0,18.3
19,Beaches-East York,Beaches--East York,1481,  Not in core need,housing_core_need_no,36100.0,81.7
19,Beaches-East York,Beaches--East York,1482,"Total - Owner households in non-farm, non-reserve private dwellings - 25% sample data",housing_owner_total,25510.0,
19,Beaches-East York,Beaches--East York,1483,  % of owner households with a mortgage,housing_owner_mortgage_pct,61.2,61.2
19,Beaches-East York,Beaches--East York,1484,  % of owner households spending 30% or more of its income on shelter costs,housing_owner_shelter_30plus_pct,18.3,18.3
19,Beaches-East York,Beaches--East York,1485,  % in core housing need,housing_owner_core_need_pct,7.4,7.4
19,Beaches-East York,Beaches--East York,1522,Total - Citizenship for the population in private households - 25% sample data,citizen_total,108500.0,100.0
19,Beaches-East York,Beaches--East York,1523,  Canadian citizens,citizen_canadian,97060.0,89.5
19,Beaches-East York,Beaches--East York,1524,    Canadian citizens aged under 18,citizen_canadian_under18,20775.0,19.1
19,Beaches-East York,Beaches--East York,1525,    Canadian citizens aged 18 and over,citizen_canadian_18over,76285.0,70.3
19,Beaches-East York,Beaches--East York,1526,  Not Canadian citizens,citizen_not_canadian,11440.0,10.5
19,Beaches-East York,Beaches--East York,1683,Total - Visible minority for the population in private households - 25% sample data,visible_minority_total,108500.0,100.0
19,Beaches-East York,Beaches--East York,1684,  Total visible minority population,visible_minority_yes,39220.0,36.1
19,Beaches-East York,Beaches--East York,1685,    South Asian,visible_minority_south_asian,12290.0,11.3
19,Beaches-East York,Beaches--East York,1686,    Chinese,visible_minority_chinese,5635.0,5.2
19,Beaches-East York,Beaches--East York,1687,    Black,visible_minority_black,8260.0,7.6
19,Beaches-East York,Beaches--East York,1688,    Filipino,visible_minority_filipino,3565.0,3.3
19,Beaches-East York,Beaches--East York,1689,    Arab,visible_minority_arab,720.0,0.7
19,Beaches-East York,Beaches--East York,1690,    Latin American,visible_minority_latin_american,2225.0,2.1
19,Beaches-East York,Beaches--East York,1691,    Southeast Asian,visible_minority_southeast_asian,715.0,0.7
19,Beaches-East York,Beaches--East York,1692,    West Asian,visible_minority_west_asian,1260.0,1.2
19,Beaches-East York,Beaches--East York,1693,    Korean,visible_minority_korean,705.0,0.6
19,Beaches-East York,Beaches--East York,1694,    Japanese,visible_minority_japanese,635.0,0.6
19,Beaches-East York,Beaches--East York,1695,"    Visible minority, n.i.e.",visible_minority_nie,920.0,0.8
19,Beaches-East York,Beaches--East York,1696,    Multiple visible minorities,visible_minority_multiple,2280.0,2.1
19,Beaches-East York,Beaches--East York,1697,  Not a visible minority,visible_minority_no,69280.0,63.9
19,Beaches-East York,Beaches--East York,1983,Total - Mobility status 5 years ago - 25% sample data,mobility_total,102460.0,100.0
19,Beaches-East York,Beaches--East York,1984,  Non-movers,mobility_non_movers,69670.0,68.0
19,Beaches-East York,Beaches--East York,1985,  Movers,mobility_movers,32795.0,32.0
19,Beaches-East York,Beaches--East York,1986,    Non-migrants,mobility_non_migrants,21175.0,20.7
19,Beaches-East York,Beaches--East York,1987,    Migrants,mobility_migrants,11620.0,11.3
19,Beaches-East York,Beaches--East York,1988,      Internal migrants,mobility_internal_migrants,5320.0,5.2
19,Beaches-East York,Beaches--East York,1989,        Intraprovincial migrants,mobility_intraprovincial_migrants,4035.0,3.9
19,Beaches-East York,Beaches--East York,1990,        Interprovincial migrants,mobility_interprovincial_migrants,1285.0,1.3
19,Beaches-East York,Beaches--East York,1991,      External migrants,mobility_external_migrants,6305.0,6.2
19,Beaches-East York,Beaches--East York,1998,"Total - Highest certificate, diploma or degree for the population aged 15 years and over in private households - 25% sample data",education_total,89815.0,100.0
19,Beaches-East York,Beaches--East York,1999,"  No certificate, diploma or degree",education_none,11445.0,12.7
19,Beaches-East York,Beaches--East York,2000,  High (secondary) school diploma or equivalency certificate,education_secondary,20145.0,22.4
19,Beaches-East York,Beaches--East York,2001,"  Postsecondary certificate, diploma or degree",education_postsec,58225.0,64.8
19,Beaches-East York,Beaches--East York,2002,    Postsecondary certificate or diploma below bachelor level,education_postsec_below_bachelor,19740.0,22.0
19,Beaches-East York,Beaches--East York,2003,      Apprenticeship or trades certificate or diploma,education_apprentice_trades,3000.0,3.3
19,Beaches-East York,Beaches--East York,2004,        Non-apprenticeship trades certificate or diploma,education_apprentice_non,1695.0,1.9
19,Beaches-East York,Beaches--East York,2005,        Apprenticeship certificate,education_apprentice_cert,1305.0,1.5
19,Beaches-East York,Beaches--East York,2006,"      College, CEGEP or other non-university certificate or diploma",education_college,14335.0,16.0
19,Beaches-East York,Beaches--East York,2007,      University certificate or diploma below bachelor level,education_university_below_bachelor,2415.0,2.7
19,Beaches-East York,Beaches--East York,2008,    Bachelor's degree or higher,education_bachelor_higher,38480.0,42.8
19,Beaches-East York,Beaches--East York,2009,      Bachelor's degree,education_bachelor,24180.0,26.9
19,Beaches-East York,Beaches--East York,2010,      University certificate or diploma above bachelor level,education_university_above_bachelor,2365.0,2.6
19,Beaches-East York,Beaches--East York,2011,"      Degree in medicine, dentistry, veterinary medicine or optometry",education_medical_dental_vet,535.0,0.6
19,Beaches-East York,Beaches--East York,2012,      Master's degree,education_masters,9940.0,11.1
19,Beaches-East York,Beaches--East York,2013,      Earned doctorate,education_doctorate,1460.0,1.6
19,Beaches-East York,Beaches--East York,2014,"Total - Highest certificate, diploma or degree for the population aged 25 to 64 years in private households - 25% sample data",education_25_64_total,62835.0,100.0
19,Beaches-East York,Beaches--East York,2015,"  No certificate, diploma or degree",education_25_64_none,4290.0,6.8
19,Beaches-East York,Beaches--East York,2016,  High (secondary) school diploma or equivalency certificate,education_25_64_secondary,11185.0,17.8
19,Beaches-East York,Beaches--East York,2017,"  Postsecondary certificate, diploma or degree",education_25_64_postsec,47370.0,75.4
19,Beaches-East York,Beaches--East York,2018,    Postsecondary certificate or diploma below bachelor level,education_25_64_postsec_below_bachelor,14915.0,23.7
19,Beaches-East York,Beaches--East York,2019,      Apprenticeship or trades certificate or diploma,education_25_64_apprentice_trades,2080.0,3.3
19,Beaches-East York,Beaches--East York,2020,        Non-apprenticeship trades certificate or diploma,education_25_64_apprentice_non,1175.0,1.9
19,Beaches-East York,Beaches--East York,2021,        Apprenticeship certificate,education_25_64_apprentice_cert,905.0,1.4
19,Beaches-East York,Beaches--East York,2022,"      College, CEGEP or other non-university certificate or diploma",education_25_64_college,11090.0,17.6
19,Beaches-East York,Beaches--East York,2023,      University certificate or diploma below bachelor level,education_25_64_university_below_bachelor,1745.0,2.8
19,Beaches-East York,Beaches--East York,2024,    Bachelor's degree or higher,education_25_64_bachelor_higher,32450.0,51.6
19,Beaches-East York,Beaches--East York,2025,      Bachelor's degree,education_25_64_bachelor,20205.0,32.2
19,Beaches-East York,Beaches--East York,2026,      University certificate or diploma above bachelor level,education_25_64_university_above_bachelor,1980.0,3.2
19,Beaches-East York,Beaches--East York,2027,"      Degree in medicine, dentistry, veterinary medicine or optometry",education_25_64_medical_dental_vet,445.0,0.7
19,Beaches-East York,Beaches--East York,2028,      Master's degree,education_25_64_masters,8660.0,13.8
19,Beaches-East York,Beaches--East York,2029,      Earned doctorate,education_25_64_doctorate,1165.0,1.9
19,Beaches-East York,Beaches--East York,2246,Total - Labour force aged 15 years and over by occupation - Broad category - National Occupational Classification (NOC) 2021 - 25% sample data,labour_occupation_total,59005.0,100.0
19,Beaches-East York,Beaches--East York,2247,  Occupation - not applicable,labour_occupation_na,2165.0,3.7
19,Beaches-East York,Beaches--East York,2248,  All occupations,labour_occupation_all,56840.0,96.3
19,Beaches-East York,Beaches--East York,2249,    0 Legislative and senior management occupations,labour_occupation_0_management,1405.0,2.4
19,Beaches-East York,Beaches--East York,2250,"    1 Business, finance and administration occupations",labour_occupation_1_business_finance,12580.0,21.3
19,Beaches-East York,Beaches--East York,2251,    2 Natural and applied sciences and related occupations,labour_occupation_2_science,5610.0,9.5
19,Beaches-East York,Beaches--East York,2252,    3 Health occupations,labour_occupation_3_health,3415.0,5.8
19,Beaches-East York,Beaches--East York,2253,"    4 Occupations in education, law and social, community and government services",labour_occupation_4_education_law_social,9050.0,15.3
19,Beaches-East York,Beaches--East York,2254,"    5 Occupations in art, culture, recreation and sport",labour_occupation_5_arts_culture,4900.0,8.3
19,Beaches-East York,Beaches--East York,2255,    6 Sales and service occupations,labour_occupation_6_sales_service,12525.0,21.2
19,Beaches-East York,Beaches--East York,2256,"    7 Trades, transport and equipment operators and related occupations",labour_occupation_7_trades_transport,5730.0,9.7
19,Beaches-East York,Beaches--East York,2257,"    8 Natural resources, agriculture and related production occupations",labour_occupation_8_natural_resources,335.0,0.6
19,Beaches-East York,Beaches--East York,2258,    9 Occupations in manufacturing and utilities,labour_occupation_9_manufacturing,1285.0,2.2
19,Beaches-East York,Beaches--East York,2259,Total - Labour force aged 15 years and over by industry - Sectors - North American Industry Classification System (NAICS) 2017 - 25% sample data,labour_industry_total,59005.0,100.0
19,Beaches-East York,Beaches--East York,2260,  Industry - not applicable,labour_industry_na,2165.0,3.7
19,Beaches-East York,Beaches--East York,2261,  All industries,labour_industry_all,56840.0,96.3
19,Beaches-East York,Beaches--East York,2262,"    11 Agriculture, forestry, fishing and hunting",labour_industry_11_agriculture,100.0,0.2
19,Beaches-East York,Beaches--East York,2263,"    21 Mining, quarrying, and oil and gas extraction",labour_industry_21_mining,105.0,0.2
19,Beaches-East York,Beaches--East York,2264,    22 Utilities,labour_industry_22_utilities,345.0,0.6
19,Beaches-East York,Beaches--East York,2265,    23 Construction,labour_industry_23_construction,2565.0,4.3
19,Beaches-East York,Beaches--East York,2266,    31-33 Manufacturing,labour_industry_31_33_manufacturing,2355.0,4.0
19,Beaches-East York,Beaches--East York,2267,    41 Wholesale trade,labour_industry_41_wholesale,1400.0,2.4
19,Beaches-East York,Beaches--East York,2268,    44-45 Retail trade,labour_industry_44_45_retail,4940.0,8.4
19,Beaches-East York,Beaches--East York,2269,    48-49 Transportation and warehousing,labour_industry_48_49_transportation,2140.0,3.6
19,Beaches-East York,Beaches--East York,2270,    51 Information and cultural industries,labour_industry_51_information,3505.0,5.9
19,Beaches-East York,Beaches--East York,2271,    52 Finance and insurance,labour_industry_52_finance,4735.0,8.0
19,Beaches-East York,Beaches--East York,2272,    53 Real estate and rental and leasing,labour_industry_53_real_estate,1375.0,2.3
19,Beaches-East York,Beaches--East York,2273,"    54 Professional, scientific and technical services",labour_industry_54_professional,8500.0,14.4
19,Beaches-East York,Beaches--East York,2274,    55 Management of companies and enterprises,labour_industry_55_management,440.0,0.7
19,Beaches-East York,Beaches--East York,2275,"    56 Administrative and support, waste management and remediation services",labour_industry_56_administrative,2675.0,4.5
19,Beaches-East York,Beaches--East York,2276,    61 Educational services,labour_industry_61_education,5235.0,8.9
19,Beaches-East York,Beaches--East York,2277,    62 Health care and social assistance,labour_industry_62_healthcare,6210.0,10.5
19,Beaches-East York,Beaches--East York,2278,"    71 Arts, entertainment and recreation",labour_industry_71_arts,1975.0,3.3
19,Beaches-East York,Beaches--East York,2279,    72 Accommodation and food services,labour_industry_72_accommodation,2965.0,5.0
19,Beaches-East York,Beaches--East York,2280,    81 Other services (except public administration),labour_industry_81_other_services,2405.0,4.1
19,Beaches-East York,Beaches--East York,2281,    91 Public administration,labour_industry_91_public_admin,2860.0,4.8
19,Beaches-East York,Beaches--East York,2603,Total - Main mode of commuting for the employed labour force aged 15 years and over with a usual place of work or no fixed workplace address - 25% sample data,commute_mode_total,27550.0,100.0
19,Beaches-East York,Beaches--East York,2604,"  Car, truck or van",commute_mode_car_truck_van,15300.0,55.5
19,Beaches-East York,Beaches--East York,2605,"    Car, truck or van - as a driver",commute_mode_car_driver,13625.0,49.5
19,Beaches-East York,Beaches--East York,2606,"    Car, truck or van - as a passenger",commute_mode_car_passenger,1670.0,6.1
19,Beaches-East York,Beaches--East York,2607,  Public transit,commute_mode_transit,8025.0,29.1
19,Beaches-East York,Beaches--East York,2608,  Walked,commute_mode_walked,2350.0,8.5
19,Beaches-East York,Beaches--East York,2609,  Bicycle,commute_mode_bicycle,870.0,3.2
19,Beaches-East York,Beaches--East York,2610,  Other method,commute_mode_other,1015.0,3.7
19,Beaches-East York,Beaches--East York,2611,Total - Commuting duration for the employed labour force aged 15 years and over with a usual place of work or no fixed workplace address - 25% sample data,commute_duration_total,27550.0,100.0
19,Beaches-East York,Beaches--East York,2612,  Less than 15 minutes,commute_duration_under15,4565.0,16.6
19,Beaches-East York,Beaches--East York,2613,  15 to 29 minutes,commute_duration_15_29,7855.0,28.5
19,Beaches-East York,Beaches--East York,2614,  30 to 44 minutes,commute_duration_30_44,8295.0,30.1
19,Beaches-East York,Beaches--East York,2615,  45 to 59 minutes,commute_duration_45_59,3740.0,13.6
19,Beaches-East York,Beaches--East York,2616,  60 minutes and over,commute_duration_60plus,3095.0,11.2
20,Scarborough Southwest,Scarborough Southwest,1,"Population, 2021",pop_2021,111994.0,
20,Scarborough Southwest,Scarborough Southwest,2,"Population, 2016",pop_2016,110278.0,
20,Scarborough Southwest,Scarborough Southwest,3,"Population percentage change, 2016 to 2021",pop_pct_change,1.6,1.6
20,Scarborough Southwest,Scarborough Southwest,6,Population density per square kilometre,pop_density,3982.0,3982.0
20,Scarborough Southwest,Scarborough Southwest,34,Total - Distribution (%) of the population by broad age groups - 100% data,age_total_dist,100.0,100.0
20,Scarborough Southwest,Scarborough Southwest,35,  0 to 14 years,age_0_14,16.2,16.2
20,Scarborough Southwest,Scarborough Southwest,36,  15 to 64 years,age_15_64,67.2,67.2
20,Scarborough Southwest,Scarborough Southwest,37,  65 years and over,age_65_over,16.6,16.6
20,Scarborough Southwest,Scarborough Southwest,38,    85 years and over,age_85_over,2.5,2.5
20,Scarborough Southwest,Scarborough Southwest,39,Average age of the population,age_mean,41.2,41.2
20,Scarborough Southwest,Scarborough Southwest,40,Median age of the population,age_median,41.2,41.2
20,Scarborough Southwest,Scarborough Southwest,50,Total - Private households by household size - 100% data,pvt_house_total,41940.0,100.0
20,Scarborough Southwest,Scarborough Southwest,51,  1 person,pvt_house_1,11720.0,27.9
20,Scarborough Southwest,Scarborough Southwest,52,  2 persons,pvt_house_2,11505.0,27.4
20,Scarborough Southwest,Scarborough Southwest,53,  3 persons,pvt_house_3,7265.0,17.3
20,Scarborough Southwest,Scarborough Southwest,54,  4 persons,pvt_house_4,6800.0,16.2
20,Scarborough Southwest,Scarborough Southwest,55,  5 or more persons,pvt_house_5plus,4645.0,11.1
20,Scarborough Southwest,Scarborough Southwest,56,Number of persons in private households,pvt_house_persons,110035.0,100.0
20,Scarborough Southwest,Scarborough Southwest,57,Average household size,pvt_house_avg_size,2.6,2.6
20,Scarborough Southwest,Scarborough Southwest,111,Total - Income statistics in 2020 for the population aged 15 years and over in private households - 100% data,income_total,91955.0,100.0
20,Scarborough Southwest,Scarborough Southwest,112,  Number of total income recipients aged 15 years and over in private households in 2020 - 100% data,income_total_recip,87105.0,94.7
20,Scarborough Southwest,Scarborough Southwest,113,    Median total income in 2020 among recipients ($),income_total_median,35600.0,35600.0
20,Scarborough Southwest,Scarborough Southwest,114,  Number of after-tax income recipients aged 15 years and over in private households in 2020 - 100% data,income_aftertax_recip,87115.0,94.7
20,Scarborough Southwest,Scarborough Southwest,115,    Median after-tax income in 2020 among recipients ($),income_aftertax_median,33200.0,33200.0
20,Scarborough Southwest,Scarborough Southwest,116,  Number of market income recipients aged 15 years and over in private households in 2020 - 100% data,income_market_recip,72625.0,79.0
20,Scarborough Southwest,Scarborough Southwest,117,    Median market income in 2020 among recipients ($),income_market_median,29800.0,29800.0
20,Scarborough Southwest,Scarborough Southwest,118,  Number of employment income recipients aged 15 years and over in private households in 2020 - 100% data,income_emp_recip,60290.0,65.6
20,Scarborough Southwest,Scarborough Southwest,119,    Median employment income in 2020 among recipients ($),income_emp_median,32800.0,32800.0
20,Scarborough Southwest,Scarborough Southwest,120,  Number of government transfers recipients aged 15 years and over in private households in 2020 - 100% data,income_govtrans_recip,80670.0,87.7
20,Scarborough Southwest,Scarborough Southwest,121,    Median government transfers in 2020 among recipients ($),income_govtrans_median,10700.0,10700.0
20,Scarborough Southwest,Scarborough Southwest,122,  Number of employment insurance benefits recipients aged 15 years and over in private households in 2020 - 100% data,income_ei_recip,9460.0,10.3
20,Scarborough Southwest,Scarborough Southwest,123,    Median employment insurance benefits in 2020 among recipients ($),income_ei_median,5560.0,5560.0
20,Scarborough Southwest,Scarborough Southwest,124,  Number of COVID-19 emergency and recovery benefits recipients aged 15 years and over in private households in 2020 - 100% data,income_covid_recip,31655.0,34.4
20,Scarborough Southwest,Scarborough Southwest,125,    Median COVID-19 emergency and recovery benefits in 2020 among recipients ($),income_covid_median,10000.0,10000.0
20,Scarborough Southwest,Scarborough Southwest,345,"Prevalence of low income based on the Low-income measure, after tax (LIM-AT) (%)",lim_at_prev,13.9,13.9
20,Scarborough Southwest,Scarborough Southwest,346,  0 to 17 years (%),lim_at_0_17,16.9,16.9
20,Scarborough Southwest,Scarborough Southwest,347,    0 to 5 years (%),lim_at_0_5,17.2,17.2
20,Scarborough Southwest,Scarborough Southwest,348,  18 to 64 years (%),lim_at_18_64,12.1,12.1
20,Scarborough Southwest,Scarborough Southwest,349,  65 years and over (%),lim_at_65_over,17.7,17.7
20,Scarborough Southwest,Scarborough Southwest,365,Total - Adjusted after-tax economic family income decile group for the population in private households - 100% data,income_decile_total,110035.0,100.0
20,Scarborough Southwest,Scarborough Southwest,366,  In bottom half of the distribution,income_decile_bottom_half,61345.0,55.8
20,Scarborough Southwest,Scarborough Southwest,367,    In bottom decile,income_decile_1,14290.0,13.0
20,Scarborough Southwest,Scarborough Southwest,368,    In second decile,income_decile_2,13255.0,12.0
20,Scarborough Southwest,Scarborough Southwest,369,    In third decile,income_decile_3,12625.0,11.5
20,Scarborough Southwest,Scarborough Southwest,370,    In fourth decile,income_decile_4,10990.0,10.0
20,Scarborough Southwest,Scarborough Southwest,371,    In fifth decile,income_decile_5,10185.0,9.3
20,Scarborough Southwest,Scarborough Southwest,372,  In top half of the distribution,income_decile_top_half,48690.0,44.2
20,Scarborough Southwest,Scarborough Southwest,373,    In sixth decile,income_decile_6,9980.0,9.1
20,Scarborough Southwest,Scarborough Southwest,374,    In seventh decile,income_decile_7,10035.0,9.1
20,Scarborough Southwest,Scarborough Southwest,375,    In eighth decile,income_decile_8,9755.0,8.9
20,Scarborough Southwest,Scarborough Southwest,376,    In ninth decile,income_decile_9,9650.0,8.8
20,Scarborough Southwest,Scarborough Southwest,377,    In top decile,income_decile_10,9270.0,8.4
20,Scarborough Southwest,Scarborough Southwest,378,Total - Inequality measures for the population in private households - 100% data,gini_measures,110035.0,110035.0
20,Scarborough Southwest,Scarborough Southwest,379,  Gini index on adjusted household total income,gini_total_income,0.353,0.353
20,Scarborough Southwest,Scarborough Southwest,380,  Gini index on adjusted household market income,gini_market_income,0.506,0.506
20,Scarborough Southwest,Scarborough Southwest,381,  Gini index on adjusted household after-tax income,gini_aftertax_income,0.305,0.305
20,Scarborough Southwest,Scarborough Southwest,382,  P90/P10 ratio on adjusted household after-tax income,gini_p90_p10,4.0,4.0
20,Scarborough Southwest,Scarborough Southwest,1414,Total - Private households by tenure - 25% sample data,housing_tenure_total,41905.0,100.0
20,Scarborough Southwest,Scarborough Southwest,1415,  Owner,housing_tenure_owner,22735.0,54.3
20,Scarborough Southwest,Scarborough Southwest,1416,  Renter,housing_tenure_renter,19165.0,45.7
20,Scarborough Southwest,Scarborough Southwest,1417,"  Dwelling provided by the local government, First Nation or Indian band",housing_tenure_provided,0.0,0.0
20,Scarborough Southwest,Scarborough Southwest,1418,Total - Occupied private dwellings by condominium status - 25% sample data,housing_condo_total,41905.0,100.0
20,Scarborough Southwest,Scarborough Southwest,1465,"Total - Owner and tenant households with household total income greater than zero, in non-farm, non-reserve private dwellings by shelter-cost-to-income ratio - 25% sample data",housing_shelter_total,41680.0,100.0
20,Scarborough Southwest,Scarborough Southwest,1466,  Spending less than 30% of income on shelter costs,housing_shelter_under30,30385.0,72.9
20,Scarborough Southwest,Scarborough Southwest,1467,  Spending 30% or more of income on shelter costs,housing_shelter_30plus,11290.0,27.1
20,Scarborough Southwest,Scarborough Southwest,1468,    30% to less than 100%,housing_shelter_30_100,10405.0,25.0
20,Scarborough Southwest,Scarborough Southwest,1479,"Total - Owner and tenant households with household total income greater than zero and shelter-cost-to-income ratio less than 100%, in non-farm, non-reserve private dwellings - 25% sample data",housing_core_need_total,40790.0,100.0
20,Scarborough Southwest,Scarborough Southwest,1480,  In core need,housing_core_need_yes,8530.0,20.9
20,Scarborough Southwest,Scarborough Southwest,1481,  Not in core need,housing_core_need_no,32260.0,79.1
20,Scarborough Southwest,Scarborough Southwest,1482,"Total - Owner households in non-farm, non-reserve private dwellings - 25% sample data",housing_owner_total,22735.0,
20,Scarborough Southwest,Scarborough Southwest,1483,  % of owner households with a mortgage,housing_owner_mortgage_pct,61.1,61.1
20,Scarborough Southwest,Scarborough Southwest,1484,  % of owner households spending 30% or more of its income on shelter costs,housing_owner_shelter_30plus_pct,22.7,22.7
20,Scarborough Southwest,Scarborough Southwest,1485,  % in core housing need,housing_owner_core_need_pct,9.7,9.7
20,Scarborough Southwest,Scarborough Southwest,1522,Total - Citizenship for the population in private households - 25% sample data,citizen_total,110095.0,100.0
20,Scarborough Southwest,Scarborough Southwest,1523,  Canadian citizens,citizen_canadian,94470.0,85.8
20,Scarborough Southwest,Scarborough Southwest,1524,    Canadian citizens aged under 18,citizen_canadian_under18,19890.0,18.1
20,Scarborough Southwest,Scarborough Southwest,1525,    Canadian citizens aged 18 and over,citizen_canadian_18over,74585.0,67.7
20,Scarborough Southwest,Scarborough Southwest,1526,  Not Canadian citizens,citizen_not_canadian,15630.0,14.2
20,Scarborough Southwest,Scarborough Southwest,1683,Total - Visible minority for the population in private households - 25% sample data,visible_minority_total,110095.0,100.0
20,Scarborough Southwest,Scarborough Southwest,1684,  Total visible minority population,visible_minority_yes,67560.0,61.4
20,Scarborough Southwest,Scarborough Southwest,1685,    South Asian,visible_minority_south_asian,27250.0,24.8
20,Scarborough Southwest,Scarborough Southwest,1686,    Chinese,visible_minority_chinese,5640.0,5.1
20,Scarborough Southwest,Scarborough Southwest,1687,    Black,visible_minority_black,13565.0,12.3
20,Scarborough Southwest,Scarborough Southwest,1688,    Filipino,visible_minority_filipino,9480.0,8.6
20,Scarborough Southwest,Scarborough Southwest,1689,    Arab,visible_minority_arab,1115.0,1.0
20,Scarborough Southwest,Scarborough Southwest,1690,    Latin American,visible_minority_latin_american,1710.0,1.6
20,Scarborough Southwest,Scarborough Southwest,1691,    Southeast Asian,visible_minority_southeast_asian,1110.0,1.0
20,Scarborough Southwest,Scarborough Southwest,1692,    West Asian,visible_minority_west_asian,1855.0,1.7
20,Scarborough Southwest,Scarborough Southwest,1693,    Korean,visible_minority_korean,405.0,0.4
20,Scarborough Southwest,Scarborough Southwest,1694,    Japanese,visible_minority_japanese,505.0,0.5
20,Scarborough Southwest,Scarborough Southwest,1695,"    Visible minority, n.i.e.",visible_minority_nie,1925.0,1.7
20,Scarborough Southwest,Scarborough Southwest,1696,    Multiple visible minorities,visible_minority_multiple,2990.0,2.7
20,Scarborough Southwest,Scarborough Southwest,1697,  Not a visible minority,visible_minority_no,42540.0,38.6
20,Scarborough Southwest,Scarborough Southwest,1983,Total - Mobility status 5 years ago - 25% sample data,mobility_total,104485.0,100.0
20,Scarborough Southwest,Scarborough Southwest,1984,  Non-movers,mobility_non_movers,71595.0,68.5
20,Scarborough Southwest,Scarborough Southwest,1985,  Movers,mobility_movers,32890.0,31.5
20,Scarborough Southwest,Scarborough Southwest,1986,    Non-migrants,mobility_non_migrants,20780.0,19.9
20,Scarborough Southwest,Scarborough Southwest,1987,    Migrants,mobility_migrants,12110.0,11.6
20,Scarborough Southwest,Scarborough Southwest,1988,      Internal migrants,mobility_internal_migrants,3795.0,3.6
20,Scarborough Southwest,Scarborough Southwest,1989,        Intraprovincial migrants,mobility_intraprovincial_migrants,2720.0,2.6
20,Scarborough Southwest,Scarborough Southwest,1990,        Interprovincial migrants,mobility_interprovincial_migrants,1075.0,1.0
20,Scarborough Southwest,Scarborough Southwest,1991,      External migrants,mobility_external_migrants,8310.0,8.0
20,Scarborough Southwest,Scarborough Southwest,1998,"Total - Highest certificate, diploma or degree for the population aged 15 years and over in private households - 25% sample data",education_total,91970.0,100.0
20,Scarborough Southwest,Scarborough Southwest,1999,"  No certificate, diploma or degree",education_none,15480.0,16.8
20,Scarborough Southwest,Scarborough Southwest,2000,  High (secondary) school diploma or equivalency certificate,education_secondary,25460.0,27.7
20,Scarborough Southwest,Scarborough Southwest,2001,"  Postsecondary certificate, diploma or degree",education_postsec,51030.0,55.5
20,Scarborough Southwest,Scarborough Southwest,2002,    Postsecondary certificate or diploma below bachelor level,education_postsec_below_bachelor,22050.0,24.0
20,Scarborough Southwest,Scarborough Southwest,2003,      Apprenticeship or trades certificate or diploma,education_apprentice_trades,3670.0,4.0
20,Scarborough Southwest,Scarborough Southwest,2004,        Non-apprenticeship trades certificate or diploma,education_apprentice_non,2005.0,2.2
20,Scarborough Southwest,Scarborough Southwest,2005,        Apprenticeship certificate,education_apprentice_cert,1665.0,1.8
20,Scarborough Southwest,Scarborough Southwest,2006,"      College, CEGEP or other non-university certificate or diploma",education_college,15650.0,17.0
20,Scarborough Southwest,Scarborough Southwest,2007,      University certificate or diploma below bachelor level,education_university_below_bachelor,2735.0,3.0
20,Scarborough Southwest,Scarborough Southwest,2008,    Bachelor's degree or higher,education_bachelor_higher,28980.0,31.5
20,Scarborough Southwest,Scarborough Southwest,2009,      Bachelor's degree,education_bachelor,18615.0,20.2
20,Scarborough Southwest,Scarborough Southwest,2010,      University certificate or diploma above bachelor level,education_university_above_bachelor,1690.0,1.8
20,Scarborough Southwest,Scarborough Southwest,2011,"      Degree in medicine, dentistry, veterinary medicine or optometry",education_medical_dental_vet,680.0,0.7
20,Scarborough Southwest,Scarborough Southwest,2012,      Master's degree,education_masters,7295.0,7.9
20,Scarborough Southwest,Scarborough Southwest,2013,      Earned doctorate,education_doctorate,695.0,0.8
20,Scarborough Southwest,Scarborough Southwest,2014,"Total - Highest certificate, diploma or degree for the population aged 25 to 64 years in private households - 25% sample data",education_25_64_total,61430.0,100.0
20,Scarborough Southwest,Scarborough Southwest,2015,"  No certificate, diploma or degree",education_25_64_none,6455.0,10.5
20,Scarborough Southwest,Scarborough Southwest,2016,  High (secondary) school diploma or equivalency certificate,education_25_64_secondary,14460.0,23.5
20,Scarborough Southwest,Scarborough Southwest,2017,"  Postsecondary certificate, diploma or degree",education_25_64_postsec,40520.0,66.0
20,Scarborough Southwest,Scarborough Southwest,2018,    Postsecondary certificate or diploma below bachelor level,education_25_64_postsec_below_bachelor,16570.0,27.0
20,Scarborough Southwest,Scarborough Southwest,2019,      Apprenticeship or trades certificate or diploma,education_25_64_apprentice_trades,2500.0,4.1
20,Scarborough Southwest,Scarborough Southwest,2020,        Non-apprenticeship trades certificate or diploma,education_25_64_apprentice_non,1365.0,2.2
20,Scarborough Southwest,Scarborough Southwest,2021,        Apprenticeship certificate,education_25_64_apprentice_cert,1135.0,1.8
20,Scarborough Southwest,Scarborough Southwest,2022,"      College, CEGEP or other non-university certificate or diploma",education_25_64_college,12070.0,19.6
20,Scarborough Southwest,Scarborough Southwest,2023,      University certificate or diploma below bachelor level,education_25_64_university_below_bachelor,1995.0,3.2
20,Scarborough Southwest,Scarborough Southwest,2024,    Bachelor's degree or higher,education_25_64_bachelor_higher,23945.0,39.0
20,Scarborough Southwest,Scarborough Southwest,2025,      Bachelor's degree,education_25_64_bachelor,14990.0,24.4
20,Scarborough Southwest,Scarborough Southwest,2026,      University certificate or diploma above bachelor level,education_25_64_university_above_bachelor,1270.0,2.1
20,Scarborough Southwest,Scarborough Southwest,2027,"      Degree in medicine, dentistry, veterinary medicine or optometry",education_25_64_medical_dental_vet,610.0,1.0
20,Scarborough Southwest,Scarborough Southwest,2028,      Master's degree,education_25_64_masters,6515.0,10.6
20,Scarborough Southwest,Scarborough Southwest,2029,      Earned doctorate,education_25_64_doctorate,565.0,0.9
20,Scarborough Southwest,Scarborough Southwest,2246,Total - Labour force aged 15 years and over by occupation - Broad category - National Occupational Classification (NOC) 2021 - 25% sample data,labour_occupation_total,55025.0,100.0
20,Scarborough Southwest,Scarborough Southwest,2247,  Occupation - not applicable,labour_occupation_na,2650.0,4.8
20,Scarborough Southwest,Scarborough Southwest,2248,  All occupations,labour_occupation_all,52380.0,95.2
20,Scarborough Southwest,Scarborough Southwest,2249,    0 Legislative and senior management occupations,labour_occupation_0_management,575.0,1.0
20,Scarborough Southwest,Scarborough Southwest,2250,"    1 Business, finance and administration occupations",labour_occupation_1_business_finance,10400.0,18.9
20,Scarborough Southwest,Scarborough Southwest,2251,    2 Natural and applied sciences and related occupations,labour_occupation_2_science,4705.0,8.6
20,Scarborough Southwest,Scarborough Southwest,2252,    3 Health occupations,labour_occupation_3_health,3960.0,7.2
20,Scarborough Southwest,Scarborough Southwest,2253,"    4 Occupations in education, law and social, community and government services",labour_occupation_4_education_law_social,6025.0,10.9
20,Scarborough Southwest,Scarborough Southwest,2254,"    5 Occupations in art, culture, recreation and sport",labour_occupation_5_arts_culture,2065.0,3.8
20,Scarborough Southwest,Scarborough Southwest,2255,    6 Sales and service occupations,labour_occupation_6_sales_service,14295.0,26.0
20,Scarborough Southwest,Scarborough Southwest,2256,"    7 Trades, transport and equipment operators and related occupations",labour_occupation_7_trades_transport,7825.0,14.2
20,Scarborough Southwest,Scarborough Southwest,2257,"    8 Natural resources, agriculture and related production occupations",labour_occupation_8_natural_resources,375.0,0.7
20,Scarborough Southwest,Scarborough Southwest,2258,    9 Occupations in manufacturing and utilities,labour_occupation_9_manufacturing,2155.0,3.9
20,Scarborough Southwest,Scarborough Southwest,2259,Total - Labour force aged 15 years and over by industry - Sectors - North American Industry Classification System (NAICS) 2017 - 25% sample data,labour_industry_total,55025.0,100.0
20,Scarborough Southwest,Scarborough Southwest,2260,  Industry - not applicable,labour_industry_na,2650.0,4.8
20,Scarborough Southwest,Scarborough Southwest,2261,  All industries,labour_industry_all,52380.0,95.2
20,Scarborough Southwest,Scarborough Southwest,2262,"    11 Agriculture, forestry, fishing and hunting",labour_industry_11_agriculture,115.0,0.2
20,Scarborough Southwest,Scarborough Southwest,2263,"    21 Mining, quarrying, and oil and gas extraction",labour_industry_21_mining,50.0,0.1
20,Scarborough Southwest,Scarborough Southwest,2264,    22 Utilities,labour_industry_22_utilities,230.0,0.4
20,Scarborough Southwest,Scarborough Southwest,2265,    23 Construction,labour_industry_23_construction,2995.0,5.4
20,Scarborough Southwest,Scarborough Southwest,2266,    31-33 Manufacturing,labour_industry_31_33_manufacturing,3320.0,6.0
20,Scarborough Southwest,Scarborough Southwest,2267,    41 Wholesale trade,labour_industry_41_wholesale,1345.0,2.4
20,Scarborough Southwest,Scarborough Southwest,2268,    44-45 Retail trade,labour_industry_44_45_retail,5435.0,9.9
20,Scarborough Southwest,Scarborough Southwest,2269,    48-49 Transportation and warehousing,labour_industry_48_49_transportation,3220.0,5.9
20,Scarborough Southwest,Scarborough Southwest,2270,    51 Information and cultural industries,labour_industry_51_information,1815.0,3.3
20,Scarborough Southwest,Scarborough Southwest,2271,    52 Finance and insurance,labour_industry_52_finance,3820.0,6.9
20,Scarborough Southwest,Scarborough Southwest,2272,    53 Real estate and rental and leasing,labour_industry_53_real_estate,1425.0,2.6
20,Scarborough Southwest,Scarborough Southwest,2273,"    54 Professional, scientific and technical services",labour_industry_54_professional,5185.0,9.4
20,Scarborough Southwest,Scarborough Southwest,2274,    55 Management of companies and enterprises,labour_industry_55_management,275.0,0.5
20,Scarborough Southwest,Scarborough Southwest,2275,"    56 Administrative and support, waste management and remediation services",labour_industry_56_administrative,3195.0,5.8
20,Scarborough Southwest,Scarborough Southwest,2276,    61 Educational services,labour_industry_61_education,3680.0,6.7
20,Scarborough Southwest,Scarborough Southwest,2277,    62 Health care and social assistance,labour_industry_62_healthcare,6920.0,12.6
20,Scarborough Southwest,Scarborough Southwest,2278,"    71 Arts, entertainment and recreation",labour_industry_71_arts,1040.0,1.9
20,Scarborough Southwest,Scarborough Southwest,2279,    72 Accommodation and food services,labour_industry_72_accommodation,3860.0,7.0
20,Scarborough Southwest,Scarborough Southwest,2280,    81 Other services (except public administration),labour_industry_81_other_services,2230.0,4.1
20,Scarborough Southwest,Scarborough Southwest,2281,    91 Public administration,labour_industry_91_public_admin,2225.0,4.0
20,Scarborough Southwest,Scarborough Southwest,2603,Total - Main mode of commuting for the employed labour force aged 15 years and over with a usual place of work or no fixed workplace address - 25% sample data,commute_mode_total,32685.0,100.0
20,Scarborough Southwest,Scarborough Southwest,2604,"  Car, truck or van",commute_mode_car_truck_van,20225.0,61.9
20,Scarborough Southwest,Scarborough Southwest,2605,"    Car, truck or van - as a driver",commute_mode_car_driver,17980.0,55.0
20,Scarborough Southwest,Scarborough Southwest,2606,"    Car, truck or van - as a passenger",commute_mode_car_passenger,2245.0,6.9
20,Scarborough Southwest,Scarborough Southwest,2607,  Public transit,commute_mode_transit,10045.0,30.7
20,Scarborough Southwest,Scarborough Southwest,2608,  Walked,commute_mode_walked,1245.0,3.8
20,Scarborough Southwest,Scarborough Southwest,2609,  Bicycle,commute_mode_bicycle,185.0,0.6
20,Scarborough Southwest,Scarborough Southwest,2610,  Other method,commute_mode_other,985.0,3.0
20,Scarborough Southwest,Scarborough Southwest,2611,Total - Commuting duration for the employed labour force aged 15 years and over with a usual place of work or no fixed workplace address - 25% sample data,commute_duration_total,32685.0,100.0
20,Scarborough Southwest,Scarborough Southwest,2612,  Less than 15 minutes,commute_duration_under15,5015.0,15.3
20,Scarborough Southwest,Scarborough Southwest,2613,  15 to 29 minutes,commute_duration_15_29,8230.0,25.2
20,Scarborough Southwest,Scarborough Southwest,2614,  30 to 44 minutes,commute_duration_30_44,9420.0,28.8
20,Scarborough Southwest,Scarborough Southwest,2615,  45 to 59 minutes,commute_duration_45_59,5240.0,16.0
20,Scarborough Southwest,Scarborough Southwest,2616,  60 minutes and over,commute_duration_60plus,4780.0,14.6
21,Scarborough Centre,Scarborough Centre,1,"Population, 2021",pop_2021,113104.0,
21,Scarborough Centre,Scarborough Centre,2,"Population, 2016",pop_2016,112603.0,
21,Scarborough Centre,Scarborough Centre,3,"Population percentage change, 2016 to 2021",pop_pct_change,0.4,0.4
21,Scarborough Centre,Scarborough Centre,6,Population density per square kilometre,pop_density,4021.6,4021.6
21,Scarborough Centre,Scarborough Centre,34,Total - Distribution (%) of the population by broad age groups - 100% data,age_total_dist,100.0,100.0
21,Scarborough Centre,Scarborough Centre,35,  0 to 14 years,age_0_14,15.1,15.1
21,Scarborough Centre,Scarborough Centre,36,  15 to 64 years,age_15_64,67.5,67.5
21,Scarborough Centre,Scarborough Centre,37,  65 years and over,age_65_over,17.4,17.4
21,Scarborough Centre,Scarborough Centre,38,    85 years and over,age_85_over,2.8,2.8
21,Scarborough Centre,Scarborough Centre,39,Average age of the population,age_mean,41.3,41.3
21,Scarborough Centre,Scarborough Centre,40,Median age of the population,age_median,40.0,40.0
21,Scarborough Centre,Scarborough Centre,50,Total - Private households by household size - 100% data,pvt_house_total,40565.0,100.0
21,Scarborough Centre,Scarborough Centre,51,  1 person,pvt_house_1,10010.0,24.7
21,Scarborough Centre,Scarborough Centre,52,  2 persons,pvt_house_2,11295.0,27.8
21,Scarborough Centre,Scarborough Centre,53,  3 persons,pvt_house_3,7515.0,18.5
21,Scarborough Centre,Scarborough Centre,54,  4 persons,pvt_house_4,6310.0,15.6
21,Scarborough Centre,Scarborough Centre,55,  5 or more persons,pvt_house_5plus,5425.0,13.4
21,Scarborough Centre,Scarborough Centre,56,Number of persons in private households,pvt_house_persons,111745.0,100.0
21,Scarborough Centre,Scarborough Centre,57,Average household size,pvt_house_avg_size,2.8,2.8
21,Scarborough Centre,Scarborough Centre,111,Total - Income statistics in 2020 for the population aged 15 years and over in private households - 100% data,income_total,94730.0,100.0
21,Scarborough Centre,Scarborough Centre,112,  Number of total income recipients aged 15 years and over in private households in 2020 - 100% data,income_total_recip,89385.0,94.4
21,Scarborough Centre,Scarborough Centre,113,    Median total income in 2020 among recipients ($),income_total_median,34000.0,34000.0
21,Scarborough Centre,Scarborough Centre,114,  Number of after-tax income recipients aged 15 years and over in private households in 2020 - 100% data,income_aftertax_recip,89405.0,94.4
21,Scarborough Centre,Scarborough Centre,115,    Median after-tax income in 2020 among recipients ($),income_aftertax_median,31600.0,31600.0
21,Scarborough Centre,Scarborough Centre,116,  Number of market income recipients aged 15 years and over in private households in 2020 - 100% data,income_market_recip,74270.0,78.4
21,Scarborough Centre,Scarborough Centre,117,    Median market income in 2020 among recipients ($),income_market_median,27200.0,27200.0
21,Scarborough Centre,Scarborough Centre,118,  Number of employment income recipients aged 15 years and over in private households in 2020 - 100% data,income_emp_recip,61500.0,64.9
21,Scarborough Centre,Scarborough Centre,119,    Median employment income in 2020 among recipients ($),income_emp_median,31000.0,31000.0
21,Scarborough Centre,Scarborough Centre,120,  Number of government transfers recipients aged 15 years and over in private households in 2020 - 100% data,income_govtrans_recip,83915.0,88.6
21,Scarborough Centre,Scarborough Centre,121,    Median government transfers in 2020 among recipients ($),income_govtrans_median,10600.0,10600.0
21,Scarborough Centre,Scarborough Centre,122,  Number of employment insurance benefits recipients aged 15 years and over in private households in 2020 - 100% data,income_ei_recip,9770.0,10.3
21,Scarborough Centre,Scarborough Centre,123,    Median employment insurance benefits in 2020 among recipients ($),income_ei_median,5480.0,5480.0
21,Scarborough Centre,Scarborough Centre,124,  Number of COVID-19 emergency and recovery benefits recipients aged 15 years and over in private households in 2020 - 100% data,income_covid_recip,33035.0,34.9
21,Scarborough Centre,Scarborough Centre,125,    Median COVID-19 emergency and recovery benefits in 2020 among recipients ($),income_covid_median,10000.0,10000.0
21,Scarborough Centre,Scarborough Centre,345,"Prevalence of low income based on the Low-income measure, after tax (LIM-AT) (%)",lim_at_prev,13.3,13.3
21,Scarborough Centre,Scarborough Centre,346,  0 to 17 years (%),lim_at_0_17,17.2,17.2
21,Scarborough Centre,Scarborough Centre,347,    0 to 5 years (%),lim_at_0_5,18.8,18.8
21,Scarborough Centre,Scarborough Centre,348,  18 to 64 years (%),lim_at_18_64,11.2,11.2
21,Scarborough Centre,Scarborough Centre,349,  65 years and over (%),lim_at_65_over,17.0,17.0
21,Scarborough Centre,Scarborough Centre,365,Total - Adjusted after-tax economic family income decile group for the population in private households - 100% data,income_decile_total,111745.0,100.0
21,Scarborough Centre,Scarborough Centre,366,  In bottom half of the distribution,income_decile_bottom_half,66600.0,59.6
21,Scarborough Centre,Scarborough Centre,367,    In bottom decile,income_decile_1,14030.0,12.6
21,Scarborough Centre,Scarborough Centre,368,    In second decile,income_decile_2,14165.0,12.7
21,Scarborough Centre,Scarborough Centre,369,    In third decile,income_decile_3,13930.0,12.5
21,Scarborough Centre,Scarborough Centre,370,    In fourth decile,income_decile_4,12650.0,11.3
21,Scarborough Centre,Scarborough Centre,371,    In fifth decile,income_decile_5,11825.0,10.6
21,Scarborough Centre,Scarborough Centre,372,  In top half of the distribution,income_decile_top_half,45145.0,40.4
21,Scarborough Centre,Scarborough Centre,373,    In sixth decile,income_decile_6,11235.0,10.1
21,Scarborough Centre,Scarborough Centre,374,    In seventh decile,income_decile_7,10690.0,9.6
21,Scarborough Centre,Scarborough Centre,375,    In eighth decile,income_decile_8,9790.0,8.8
21,Scarborough Centre,Scarborough Centre,376,    In ninth decile,income_decile_9,8645.0,7.7
21,Scarborough Centre,Scarborough Centre,377,    In top decile,income_decile_10,4785.0,4.3
21,Scarborough Centre,Scarborough Centre,378,Total - Inequality measures for the population in private households - 100% data,gini_measures,111745.0,111745.0
21,Scarborough Centre,Scarborough Centre,379,  Gini index on adjusted household total income,gini_total_income,0.294,0.294
21,Scarborough Centre,Scarborough Centre,380,  Gini index on adjusted household market income,gini_market_income,0.449,0.449
21,Scarborough Centre,Scarborough Centre,381,  Gini index on adjusted household after-tax income,gini_aftertax_income,0.263,0.263
21,Scarborough Centre,Scarborough Centre,382,  P90/P10 ratio on adjusted household after-tax income,gini_p90_p10,3.4,3.4
21,Scarborough Centre,Scarborough Centre,1414,Total - Private households by tenure - 25% sample data,housing_tenure_total,40560.0,100.0
21,Scarborough Centre,Scarborough Centre,1415,  Owner,housing_tenure_owner,23045.0,56.8
21,Scarborough Centre,Scarborough Centre,1416,  Renter,housing_tenure_renter,17520.0,43.2
21,Scarborough Centre,Scarborough Centre,1417,"  Dwelling provided by the local government, First Nation or Indian band",housing_tenure_provided,0.0,0.0
21,Scarborough Centre,Scarborough Centre,1418,Total - Occupied private dwellings by condominium status - 25% sample data,housing_condo_total,40560.0,100.0
21,Scarborough Centre,Scarborough Centre,1465,"Total - Owner and tenant households with household total income greater than zero, in non-farm, non-reserve private dwellings by shelter-cost-to-income ratio - 25% sample data",housing_shelter_total,40280.0,100.0
21,Scarborough Centre,Scarborough Centre,1466,  Spending less than 30% of income on shelter costs,housing_shelter_under30,28110.0,69.8
21,Scarborough Centre,Scarborough Centre,1467,  Spending 30% or more of income on shelter costs,housing_shelter_30plus,12165.0,30.2
21,Scarborough Centre,Scarborough Centre,1468,    30% to less than 100%,housing_shelter_30_100,11010.0,27.3
21,Scarborough Centre,Scarborough Centre,1479,"Total - Owner and tenant households with household total income greater than zero and shelter-cost-to-income ratio less than 100%, in non-farm, non-reserve private dwellings - 25% sample data",housing_core_need_total,39125.0,100.0
21,Scarborough Centre,Scarborough Centre,1480,  In core need,housing_core_need_yes,8710.0,22.3
21,Scarborough Centre,Scarborough Centre,1481,  Not in core need,housing_core_need_no,30415.0,77.7
21,Scarborough Centre,Scarborough Centre,1482,"Total - Owner households in non-farm, non-reserve private dwellings - 25% sample data",housing_owner_total,23040.0,
21,Scarborough Centre,Scarborough Centre,1483,  % of owner households with a mortgage,housing_owner_mortgage_pct,58.4,58.4
21,Scarborough Centre,Scarborough Centre,1484,  % of owner households spending 30% or more of its income on shelter costs,housing_owner_shelter_30plus_pct,26.0,26.0
21,Scarborough Centre,Scarborough Centre,1485,  % in core housing need,housing_owner_core_need_pct,13.5,13.5
21,Scarborough Centre,Scarborough Centre,1522,Total - Citizenship for the population in private households - 25% sample data,citizen_total,111560.0,100.0
21,Scarborough Centre,Scarborough Centre,1523,  Canadian citizens,citizen_canadian,90505.0,81.1
21,Scarborough Centre,Scarborough Centre,1524,    Canadian citizens aged under 18,citizen_canadian_under18,18110.0,16.2
21,Scarborough Centre,Scarborough Centre,1525,    Canadian citizens aged 18 and over,citizen_canadian_18over,72390.0,64.9
21,Scarborough Centre,Scarborough Centre,1526,  Not Canadian citizens,citizen_not_canadian,21060.0,18.9
21,Scarborough Centre,Scarborough Centre,1683,Total - Visible minority for the population in private households - 25% sample data,visible_minority_total,111560.0,100.0
21,Scarborough Centre,Scarborough Centre,1684,  Total visible minority population,visible_minority_yes,83025.0,74.4
21,Scarborough Centre,Scarborough Centre,1685,    South Asian,visible_minority_south_asian,31780.0,28.5
21,Scarborough Centre,Scarborough Centre,1686,    Chinese,visible_minority_chinese,8890.0,8.0
21,Scarborough Centre,Scarborough Centre,1687,    Black,visible_minority_black,11060.0,9.9
21,Scarborough Centre,Scarborough Centre,1688,    Filipino,visible_minority_filipino,14645.0,13.1
21,Scarborough Centre,Scarborough Centre,1689,    Arab,visible_minority_arab,3765.0,3.4
21,Scarborough Centre,Scarborough Centre,1690,    Latin American,visible_minority_latin_american,1840.0,1.6
21,Scarborough Centre,Scarborough Centre,1691,    Southeast Asian,visible_minority_southeast_asian,1340.0,1.2
21,Scarborough Centre,Scarborough Centre,1692,    West Asian,visible_minority_west_asian,2960.0,2.7
21,Scarborough Centre,Scarborough Centre,1693,    Korean,visible_minority_korean,475.0,0.4
21,Scarborough Centre,Scarborough Centre,1694,    Japanese,visible_minority_japanese,330.0,0.3
21,Scarborough Centre,Scarborough Centre,1695,"    Visible minority, n.i.e.",visible_minority_nie,2630.0,2.4
21,Scarborough Centre,Scarborough Centre,1696,    Multiple visible minorities,visible_minority_multiple,3310.0,3.0
21,Scarborough Centre,Scarborough Centre,1697,  Not a visible minority,visible_minority_no,28530.0,25.6
21,Scarborough Centre,Scarborough Centre,1983,Total - Mobility status 5 years ago - 25% sample data,mobility_total,106395.0,100.0
21,Scarborough Centre,Scarborough Centre,1984,  Non-movers,mobility_non_movers,71635.0,67.3
21,Scarborough Centre,Scarborough Centre,1985,  Movers,mobility_movers,34755.0,32.7
21,Scarborough Centre,Scarborough Centre,1986,    Non-migrants,mobility_non_migrants,19780.0,18.6
21,Scarborough Centre,Scarborough Centre,1987,    Migrants,mobility_migrants,14980.0,14.1
21,Scarborough Centre,Scarborough Centre,1988,      Internal migrants,mobility_internal_migrants,4380.0,4.1
21,Scarborough Centre,Scarborough Centre,1989,        Intraprovincial migrants,mobility_intraprovincial_migrants,3500.0,3.3
21,Scarborough Centre,Scarborough Centre,1990,        Interprovincial migrants,mobility_interprovincial_migrants,880.0,0.8
21,Scarborough Centre,Scarborough Centre,1991,      External migrants,mobility_external_migrants,10600.0,10.0
21,Scarborough Centre,Scarborough Centre,1998,"Total - Highest certificate, diploma or degree for the population aged 15 years and over in private households - 25% sample data",education_total,94595.0,100.0
21,Scarborough Centre,Scarborough Centre,1999,"  No certificate, diploma or degree",education_none,16805.0,17.8
21,Scarborough Centre,Scarborough Centre,2000,  High (secondary) school diploma or equivalency certificate,education_secondary,27495.0,29.1
21,Scarborough Centre,Scarborough Centre,2001,"  Postsecondary certificate, diploma or degree",education_postsec,50290.0,53.2
21,Scarborough Centre,Scarborough Centre,2002,    Postsecondary certificate or diploma below bachelor level,education_postsec_below_bachelor,23080.0,24.4
21,Scarborough Centre,Scarborough Centre,2003,      Apprenticeship or trades certificate or diploma,education_apprentice_trades,3725.0,3.9
21,Scarborough Centre,Scarborough Centre,2004,        Non-apprenticeship trades certificate or diploma,education_apprentice_non,2180.0,2.3
21,Scarborough Centre,Scarborough Centre,2005,        Apprenticeship certificate,education_apprentice_cert,1555.0,1.6
21,Scarborough Centre,Scarborough Centre,2006,"      College, CEGEP or other non-university certificate or diploma",education_college,16310.0,17.2
21,Scarborough Centre,Scarborough Centre,2007,      University certificate or diploma below bachelor level,education_university_below_bachelor,3045.0,3.2
21,Scarborough Centre,Scarborough Centre,2008,    Bachelor's degree or higher,education_bachelor_higher,27210.0,28.8
21,Scarborough Centre,Scarborough Centre,2009,      Bachelor's degree,education_bachelor,18920.0,20.0
21,Scarborough Centre,Scarborough Centre,2010,      University certificate or diploma above bachelor level,education_university_above_bachelor,1820.0,1.9
21,Scarborough Centre,Scarborough Centre,2011,"      Degree in medicine, dentistry, veterinary medicine or optometry",education_medical_dental_vet,495.0,0.5
21,Scarborough Centre,Scarborough Centre,2012,      Master's degree,education_masters,5555.0,5.9
21,Scarborough Centre,Scarborough Centre,2013,      Earned doctorate,education_doctorate,430.0,0.5
21,Scarborough Centre,Scarborough Centre,2014,"Total - Highest certificate, diploma or degree for the population aged 25 to 64 years in private households - 25% sample data",education_25_64_total,61385.0,100.0
21,Scarborough Centre,Scarborough Centre,2015,"  No certificate, diploma or degree",education_25_64_none,6935.0,11.3
21,Scarborough Centre,Scarborough Centre,2016,  High (secondary) school diploma or equivalency certificate,education_25_64_secondary,15430.0,25.1
21,Scarborough Centre,Scarborough Centre,2017,"  Postsecondary certificate, diploma or degree",education_25_64_postsec,39025.0,63.6
21,Scarborough Centre,Scarborough Centre,2018,    Postsecondary certificate or diploma below bachelor level,education_25_64_postsec_below_bachelor,16980.0,27.7
21,Scarborough Centre,Scarborough Centre,2019,      Apprenticeship or trades certificate or diploma,education_25_64_apprentice_trades,2485.0,4.0
21,Scarborough Centre,Scarborough Centre,2020,        Non-apprenticeship trades certificate or diploma,education_25_64_apprentice_non,1505.0,2.5
21,Scarborough Centre,Scarborough Centre,2021,        Apprenticeship certificate,education_25_64_apprentice_cert,985.0,1.6
21,Scarborough Centre,Scarborough Centre,2022,"      College, CEGEP or other non-university certificate or diploma",education_25_64_college,12320.0,20.1
21,Scarborough Centre,Scarborough Centre,2023,      University certificate or diploma below bachelor level,education_25_64_university_below_bachelor,2170.0,3.5
21,Scarborough Centre,Scarborough Centre,2024,    Bachelor's degree or higher,education_25_64_bachelor_higher,22045.0,35.9
21,Scarborough Centre,Scarborough Centre,2025,      Bachelor's degree,education_25_64_bachelor,14955.0,24.4
21,Scarborough Centre,Scarborough Centre,2026,      University certificate or diploma above bachelor level,education_25_64_university_above_bachelor,1405.0,2.3
21,Scarborough Centre,Scarborough Centre,2027,"      Degree in medicine, dentistry, veterinary medicine or optometry",education_25_64_medical_dental_vet,440.0,0.7
21,Scarborough Centre,Scarborough Centre,2028,      Master's degree,education_25_64_masters,4900.0,8.0
21,Scarborough Centre,Scarborough Centre,2029,      Earned doctorate,education_25_64_doctorate,350.0,0.6
21,Scarborough Centre,Scarborough Centre,2246,Total - Labour force aged 15 years and over by occupation - Broad category - National Occupational Classification (NOC) 2021 - 25% sample data,labour_occupation_total,56030.0,100.0
21,Scarborough Centre,Scarborough Centre,2247,  Occupation - not applicable,labour_occupation_na,2530.0,4.5
21,Scarborough Centre,Scarborough Centre,2248,  All occupations,labour_occupation_all,53495.0,95.5
21,Scarborough Centre,Scarborough Centre,2249,    0 Legislative and senior management occupations,labour_occupation_0_management,200.0,0.4
21,Scarborough Centre,Scarborough Centre,2250,"    1 Business, finance and administration occupations",labour_occupation_1_business_finance,9655.0,17.2
21,Scarborough Centre,Scarborough Centre,2251,    2 Natural and applied sciences and related occupations,labour_occupation_2_science,5240.0,9.4
21,Scarborough Centre,Scarborough Centre,2252,    3 Health occupations,labour_occupation_3_health,4330.0,7.7
21,Scarborough Centre,Scarborough Centre,2253,"    4 Occupations in education, law and social, community and government services",labour_occupation_4_education_law_social,4715.0,8.4
21,Scarborough Centre,Scarborough Centre,2254,"    5 Occupations in art, culture, recreation and sport",labour_occupation_5_arts_culture,1210.0,2.2
21,Scarborough Centre,Scarborough Centre,2255,    6 Sales and service occupations,labour_occupation_6_sales_service,16015.0,28.6
21,Scarborough Centre,Scarborough Centre,2256,"    7 Trades, transport and equipment operators and related occupations",labour_occupation_7_trades_transport,8410.0,15.0
21,Scarborough Centre,Scarborough Centre,2257,"    8 Natural resources, agriculture and related production occupations",labour_occupation_8_natural_resources,380.0,0.7
21,Scarborough Centre,Scarborough Centre,2258,    9 Occupations in manufacturing and utilities,labour_occupation_9_manufacturing,3345.0,6.0
21,Scarborough Centre,Scarborough Centre,2259,Total - Labour force aged 15 years and over by industry - Sectors - North American Industry Classification System (NAICS) 2017 - 25% sample data,labour_industry_total,56030.0,100.0
21,Scarborough Centre,Scarborough Centre,2260,  Industry - not applicable,labour_industry_na,2530.0,4.5
21,Scarborough Centre,Scarborough Centre,2261,  All industries,labour_industry_all,53495.0,95.5
21,Scarborough Centre,Scarborough Centre,2262,"    11 Agriculture, forestry, fishing and hunting",labour_industry_11_agriculture,90.0,0.2
21,Scarborough Centre,Scarborough Centre,2263,"    21 Mining, quarrying, and oil and gas extraction",labour_industry_21_mining,55.0,0.1
21,Scarborough Centre,Scarborough Centre,2264,    22 Utilities,labour_industry_22_utilities,225.0,0.4
21,Scarborough Centre,Scarborough Centre,2265,    23 Construction,labour_industry_23_construction,2945.0,5.3
21,Scarborough Centre,Scarborough Centre,2266,    31-33 Manufacturing,labour_industry_31_33_manufacturing,4845.0,8.6
21,Scarborough Centre,Scarborough Centre,2267,    41 Wholesale trade,labour_industry_41_wholesale,1730.0,3.1
21,Scarborough Centre,Scarborough Centre,2268,    44-45 Retail trade,labour_industry_44_45_retail,6220.0,11.1
21,Scarborough Centre,Scarborough Centre,2269,    48-49 Transportation and warehousing,labour_industry_48_49_transportation,3360.0,6.0
21,Scarborough Centre,Scarborough Centre,2270,    51 Information and cultural industries,labour_industry_51_information,1500.0,2.7
21,Scarborough Centre,Scarborough Centre,2271,    52 Finance and insurance,labour_industry_52_finance,4040.0,7.2
21,Scarborough Centre,Scarborough Centre,2272,    53 Real estate and rental and leasing,labour_industry_53_real_estate,1270.0,2.3
21,Scarborough Centre,Scarborough Centre,2273,"    54 Professional, scientific and technical services",labour_industry_54_professional,4475.0,8.0
21,Scarborough Centre,Scarborough Centre,2274,    55 Management of companies and enterprises,labour_industry_55_management,235.0,0.4
21,Scarborough Centre,Scarborough Centre,2275,"    56 Administrative and support, waste management and remediation services",labour_industry_56_administrative,3820.0,6.8
21,Scarborough Centre,Scarborough Centre,2276,    61 Educational services,labour_industry_61_education,3175.0,5.7
21,Scarborough Centre,Scarborough Centre,2277,    62 Health care and social assistance,labour_industry_62_healthcare,7080.0,12.6
21,Scarborough Centre,Scarborough Centre,2278,"    71 Arts, entertainment and recreation",labour_industry_71_arts,670.0,1.2
21,Scarborough Centre,Scarborough Centre,2279,    72 Accommodation and food services,labour_industry_72_accommodation,4030.0,7.2
21,Scarborough Centre,Scarborough Centre,2280,    81 Other services (except public administration),labour_industry_81_other_services,2125.0,3.8
21,Scarborough Centre,Scarborough Centre,2281,    91 Public administration,labour_industry_91_public_admin,1595.0,2.8
21,Scarborough Centre,Scarborough Centre,2603,Total - Main mode of commuting for the employed labour force aged 15 years and over with a usual place of work or no fixed workplace address - 25% sample data,commute_mode_total,35450.0,100.0
21,Scarborough Centre,Scarborough Centre,2604,"  Car, truck or van",commute_mode_car_truck_van,22775.0,64.2
21,Scarborough Centre,Scarborough Centre,2605,"    Car, truck or van - as a driver",commute_mode_car_driver,19890.0,56.1
21,Scarborough Centre,Scarborough Centre,2606,"    Car, truck or van - as a passenger",commute_mode_car_passenger,2880.0,8.1
21,Scarborough Centre,Scarborough Centre,2607,  Public transit,commute_mode_transit,10310.0,29.1
21,Scarborough Centre,Scarborough Centre,2608,  Walked,commute_mode_walked,1365.0,3.9
21,Scarborough Centre,Scarborough Centre,2609,  Bicycle,commute_mode_bicycle,135.0,0.4
21,Scarborough Centre,Scarborough Centre,2610,  Other method,commute_mode_other,865.0,2.4
21,Scarborough Centre,Scarborough Centre,2611,Total - Commuting duration for the employed labour force aged 15 years and over with a usual place of work or no fixed workplace address - 25% sample data,commute_duration_total,35450.0,100.0
21,Scarborough Centre,Scarborough Centre,2612,  Less than 15 minutes,commute_duration_under15,6045.0,17.1
21,Scarborough Centre,Scarborough Centre,2613,  15 to 29 minutes,commute_duration_15_29,9745.0,27.5
21,Scarborough Centre,Scarborough Centre,2614,  30 to 44 minutes,commute_duration_30_44,9460.0,26.7
21,Scarborough Centre,Scarborough Centre,2615,  45 to 59 minutes,commute_duration_45_59,4595.0,13.0
21,Scarborough Centre,Scarborough Centre,2616,  60 minutes and over,commute_duration_60plus,5615.0,15.8
22,Scarborough-Agincourt,Scarborough--Agincourt,1,"Population, 2021",pop_2021,104423.0,
22,Scarborough-Agincourt,Scarborough--Agincourt,2,"Population, 2016",pop_2016,105542.0,
22,Scarborough-Agincourt,Scarborough--Agincourt,3,"Population percentage change, 2016 to 2021",pop_pct_change,-1.1,-1.1
22,Scarborough-Agincourt,Scarborough--Agincourt,6,Population density per square kilometre,pop_density,4891.1,4891.1
22,Scarborough-Agincourt,Scarborough--Agincourt,34,Total - Distribution (%) of the population by broad age groups - 100% data,age_total_dist,100.0,100.0
22,Scarborough-Agincourt,Scarborough--Agincourt,35,  0 to 14 years,age_0_14,12.8,12.8
22,Scarborough-Agincourt,Scarborough--Agincourt,36,  15 to 64 years,age_15_64,63.7,63.7
22,Scarborough-Agincourt,Scarborough--Agincourt,37,  65 years and over,age_65_over,23.5,23.5
22,Scarborough-Agincourt,Scarborough--Agincourt,38,    85 years and over,age_85_over,4.3,4.3
22,Scarborough-Agincourt,Scarborough--Agincourt,39,Average age of the population,age_mean,45.0,45.0
22,Scarborough-Agincourt,Scarborough--Agincourt,40,Median age of the population,age_median,45.6,45.6
22,Scarborough-Agincourt,Scarborough--Agincourt,50,Total - Private households by household size - 100% data,pvt_house_total,38335.0,100.0
22,Scarborough-Agincourt,Scarborough--Agincourt,51,  1 person,pvt_house_1,9170.0,23.9
22,Scarborough-Agincourt,Scarborough--Agincourt,52,  2 persons,pvt_house_2,11565.0,30.2
22,Scarborough-Agincourt,Scarborough--Agincourt,53,  3 persons,pvt_house_3,7220.0,18.8
22,Scarborough-Agincourt,Scarborough--Agincourt,54,  4 persons,pvt_house_4,5705.0,14.9
22,Scarborough-Agincourt,Scarborough--Agincourt,55,  5 or more persons,pvt_house_5plus,4670.0,12.2
22,Scarborough-Agincourt,Scarborough--Agincourt,56,Number of persons in private households,pvt_house_persons,103725.0,100.0
22,Scarborough-Agincourt,Scarborough--Agincourt,57,Average household size,pvt_house_avg_size,2.7,2.7
22,Scarborough-Agincourt,Scarborough--Agincourt,111,Total - Income statistics in 2020 for the population aged 15 years and over in private households - 100% data,income_total,90400.0,100.0
22,Scarborough-Agincourt,Scarborough--Agincourt,112,  Number of total income recipients aged 15 years and over in private households in 2020 - 100% data,income_total_recip,85880.0,95.0
22,Scarborough-Agincourt,Scarborough--Agincourt,113,    Median total income in 2020 among recipients ($),income_total_median,31400.0,31400.0
22,Scarborough-Agincourt,Scarborough--Agincourt,114,  Number of after-tax income recipients aged 15 years and over in private households in 2020 - 100% data,income_aftertax_recip,85890.0,95.0
22,Scarborough-Agincourt,Scarborough--Agincourt,115,    Median after-tax income in 2020 among recipients ($),income_aftertax_median,29600.0,29600.0
22,Scarborough-Agincourt,Scarborough--Agincourt,116,  Number of market income recipients aged 15 years and over in private households in 2020 - 100% data,income_market_recip,71875.0,79.5
22,Scarborough-Agincourt,Scarborough--Agincourt,117,    Median market income in 2020 among recipients ($),income_market_median,23800.0,23800.0
22,Scarborough-Agincourt,Scarborough--Agincourt,118,  Number of employment income recipients aged 15 years and over in private households in 2020 - 100% data,income_emp_recip,54730.0,60.5
22,Scarborough-Agincourt,Scarborough--Agincourt,119,    Median employment income in 2020 among recipients ($),income_emp_median,28200.0,28200.0
22,Scarborough-Agincourt,Scarborough--Agincourt,120,  Number of government transfers recipients aged 15 years and over in private households in 2020 - 100% data,income_govtrans_recip,80705.0,89.3
22,Scarborough-Agincourt,Scarborough--Agincourt,121,    Median government transfers in 2020 among recipients ($),income_govtrans_median,11300.0,11300.0
22,Scarborough-Agincourt,Scarborough--Agincourt,122,  Number of employment insurance benefits recipients aged 15 years and over in private households in 2020 - 100% data,income_ei_recip,7695.0,8.5
22,Scarborough-Agincourt,Scarborough--Agincourt,123,    Median employment insurance benefits in 2020 among recipients ($),income_ei_median,5640.0,5640.0
22,Scarborough-Agincourt,Scarborough--Agincourt,124,  Number of COVID-19 emergency and recovery benefits recipients aged 15 years and over in private households in 2020 - 100% data,income_covid_recip,29460.0,32.6
22,Scarborough-Agincourt,Scarborough--Agincourt,125,    Median COVID-19 emergency and recovery benefits in 2020 among recipients ($),income_covid_median,10500.0,10500.0
22,Scarborough-Agincourt,Scarborough--Agincourt,345,"Prevalence of low income based on the Low-income measure, after tax (LIM-AT) (%)",lim_at_prev,14.8,14.8
22,Scarborough-Agincourt,Scarborough--Agincourt,346,  0 to 17 years (%),lim_at_0_17,15.8,15.8
22,Scarborough-Agincourt,Scarborough--Agincourt,347,    0 to 5 years (%),lim_at_0_5,16.6,16.6
22,Scarborough-Agincourt,Scarborough--Agincourt,348,  18 to 64 years (%),lim_at_18_64,11.8,11.8
22,Scarborough-Agincourt,Scarborough--Agincourt,349,  65 years and over (%),lim_at_65_over,22.0,22.0
22,Scarborough-Agincourt,Scarborough--Agincourt,365,Total - Adjusted after-tax economic family income decile group for the population in private households - 100% data,income_decile_total,103725.0,100.0
22,Scarborough-Agincourt,Scarborough--Agincourt,366,  In bottom half of the distribution,income_decile_bottom_half,62200.0,60.0
22,Scarborough-Agincourt,Scarborough--Agincourt,367,    In bottom decile,income_decile_1,14695.0,14.2
22,Scarborough-Agincourt,Scarborough--Agincourt,368,    In second decile,income_decile_2,13765.0,13.3
22,Scarborough-Agincourt,Scarborough--Agincourt,369,    In third decile,income_decile_3,12405.0,12.0
22,Scarborough-Agincourt,Scarborough--Agincourt,370,    In fourth decile,income_decile_4,11070.0,10.7
22,Scarborough-Agincourt,Scarborough--Agincourt,371,    In fifth decile,income_decile_5,10265.0,9.9
22,Scarborough-Agincourt,Scarborough--Agincourt,372,  In top half of the distribution,income_decile_top_half,41530.0,40.0
22,Scarborough-Agincourt,Scarborough--Agincourt,373,    In sixth decile,income_decile_6,9615.0,9.3
22,Scarborough-Agincourt,Scarborough--Agincourt,374,    In seventh decile,income_decile_7,8800.0,8.5
22,Scarborough-Agincourt,Scarborough--Agincourt,375,    In eighth decile,income_decile_8,8775.0,8.5
22,Scarborough-Agincourt,Scarborough--Agincourt,376,    In ninth decile,income_decile_9,8125.0,7.8
22,Scarborough-Agincourt,Scarborough--Agincourt,377,    In top decile,income_decile_10,6210.0,6.0
22,Scarborough-Agincourt,Scarborough--Agincourt,378,Total - Inequality measures for the population in private households - 100% data,gini_measures,103725.0,103725.0
22,Scarborough-Agincourt,Scarborough--Agincourt,379,  Gini index on adjusted household total income,gini_total_income,0.32,0.32
22,Scarborough-Agincourt,Scarborough--Agincourt,380,  Gini index on adjusted household market income,gini_market_income,0.48,0.48
22,Scarborough-Agincourt,Scarborough--Agincourt,381,  Gini index on adjusted household after-tax income,gini_aftertax_income,0.285,0.285
22,Scarborough-Agincourt,Scarborough--Agincourt,382,  P90/P10 ratio on adjusted household after-tax income,gini_p90_p10,3.7,3.7
22,Scarborough-Agincourt,Scarborough--Agincourt,1414,Total - Private households by tenure - 25% sample data,housing_tenure_total,38350.0,100.0
22,Scarborough-Agincourt,Scarborough--Agincourt,1415,  Owner,housing_tenure_owner,25370.0,66.2
22,Scarborough-Agincourt,Scarborough--Agincourt,1416,  Renter,housing_tenure_renter,12975.0,33.8
22,Scarborough-Agincourt,Scarborough--Agincourt,1417,"  Dwelling provided by the local government, First Nation or Indian band",housing_tenure_provided,0.0,0.0
22,Scarborough-Agincourt,Scarborough--Agincourt,1418,Total - Occupied private dwellings by condominium status - 25% sample data,housing_condo_total,38350.0,100.0
22,Scarborough-Agincourt,Scarborough--Agincourt,1465,"Total - Owner and tenant households with household total income greater than zero, in non-farm, non-reserve private dwellings by shelter-cost-to-income ratio - 25% sample data",housing_shelter_total,38085.0,100.0
22,Scarborough-Agincourt,Scarborough--Agincourt,1466,  Spending less than 30% of income on shelter costs,housing_shelter_under30,25390.0,66.7
22,Scarborough-Agincourt,Scarborough--Agincourt,1467,  Spending 30% or more of income on shelter costs,housing_shelter_30plus,12700.0,33.3
22,Scarborough-Agincourt,Scarborough--Agincourt,1468,    30% to less than 100%,housing_shelter_30_100,11280.0,29.6
22,Scarborough-Agincourt,Scarborough--Agincourt,1479,"Total - Owner and tenant households with household total income greater than zero and shelter-cost-to-income ratio less than 100%, in non-farm, non-reserve private dwellings - 25% sample data",housing_core_need_total,36665.0,100.0
22,Scarborough-Agincourt,Scarborough--Agincourt,1480,  In core need,housing_core_need_yes,8415.0,23.0
22,Scarborough-Agincourt,Scarborough--Agincourt,1481,  Not in core need,housing_core_need_no,28255.0,77.1
22,Scarborough-Agincourt,Scarborough--Agincourt,1482,"Total - Owner households in non-farm, non-reserve private dwellings - 25% sample data",housing_owner_total,25370.0,
22,Scarborough-Agincourt,Scarborough--Agincourt,1483,  % of owner households with a mortgage,housing_owner_mortgage_pct,49.7,49.7
22,Scarborough-Agincourt,Scarborough--Agincourt,1484,  % of owner households spending 30% or more of its income on shelter costs,housing_owner_shelter_30plus_pct,32.0,32.0
22,Scarborough-Agincourt,Scarborough--Agincourt,1485,  % in core housing need,housing_owner_core_need_pct,18.6,18.6
22,Scarborough-Agincourt,Scarborough--Agincourt,1522,Total - Citizenship for the population in private households - 25% sample data,citizen_total,103690.0,100.0
22,Scarborough-Agincourt,Scarborough--Agincourt,1523,  Canadian citizens,citizen_canadian,81240.0,78.3
22,Scarborough-Agincourt,Scarborough--Agincourt,1524,    Canadian citizens aged under 18,citizen_canadian_under18,13980.0,13.5
22,Scarborough-Agincourt,Scarborough--Agincourt,1525,    Canadian citizens aged 18 and over,citizen_canadian_18over,67255.0,64.9
22,Scarborough-Agincourt,Scarborough--Agincourt,1526,  Not Canadian citizens,citizen_not_canadian,22450.0,21.7
22,Scarborough-Agincourt,Scarborough--Agincourt,1683,Total - Visible minority for the population in private households - 25% sample data,visible_minority_total,103690.0,100.0
22,Scarborough-Agincourt,Scarborough--Agincourt,1684,  Total visible minority population,visible_minority_yes,85345.0,82.3
22,Scarborough-Agincourt,Scarborough--Agincourt,1685,    South Asian,visible_minority_south_asian,15565.0,15.0
22,Scarborough-Agincourt,Scarborough--Agincourt,1686,    Chinese,visible_minority_chinese,44450.0,42.9
22,Scarborough-Agincourt,Scarborough--Agincourt,1687,    Black,visible_minority_black,7500.0,7.2
22,Scarborough-Agincourt,Scarborough--Agincourt,1688,    Filipino,visible_minority_filipino,6515.0,6.3
22,Scarborough-Agincourt,Scarborough--Agincourt,1689,    Arab,visible_minority_arab,2220.0,2.1
22,Scarborough-Agincourt,Scarborough--Agincourt,1690,    Latin American,visible_minority_latin_american,1150.0,1.1
22,Scarborough-Agincourt,Scarborough--Agincourt,1691,    Southeast Asian,visible_minority_southeast_asian,1335.0,1.3
22,Scarborough-Agincourt,Scarborough--Agincourt,1692,    West Asian,visible_minority_west_asian,2015.0,1.9
22,Scarborough-Agincourt,Scarborough--Agincourt,1693,    Korean,visible_minority_korean,705.0,0.7
22,Scarborough-Agincourt,Scarborough--Agincourt,1694,    Japanese,visible_minority_japanese,235.0,0.2
22,Scarborough-Agincourt,Scarborough--Agincourt,1695,"    Visible minority, n.i.e.",visible_minority_nie,1225.0,1.2
22,Scarborough-Agincourt,Scarborough--Agincourt,1696,    Multiple visible minorities,visible_minority_multiple,2420.0,2.3
22,Scarborough-Agincourt,Scarborough--Agincourt,1697,  Not a visible minority,visible_minority_no,18345.0,17.7
22,Scarborough-Agincourt,Scarborough--Agincourt,1983,Total - Mobility status 5 years ago - 25% sample data,mobility_total,99690.0,100.0
22,Scarborough-Agincourt,Scarborough--Agincourt,1984,  Non-movers,mobility_non_movers,66835.0,67.0
22,Scarborough-Agincourt,Scarborough--Agincourt,1985,  Movers,mobility_movers,32855.0,33.0
22,Scarborough-Agincourt,Scarborough--Agincourt,1986,    Non-migrants,mobility_non_migrants,18295.0,18.4
22,Scarborough-Agincourt,Scarborough--Agincourt,1987,    Migrants,mobility_migrants,14560.0,14.6
22,Scarborough-Agincourt,Scarborough--Agincourt,1988,      Internal migrants,mobility_internal_migrants,5545.0,5.6
22,Scarborough-Agincourt,Scarborough--Agincourt,1989,        Intraprovincial migrants,mobility_intraprovincial_migrants,4635.0,4.6
22,Scarborough-Agincourt,Scarborough--Agincourt,1990,        Interprovincial migrants,mobility_interprovincial_migrants,905.0,0.9
22,Scarborough-Agincourt,Scarborough--Agincourt,1991,      External migrants,mobility_external_migrants,9015.0,9.0
22,Scarborough-Agincourt,Scarborough--Agincourt,1998,"Total - Highest certificate, diploma or degree for the population aged 15 years and over in private households - 25% sample data",education_total,90390.0,100.0
22,Scarborough-Agincourt,Scarborough--Agincourt,1999,"  No certificate, diploma or degree",education_none,16795.0,18.6
22,Scarborough-Agincourt,Scarborough--Agincourt,2000,  High (secondary) school diploma or equivalency certificate,education_secondary,24195.0,26.8
22,Scarborough-Agincourt,Scarborough--Agincourt,2001,"  Postsecondary certificate, diploma or degree",education_postsec,49405.0,54.7
22,Scarborough-Agincourt,Scarborough--Agincourt,2002,    Postsecondary certificate or diploma below bachelor level,education_postsec_below_bachelor,20490.0,22.7
22,Scarborough-Agincourt,Scarborough--Agincourt,2003,      Apprenticeship or trades certificate or diploma,education_apprentice_trades,2890.0,3.2
22,Scarborough-Agincourt,Scarborough--Agincourt,2004,        Non-apprenticeship trades certificate or diploma,education_apprentice_non,1605.0,1.8
22,Scarborough-Agincourt,Scarborough--Agincourt,2005,        Apprenticeship certificate,education_apprentice_cert,1285.0,1.4
22,Scarborough-Agincourt,Scarborough--Agincourt,2006,"      College, CEGEP or other non-university certificate or diploma",education_college,14495.0,16.0
22,Scarborough-Agincourt,Scarborough--Agincourt,2007,      University certificate or diploma below bachelor level,education_university_below_bachelor,3105.0,3.4
22,Scarborough-Agincourt,Scarborough--Agincourt,2008,    Bachelor's degree or higher,education_bachelor_higher,28910.0,32.0
22,Scarborough-Agincourt,Scarborough--Agincourt,2009,      Bachelor's degree,education_bachelor,20350.0,22.5
22,Scarborough-Agincourt,Scarborough--Agincourt,2010,      University certificate or diploma above bachelor level,education_university_above_bachelor,1890.0,2.1
22,Scarborough-Agincourt,Scarborough--Agincourt,2011,"      Degree in medicine, dentistry, veterinary medicine or optometry",education_medical_dental_vet,580.0,0.6
22,Scarborough-Agincourt,Scarborough--Agincourt,2012,      Master's degree,education_masters,5385.0,6.0
22,Scarborough-Agincourt,Scarborough--Agincourt,2013,      Earned doctorate,education_doctorate,705.0,0.8
22,Scarborough-Agincourt,Scarborough--Agincourt,2014,"Total - Highest certificate, diploma or degree for the population aged 25 to 64 years in private households - 25% sample data",education_25_64_total,54815.0,100.0
22,Scarborough-Agincourt,Scarborough--Agincourt,2015,"  No certificate, diploma or degree",education_25_64_none,6900.0,12.6
22,Scarborough-Agincourt,Scarborough--Agincourt,2016,  High (secondary) school diploma or equivalency certificate,education_25_64_secondary,12110.0,22.1
22,Scarborough-Agincourt,Scarborough--Agincourt,2017,"  Postsecondary certificate, diploma or degree",education_25_64_postsec,35810.0,65.3
22,Scarborough-Agincourt,Scarborough--Agincourt,2018,    Postsecondary certificate or diploma below bachelor level,education_25_64_postsec_below_bachelor,13820.0,25.2
22,Scarborough-Agincourt,Scarborough--Agincourt,2019,      Apprenticeship or trades certificate or diploma,education_25_64_apprentice_trades,1655.0,3.0
22,Scarborough-Agincourt,Scarborough--Agincourt,2020,        Non-apprenticeship trades certificate or diploma,education_25_64_apprentice_non,910.0,1.7
22,Scarborough-Agincourt,Scarborough--Agincourt,2021,        Apprenticeship certificate,education_25_64_apprentice_cert,745.0,1.4
22,Scarborough-Agincourt,Scarborough--Agincourt,2022,"      College, CEGEP or other non-university certificate or diploma",education_25_64_college,10080.0,18.4
22,Scarborough-Agincourt,Scarborough--Agincourt,2023,      University certificate or diploma below bachelor level,education_25_64_university_below_bachelor,2085.0,3.8
22,Scarborough-Agincourt,Scarborough--Agincourt,2024,    Bachelor's degree or higher,education_25_64_bachelor_higher,21990.0,40.1
22,Scarborough-Agincourt,Scarborough--Agincourt,2025,      Bachelor's degree,education_25_64_bachelor,15330.0,28.0
22,Scarborough-Agincourt,Scarborough--Agincourt,2026,      University certificate or diploma above bachelor level,education_25_64_university_above_bachelor,1415.0,2.6
22,Scarborough-Agincourt,Scarborough--Agincourt,2027,"      Degree in medicine, dentistry, veterinary medicine or optometry",education_25_64_medical_dental_vet,460.0,0.8
22,Scarborough-Agincourt,Scarborough--Agincourt,2028,      Master's degree,education_25_64_masters,4310.0,7.9
22,Scarborough-Agincourt,Scarborough--Agincourt,2029,      Earned doctorate,education_25_64_doctorate,480.0,0.9
22,Scarborough-Agincourt,Scarborough--Agincourt,2246,Total - Labour force aged 15 years and over by occupation - Broad category - National Occupational Classification (NOC) 2021 - 25% sample data,labour_occupation_total,49440.0,100.0
22,Scarborough-Agincourt,Scarborough--Agincourt,2247,  Occupation - not applicable,labour_occupation_na,2415.0,4.9
22,Scarborough-Agincourt,Scarborough--Agincourt,2248,  All occupations,labour_occupation_all,47025.0,95.1
22,Scarborough-Agincourt,Scarborough--Agincourt,2249,    0 Legislative and senior management occupations,labour_occupation_0_management,260.0,0.5
22,Scarborough-Agincourt,Scarborough--Agincourt,2250,"    1 Business, finance and administration occupations",labour_occupation_1_business_finance,9185.0,18.6
22,Scarborough-Agincourt,Scarborough--Agincourt,2251,    2 Natural and applied sciences and related occupations,labour_occupation_2_science,5680.0,11.5
22,Scarborough-Agincourt,Scarborough--Agincourt,2252,    3 Health occupations,labour_occupation_3_health,3440.0,7.0
22,Scarborough-Agincourt,Scarborough--Agincourt,2253,"    4 Occupations in education, law and social, community and government services",labour_occupation_4_education_law_social,4170.0,8.4
22,Scarborough-Agincourt,Scarborough--Agincourt,2254,"    5 Occupations in art, culture, recreation and sport",labour_occupation_5_arts_culture,1405.0,2.8
22,Scarborough-Agincourt,Scarborough--Agincourt,2255,    6 Sales and service occupations,labour_occupation_6_sales_service,13175.0,26.6
22,Scarborough-Agincourt,Scarborough--Agincourt,2256,"    7 Trades, transport and equipment operators and related occupations",labour_occupation_7_trades_transport,6160.0,12.5
22,Scarborough-Agincourt,Scarborough--Agincourt,2257,"    8 Natural resources, agriculture and related production occupations",labour_occupation_8_natural_resources,250.0,0.5
22,Scarborough-Agincourt,Scarborough--Agincourt,2258,    9 Occupations in manufacturing and utilities,labour_occupation_9_manufacturing,3300.0,6.7
22,Scarborough-Agincourt,Scarborough--Agincourt,2259,Total - Labour force aged 15 years and over by industry - Sectors - North American Industry Classification System (NAICS) 2017 - 25% sample data,labour_industry_total,49440.0,100.0
22,Scarborough-Agincourt,Scarborough--Agincourt,2260,  Industry - not applicable,labour_industry_na,2415.0,4.9
22,Scarborough-Agincourt,Scarborough--Agincourt,2261,  All industries,labour_industry_all,47025.0,95.1
22,Scarborough-Agincourt,Scarborough--Agincourt,2262,"    11 Agriculture, forestry, fishing and hunting",labour_industry_11_agriculture,80.0,0.2
22,Scarborough-Agincourt,Scarborough--Agincourt,2263,"    21 Mining, quarrying, and oil and gas extraction",labour_industry_21_mining,35.0,0.1
22,Scarborough-Agincourt,Scarborough--Agincourt,2264,    22 Utilities,labour_industry_22_utilities,240.0,0.5
22,Scarborough-Agincourt,Scarborough--Agincourt,2265,    23 Construction,labour_industry_23_construction,2435.0,4.9
22,Scarborough-Agincourt,Scarborough--Agincourt,2266,    31-33 Manufacturing,labour_industry_31_33_manufacturing,4825.0,9.8
22,Scarborough-Agincourt,Scarborough--Agincourt,2267,    41 Wholesale trade,labour_industry_41_wholesale,1850.0,3.7
22,Scarborough-Agincourt,Scarborough--Agincourt,2268,    44-45 Retail trade,labour_industry_44_45_retail,5495.0,11.1
22,Scarborough-Agincourt,Scarborough--Agincourt,2269,    48-49 Transportation and warehousing,labour_industry_48_49_transportation,2335.0,4.7
22,Scarborough-Agincourt,Scarborough--Agincourt,2270,    51 Information and cultural industries,labour_industry_51_information,1220.0,2.5
22,Scarborough-Agincourt,Scarborough--Agincourt,2271,    52 Finance and insurance,labour_industry_52_finance,3710.0,7.5
22,Scarborough-Agincourt,Scarborough--Agincourt,2272,    53 Real estate and rental and leasing,labour_industry_53_real_estate,1160.0,2.3
22,Scarborough-Agincourt,Scarborough--Agincourt,2273,"    54 Professional, scientific and technical services",labour_industry_54_professional,4995.0,10.1
22,Scarborough-Agincourt,Scarborough--Agincourt,2274,    55 Management of companies and enterprises,labour_industry_55_management,210.0,0.4
22,Scarborough-Agincourt,Scarborough--Agincourt,2275,"    56 Administrative and support, waste management and remediation services",labour_industry_56_administrative,2725.0,5.5
22,Scarborough-Agincourt,Scarborough--Agincourt,2276,    61 Educational services,labour_industry_61_education,2805.0,5.7
22,Scarborough-Agincourt,Scarborough--Agincourt,2277,    62 Health care and social assistance,labour_industry_62_healthcare,5255.0,10.6
22,Scarborough-Agincourt,Scarborough--Agincourt,2278,"    71 Arts, entertainment and recreation",labour_industry_71_arts,580.0,1.2
22,Scarborough-Agincourt,Scarborough--Agincourt,2279,    72 Accommodation and food services,labour_industry_72_accommodation,3600.0,7.3
22,Scarborough-Agincourt,Scarborough--Agincourt,2280,    81 Other services (except public administration),labour_industry_81_other_services,2015.0,4.1
22,Scarborough-Agincourt,Scarborough--Agincourt,2281,    91 Public administration,labour_industry_91_public_admin,1460.0,3.0
22,Scarborough-Agincourt,Scarborough--Agincourt,2603,Total - Main mode of commuting for the employed labour force aged 15 years and over with a usual place of work or no fixed workplace address - 25% sample data,commute_mode_total,29060.0,100.0
22,Scarborough-Agincourt,Scarborough--Agincourt,2604,"  Car, truck or van",commute_mode_car_truck_van,21365.0,73.5
22,Scarborough-Agincourt,Scarborough--Agincourt,2605,"    Car, truck or van - as a driver",commute_mode_car_driver,18540.0,63.8
22,Scarborough-Agincourt,Scarborough--Agincourt,2606,"    Car, truck or van - as a passenger",commute_mode_car_passenger,2820.0,9.7
22,Scarborough-Agincourt,Scarborough--Agincourt,2607,  Public transit,commute_mode_transit,6110.0,21.0
22,Scarborough-Agincourt,Scarborough--Agincourt,2608,  Walked,commute_mode_walked,795.0,2.7
22,Scarborough-Agincourt,Scarborough--Agincourt,2609,  Bicycle,commute_mode_bicycle,145.0,0.5
22,Scarborough-Agincourt,Scarborough--Agincourt,2610,  Other method,commute_mode_other,655.0,2.3
22,Scarborough-Agincourt,Scarborough--Agincourt,2611,Total - Commuting duration for the employed labour force aged 15 years and over with a usual place of work or no fixed workplace address - 25% sample data,commute_duration_total,29060.0,100.0
22,Scarborough-Agincourt,Scarborough--Agincourt,2612,  Less than 15 minutes,commute_duration_under15,4500.0,15.5
22,Scarborough-Agincourt,Scarborough--Agincourt,2613,  15 to 29 minutes,commute_duration_15_29,9825.0,33.8
22,Scarborough-Agincourt,Scarborough--Agincourt,2614,  30 to 44 minutes,commute_duration_30_44,7890.0,27.2
22,Scarborough-Agincourt,Scarborough--Agincourt,2615,  45 to 59 minutes,commute_duration_45_59,2725.0,9.4
22,Scarborough-Agincourt,Scarborough--Agincourt,2616,  60 minutes and over,commute_duration_60plus,4110.0,14.1
23,Scarborough North,Scarborough North,1,"Population, 2021",pop_2021,94717.0,
23,Scarborough North,Scarborough North,2,"Population, 2016",pop_2016,98800.0,
23,Scarborough North,Scarborough North,3,"Population percentage change, 2016 to 2021",pop_pct_change,-4.1,-4.1
23,Scarborough North,Scarborough North,6,Population density per square kilometre,pop_density,3119.1,3119.1
23,Scarborough North,Scarborough North,34,Total - Distribution (%) of the population by broad age groups - 100% data,age_total_dist,100.0,100.0
23,Scarborough North,Scarborough North,35,  0 to 14 years,age_0_14,13.8,13.8
23,Scarborough North,Scarborough North,36,  15 to 64 years,age_15_64,65.6,65.6
23,Scarborough North,Scarborough North,37,  65 years and over,age_65_over,20.6,20.6
23,Scarborough North,Scarborough North,38,    85 years and over,age_85_over,2.8,2.8
23,Scarborough North,Scarborough North,39,Average age of the population,age_mean,43.3,43.3
23,Scarborough North,Scarborough North,40,Median age of the population,age_median,43.2,43.2
23,Scarborough North,Scarborough North,50,Total - Private households by household size - 100% data,pvt_house_total,29480.0,100.0
23,Scarborough North,Scarborough North,51,  1 person,pvt_house_1,4440.0,15.1
23,Scarborough North,Scarborough North,52,  2 persons,pvt_house_2,7820.0,26.5
23,Scarborough North,Scarborough North,53,  3 persons,pvt_house_3,6000.0,20.4
23,Scarborough North,Scarborough North,54,  4 persons,pvt_house_4,5460.0,18.5
23,Scarborough North,Scarborough North,55,  5 or more persons,pvt_house_5plus,5760.0,19.5
23,Scarborough North,Scarborough North,56,Number of persons in private households,pvt_house_persons,93835.0,100.0
23,Scarborough North,Scarborough North,57,Average household size,pvt_house_avg_size,3.2,3.2
23,Scarborough North,Scarborough North,111,Total - Income statistics in 2020 for the population aged 15 years and over in private households - 100% data,income_total,80775.0,100.0
23,Scarborough North,Scarborough North,112,  Number of total income recipients aged 15 years and over in private households in 2020 - 100% data,income_total_recip,76510.0,94.7
23,Scarborough North,Scarborough North,113,    Median total income in 2020 among recipients ($),income_total_median,30400.0,30400.0
23,Scarborough North,Scarborough North,114,  Number of after-tax income recipients aged 15 years and over in private households in 2020 - 100% data,income_aftertax_recip,76535.0,94.8
23,Scarborough North,Scarborough North,115,    Median after-tax income in 2020 among recipients ($),income_aftertax_median,28800.0,28800.0
23,Scarborough North,Scarborough North,116,  Number of market income recipients aged 15 years and over in private households in 2020 - 100% data,income_market_recip,63510.0,78.6
23,Scarborough North,Scarborough North,117,    Median market income in 2020 among recipients ($),income_market_median,21800.0,21800.0
23,Scarborough North,Scarborough North,118,  Number of employment income recipients aged 15 years and over in private households in 2020 - 100% data,income_emp_recip,50815.0,62.9
23,Scarborough North,Scarborough North,119,    Median employment income in 2020 among recipients ($),income_emp_median,25400.0,25400.0
23,Scarborough North,Scarborough North,120,  Number of government transfers recipients aged 15 years and over in private households in 2020 - 100% data,income_govtrans_recip,72620.0,89.9
23,Scarborough North,Scarborough North,121,    Median government transfers in 2020 among recipients ($),income_govtrans_median,11100.0,11100.0
23,Scarborough North,Scarborough North,122,  Number of employment insurance benefits recipients aged 15 years and over in private households in 2020 - 100% data,income_ei_recip,7880.0,9.8
23,Scarborough North,Scarborough North,123,    Median employment insurance benefits in 2020 among recipients ($),income_ei_median,5480.0,5480.0
23,Scarborough North,Scarborough North,124,  Number of COVID-19 emergency and recovery benefits recipients aged 15 years and over in private households in 2020 - 100% data,income_covid_recip,29615.0,36.7
23,Scarborough North,Scarborough North,125,    Median COVID-19 emergency and recovery benefits in 2020 among recipients ($),income_covid_median,10500.0,10500.0
23,Scarborough North,Scarborough North,345,"Prevalence of low income based on the Low-income measure, after tax (LIM-AT) (%)",lim_at_prev,11.7,11.7
23,Scarborough North,Scarborough North,346,  0 to 17 years (%),lim_at_0_17,14.2,14.2
23,Scarborough North,Scarborough North,347,    0 to 5 years (%),lim_at_0_5,15.7,15.7
23,Scarborough North,Scarborough North,348,  18 to 64 years (%),lim_at_18_64,9.5,9.5
23,Scarborough North,Scarborough North,349,  65 years and over (%),lim_at_65_over,16.7,16.7
23,Scarborough North,Scarborough North,365,Total - Adjusted after-tax economic family income decile group for the population in private households - 100% data,income_decile_total,93840.0,100.0
23,Scarborough North,Scarborough North,366,  In bottom half of the distribution,income_decile_bottom_half,55735.0,59.4
23,Scarborough North,Scarborough North,367,    In bottom decile,income_decile_1,11260.0,12.0
23,Scarborough North,Scarborough North,368,    In second decile,income_decile_2,11675.0,12.4
23,Scarborough North,Scarborough North,369,    In third decile,income_decile_3,11870.0,12.6
23,Scarborough North,Scarborough North,370,    In fourth decile,income_decile_4,11035.0,11.8
23,Scarborough North,Scarborough North,371,    In fifth decile,income_decile_5,9880.0,10.5
23,Scarborough North,Scarborough North,372,  In top half of the distribution,income_decile_top_half,38105.0,40.6
23,Scarborough North,Scarborough North,373,    In sixth decile,income_decile_6,9280.0,9.9
23,Scarborough North,Scarborough North,374,    In seventh decile,income_decile_7,8645.0,9.2
23,Scarborough North,Scarborough North,375,    In eighth decile,income_decile_8,8430.0,9.0
23,Scarborough North,Scarborough North,376,    In ninth decile,income_decile_9,7410.0,7.9
23,Scarborough North,Scarborough North,377,    In top decile,income_decile_10,4345.0,4.6
23,Scarborough North,Scarborough North,378,Total - Inequality measures for the population in private households - 100% data,gini_measures,93840.0,93840.0
23,Scarborough North,Scarborough North,379,  Gini index on adjusted household total income,gini_total_income,0.286,0.286
23,Scarborough North,Scarborough North,380,  Gini index on adjusted household market income,gini_market_income,0.448,0.448
23,Scarborough North,Scarborough North,381,  Gini index on adjusted household after-tax income,gini_aftertax_income,0.256,0.256
23,Scarborough North,Scarborough North,382,  P90/P10 ratio on adjusted household after-tax income,gini_p90_p10,3.3,3.3
23,Scarborough North,Scarborough North,1414,Total - Private households by tenure - 25% sample data,housing_tenure_total,29545.0,100.0
23,Scarborough North,Scarborough North,1415,  Owner,housing_tenure_owner,23465.0,79.4
23,Scarborough North,Scarborough North,1416,  Renter,housing_tenure_renter,6085.0,20.6
23,Scarborough North,Scarborough North,1417,"  Dwelling provided by the local government, First Nation or Indian band",housing_tenure_provided,0.0,0.0
23,Scarborough North,Scarborough North,1418,Total - Occupied private dwellings by condominium status - 25% sample data,housing_condo_total,29545.0,100.0
23,Scarborough North,Scarborough North,1465,"Total - Owner and tenant households with household total income greater than zero, in non-farm, non-reserve private dwellings by shelter-cost-to-income ratio - 25% sample data",housing_shelter_total,29405.0,100.0
23,Scarborough North,Scarborough North,1466,  Spending less than 30% of income on shelter costs,housing_shelter_under30,20660.0,70.3
23,Scarborough North,Scarborough North,1467,  Spending 30% or more of income on shelter costs,housing_shelter_30plus,8750.0,29.8
23,Scarborough North,Scarborough North,1468,    30% to less than 100%,housing_shelter_30_100,7870.0,26.8
23,Scarborough North,Scarborough North,1479,"Total - Owner and tenant households with household total income greater than zero and shelter-cost-to-income ratio less than 100%, in non-farm, non-reserve private dwellings - 25% sample data",housing_core_need_total,28525.0,100.0
23,Scarborough North,Scarborough North,1480,  In core need,housing_core_need_yes,5275.0,18.5
23,Scarborough North,Scarborough North,1481,  Not in core need,housing_core_need_no,23250.0,81.5
23,Scarborough North,Scarborough North,1482,"Total - Owner households in non-farm, non-reserve private dwellings - 25% sample data",housing_owner_total,23460.0,
23,Scarborough North,Scarborough North,1483,  % of owner households with a mortgage,housing_owner_mortgage_pct,56.5,56.5
23,Scarborough North,Scarborough North,1484,  % of owner households spending 30% or more of its income on shelter costs,housing_owner_shelter_30plus_pct,28.8,28.8
23,Scarborough North,Scarborough North,1485,  % in core housing need,housing_owner_core_need_pct,15.7,15.7
23,Scarborough North,Scarborough North,1522,Total - Citizenship for the population in private households - 25% sample data,citizen_total,94025.0,100.0
23,Scarborough North,Scarborough North,1523,  Canadian citizens,citizen_canadian,75860.0,80.7
23,Scarborough North,Scarborough North,1524,    Canadian citizens aged under 18,citizen_canadian_under18,14380.0,15.3
23,Scarborough North,Scarborough North,1525,    Canadian citizens aged 18 and over,citizen_canadian_18over,61480.0,65.4
23,Scarborough North,Scarborough North,1526,  Not Canadian citizens,citizen_not_canadian,18165.0,19.3
23,Scarborough North,Scarborough North,1683,Total - Visible minority for the population in private households - 25% sample data,visible_minority_total,94025.0,100.0
23,Scarborough North,Scarborough North,1684,  Total visible minority population,visible_minority_yes,86680.0,92.2
23,Scarborough North,Scarborough North,1685,    South Asian,visible_minority_south_asian,25185.0,26.8
23,Scarborough North,Scarborough North,1686,    Chinese,visible_minority_chinese,39710.0,42.2
23,Scarborough North,Scarborough North,1687,    Black,visible_minority_black,7735.0,8.2
23,Scarborough North,Scarborough North,1688,    Filipino,visible_minority_filipino,6375.0,6.8
23,Scarborough North,Scarborough North,1689,    Arab,visible_minority_arab,705.0,0.7
23,Scarborough North,Scarborough North,1690,    Latin American,visible_minority_latin_american,920.0,1.0
23,Scarborough North,Scarborough North,1691,    Southeast Asian,visible_minority_southeast_asian,950.0,1.0
23,Scarborough North,Scarborough North,1692,    West Asian,visible_minority_west_asian,710.0,0.8
23,Scarborough North,Scarborough North,1693,    Korean,visible_minority_korean,200.0,0.2
23,Scarborough North,Scarborough North,1694,    Japanese,visible_minority_japanese,120.0,0.1
23,Scarborough North,Scarborough North,1695,"    Visible minority, n.i.e.",visible_minority_nie,1330.0,1.4
23,Scarborough North,Scarborough North,1696,    Multiple visible minorities,visible_minority_multiple,2735.0,2.9
23,Scarborough North,Scarborough North,1697,  Not a visible minority,visible_minority_no,7345.0,7.8
23,Scarborough North,Scarborough North,1983,Total - Mobility status 5 years ago - 25% sample data,mobility_total,90255.0,100.0
23,Scarborough North,Scarborough North,1984,  Non-movers,mobility_non_movers,64475.0,71.4
23,Scarborough North,Scarborough North,1985,  Movers,mobility_movers,25785.0,28.6
23,Scarborough North,Scarborough North,1986,    Non-migrants,mobility_non_migrants,14865.0,16.5
23,Scarborough North,Scarborough North,1987,    Migrants,mobility_migrants,10925.0,12.1
23,Scarborough North,Scarborough North,1988,      Internal migrants,mobility_internal_migrants,4420.0,4.9
23,Scarborough North,Scarborough North,1989,        Intraprovincial migrants,mobility_intraprovincial_migrants,3695.0,4.1
23,Scarborough North,Scarborough North,1990,        Interprovincial migrants,mobility_interprovincial_migrants,725.0,0.8
23,Scarborough North,Scarborough North,1991,      External migrants,mobility_external_migrants,6505.0,7.2
23,Scarborough North,Scarborough North,1998,"Total - Highest certificate, diploma or degree for the population aged 15 years and over in private households - 25% sample data",education_total,80930.0,100.0
23,Scarborough North,Scarborough North,1999,"  No certificate, diploma or degree",education_none,17560.0,21.7
23,Scarborough North,Scarborough North,2000,  High (secondary) school diploma or equivalency certificate,education_secondary,23610.0,29.2
23,Scarborough North,Scarborough North,2001,"  Postsecondary certificate, diploma or degree",education_postsec,39765.0,49.1
23,Scarborough North,Scarborough North,2002,    Postsecondary certificate or diploma below bachelor level,education_postsec_below_bachelor,18105.0,22.4
23,Scarborough North,Scarborough North,2003,      Apprenticeship or trades certificate or diploma,education_apprentice_trades,2660.0,3.3
23,Scarborough North,Scarborough North,2004,        Non-apprenticeship trades certificate or diploma,education_apprentice_non,1565.0,1.9
23,Scarborough North,Scarborough North,2005,        Apprenticeship certificate,education_apprentice_cert,1090.0,1.3
23,Scarborough North,Scarborough North,2006,"      College, CEGEP or other non-university certificate or diploma",education_college,12975.0,16.0
23,Scarborough North,Scarborough North,2007,      University certificate or diploma below bachelor level,education_university_below_bachelor,2470.0,3.1
23,Scarborough North,Scarborough North,2008,    Bachelor's degree or higher,education_bachelor_higher,21660.0,26.8
23,Scarborough North,Scarborough North,2009,      Bachelor's degree,education_bachelor,15905.0,19.7
23,Scarborough North,Scarborough North,2010,      University certificate or diploma above bachelor level,education_university_above_bachelor,1280.0,1.6
23,Scarborough North,Scarborough North,2011,"      Degree in medicine, dentistry, veterinary medicine or optometry",education_medical_dental_vet,415.0,0.5
23,Scarborough North,Scarborough North,2012,      Master's degree,education_masters,3675.0,4.5
23,Scarborough North,Scarborough North,2013,      Earned doctorate,education_doctorate,380.0,0.5
23,Scarborough North,Scarborough North,2014,"Total - Highest certificate, diploma or degree for the population aged 25 to 64 years in private households - 25% sample data",education_25_64_total,50595.0,100.0
23,Scarborough North,Scarborough North,2015,"  No certificate, diploma or degree",education_25_64_none,8750.0,17.3
23,Scarborough North,Scarborough North,2016,  High (secondary) school diploma or equivalency certificate,education_25_64_secondary,13055.0,25.8
23,Scarborough North,Scarborough North,2017,"  Postsecondary certificate, diploma or degree",education_25_64_postsec,28785.0,56.9
23,Scarborough North,Scarborough North,2018,    Postsecondary certificate or diploma below bachelor level,education_25_64_postsec_below_bachelor,12455.0,24.6
23,Scarborough North,Scarborough North,2019,      Apprenticeship or trades certificate or diploma,education_25_64_apprentice_trades,1595.0,3.2
23,Scarborough North,Scarborough North,2020,        Non-apprenticeship trades certificate or diploma,education_25_64_apprentice_non,990.0,2.0
23,Scarborough North,Scarborough North,2021,        Apprenticeship certificate,education_25_64_apprentice_cert,610.0,1.2
23,Scarborough North,Scarborough North,2022,"      College, CEGEP or other non-university certificate or diploma",education_25_64_college,9250.0,18.3
23,Scarborough North,Scarborough North,2023,      University certificate or diploma below bachelor level,education_25_64_university_below_bachelor,1610.0,3.2
23,Scarborough North,Scarborough North,2024,    Bachelor's degree or higher,education_25_64_bachelor_higher,16335.0,32.3
23,Scarborough North,Scarborough North,2025,      Bachelor's degree,education_25_64_bachelor,11675.0,23.1
23,Scarborough North,Scarborough North,2026,      University certificate or diploma above bachelor level,education_25_64_university_above_bachelor,955.0,1.9
23,Scarborough North,Scarborough North,2027,"      Degree in medicine, dentistry, veterinary medicine or optometry",education_25_64_medical_dental_vet,330.0,0.7
23,Scarborough North,Scarborough North,2028,      Master's degree,education_25_64_masters,3070.0,6.1
23,Scarborough North,Scarborough North,2029,      Earned doctorate,education_25_64_doctorate,305.0,0.6
23,Scarborough North,Scarborough North,2246,Total - Labour force aged 15 years and over by occupation - Broad category - National Occupational Classification (NOC) 2021 - 25% sample data,labour_occupation_total,45490.0,100.0
23,Scarborough North,Scarborough North,2247,  Occupation - not applicable,labour_occupation_na,2295.0,5.0
23,Scarborough North,Scarborough North,2248,  All occupations,labour_occupation_all,43195.0,95.0
23,Scarborough North,Scarborough North,2249,    0 Legislative and senior management occupations,labour_occupation_0_management,145.0,0.3
23,Scarborough North,Scarborough North,2250,"    1 Business, finance and administration occupations",labour_occupation_1_business_finance,7740.0,17.0
23,Scarborough North,Scarborough North,2251,    2 Natural and applied sciences and related occupations,labour_occupation_2_science,4195.0,9.2
23,Scarborough North,Scarborough North,2252,    3 Health occupations,labour_occupation_3_health,2960.0,6.5
23,Scarborough North,Scarborough North,2253,"    4 Occupations in education, law and social, community and government services",labour_occupation_4_education_law_social,3590.0,7.9
23,Scarborough North,Scarborough North,2254,"    5 Occupations in art, culture, recreation and sport",labour_occupation_5_arts_culture,850.0,1.9
23,Scarborough North,Scarborough North,2255,    6 Sales and service occupations,labour_occupation_6_sales_service,12920.0,28.4
23,Scarborough North,Scarborough North,2256,"    7 Trades, transport and equipment operators and related occupations",labour_occupation_7_trades_transport,6415.0,14.1
23,Scarborough North,Scarborough North,2257,"    8 Natural resources, agriculture and related production occupations",labour_occupation_8_natural_resources,175.0,0.4
23,Scarborough North,Scarborough North,2258,    9 Occupations in manufacturing and utilities,labour_occupation_9_manufacturing,4195.0,9.2
23,Scarborough North,Scarborough North,2259,Total - Labour force aged 15 years and over by industry - Sectors - North American Industry Classification System (NAICS) 2017 - 25% sample data,labour_industry_total,45490.0,100.0
23,Scarborough North,Scarborough North,2260,  Industry - not applicable,labour_industry_na,2295.0,5.0
23,Scarborough North,Scarborough North,2261,  All industries,labour_industry_all,43195.0,95.0
23,Scarborough North,Scarborough North,2262,"    11 Agriculture, forestry, fishing and hunting",labour_industry_11_agriculture,70.0,0.2
23,Scarborough North,Scarborough North,2263,"    21 Mining, quarrying, and oil and gas extraction",labour_industry_21_mining,35.0,0.1
23,Scarborough North,Scarborough North,2264,    22 Utilities,labour_industry_22_utilities,130.0,0.3
23,Scarborough North,Scarborough North,2265,    23 Construction,labour_industry_23_construction,2350.0,5.2
23,Scarborough North,Scarborough North,2266,    31-33 Manufacturing,labour_industry_31_33_manufacturing,5310.0,11.7
23,Scarborough North,Scarborough North,2267,    41 Wholesale trade,labour_industry_41_wholesale,1865.0,4.1
23,Scarborough North,Scarborough North,2268,    44-45 Retail trade,labour_industry_44_45_retail,5145.0,11.3
23,Scarborough North,Scarborough North,2269,    48-49 Transportation and warehousing,labour_industry_48_49_transportation,2345.0,5.2
23,Scarborough North,Scarborough North,2270,    51 Information and cultural industries,labour_industry_51_information,1095.0,2.4
23,Scarborough North,Scarborough North,2271,    52 Finance and insurance,labour_industry_52_finance,3260.0,7.2
23,Scarborough North,Scarborough North,2272,    53 Real estate and rental and leasing,labour_industry_53_real_estate,840.0,1.8
23,Scarborough North,Scarborough North,2273,"    54 Professional, scientific and technical services",labour_industry_54_professional,3730.0,8.2
23,Scarborough North,Scarborough North,2274,    55 Management of companies and enterprises,labour_industry_55_management,140.0,0.3
23,Scarborough North,Scarborough North,2275,"    56 Administrative and support, waste management and remediation services",labour_industry_56_administrative,2555.0,5.6
23,Scarborough North,Scarborough North,2276,    61 Educational services,labour_industry_61_education,2365.0,5.2
23,Scarborough North,Scarborough North,2277,    62 Health care and social assistance,labour_industry_62_healthcare,4655.0,10.2
23,Scarborough North,Scarborough North,2278,"    71 Arts, entertainment and recreation",labour_industry_71_arts,455.0,1.0
23,Scarborough North,Scarborough North,2279,    72 Accommodation and food services,labour_industry_72_accommodation,3955.0,8.7
23,Scarborough North,Scarborough North,2280,    81 Other services (except public administration),labour_industry_81_other_services,1660.0,3.6
23,Scarborough North,Scarborough North,2281,    91 Public administration,labour_industry_91_public_admin,1250.0,2.7
23,Scarborough North,Scarborough North,2603,Total - Main mode of commuting for the employed labour force aged 15 years and over with a usual place of work or no fixed workplace address - 25% sample data,commute_mode_total,28385.0,100.0
23,Scarborough North,Scarborough North,2604,"  Car, truck or van",commute_mode_car_truck_van,21615.0,76.1
23,Scarborough North,Scarborough North,2605,"    Car, truck or van - as a driver",commute_mode_car_driver,18590.0,65.5
23,Scarborough North,Scarborough North,2606,"    Car, truck or van - as a passenger",commute_mode_car_passenger,3025.0,10.7
23,Scarborough North,Scarborough North,2607,  Public transit,commute_mode_transit,5475.0,19.3
23,Scarborough North,Scarborough North,2608,  Walked,commute_mode_walked,625.0,2.2
23,Scarborough North,Scarborough North,2609,  Bicycle,commute_mode_bicycle,125.0,0.4
23,Scarborough North,Scarborough North,2610,  Other method,commute_mode_other,550.0,1.9
23,Scarborough North,Scarborough North,2611,Total - Commuting duration for the employed labour force aged 15 years and over with a usual place of work or no fixed workplace address - 25% sample data,commute_duration_total,28385.0,100.0
23,Scarborough North,Scarborough North,2612,  Less than 15 minutes,commute_duration_under15,4805.0,16.9
23,Scarborough North,Scarborough North,2613,  15 to 29 minutes,commute_duration_15_29,8960.0,31.6
23,Scarborough North,Scarborough North,2614,  30 to 44 minutes,commute_duration_30_44,7325.0,25.8
23,Scarborough North,Scarborough North,2615,  45 to 59 minutes,commute_duration_45_59,2895.0,10.2
23,Scarborough North,Scarborough North,2616,  60 minutes and over,commute_duration_60plus,4400.0,15.5
24,Scarborough-Guildwood,Scarborough--Guildwood,1,"Population, 2021",pop_2021,103449.0,
24,Scarborough-Guildwood,Scarborough--Guildwood,2,"Population, 2016",pop_2016,102386.0,
24,Scarborough-Guildwood,Scarborough--Guildwood,3,"Population percentage change, 2016 to 2021",pop_pct_change,1.0,1.0
24,Scarborough-Guildwood,Scarborough--Guildwood,6,Population density per square kilometre,pop_density,3988.2,3988.2
24,Scarborough-Guildwood,Scarborough--Guildwood,34,Total - Distribution (%) of the population by broad age groups - 100% data,age_total_dist,100.0,100.0
24,Scarborough-Guildwood,Scarborough--Guildwood,35,  0 to 14 years,age_0_14,16.6,16.6
24,Scarborough-Guildwood,Scarborough--Guildwood,36,  15 to 64 years,age_15_64,66.8,66.8
24,Scarborough-Guildwood,Scarborough--Guildwood,37,  65 years and over,age_65_over,16.6,16.6
24,Scarborough-Guildwood,Scarborough--Guildwood,38,    85 years and over,age_85_over,2.4,2.4
24,Scarborough-Guildwood,Scarborough--Guildwood,39,Average age of the population,age_mean,40.2,40.2
24,Scarborough-Guildwood,Scarborough--Guildwood,40,Median age of the population,age_median,38.4,38.4
24,Scarborough-Guildwood,Scarborough--Guildwood,50,Total - Private households by household size - 100% data,pvt_house_total,36175.0,100.0
24,Scarborough-Guildwood,Scarborough--Guildwood,51,  1 person,pvt_house_1,8650.0,23.9
24,Scarborough-Guildwood,Scarborough--Guildwood,52,  2 persons,pvt_house_2,9580.0,26.5
24,Scarborough-Guildwood,Scarborough--Guildwood,53,  3 persons,pvt_house_3,6640.0,18.4
24,Scarborough-Guildwood,Scarborough--Guildwood,54,  4 persons,pvt_house_4,5940.0,16.4
24,Scarborough-Guildwood,Scarborough--Guildwood,55,  5 or more persons,pvt_house_5plus,5370.0,14.8
24,Scarborough-Guildwood,Scarborough--Guildwood,56,Number of persons in private households,pvt_house_persons,102570.0,100.0
24,Scarborough-Guildwood,Scarborough--Guildwood,57,Average household size,pvt_house_avg_size,2.8,2.8
24,Scarborough-Guildwood,Scarborough--Guildwood,111,Total - Income statistics in 2020 for the population aged 15 years and over in private households - 100% data,income_total,85495.0,100.0
24,Scarborough-Guildwood,Scarborough--Guildwood,112,  Number of total income recipients aged 15 years and over in private households in 2020 - 100% data,income_total_recip,80425.0,94.1
24,Scarborough-Guildwood,Scarborough--Guildwood,113,    Median total income in 2020 among recipients ($),income_total_median,33200.0,33200.0
24,Scarborough-Guildwood,Scarborough--Guildwood,114,  Number of after-tax income recipients aged 15 years and over in private households in 2020 - 100% data,income_aftertax_recip,80440.0,94.1
24,Scarborough-Guildwood,Scarborough--Guildwood,115,    Median after-tax income in 2020 among recipients ($),income_aftertax_median,31200.0,31200.0
24,Scarborough-Guildwood,Scarborough--Guildwood,116,  Number of market income recipients aged 15 years and over in private households in 2020 - 100% data,income_market_recip,65455.0,76.6
24,Scarborough-Guildwood,Scarborough--Guildwood,117,    Median market income in 2020 among recipients ($),income_market_median,27000.0,27000.0
24,Scarborough-Guildwood,Scarborough--Guildwood,118,  Number of employment income recipients aged 15 years and over in private households in 2020 - 100% data,income_emp_recip,54010.0,63.2
24,Scarborough-Guildwood,Scarborough--Guildwood,119,    Median employment income in 2020 among recipients ($),income_emp_median,29400.0,29400.0
24,Scarborough-Guildwood,Scarborough--Guildwood,120,  Number of government transfers recipients aged 15 years and over in private households in 2020 - 100% data,income_govtrans_recip,75520.0,88.3
24,Scarborough-Guildwood,Scarborough--Guildwood,121,    Median government transfers in 2020 among recipients ($),income_govtrans_median,11100.0,11100.0
24,Scarborough-Guildwood,Scarborough--Guildwood,122,  Number of employment insurance benefits recipients aged 15 years and over in private households in 2020 - 100% data,income_ei_recip,8430.0,9.9
24,Scarborough-Guildwood,Scarborough--Guildwood,123,    Median employment insurance benefits in 2020 among recipients ($),income_ei_median,5480.0,5480.0
24,Scarborough-Guildwood,Scarborough--Guildwood,124,  Number of COVID-19 emergency and recovery benefits recipients aged 15 years and over in private households in 2020 - 100% data,income_covid_recip,30085.0,35.2
24,Scarborough-Guildwood,Scarborough--Guildwood,125,    Median COVID-19 emergency and recovery benefits in 2020 among recipients ($),income_covid_median,10000.0,10000.0
24,Scarborough-Guildwood,Scarborough--Guildwood,345,"Prevalence of low income based on the Low-income measure, after tax (LIM-AT) (%)",lim_at_prev,14.7,14.7
24,Scarborough-Guildwood,Scarborough--Guildwood,346,  0 to 17 years (%),lim_at_0_17,19.6,19.6
24,Scarborough-Guildwood,Scarborough--Guildwood,347,    0 to 5 years (%),lim_at_0_5,20.6,20.6
24,Scarborough-Guildwood,Scarborough--Guildwood,348,  18 to 64 years (%),lim_at_18_64,12.6,12.6
24,Scarborough-Guildwood,Scarborough--Guildwood,349,  65 years and over (%),lim_at_65_over,17.2,17.2
24,Scarborough-Guildwood,Scarborough--Guildwood,365,Total - Adjusted after-tax economic family income decile group for the population in private households - 100% data,income_decile_total,102570.0,100.0
24,Scarborough-Guildwood,Scarborough--Guildwood,366,  In bottom half of the distribution,income_decile_bottom_half,61705.0,60.2
24,Scarborough-Guildwood,Scarborough--Guildwood,367,    In bottom decile,income_decile_1,14425.0,14.1
24,Scarborough-Guildwood,Scarborough--Guildwood,368,    In second decile,income_decile_2,13320.0,13.0
24,Scarborough-Guildwood,Scarborough--Guildwood,369,    In third decile,income_decile_3,12210.0,11.9
24,Scarborough-Guildwood,Scarborough--Guildwood,370,    In fourth decile,income_decile_4,11300.0,11.0
24,Scarborough-Guildwood,Scarborough--Guildwood,371,    In fifth decile,income_decile_5,10450.0,10.2
24,Scarborough-Guildwood,Scarborough--Guildwood,372,  In top half of the distribution,income_decile_top_half,40870.0,39.8
24,Scarborough-Guildwood,Scarborough--Guildwood,373,    In sixth decile,income_decile_6,9785.0,9.5
24,Scarborough-Guildwood,Scarborough--Guildwood,374,    In seventh decile,income_decile_7,9635.0,9.4
24,Scarborough-Guildwood,Scarborough--Guildwood,375,    In eighth decile,income_decile_8,8645.0,8.4
24,Scarborough-Guildwood,Scarborough--Guildwood,376,    In ninth decile,income_decile_9,7725.0,7.5
24,Scarborough-Guildwood,Scarborough--Guildwood,377,    In top decile,income_decile_10,5080.0,5.0
24,Scarborough-Guildwood,Scarborough--Guildwood,378,Total - Inequality measures for the population in private households - 100% data,gini_measures,102575.0,102575.0
24,Scarborough-Guildwood,Scarborough--Guildwood,379,  Gini index on adjusted household total income,gini_total_income,0.31,0.31
24,Scarborough-Guildwood,Scarborough--Guildwood,380,  Gini index on adjusted household market income,gini_market_income,0.474,0.474
24,Scarborough-Guildwood,Scarborough--Guildwood,381,  Gini index on adjusted household after-tax income,gini_aftertax_income,0.276,0.276
24,Scarborough-Guildwood,Scarborough--Guildwood,382,  P90/P10 ratio on adjusted household after-tax income,gini_p90_p10,3.6,3.6
24,Scarborough-Guildwood,Scarborough--Guildwood,1414,Total - Private households by tenure - 25% sample data,housing_tenure_total,36245.0,100.0
24,Scarborough-Guildwood,Scarborough--Guildwood,1415,  Owner,housing_tenure_owner,19925.0,55.0
24,Scarborough-Guildwood,Scarborough--Guildwood,1416,  Renter,housing_tenure_renter,16320.0,45.0
24,Scarborough-Guildwood,Scarborough--Guildwood,1417,"  Dwelling provided by the local government, First Nation or Indian band",housing_tenure_provided,0.0,0.0
24,Scarborough-Guildwood,Scarborough--Guildwood,1418,Total - Occupied private dwellings by condominium status - 25% sample data,housing_condo_total,36245.0,100.0
24,Scarborough-Guildwood,Scarborough--Guildwood,1465,"Total - Owner and tenant households with household total income greater than zero, in non-farm, non-reserve private dwellings by shelter-cost-to-income ratio - 25% sample data",housing_shelter_total,36030.0,100.0
24,Scarborough-Guildwood,Scarborough--Guildwood,1466,  Spending less than 30% of income on shelter costs,housing_shelter_under30,25885.0,71.8
24,Scarborough-Guildwood,Scarborough--Guildwood,1467,  Spending 30% or more of income on shelter costs,housing_shelter_30plus,10145.0,28.2
24,Scarborough-Guildwood,Scarborough--Guildwood,1468,    30% to less than 100%,housing_shelter_30_100,9350.0,26.0
24,Scarborough-Guildwood,Scarborough--Guildwood,1479,"Total - Owner and tenant households with household total income greater than zero and shelter-cost-to-income ratio less than 100%, in non-farm, non-reserve private dwellings - 25% sample data",housing_core_need_total,35230.0,100.0
24,Scarborough-Guildwood,Scarborough--Guildwood,1480,  In core need,housing_core_need_yes,7815.0,22.2
24,Scarborough-Guildwood,Scarborough--Guildwood,1481,  Not in core need,housing_core_need_no,27415.0,77.8
24,Scarborough-Guildwood,Scarborough--Guildwood,1482,"Total - Owner households in non-farm, non-reserve private dwellings - 25% sample data",housing_owner_total,19920.0,
24,Scarborough-Guildwood,Scarborough--Guildwood,1483,  % of owner households with a mortgage,housing_owner_mortgage_pct,61.9,61.9
24,Scarborough-Guildwood,Scarborough--Guildwood,1484,  % of owner households spending 30% or more of its income on shelter costs,housing_owner_shelter_30plus_pct,25.4,25.4
24,Scarborough-Guildwood,Scarborough--Guildwood,1485,  % in core housing need,housing_owner_core_need_pct,11.5,11.5
24,Scarborough-Guildwood,Scarborough--Guildwood,1522,Total - Citizenship for the population in private households - 25% sample data,citizen_total,102755.0,100.0
24,Scarborough-Guildwood,Scarborough--Guildwood,1523,  Canadian citizens,citizen_canadian,83635.0,81.4
24,Scarborough-Guildwood,Scarborough--Guildwood,1524,    Canadian citizens aged under 18,citizen_canadian_under18,18260.0,17.8
24,Scarborough-Guildwood,Scarborough--Guildwood,1525,    Canadian citizens aged 18 and over,citizen_canadian_18over,65375.0,63.6
24,Scarborough-Guildwood,Scarborough--Guildwood,1526,  Not Canadian citizens,citizen_not_canadian,19120.0,18.6
24,Scarborough-Guildwood,Scarborough--Guildwood,1683,Total - Visible minority for the population in private households - 25% sample data,visible_minority_total,102755.0,100.0
24,Scarborough-Guildwood,Scarborough--Guildwood,1684,  Total visible minority population,visible_minority_yes,78525.0,76.4
24,Scarborough-Guildwood,Scarborough--Guildwood,1685,    South Asian,visible_minority_south_asian,37150.0,36.2
24,Scarborough-Guildwood,Scarborough--Guildwood,1686,    Chinese,visible_minority_chinese,4815.0,4.7
24,Scarborough-Guildwood,Scarborough--Guildwood,1687,    Black,visible_minority_black,15605.0,15.2
24,Scarborough-Guildwood,Scarborough--Guildwood,1688,    Filipino,visible_minority_filipino,9035.0,8.8
24,Scarborough-Guildwood,Scarborough--Guildwood,1689,    Arab,visible_minority_arab,1370.0,1.3
24,Scarborough-Guildwood,Scarborough--Guildwood,1690,    Latin American,visible_minority_latin_american,1590.0,1.5
24,Scarborough-Guildwood,Scarborough--Guildwood,1691,    Southeast Asian,visible_minority_southeast_asian,1055.0,1.0
24,Scarborough-Guildwood,Scarborough--Guildwood,1692,    West Asian,visible_minority_west_asian,2690.0,2.6
24,Scarborough-Guildwood,Scarborough--Guildwood,1693,    Korean,visible_minority_korean,270.0,0.3
24,Scarborough-Guildwood,Scarborough--Guildwood,1694,    Japanese,visible_minority_japanese,250.0,0.2
24,Scarborough-Guildwood,Scarborough--Guildwood,1695,"    Visible minority, n.i.e.",visible_minority_nie,2370.0,2.3
24,Scarborough-Guildwood,Scarborough--Guildwood,1696,    Multiple visible minorities,visible_minority_multiple,2335.0,2.3
24,Scarborough-Guildwood,Scarborough--Guildwood,1697,  Not a visible minority,visible_minority_no,24230.0,23.6
24,Scarborough-Guildwood,Scarborough--Guildwood,1983,Total - Mobility status 5 years ago - 25% sample data,mobility_total,97555.0,100.0
24,Scarborough-Guildwood,Scarborough--Guildwood,1984,  Non-movers,mobility_non_movers,65960.0,67.6
24,Scarborough-Guildwood,Scarborough--Guildwood,1985,  Movers,mobility_movers,31605.0,32.4
24,Scarborough-Guildwood,Scarborough--Guildwood,1986,    Non-migrants,mobility_non_migrants,17075.0,17.5
24,Scarborough-Guildwood,Scarborough--Guildwood,1987,    Migrants,mobility_migrants,14530.0,14.9
24,Scarborough-Guildwood,Scarborough--Guildwood,1988,      Internal migrants,mobility_internal_migrants,4120.0,4.2
24,Scarborough-Guildwood,Scarborough--Guildwood,1989,        Intraprovincial migrants,mobility_intraprovincial_migrants,3245.0,3.3
24,Scarborough-Guildwood,Scarborough--Guildwood,1990,        Interprovincial migrants,mobility_interprovincial_migrants,875.0,0.9
24,Scarborough-Guildwood,Scarborough--Guildwood,1991,      External migrants,mobility_external_migrants,10410.0,10.7
24,Scarborough-Guildwood,Scarborough--Guildwood,1998,"Total - Highest certificate, diploma or degree for the population aged 15 years and over in private households - 25% sample data",education_total,85585.0,100.0
24,Scarborough-Guildwood,Scarborough--Guildwood,1999,"  No certificate, diploma or degree",education_none,14775.0,17.3
24,Scarborough-Guildwood,Scarborough--Guildwood,2000,  High (secondary) school diploma or equivalency certificate,education_secondary,24090.0,28.1
24,Scarborough-Guildwood,Scarborough--Guildwood,2001,"  Postsecondary certificate, diploma or degree",education_postsec,46715.0,54.6
24,Scarborough-Guildwood,Scarborough--Guildwood,2002,    Postsecondary certificate or diploma below bachelor level,education_postsec_below_bachelor,21600.0,25.2
24,Scarborough-Guildwood,Scarborough--Guildwood,2003,      Apprenticeship or trades certificate or diploma,education_apprentice_trades,3505.0,4.1
24,Scarborough-Guildwood,Scarborough--Guildwood,2004,        Non-apprenticeship trades certificate or diploma,education_apprentice_non,1925.0,2.2
24,Scarborough-Guildwood,Scarborough--Guildwood,2005,        Apprenticeship certificate,education_apprentice_cert,1580.0,1.8
24,Scarborough-Guildwood,Scarborough--Guildwood,2006,"      College, CEGEP or other non-university certificate or diploma",education_college,15430.0,18.0
24,Scarborough-Guildwood,Scarborough--Guildwood,2007,      University certificate or diploma below bachelor level,education_university_below_bachelor,2655.0,3.1
24,Scarborough-Guildwood,Scarborough--Guildwood,2008,    Bachelor's degree or higher,education_bachelor_higher,25115.0,29.3
24,Scarborough-Guildwood,Scarborough--Guildwood,2009,      Bachelor's degree,education_bachelor,17080.0,20.0
24,Scarborough-Guildwood,Scarborough--Guildwood,2010,      University certificate or diploma above bachelor level,education_university_above_bachelor,1645.0,1.9
24,Scarborough-Guildwood,Scarborough--Guildwood,2011,"      Degree in medicine, dentistry, veterinary medicine or optometry",education_medical_dental_vet,490.0,0.6
24,Scarborough-Guildwood,Scarborough--Guildwood,2012,      Master's degree,education_masters,5425.0,6.3
24,Scarborough-Guildwood,Scarborough--Guildwood,2013,      Earned doctorate,education_doctorate,490.0,0.6
24,Scarborough-Guildwood,Scarborough--Guildwood,2014,"Total - Highest certificate, diploma or degree for the population aged 25 to 64 years in private households - 25% sample data",education_25_64_total,55010.0,100.0
24,Scarborough-Guildwood,Scarborough--Guildwood,2015,"  No certificate, diploma or degree",education_25_64_none,6255.0,11.4
24,Scarborough-Guildwood,Scarborough--Guildwood,2016,  High (secondary) school diploma or equivalency certificate,education_25_64_secondary,13260.0,24.1
24,Scarborough-Guildwood,Scarborough--Guildwood,2017,"  Postsecondary certificate, diploma or degree",education_25_64_postsec,35495.0,64.5
24,Scarborough-Guildwood,Scarborough--Guildwood,2018,    Postsecondary certificate or diploma below bachelor level,education_25_64_postsec_below_bachelor,15435.0,28.1
24,Scarborough-Guildwood,Scarborough--Guildwood,2019,      Apprenticeship or trades certificate or diploma,education_25_64_apprentice_trades,2305.0,4.2
24,Scarborough-Guildwood,Scarborough--Guildwood,2020,        Non-apprenticeship trades certificate or diploma,education_25_64_apprentice_non,1255.0,2.3
24,Scarborough-Guildwood,Scarborough--Guildwood,2021,        Apprenticeship certificate,education_25_64_apprentice_cert,1050.0,1.9
24,Scarborough-Guildwood,Scarborough--Guildwood,2022,"      College, CEGEP or other non-university certificate or diploma",education_25_64_college,11175.0,20.3
24,Scarborough-Guildwood,Scarborough--Guildwood,2023,      University certificate or diploma below bachelor level,education_25_64_university_below_bachelor,1950.0,3.5
24,Scarborough-Guildwood,Scarborough--Guildwood,2024,    Bachelor's degree or higher,education_25_64_bachelor_higher,20060.0,36.5
24,Scarborough-Guildwood,Scarborough--Guildwood,2025,      Bachelor's degree,education_25_64_bachelor,13200.0,24.0
24,Scarborough-Guildwood,Scarborough--Guildwood,2026,      University certificate or diploma above bachelor level,education_25_64_university_above_bachelor,1305.0,2.4
24,Scarborough-Guildwood,Scarborough--Guildwood,2027,"      Degree in medicine, dentistry, veterinary medicine or optometry",education_25_64_medical_dental_vet,410.0,0.7
24,Scarborough-Guildwood,Scarborough--Guildwood,2028,      Master's degree,education_25_64_masters,4795.0,8.7
24,Scarborough-Guildwood,Scarborough--Guildwood,2029,      Earned doctorate,education_25_64_doctorate,360.0,0.7
24,Scarborough-Guildwood,Scarborough--Guildwood,2246,Total - Labour force aged 15 years and over by occupation - Broad category - National Occupational Classification (NOC) 2021 - 25% sample data,labour_occupation_total,50075.0,100.0
24,Scarborough-Guildwood,Scarborough--Guildwood,2247,  Occupation - not applicable,labour_occupation_na,2555.0,5.1
24,Scarborough-Guildwood,Scarborough--Guildwood,2248,  All occupations,labour_occupation_all,47520.0,94.9
24,Scarborough-Guildwood,Scarborough--Guildwood,2249,    0 Legislative and senior management occupations,labour_occupation_0_management,175.0,0.3
24,Scarborough-Guildwood,Scarborough--Guildwood,2250,"    1 Business, finance and administration occupations",labour_occupation_1_business_finance,8350.0,16.7
24,Scarborough-Guildwood,Scarborough--Guildwood,2251,    2 Natural and applied sciences and related occupations,labour_occupation_2_science,4635.0,9.3
24,Scarborough-Guildwood,Scarborough--Guildwood,2252,    3 Health occupations,labour_occupation_3_health,4100.0,8.2
24,Scarborough-Guildwood,Scarborough--Guildwood,2253,"    4 Occupations in education, law and social, community and government services",labour_occupation_4_education_law_social,4570.0,9.1
24,Scarborough-Guildwood,Scarborough--Guildwood,2254,"    5 Occupations in art, culture, recreation and sport",labour_occupation_5_arts_culture,1110.0,2.2
24,Scarborough-Guildwood,Scarborough--Guildwood,2255,    6 Sales and service occupations,labour_occupation_6_sales_service,13585.0,27.1
24,Scarborough-Guildwood,Scarborough--Guildwood,2256,"    7 Trades, transport and equipment operators and related occupations",labour_occupation_7_trades_transport,7400.0,14.8
24,Scarborough-Guildwood,Scarborough--Guildwood,2257,"    8 Natural resources, agriculture and related production occupations",labour_occupation_8_natural_resources,295.0,0.6
24,Scarborough-Guildwood,Scarborough--Guildwood,2258,    9 Occupations in manufacturing and utilities,labour_occupation_9_manufacturing,3295.0,6.6
24,Scarborough-Guildwood,Scarborough--Guildwood,2259,Total - Labour force aged 15 years and over by industry - Sectors - North American Industry Classification System (NAICS) 2017 - 25% sample data,labour_industry_total,50075.0,100.0
24,Scarborough-Guildwood,Scarborough--Guildwood,2260,  Industry - not applicable,labour_industry_na,2555.0,5.1
24,Scarborough-Guildwood,Scarborough--Guildwood,2261,  All industries,labour_industry_all,47520.0,94.9
24,Scarborough-Guildwood,Scarborough--Guildwood,2262,"    11 Agriculture, forestry, fishing and hunting",labour_industry_11_agriculture,55.0,0.1
24,Scarborough-Guildwood,Scarborough--Guildwood,2263,"    21 Mining, quarrying, and oil and gas extraction",labour_industry_21_mining,35.0,0.1
24,Scarborough-Guildwood,Scarborough--Guildwood,2264,    22 Utilities,labour_industry_22_utilities,185.0,0.4
24,Scarborough-Guildwood,Scarborough--Guildwood,2265,    23 Construction,labour_industry_23_construction,2300.0,4.6
24,Scarborough-Guildwood,Scarborough--Guildwood,2266,    31-33 Manufacturing,labour_industry_31_33_manufacturing,4500.0,9.0
24,Scarborough-Guildwood,Scarborough--Guildwood,2267,    41 Wholesale trade,labour_industry_41_wholesale,1315.0,2.6
24,Scarborough-Guildwood,Scarborough--Guildwood,2268,    44-45 Retail trade,labour_industry_44_45_retail,5550.0,11.1
24,Scarborough-Guildwood,Scarborough--Guildwood,2269,    48-49 Transportation and warehousing,labour_industry_48_49_transportation,3120.0,6.2
24,Scarborough-Guildwood,Scarborough--Guildwood,2270,    51 Information and cultural industries,labour_industry_51_information,1275.0,2.5
24,Scarborough-Guildwood,Scarborough--Guildwood,2271,    52 Finance and insurance,labour_industry_52_finance,3285.0,6.6
24,Scarborough-Guildwood,Scarborough--Guildwood,2272,    53 Real estate and rental and leasing,labour_industry_53_real_estate,990.0,2.0
24,Scarborough-Guildwood,Scarborough--Guildwood,2273,"    54 Professional, scientific and technical services",labour_industry_54_professional,4010.0,8.0
24,Scarborough-Guildwood,Scarborough--Guildwood,2274,    55 Management of companies and enterprises,labour_industry_55_management,175.0,0.3
24,Scarborough-Guildwood,Scarborough--Guildwood,2275,"    56 Administrative and support, waste management and remediation services",labour_industry_56_administrative,3605.0,7.2
24,Scarborough-Guildwood,Scarborough--Guildwood,2276,    61 Educational services,labour_industry_61_education,2930.0,5.9
24,Scarborough-Guildwood,Scarborough--Guildwood,2277,    62 Health care and social assistance,labour_industry_62_healthcare,6515.0,13.0
24,Scarborough-Guildwood,Scarborough--Guildwood,2278,"    71 Arts, entertainment and recreation",labour_industry_71_arts,670.0,1.3
24,Scarborough-Guildwood,Scarborough--Guildwood,2279,    72 Accommodation and food services,labour_industry_72_accommodation,3415.0,6.8
24,Scarborough-Guildwood,Scarborough--Guildwood,2280,    81 Other services (except public administration),labour_industry_81_other_services,1950.0,3.9
24,Scarborough-Guildwood,Scarborough--Guildwood,2281,    91 Public administration,labour_industry_91_public_admin,1640.0,3.3
24,Scarborough-Guildwood,Scarborough--Guildwood,2603,Total - Main mode of commuting for the employed labour force aged 15 years and over with a usual place of work or no fixed workplace address - 25% sample data,commute_mode_total,31615.0,100.0
24,Scarborough-Guildwood,Scarborough--Guildwood,2604,"  Car, truck or van",commute_mode_car_truck_van,21190.0,67.0
24,Scarborough-Guildwood,Scarborough--Guildwood,2605,"    Car, truck or van - as a driver",commute_mode_car_driver,18185.0,57.5
24,Scarborough-Guildwood,Scarborough--Guildwood,2606,"    Car, truck or van - as a passenger",commute_mode_car_passenger,3010.0,9.5
24,Scarborough-Guildwood,Scarborough--Guildwood,2607,  Public transit,commute_mode_transit,8680.0,27.5
24,Scarborough-Guildwood,Scarborough--Guildwood,2608,  Walked,commute_mode_walked,950.0,3.0
24,Scarborough-Guildwood,Scarborough--Guildwood,2609,  Bicycle,commute_mode_bicycle,90.0,0.3
24,Scarborough-Guildwood,Scarborough--Guildwood,2610,  Other method,commute_mode_other,690.0,2.2
24,Scarborough-Guildwood,Scarborough--Guildwood,2611,Total - Commuting duration for the employed labour force aged 15 years and over with a usual place of work or no fixed workplace address - 25% sample data,commute_duration_total,31615.0,100.0
24,Scarborough-Guildwood,Scarborough--Guildwood,2612,  Less than 15 minutes,commute_duration_under15,4700.0,14.9
24,Scarborough-Guildwood,Scarborough--Guildwood,2613,  15 to 29 minutes,commute_duration_15_29,8990.0,28.4
24,Scarborough-Guildwood,Scarborough--Guildwood,2614,  30 to 44 minutes,commute_duration_30_44,8430.0,26.7
24,Scarborough-Guildwood,Scarborough--Guildwood,2615,  45 to 59 minutes,commute_duration_45_59,3780.0,12.0
24,Scarborough-Guildwood,Scarborough--Guildwood,2616,  60 minutes and over,commute_duration_60plus,5710.0,18.1
25,Scarborough-Rouge Park,Scarborough--Rouge Park,1,"Population, 2021",pop_2021,102254.0,
25,Scarborough-Rouge Park,Scarborough--Rouge Park,2,"Population, 2016",pop_2016,102275.0,
25,Scarborough-Rouge Park,Scarborough--Rouge Park,3,"Population percentage change, 2016 to 2021",pop_pct_change,0.0,0.0
25,Scarborough-Rouge Park,Scarborough--Rouge Park,6,Population density per square kilometre,pop_density,1920.9,1920.9
25,Scarborough-Rouge Park,Scarborough--Rouge Park,34,Total - Distribution (%) of the population by broad age groups - 100% data,age_total_dist,100.0,100.0
25,Scarborough-Rouge Park,Scarborough--Rouge Park,35,  0 to 14 years,age_0_14,14.8,14.8
25,Scarborough-Rouge Park,Scarborough--Rouge Park,36,  15 to 64 years,age_15_64,65.9,65.9
25,Scarborough-Rouge Park,Scarborough--Rouge Park,37,  65 years and over,age_65_over,19.3,19.3
25,Scarborough-Rouge Park,Scarborough--Rouge Park,38,    85 years and over,age_85_over,1.9,1.9
25,Scarborough-Rouge Park,Scarborough--Rouge Park,39,Average age of the population,age_mean,42.1,42.1
25,Scarborough-Rouge Park,Scarborough--Rouge Park,40,Median age of the population,age_median,42.0,42.0
25,Scarborough-Rouge Park,Scarborough--Rouge Park,50,Total - Private households by household size - 100% data,pvt_house_total,32430.0,100.0
25,Scarborough-Rouge Park,Scarborough--Rouge Park,51,  1 person,pvt_house_1,5200.0,16.0
25,Scarborough-Rouge Park,Scarborough--Rouge Park,52,  2 persons,pvt_house_2,8495.0,26.2
25,Scarborough-Rouge Park,Scarborough--Rouge Park,53,  3 persons,pvt_house_3,6260.0,19.3
25,Scarborough-Rouge Park,Scarborough--Rouge Park,54,  4 persons,pvt_house_4,6435.0,19.8
25,Scarborough-Rouge Park,Scarborough--Rouge Park,55,  5 or more persons,pvt_house_5plus,6040.0,18.6
25,Scarborough-Rouge Park,Scarborough--Rouge Park,56,Number of persons in private households,pvt_house_persons,101720.0,100.0
25,Scarborough-Rouge Park,Scarborough--Rouge Park,57,Average household size,pvt_house_avg_size,3.1,3.1
25,Scarborough-Rouge Park,Scarborough--Rouge Park,111,Total - Income statistics in 2020 for the population aged 15 years and over in private households - 100% data,income_total,86580.0,100.0
25,Scarborough-Rouge Park,Scarborough--Rouge Park,112,  Number of total income recipients aged 15 years and over in private households in 2020 - 100% data,income_total_recip,82360.0,95.1
25,Scarborough-Rouge Park,Scarborough--Rouge Park,113,    Median total income in 2020 among recipients ($),income_total_median,37200.0,37200.0
25,Scarborough-Rouge Park,Scarborough--Rouge Park,114,  Number of after-tax income recipients aged 15 years and over in private households in 2020 - 100% data,income_aftertax_recip,82385.0,95.2
25,Scarborough-Rouge Park,Scarborough--Rouge Park,115,    Median after-tax income in 2020 among recipients ($),income_aftertax_median,34400.0,34400.0
25,Scarborough-Rouge Park,Scarborough--Rouge Park,116,  Number of market income recipients aged 15 years and over in private households in 2020 - 100% data,income_market_recip,70685.0,81.6
25,Scarborough-Rouge Park,Scarborough--Rouge Park,117,    Median market income in 2020 among recipients ($),income_market_median,31600.0,31600.0
25,Scarborough-Rouge Park,Scarborough--Rouge Park,118,  Number of employment income recipients aged 15 years and over in private households in 2020 - 100% data,income_emp_recip,57600.0,66.5
25,Scarborough-Rouge Park,Scarborough--Rouge Park,119,    Median employment income in 2020 among recipients ($),income_emp_median,34800.0,34800.0
25,Scarborough-Rouge Park,Scarborough--Rouge Park,120,  Number of government transfers recipients aged 15 years and over in private households in 2020 - 100% data,income_govtrans_recip,76500.0,88.4
25,Scarborough-Rouge Park,Scarborough--Rouge Park,121,    Median government transfers in 2020 among recipients ($),income_govtrans_median,10200.0,10200.0
25,Scarborough-Rouge Park,Scarborough--Rouge Park,122,  Number of employment insurance benefits recipients aged 15 years and over in private households in 2020 - 100% data,income_ei_recip,8260.0,9.5
25,Scarborough-Rouge Park,Scarborough--Rouge Park,123,    Median employment insurance benefits in 2020 among recipients ($),income_ei_median,5520.0,5520.0
25,Scarborough-Rouge Park,Scarborough--Rouge Park,124,  Number of COVID-19 emergency and recovery benefits recipients aged 15 years and over in private households in 2020 - 100% data,income_covid_recip,28850.0,33.3
25,Scarborough-Rouge Park,Scarborough--Rouge Park,125,    Median COVID-19 emergency and recovery benefits in 2020 among recipients ($),income_covid_median,10000.0,10000.0
25,Scarborough-Rouge Park,Scarborough--Rouge Park,345,"Prevalence of low income based on the Low-income measure, after tax (LIM-AT) (%)",lim_at_prev,7.8,7.8
25,Scarborough-Rouge Park,Scarborough--Rouge Park,346,  0 to 17 years (%),lim_at_0_17,10.6,10.6
25,Scarborough-Rouge Park,Scarborough--Rouge Park,347,    0 to 5 years (%),lim_at_0_5,11.7,11.7
25,Scarborough-Rouge Park,Scarborough--Rouge Park,348,  18 to 64 years (%),lim_at_18_64,6.4,6.4
25,Scarborough-Rouge Park,Scarborough--Rouge Park,349,  65 years and over (%),lim_at_65_over,9.4,9.4
25,Scarborough-Rouge Park,Scarborough--Rouge Park,365,Total - Adjusted after-tax economic family income decile group for the population in private households - 100% data,income_decile_total,101720.0,100.0
25,Scarborough-Rouge Park,Scarborough--Rouge Park,366,  In bottom half of the distribution,income_decile_bottom_half,44085.0,43.3
25,Scarborough-Rouge Park,Scarborough--Rouge Park,367,    In bottom decile,income_decile_1,7675.0,7.5
25,Scarborough-Rouge Park,Scarborough--Rouge Park,368,    In second decile,income_decile_2,8395.0,8.3
25,Scarborough-Rouge Park,Scarborough--Rouge Park,369,    In third decile,income_decile_3,8840.0,8.7
25,Scarborough-Rouge Park,Scarborough--Rouge Park,370,    In fourth decile,income_decile_4,8895.0,8.7
25,Scarborough-Rouge Park,Scarborough--Rouge Park,371,    In fifth decile,income_decile_5,10285.0,10.1
25,Scarborough-Rouge Park,Scarborough--Rouge Park,372,  In top half of the distribution,income_decile_top_half,57635.0,56.7
25,Scarborough-Rouge Park,Scarborough--Rouge Park,373,    In sixth decile,income_decile_6,10825.0,10.6
25,Scarborough-Rouge Park,Scarborough--Rouge Park,374,    In seventh decile,income_decile_7,11880.0,11.7
25,Scarborough-Rouge Park,Scarborough--Rouge Park,375,    In eighth decile,income_decile_8,12145.0,11.9
25,Scarborough-Rouge Park,Scarborough--Rouge Park,376,    In ninth decile,income_decile_9,12855.0,12.6
25,Scarborough-Rouge Park,Scarborough--Rouge Park,377,    In top decile,income_decile_10,9935.0,9.8
25,Scarborough-Rouge Park,Scarborough--Rouge Park,378,Total - Inequality measures for the population in private households - 100% data,gini_measures,101720.0,101720.0
25,Scarborough-Rouge Park,Scarborough--Rouge Park,379,  Gini index on adjusted household total income,gini_total_income,0.292,0.292
25,Scarborough-Rouge Park,Scarborough--Rouge Park,380,  Gini index on adjusted household market income,gini_market_income,0.419,0.419
25,Scarborough-Rouge Park,Scarborough--Rouge Park,381,  Gini index on adjusted household after-tax income,gini_aftertax_income,0.257,0.257
25,Scarborough-Rouge Park,Scarborough--Rouge Park,382,  P90/P10 ratio on adjusted household after-tax income,gini_p90_p10,3.3,3.3
25,Scarborough-Rouge Park,Scarborough--Rouge Park,1414,Total - Private households by tenure - 25% sample data,housing_tenure_total,32315.0,100.0
25,Scarborough-Rouge Park,Scarborough--Rouge Park,1415,  Owner,housing_tenure_owner,25650.0,79.4
25,Scarborough-Rouge Park,Scarborough--Rouge Park,1416,  Renter,housing_tenure_renter,6660.0,20.6
25,Scarborough-Rouge Park,Scarborough--Rouge Park,1417,"  Dwelling provided by the local government, First Nation or Indian band",housing_tenure_provided,0.0,0.0
25,Scarborough-Rouge Park,Scarborough--Rouge Park,1418,Total - Occupied private dwellings by condominium status - 25% sample data,housing_condo_total,32315.0,100.0
25,Scarborough-Rouge Park,Scarborough--Rouge Park,1465,"Total - Owner and tenant households with household total income greater than zero, in non-farm, non-reserve private dwellings by shelter-cost-to-income ratio - 25% sample data",housing_shelter_total,32265.0,100.0
25,Scarborough-Rouge Park,Scarborough--Rouge Park,1466,  Spending less than 30% of income on shelter costs,housing_shelter_under30,24785.0,76.8
25,Scarborough-Rouge Park,Scarborough--Rouge Park,1467,  Spending 30% or more of income on shelter costs,housing_shelter_30plus,7480.0,23.2
25,Scarborough-Rouge Park,Scarborough--Rouge Park,1468,    30% to less than 100%,housing_shelter_30_100,6980.0,21.6
25,Scarborough-Rouge Park,Scarborough--Rouge Park,1479,"Total - Owner and tenant households with household total income greater than zero and shelter-cost-to-income ratio less than 100%, in non-farm, non-reserve private dwellings - 25% sample data",housing_core_need_total,31765.0,100.0
25,Scarborough-Rouge Park,Scarborough--Rouge Park,1480,  In core need,housing_core_need_yes,4055.0,12.8
25,Scarborough-Rouge Park,Scarborough--Rouge Park,1481,  Not in core need,housing_core_need_no,27705.0,87.2
25,Scarborough-Rouge Park,Scarborough--Rouge Park,1482,"Total - Owner households in non-farm, non-reserve private dwellings - 25% sample data",housing_owner_total,25655.0,
25,Scarborough-Rouge Park,Scarborough--Rouge Park,1483,  % of owner households with a mortgage,housing_owner_mortgage_pct,61.8,61.8
25,Scarborough-Rouge Park,Scarborough--Rouge Park,1484,  % of owner households spending 30% or more of its income on shelter costs,housing_owner_shelter_30plus_pct,20.7,20.7
25,Scarborough-Rouge Park,Scarborough--Rouge Park,1485,  % in core housing need,housing_owner_core_need_pct,8.6,8.6
25,Scarborough-Rouge Park,Scarborough--Rouge Park,1522,Total - Citizenship for the population in private households - 25% sample data,citizen_total,101485.0,100.0
25,Scarborough-Rouge Park,Scarborough--Rouge Park,1523,  Canadian citizens,citizen_canadian,90415.0,89.1
25,Scarborough-Rouge Park,Scarborough--Rouge Park,1524,    Canadian citizens aged under 18,citizen_canadian_under18,17220.0,17.0
25,Scarborough-Rouge Park,Scarborough--Rouge Park,1525,    Canadian citizens aged 18 and over,citizen_canadian_18over,73195.0,72.1
25,Scarborough-Rouge Park,Scarborough--Rouge Park,1526,  Not Canadian citizens,citizen_not_canadian,11065.0,10.9
25,Scarborough-Rouge Park,Scarborough--Rouge Park,1683,Total - Visible minority for the population in private households - 25% sample data,visible_minority_total,101485.0,100.0
25,Scarborough-Rouge Park,Scarborough--Rouge Park,1684,  Total visible minority population,visible_minority_yes,76755.0,75.6
25,Scarborough-Rouge Park,Scarborough--Rouge Park,1685,    South Asian,visible_minority_south_asian,35950.0,35.4
25,Scarborough-Rouge Park,Scarborough--Rouge Park,1686,    Chinese,visible_minority_chinese,4485.0,4.4
25,Scarborough-Rouge Park,Scarborough--Rouge Park,1687,    Black,visible_minority_black,15190.0,15.0
25,Scarborough-Rouge Park,Scarborough--Rouge Park,1688,    Filipino,visible_minority_filipino,9040.0,8.9
25,Scarborough-Rouge Park,Scarborough--Rouge Park,1689,    Arab,visible_minority_arab,965.0,1.0
25,Scarborough-Rouge Park,Scarborough--Rouge Park,1690,    Latin American,visible_minority_latin_american,1430.0,1.4
25,Scarborough-Rouge Park,Scarborough--Rouge Park,1691,    Southeast Asian,visible_minority_southeast_asian,1100.0,1.1
25,Scarborough-Rouge Park,Scarborough--Rouge Park,1692,    West Asian,visible_minority_west_asian,1270.0,1.3
25,Scarborough-Rouge Park,Scarborough--Rouge Park,1693,    Korean,visible_minority_korean,280.0,0.3
25,Scarborough-Rouge Park,Scarborough--Rouge Park,1694,    Japanese,visible_minority_japanese,210.0,0.2
25,Scarborough-Rouge Park,Scarborough--Rouge Park,1695,"    Visible minority, n.i.e.",visible_minority_nie,3495.0,3.4
25,Scarborough-Rouge Park,Scarborough--Rouge Park,1696,    Multiple visible minorities,visible_minority_multiple,3350.0,3.3
25,Scarborough-Rouge Park,Scarborough--Rouge Park,1697,  Not a visible minority,visible_minority_no,24730.0,24.4
25,Scarborough-Rouge Park,Scarborough--Rouge Park,1983,Total - Mobility status 5 years ago - 25% sample data,mobility_total,97120.0,100.0
25,Scarborough-Rouge Park,Scarborough--Rouge Park,1984,  Non-movers,mobility_non_movers,73210.0,75.4
25,Scarborough-Rouge Park,Scarborough--Rouge Park,1985,  Movers,mobility_movers,23910.0,24.6
25,Scarborough-Rouge Park,Scarborough--Rouge Park,1986,    Non-migrants,mobility_non_migrants,14380.0,14.8
25,Scarborough-Rouge Park,Scarborough--Rouge Park,1987,    Migrants,mobility_migrants,9525.0,9.8
25,Scarborough-Rouge Park,Scarborough--Rouge Park,1988,      Internal migrants,mobility_internal_migrants,4020.0,4.1
25,Scarborough-Rouge Park,Scarborough--Rouge Park,1989,        Intraprovincial migrants,mobility_intraprovincial_migrants,3440.0,3.5
25,Scarborough-Rouge Park,Scarborough--Rouge Park,1990,        Interprovincial migrants,mobility_interprovincial_migrants,575.0,0.6
25,Scarborough-Rouge Park,Scarborough--Rouge Park,1991,      External migrants,mobility_external_migrants,5510.0,5.7
25,Scarborough-Rouge Park,Scarborough--Rouge Park,1998,"Total - Highest certificate, diploma or degree for the population aged 15 years and over in private households - 25% sample data",education_total,86445.0,100.0
25,Scarborough-Rouge Park,Scarborough--Rouge Park,1999,"  No certificate, diploma or degree",education_none,12820.0,14.8
25,Scarborough-Rouge Park,Scarborough--Rouge Park,2000,  High (secondary) school diploma or equivalency certificate,education_secondary,25065.0,29.0
25,Scarborough-Rouge Park,Scarborough--Rouge Park,2001,"  Postsecondary certificate, diploma or degree",education_postsec,48560.0,56.2
25,Scarborough-Rouge Park,Scarborough--Rouge Park,2002,    Postsecondary certificate or diploma below bachelor level,education_postsec_below_bachelor,23295.0,26.9
25,Scarborough-Rouge Park,Scarborough--Rouge Park,2003,      Apprenticeship or trades certificate or diploma,education_apprentice_trades,3640.0,4.2
25,Scarborough-Rouge Park,Scarborough--Rouge Park,2004,        Non-apprenticeship trades certificate or diploma,education_apprentice_non,2020.0,2.3
25,Scarborough-Rouge Park,Scarborough--Rouge Park,2005,        Apprenticeship certificate,education_apprentice_cert,1620.0,1.9
25,Scarborough-Rouge Park,Scarborough--Rouge Park,2006,"      College, CEGEP or other non-university certificate or diploma",education_college,16660.0,19.3
25,Scarborough-Rouge Park,Scarborough--Rouge Park,2007,      University certificate or diploma below bachelor level,education_university_below_bachelor,2995.0,3.5
25,Scarborough-Rouge Park,Scarborough--Rouge Park,2008,    Bachelor's degree or higher,education_bachelor_higher,25270.0,29.2
25,Scarborough-Rouge Park,Scarborough--Rouge Park,2009,      Bachelor's degree,education_bachelor,17815.0,20.6
25,Scarborough-Rouge Park,Scarborough--Rouge Park,2010,      University certificate or diploma above bachelor level,education_university_above_bachelor,1735.0,2.0
25,Scarborough-Rouge Park,Scarborough--Rouge Park,2011,"      Degree in medicine, dentistry, veterinary medicine or optometry",education_medical_dental_vet,440.0,0.5
25,Scarborough-Rouge Park,Scarborough--Rouge Park,2012,      Master's degree,education_masters,4810.0,5.6
25,Scarborough-Rouge Park,Scarborough--Rouge Park,2013,      Earned doctorate,education_doctorate,470.0,0.5
25,Scarborough-Rouge Park,Scarborough--Rouge Park,2014,"Total - Highest certificate, diploma or degree for the population aged 25 to 64 years in private households - 25% sample data",education_25_64_total,53440.0,100.0
25,Scarborough-Rouge Park,Scarborough--Rouge Park,2015,"  No certificate, diploma or degree",education_25_64_none,4960.0,9.3
25,Scarborough-Rouge Park,Scarborough--Rouge Park,2016,  High (secondary) school diploma or equivalency certificate,education_25_64_secondary,13165.0,24.6
25,Scarborough-Rouge Park,Scarborough--Rouge Park,2017,"  Postsecondary certificate, diploma or degree",education_25_64_postsec,35315.0,66.1
25,Scarborough-Rouge Park,Scarborough--Rouge Park,2018,    Postsecondary certificate or diploma below bachelor level,education_25_64_postsec_below_bachelor,15970.0,29.9
25,Scarborough-Rouge Park,Scarborough--Rouge Park,2019,      Apprenticeship or trades certificate or diploma,education_25_64_apprentice_trades,2040.0,3.8
25,Scarborough-Rouge Park,Scarborough--Rouge Park,2020,        Non-apprenticeship trades certificate or diploma,education_25_64_apprentice_non,1110.0,2.1
25,Scarborough-Rouge Park,Scarborough--Rouge Park,2021,        Apprenticeship certificate,education_25_64_apprentice_cert,935.0,1.7
25,Scarborough-Rouge Park,Scarborough--Rouge Park,2022,"      College, CEGEP or other non-university certificate or diploma",education_25_64_college,12005.0,22.5
25,Scarborough-Rouge Park,Scarborough--Rouge Park,2023,      University certificate or diploma below bachelor level,education_25_64_university_below_bachelor,1925.0,3.6
25,Scarborough-Rouge Park,Scarborough--Rouge Park,2024,    Bachelor's degree or higher,education_25_64_bachelor_higher,19345.0,36.2
25,Scarborough-Rouge Park,Scarborough--Rouge Park,2025,      Bachelor's degree,education_25_64_bachelor,13305.0,24.9
25,Scarborough-Rouge Park,Scarborough--Rouge Park,2026,      University certificate or diploma above bachelor level,education_25_64_university_above_bachelor,1285.0,2.4
25,Scarborough-Rouge Park,Scarborough--Rouge Park,2027,"      Degree in medicine, dentistry, veterinary medicine or optometry",education_25_64_medical_dental_vet,365.0,0.7
25,Scarborough-Rouge Park,Scarborough--Rouge Park,2028,      Master's degree,education_25_64_masters,4030.0,7.5
25,Scarborough-Rouge Park,Scarborough--Rouge Park,2029,      Earned doctorate,education_25_64_doctorate,360.0,0.7
25,Scarborough-Rouge Park,Scarborough--Rouge Park,2246,Total - Labour force aged 15 years and over by occupation - Broad category - National Occupational Classification (NOC) 2021 - 25% sample data,labour_occupation_total,52015.0,100.0
25,Scarborough-Rouge Park,Scarborough--Rouge Park,2247,  Occupation - not applicable,labour_occupation_na,2255.0,4.3
25,Scarborough-Rouge Park,Scarborough--Rouge Park,2248,  All occupations,labour_occupation_all,49760.0,95.7
25,Scarborough-Rouge Park,Scarborough--Rouge Park,2249,    0 Legislative and senior management occupations,labour_occupation_0_management,335.0,0.6
25,Scarborough-Rouge Park,Scarborough--Rouge Park,2250,"    1 Business, finance and administration occupations",labour_occupation_1_business_finance,10250.0,19.7
25,Scarborough-Rouge Park,Scarborough--Rouge Park,2251,    2 Natural and applied sciences and related occupations,labour_occupation_2_science,4865.0,9.4
25,Scarborough-Rouge Park,Scarborough--Rouge Park,2252,    3 Health occupations,labour_occupation_3_health,4085.0,7.9
25,Scarborough-Rouge Park,Scarborough--Rouge Park,2253,"    4 Occupations in education, law and social, community and government services",labour_occupation_4_education_law_social,5325.0,10.2
25,Scarborough-Rouge Park,Scarborough--Rouge Park,2254,"    5 Occupations in art, culture, recreation and sport",labour_occupation_5_arts_culture,1285.0,2.5
25,Scarborough-Rouge Park,Scarborough--Rouge Park,2255,    6 Sales and service occupations,labour_occupation_6_sales_service,12955.0,24.9
25,Scarborough-Rouge Park,Scarborough--Rouge Park,2256,"    7 Trades, transport and equipment operators and related occupations",labour_occupation_7_trades_transport,7275.0,14.0
25,Scarborough-Rouge Park,Scarborough--Rouge Park,2257,"    8 Natural resources, agriculture and related production occupations",labour_occupation_8_natural_resources,295.0,0.6
25,Scarborough-Rouge Park,Scarborough--Rouge Park,2258,    9 Occupations in manufacturing and utilities,labour_occupation_9_manufacturing,3085.0,5.9
25,Scarborough-Rouge Park,Scarborough--Rouge Park,2259,Total - Labour force aged 15 years and over by industry - Sectors - North American Industry Classification System (NAICS) 2017 - 25% sample data,labour_industry_total,52015.0,100.0
25,Scarborough-Rouge Park,Scarborough--Rouge Park,2260,  Industry - not applicable,labour_industry_na,2255.0,4.3
25,Scarborough-Rouge Park,Scarborough--Rouge Park,2261,  All industries,labour_industry_all,49760.0,95.7
25,Scarborough-Rouge Park,Scarborough--Rouge Park,2262,"    11 Agriculture, forestry, fishing and hunting",labour_industry_11_agriculture,85.0,0.2
25,Scarborough-Rouge Park,Scarborough--Rouge Park,2263,"    21 Mining, quarrying, and oil and gas extraction",labour_industry_21_mining,30.0,0.1
25,Scarborough-Rouge Park,Scarborough--Rouge Park,2264,    22 Utilities,labour_industry_22_utilities,460.0,0.9
25,Scarborough-Rouge Park,Scarborough--Rouge Park,2265,    23 Construction,labour_industry_23_construction,2555.0,4.9
25,Scarborough-Rouge Park,Scarborough--Rouge Park,2266,    31-33 Manufacturing,labour_industry_31_33_manufacturing,4315.0,8.3
25,Scarborough-Rouge Park,Scarborough--Rouge Park,2267,    41 Wholesale trade,labour_industry_41_wholesale,1420.0,2.7
25,Scarborough-Rouge Park,Scarborough--Rouge Park,2268,    44-45 Retail trade,labour_industry_44_45_retail,5250.0,10.1
25,Scarborough-Rouge Park,Scarborough--Rouge Park,2269,    48-49 Transportation and warehousing,labour_industry_48_49_transportation,3115.0,6.0
25,Scarborough-Rouge Park,Scarborough--Rouge Park,2270,    51 Information and cultural industries,labour_industry_51_information,1515.0,2.9
25,Scarborough-Rouge Park,Scarborough--Rouge Park,2271,    52 Finance and insurance,labour_industry_52_finance,4140.0,8.0
25,Scarborough-Rouge Park,Scarborough--Rouge Park,2272,    53 Real estate and rental and leasing,labour_industry_53_real_estate,1085.0,2.1
25,Scarborough-Rouge Park,Scarborough--Rouge Park,2273,"    54 Professional, scientific and technical services",labour_industry_54_professional,4335.0,8.3
25,Scarborough-Rouge Park,Scarborough--Rouge Park,2274,    55 Management of companies and enterprises,labour_industry_55_management,310.0,0.6
25,Scarborough-Rouge Park,Scarborough--Rouge Park,2275,"    56 Administrative and support, waste management and remediation services",labour_industry_56_administrative,3330.0,6.4
25,Scarborough-Rouge Park,Scarborough--Rouge Park,2276,    61 Educational services,labour_industry_61_education,3355.0,6.5
25,Scarborough-Rouge Park,Scarborough--Rouge Park,2277,    62 Health care and social assistance,labour_industry_62_healthcare,6505.0,12.5
25,Scarborough-Rouge Park,Scarborough--Rouge Park,2278,"    71 Arts, entertainment and recreation",labour_industry_71_arts,890.0,1.7
25,Scarborough-Rouge Park,Scarborough--Rouge Park,2279,    72 Accommodation and food services,labour_industry_72_accommodation,2910.0,5.6
25,Scarborough-Rouge Park,Scarborough--Rouge Park,2280,    81 Other services (except public administration),labour_industry_81_other_services,1900.0,3.7
25,Scarborough-Rouge Park,Scarborough--Rouge Park,2281,    91 Public administration,labour_industry_91_public_admin,2255.0,4.3
25,Scarborough-Rouge Park,Scarborough--Rouge Park,2603,Total - Main mode of commuting for the employed labour force aged 15 years and over with a usual place of work or no fixed workplace address - 25% sample data,commute_mode_total,31700.0,100.0
25,Scarborough-Rouge Park,Scarborough--Rouge Park,2604,"  Car, truck or van",commute_mode_car_truck_van,24150.0,76.2
25,Scarborough-Rouge Park,Scarborough--Rouge Park,2605,"    Car, truck or van - as a driver",commute_mode_car_driver,21365.0,67.4
25,Scarborough-Rouge Park,Scarborough--Rouge Park,2606,"    Car, truck or van - as a passenger",commute_mode_car_passenger,2785.0,8.8
25,Scarborough-Rouge Park,Scarborough--Rouge Park,2607,  Public transit,commute_mode_transit,6150.0,19.4
25,Scarborough-Rouge Park,Scarborough--Rouge Park,2608,  Walked,commute_mode_walked,485.0,1.5
25,Scarborough-Rouge Park,Scarborough--Rouge Park,2609,  Bicycle,commute_mode_bicycle,65.0,0.2
25,Scarborough-Rouge Park,Scarborough--Rouge Park,2610,  Other method,commute_mode_other,850.0,2.7
25,Scarborough-Rouge Park,Scarborough--Rouge Park,2611,Total - Commuting duration for the employed labour force aged 15 years and over with a usual place of work or no fixed workplace address - 25% sample data,commute_duration_total,31700.0,100.0
25,Scarborough-Rouge Park,Scarborough--Rouge Park,2612,  Less than 15 minutes,commute_duration_under15,4800.0,15.1
25,Scarborough-Rouge Park,Scarborough--Rouge Park,2613,  15 to 29 minutes,commute_duration_15_29,9000.0,28.4
25,Scarborough-Rouge Park,Scarborough--Rouge Park,2614,  30 to 44 minutes,commute_duration_30_44,8430.0,26.6
25,Scarborough-Rouge Park,Scarborough--Rouge Park,2615,  45 to 59 minutes,commute_duration_45_59,3960.0,12.5
25,Scarborough-Rouge Park,Scarborough--Rouge Park,2616,  60 minutes and over,commute_duration_60plus,5510.0,17.4
